Date,Name,Count,Point,Day_of_week,Category,Status
2025-06-01,Аманн,0.0,БЛУМ,Sunday,Выпечка,Активный
2025-06-02,Аманн,0.0,БЛУМ,Monday,Выпечка,Активный
2025-06-03,Аманн,0.0,БЛУМ,Tuesday,Выпечка,Активный
2025-06-04,Аманн,0.0,БЛУМ,Wednesday,Выпечка,Активный
2025-06-05,Аманн,0.0,БЛУМ,Thursday,Выпечка,Активный
2025-06-06,Аманн,0.0,БЛУМ,Friday,Выпечка,Активный
2025-06-07,Аманн,0.0,БЛУМ,Saturday,Выпечка,Активный
2025-06-08,Аманн,0.0,БЛУМ,Sunday,Выпечка,Активный
2025-06-09,Аманн,0.0,БЛУМ,Monday,Выпечка,Активный
2025-06-10,Аманн,0.0,БЛУМ,Tuesday,Выпечка,Активный
2025-06-11,Аманн,0.0,БЛУМ,Wednesday,Выпечка,Активный
2025-06-12,Аманн,0.0,БЛУМ,Thursday,Выпечка,Активный
2025-06-13,Аманн,0.0,БЛУМ,Friday,Выпечка,Активный
2025-06-14,Аманн,0.0,БЛУМ,Saturday,Выпечка,Активный
2025-06-15,Аманн,0.0,БЛУМ,Sunday,Выпечка,Активный
2025-06-16,Аманн,0.0,БЛУМ,Monday,Выпечка,Активный
2025-06-17,Аманн,0.0,БЛУМ,Tuesday,Выпечка,Активный
2025-06-18,Аманн,0.0,БЛУМ,Wednesday,Выпечка,Активный
2025-06-19,Аманн,0.0,БЛУМ,Thursday,Выпечка,Активный
2025-06-20,Аманн,0.0,БЛУМ,Friday,Выпечка,Активный
2025-06-21,Аманн,0.0,БЛУМ,Saturday,Выпечка,Активный
2025-06-22,Аманн,0.0,БЛУМ,Sunday,Выпечка,Активный
2025-06-23,Аманн,0.0,БЛУМ,Monday,Выпечка,Активный
2025-06-24,Аманн,0.0,БЛУМ,Tuesday,Выпечка,Активный
2025-06-25,Аманн,0.0,БЛУМ,Wednesday,Выпечка,Активный
2025-06-26,Аманн,0.0,БЛУМ,Thursday,Выпечка,Активный
2025-06-27,Аманн,0.0,БЛУМ,Friday,Выпечка,Активный
2025-06-28,Аманн,0.0,БЛУМ,Saturday,Выпечка,Активный
2025-06-29,Аманн,0.0,БЛУМ,Sunday,Выпечка,Активный
2025-06-30,Аманн,0.0,БЛУМ,Monday,Выпечка,Активный
2025-07-01,Аманн,0.0,БЛУМ,Tuesday,Выпечка,Активный
2025-07-02,Аманн,0.0,БЛУМ,Wednesday,Выпечка,Активный
2025-07-03,Аманн,0.0,БЛУМ,Thursday,Выпечка,Активный
2025-07-04,Аманн,0.0,БЛУМ,Friday,Выпечка,Активный
2025-07-05,Аманн,0.0,БЛУМ,Saturday,Выпечка,Активный
2025-07-06,Аманн,0.0,БЛУМ,Sunday,Выпечка,Активный
2025-07-07,Аманн,0.0,БЛУМ,Monday,Выпечка,Активный
2025-07-08,Аманн,0.0,БЛУМ,Tuesday,Выпечка,Активный
2025-07-09,Аманн,0.0,БЛУМ,Wednesday,Выпечка,Активный
2025-07-10,Аманн,0.0,БЛУМ,Thursday,Выпечка,Активный
2025-07-11,Аманн,0.0,БЛУМ,Friday,Выпечка,Активный
2025-07-12,Аманн,0.0,БЛУМ,Saturday,Выпечка,Активный
2025-07-13,Аманн,0.0,БЛУМ,Sunday,Выпечка,Активный
2025-07-14,Аманн,0.0,БЛУМ,Monday,Выпечка,Активный
2025-07-15,Аманн,0.0,БЛУМ,Tuesday,Выпечка,Активный
2025-07-16,Аманн,0.0,БЛУМ,Wednesday,Выпечка,Активный
2025-07-17,Аманн,0.0,БЛУМ,Thursday,Выпечка,Активный
2025-07-18,Аманн,0.0,БЛУМ,Friday,Выпечка,Активный
2025-07-19,Аманн,0.0,БЛУМ,Saturday,Выпечка,Активный
2025-07-20,Аманн,0.0,БЛУМ,Sunday,Выпечка,Активный
2025-07-21,Аманн,0.0,БЛУМ,Monday,Выпечка,Активный
2025-07-22,Аманн,0.0,БЛУМ,Tuesday,Выпечка,Активный
2025-07-23,Аманн,0.0,БЛУМ,Wednesday,Выпечка,Активный
2025-07-24,Аманн,0.0,БЛУМ,Thursday,Выпечка,Активный
2025-07-25,Аманн,0.0,БЛУМ,Friday,Выпечка,Активный
2025-07-26,Аманн,0.0,БЛУМ,Saturday,Выпечка,Активный
2025-07-27,Аманн,0.0,БЛУМ,Sunday,Выпечка,Активный
2025-07-28,Аманн,0.0,БЛУМ,Monday,Выпечка,Активный
2025-07-29,Аманн,0.0,БЛУМ,Tuesday,Выпечка,Активный
2025-07-30,Аманн,0.0,БЛУМ,Wednesday,Выпечка,Активный
2025-07-31,Аманн,0.0,БЛУМ,Thursday,Выпечка,Активный
2025-08-01,Аманн,0.0,БЛУМ,Friday,Выпечка,Активный
2025-08-02,Аманн,0.0,БЛУМ,Saturday,Выпечка,Активный
2025-08-03,Аманн,0.0,БЛУМ,Sunday,Выпечка,Активный
2025-08-04,Аманн,0.0,БЛУМ,Monday,Выпечка,Активный
2025-08-05,Аманн,0.0,БЛУМ,Tuesday,Выпечка,Активный
2025-08-06,Аманн,0.0,БЛУМ,Wednesday,Выпечка,Активный
2025-08-07,Аманн,0.0,БЛУМ,Thursday,Выпечка,Активный
2025-08-08,Аманн,0.0,БЛУМ,Friday,Выпечка,Активный
2025-08-09,Аманн,0.0,БЛУМ,Saturday,Выпечка,Активный
2025-08-10,Аманн,0.0,БЛУМ,Sunday,Выпечка,Активный
2025-08-11,Аманн,0.0,БЛУМ,Monday,Выпечка,Активный
2025-08-12,Аманн,0.0,БЛУМ,Tuesday,Выпечка,Активный
2025-08-13,Аманн,0.0,БЛУМ,Wednesday,Выпечка,Активный
2025-08-14,Аманн,0.0,БЛУМ,Thursday,Выпечка,Активный
2025-08-15,Аманн,0.0,БЛУМ,Friday,Выпечка,Активный
2025-08-16,Аманн,0.0,БЛУМ,Saturday,Выпечка,Активный
2025-08-17,Аманн,0.0,БЛУМ,Sunday,Выпечка,Активный
2025-08-18,Аманн,0.0,БЛУМ,Monday,Выпечка,Активный
2025-08-19,Аманн,0.0,БЛУМ,Tuesday,Выпечка,Активный
2025-08-20,Аманн,0.0,БЛУМ,Wednesday,Выпечка,Активный
2025-08-21,Аманн,0.0,БЛУМ,Thursday,Выпечка,Активный
2025-08-22,Аманн,0.0,БЛУМ,Friday,Выпечка,Активный
2025-08-23,Аманн,0.0,БЛУМ,Saturday,Выпечка,Активный
2025-08-24,Аманн,0.0,БЛУМ,Sunday,Выпечка,Активный
2025-08-25,Аманн,0.0,БЛУМ,Monday,Выпечка,Активный
2025-08-26,Аманн,0.0,БЛУМ,Tuesday,Выпечка,Активный
2025-08-27,Аманн,0.0,БЛУМ,Wednesday,Выпечка,Активный
2025-08-28,Аманн,0.0,БЛУМ,Thursday,Выпечка,Активный
2025-08-29,Аманн,0.0,БЛУМ,Friday,Выпечка,Активный
2025-08-30,Аманн,0.0,БЛУМ,Saturday,Выпечка,Активный
2025-08-31,Аманн,0.0,БЛУМ,Sunday,Выпечка,Активный
2025-06-01,Бабка карамелизированный шоколад и кокос,0.0,БЛУМ,Sunday,Булки,
2025-06-02,Бабка карамелизированный шоколад и кокос,0.0,БЛУМ,Monday,Булки,
2025-06-03,Бабка карамелизированный шоколад и кокос,0.0,БЛУМ,Tuesday,Булки,
2025-06-04,Бабка карамелизированный шоколад и кокос,0.0,БЛУМ,Wednesday,Булки,
2025-06-05,Бабка карамелизированный шоколад и кокос,0.0,БЛУМ,Thursday,Булки,
2025-06-06,Бабка карамелизированный шоколад и кокос,0.0,БЛУМ,Friday,Булки,
2025-06-07,Бабка карамелизированный шоколад и кокос,0.0,БЛУМ,Saturday,Булки,
2025-06-08,Бабка карамелизированный шоколад и кокос,0.0,БЛУМ,Sunday,Булки,
2025-06-09,Бабка карамелизированный шоколад и кокос,0.0,БЛУМ,Monday,Булки,
2025-06-10,Бабка карамелизированный шоколад и кокос,0.0,БЛУМ,Tuesday,Булки,
2025-06-11,Бабка карамелизированный шоколад и кокос,0.0,БЛУМ,Wednesday,Булки,
2025-06-12,Бабка карамелизированный шоколад и кокос,0.0,БЛУМ,Thursday,Булки,
2025-06-13,Бабка карамелизированный шоколад и кокос,0.0,БЛУМ,Friday,Булки,
2025-06-14,Бабка карамелизированный шоколад и кокос,0.0,БЛУМ,Saturday,Булки,
2025-06-15,Бабка карамелизированный шоколад и кокос,0.0,БЛУМ,Sunday,Булки,
2025-06-16,Бабка карамелизированный шоколад и кокос,0.0,БЛУМ,Monday,Булки,
2025-06-17,Бабка карамелизированный шоколад и кокос,0.0,БЛУМ,Tuesday,Булки,
2025-06-18,Бабка карамелизированный шоколад и кокос,0.0,БЛУМ,Wednesday,Булки,
2025-06-19,Бабка карамелизированный шоколад и кокос,0.0,БЛУМ,Thursday,Булки,
2025-06-20,Бабка карамелизированный шоколад и кокос,0.0,БЛУМ,Friday,Булки,
2025-06-21,Бабка карамелизированный шоколад и кокос,0.0,БЛУМ,Saturday,Булки,
2025-06-22,Бабка карамелизированный шоколад и кокос,0.0,БЛУМ,Sunday,Булки,
2025-06-23,Бабка карамелизированный шоколад и кокос,0.0,БЛУМ,Monday,Булки,
2025-06-24,Бабка карамелизированный шоколад и кокос,0.0,БЛУМ,Tuesday,Булки,
2025-06-25,Бабка карамелизированный шоколад и кокос,0.0,БЛУМ,Wednesday,Булки,
2025-06-26,Бабка карамелизированный шоколад и кокос,0.0,БЛУМ,Thursday,Булки,
2025-06-27,Бабка карамелизированный шоколад и кокос,0.0,БЛУМ,Friday,Булки,
2025-06-28,Бабка карамелизированный шоколад и кокос,0.0,БЛУМ,Saturday,Булки,
2025-06-29,Бабка карамелизированный шоколад и кокос,0.0,БЛУМ,Sunday,Булки,
2025-06-30,Бабка карамелизированный шоколад и кокос,0.0,БЛУМ,Monday,Булки,
2025-07-01,Бабка карамелизированный шоколад и кокос,0.0,БЛУМ,Tuesday,Булки,
2025-07-02,Бабка карамелизированный шоколад и кокос,0.0,БЛУМ,Wednesday,Булки,
2025-07-03,Бабка карамелизированный шоколад и кокос,0.0,БЛУМ,Thursday,Булки,
2025-07-04,Бабка карамелизированный шоколад и кокос,0.0,БЛУМ,Friday,Булки,
2025-07-05,Бабка карамелизированный шоколад и кокос,0.0,БЛУМ,Saturday,Булки,
2025-07-06,Бабка карамелизированный шоколад и кокос,0.0,БЛУМ,Sunday,Булки,
2025-07-07,Бабка карамелизированный шоколад и кокос,0.0,БЛУМ,Monday,Булки,
2025-07-08,Бабка карамелизированный шоколад и кокос,0.0,БЛУМ,Tuesday,Булки,
2025-07-09,Бабка карамелизированный шоколад и кокос,0.0,БЛУМ,Wednesday,Булки,
2025-07-10,Бабка карамелизированный шоколад и кокос,0.0,БЛУМ,Thursday,Булки,
2025-07-11,Бабка карамелизированный шоколад и кокос,0.0,БЛУМ,Friday,Булки,
2025-07-12,Бабка карамелизированный шоколад и кокос,0.0,БЛУМ,Saturday,Булки,
2025-07-13,Бабка карамелизированный шоколад и кокос,0.0,БЛУМ,Sunday,Булки,
2025-07-14,Бабка карамелизированный шоколад и кокос,0.0,БЛУМ,Monday,Булки,
2025-07-15,Бабка карамелизированный шоколад и кокос,0.0,БЛУМ,Tuesday,Булки,
2025-07-16,Бабка карамелизированный шоколад и кокос,0.0,БЛУМ,Wednesday,Булки,
2025-07-17,Бабка карамелизированный шоколад и кокос,0.0,БЛУМ,Thursday,Булки,
2025-07-18,Бабка карамелизированный шоколад и кокос,0.0,БЛУМ,Friday,Булки,
2025-07-19,Бабка карамелизированный шоколад и кокос,0.0,БЛУМ,Saturday,Булки,
2025-07-20,Бабка карамелизированный шоколад и кокос,0.0,БЛУМ,Sunday,Булки,
2025-07-21,Бабка карамелизированный шоколад и кокос,0.0,БЛУМ,Monday,Булки,
2025-07-22,Бабка карамелизированный шоколад и кокос,0.0,БЛУМ,Tuesday,Булки,
2025-07-23,Бабка карамелизированный шоколад и кокос,0.0,БЛУМ,Wednesday,Булки,
2025-07-24,Бабка карамелизированный шоколад и кокос,0.0,БЛУМ,Thursday,Булки,
2025-07-25,Бабка карамелизированный шоколад и кокос,0.0,БЛУМ,Friday,Булки,
2025-07-26,Бабка карамелизированный шоколад и кокос,0.0,БЛУМ,Saturday,Булки,
2025-07-27,Бабка карамелизированный шоколад и кокос,0.0,БЛУМ,Sunday,Булки,
2025-07-28,Бабка карамелизированный шоколад и кокос,0.0,БЛУМ,Monday,Булки,
2025-07-29,Бабка карамелизированный шоколад и кокос,0.0,БЛУМ,Tuesday,Булки,
2025-07-30,Бабка карамелизированный шоколад и кокос,0.0,БЛУМ,Wednesday,Булки,
2025-07-31,Бабка карамелизированный шоколад и кокос,0.0,БЛУМ,Thursday,Булки,
2025-08-01,Бабка карамелизированный шоколад и кокос,0.0,БЛУМ,Friday,Булки,
2025-08-02,Бабка карамелизированный шоколад и кокос,0.0,БЛУМ,Saturday,Булки,
2025-08-03,Бабка карамелизированный шоколад и кокос,0.0,БЛУМ,Sunday,Булки,
2025-08-04,Бабка карамелизированный шоколад и кокос,0.0,БЛУМ,Monday,Булки,
2025-08-05,Бабка карамелизированный шоколад и кокос,0.0,БЛУМ,Tuesday,Булки,
2025-08-06,Бабка карамелизированный шоколад и кокос,0.0,БЛУМ,Wednesday,Булки,
2025-08-07,Бабка карамелизированный шоколад и кокос,0.0,БЛУМ,Thursday,Булки,
2025-08-08,Бабка карамелизированный шоколад и кокос,0.0,БЛУМ,Friday,Булки,
2025-08-09,Бабка карамелизированный шоколад и кокос,0.0,БЛУМ,Saturday,Булки,
2025-08-10,Бабка карамелизированный шоколад и кокос,0.0,БЛУМ,Sunday,Булки,
2025-08-11,Бабка карамелизированный шоколад и кокос,0.0,БЛУМ,Monday,Булки,
2025-08-12,Бабка карамелизированный шоколад и кокос,0.0,БЛУМ,Tuesday,Булки,
2025-08-13,Бабка карамелизированный шоколад и кокос,0.0,БЛУМ,Wednesday,Булки,
2025-08-14,Бабка карамелизированный шоколад и кокос,0.0,БЛУМ,Thursday,Булки,
2025-08-15,Бабка карамелизированный шоколад и кокос,0.0,БЛУМ,Friday,Булки,
2025-08-16,Бабка карамелизированный шоколад и кокос,0.0,БЛУМ,Saturday,Булки,
2025-08-17,Бабка карамелизированный шоколад и кокос,0.0,БЛУМ,Sunday,Булки,
2025-08-18,Бабка карамелизированный шоколад и кокос,0.0,БЛУМ,Monday,Булки,
2025-08-19,Бабка карамелизированный шоколад и кокос,0.0,БЛУМ,Tuesday,Булки,
2025-08-20,Бабка карамелизированный шоколад и кокос,0.0,БЛУМ,Wednesday,Булки,
2025-08-21,Бабка карамелизированный шоколад и кокос,0.0,БЛУМ,Thursday,Булки,
2025-08-22,Бабка карамелизированный шоколад и кокос,0.0,БЛУМ,Friday,Булки,
2025-08-23,Бабка карамелизированный шоколад и кокос,0.0,БЛУМ,Saturday,Булки,
2025-08-24,Бабка карамелизированный шоколад и кокос,0.0,БЛУМ,Sunday,Булки,
2025-08-25,Бабка карамелизированный шоколад и кокос,0.0,БЛУМ,Monday,Булки,
2025-08-26,Бабка карамелизированный шоколад и кокос,0.0,БЛУМ,Tuesday,Булки,
2025-08-27,Бабка карамелизированный шоколад и кокос,0.0,БЛУМ,Wednesday,Булки,
2025-08-28,Бабка карамелизированный шоколад и кокос,0.0,БЛУМ,Thursday,Булки,
2025-08-29,Бабка карамелизированный шоколад и кокос,0.0,БЛУМ,Friday,Булки,
2025-08-30,Бабка карамелизированный шоколад и кокос,0.0,БЛУМ,Saturday,Булки,
2025-08-31,Бабка карамелизированный шоколад и кокос,0.0,БЛУМ,Sunday,Булки,
2025-06-01,Бабка Корица,0.0,БЛУМ,Sunday,Выпечка,Снят
2025-06-02,Бабка Корица,0.0,БЛУМ,Monday,Выпечка,Снят
2025-06-03,Бабка Корица,0.0,БЛУМ,Tuesday,Выпечка,Снят
2025-06-04,Бабка Корица,0.0,БЛУМ,Wednesday,Выпечка,Снят
2025-06-05,Бабка Корица,0.0,БЛУМ,Thursday,Выпечка,Снят
2025-06-06,Бабка Корица,0.0,БЛУМ,Friday,Выпечка,Снят
2025-06-07,Бабка Корица,0.0,БЛУМ,Saturday,Выпечка,Снят
2025-06-08,Бабка Корица,0.0,БЛУМ,Sunday,Выпечка,Снят
2025-06-09,Бабка Корица,0.0,БЛУМ,Monday,Выпечка,Снят
2025-06-10,Бабка Корица,0.0,БЛУМ,Tuesday,Выпечка,Снят
2025-06-11,Бабка Корица,0.0,БЛУМ,Wednesday,Выпечка,Снят
2025-06-12,Бабка Корица,0.0,БЛУМ,Thursday,Выпечка,Снят
2025-06-13,Бабка Корица,0.0,БЛУМ,Friday,Выпечка,Снят
2025-06-14,Бабка Корица,0.0,БЛУМ,Saturday,Выпечка,Снят
2025-06-15,Бабка Корица,0.0,БЛУМ,Sunday,Выпечка,Снят
2025-06-16,Бабка Корица,0.0,БЛУМ,Monday,Выпечка,Снят
2025-06-17,Бабка Корица,0.0,БЛУМ,Tuesday,Выпечка,Снят
2025-06-18,Бабка Корица,0.0,БЛУМ,Wednesday,Выпечка,Снят
2025-06-19,Бабка Корица,0.0,БЛУМ,Thursday,Выпечка,Снят
2025-06-20,Бабка Корица,0.0,БЛУМ,Friday,Выпечка,Снят
2025-06-21,Бабка Корица,0.0,БЛУМ,Saturday,Выпечка,Снят
2025-06-22,Бабка Корица,0.0,БЛУМ,Sunday,Выпечка,Снят
2025-06-23,Бабка Корица,0.0,БЛУМ,Monday,Выпечка,Снят
2025-06-24,Бабка Корица,0.0,БЛУМ,Tuesday,Выпечка,Снят
2025-06-25,Бабка Корица,0.0,БЛУМ,Wednesday,Выпечка,Снят
2025-06-26,Бабка Корица,0.0,БЛУМ,Thursday,Выпечка,Снят
2025-06-27,Бабка Корица,0.0,БЛУМ,Friday,Выпечка,Снят
2025-06-28,Бабка Корица,0.0,БЛУМ,Saturday,Выпечка,Снят
2025-06-29,Бабка Корица,0.0,БЛУМ,Sunday,Выпечка,Снят
2025-06-30,Бабка Корица,0.0,БЛУМ,Monday,Выпечка,Снят
2025-07-01,Бабка Корица,0.0,БЛУМ,Tuesday,Выпечка,Снят
2025-07-02,Бабка Корица,0.0,БЛУМ,Wednesday,Выпечка,Снят
2025-07-03,Бабка Корица,0.0,БЛУМ,Thursday,Выпечка,Снят
2025-07-04,Бабка Корица,0.0,БЛУМ,Friday,Выпечка,Снят
2025-07-05,Бабка Корица,0.0,БЛУМ,Saturday,Выпечка,Снят
2025-07-06,Бабка Корица,0.0,БЛУМ,Sunday,Выпечка,Снят
2025-07-07,Бабка Корица,0.0,БЛУМ,Monday,Выпечка,Снят
2025-07-08,Бабка Корица,0.0,БЛУМ,Tuesday,Выпечка,Снят
2025-07-09,Бабка Корица,0.0,БЛУМ,Wednesday,Выпечка,Снят
2025-07-10,Бабка Корица,0.0,БЛУМ,Thursday,Выпечка,Снят
2025-07-11,Бабка Корица,0.0,БЛУМ,Friday,Выпечка,Снят
2025-07-12,Бабка Корица,0.0,БЛУМ,Saturday,Выпечка,Снят
2025-07-13,Бабка Корица,0.0,БЛУМ,Sunday,Выпечка,Снят
2025-07-14,Бабка Корица,0.0,БЛУМ,Monday,Выпечка,Снят
2025-07-15,Бабка Корица,0.0,БЛУМ,Tuesday,Выпечка,Снят
2025-07-16,Бабка Корица,0.0,БЛУМ,Wednesday,Выпечка,Снят
2025-07-17,Бабка Корица,0.0,БЛУМ,Thursday,Выпечка,Снят
2025-07-18,Бабка Корица,0.0,БЛУМ,Friday,Выпечка,Снят
2025-07-19,Бабка Корица,0.0,БЛУМ,Saturday,Выпечка,Снят
2025-07-20,Бабка Корица,0.0,БЛУМ,Sunday,Выпечка,Снят
2025-07-21,Бабка Корица,0.0,БЛУМ,Monday,Выпечка,Снят
2025-07-22,Бабка Корица,0.0,БЛУМ,Tuesday,Выпечка,Снят
2025-07-23,Бабка Корица,0.0,БЛУМ,Wednesday,Выпечка,Снят
2025-07-24,Бабка Корица,0.0,БЛУМ,Thursday,Выпечка,Снят
2025-07-25,Бабка Корица,0.0,БЛУМ,Friday,Выпечка,Снят
2025-07-26,Бабка Корица,0.0,БЛУМ,Saturday,Выпечка,Снят
2025-07-27,Бабка Корица,0.0,БЛУМ,Sunday,Выпечка,Снят
2025-07-28,Бабка Корица,0.0,БЛУМ,Monday,Выпечка,Снят
2025-07-29,Бабка Корица,0.0,БЛУМ,Tuesday,Выпечка,Снят
2025-07-30,Бабка Корица,0.0,БЛУМ,Wednesday,Выпечка,Снят
2025-07-31,Бабка Корица,0.0,БЛУМ,Thursday,Выпечка,Снят
2025-08-01,Бабка Корица,0.0,БЛУМ,Friday,Выпечка,Снят
2025-08-02,Бабка Корица,0.0,БЛУМ,Saturday,Выпечка,Снят
2025-08-03,Бабка Корица,0.0,БЛУМ,Sunday,Выпечка,Снят
2025-08-04,Бабка Корица,0.0,БЛУМ,Monday,Выпечка,Снят
2025-08-05,Бабка Корица,0.0,БЛУМ,Tuesday,Выпечка,Снят
2025-08-06,Бабка Корица,0.0,БЛУМ,Wednesday,Выпечка,Снят
2025-08-07,Бабка Корица,0.0,БЛУМ,Thursday,Выпечка,Снят
2025-08-08,Бабка Корица,0.0,БЛУМ,Friday,Выпечка,Снят
2025-08-09,Бабка Корица,0.0,БЛУМ,Saturday,Выпечка,Снят
2025-08-10,Бабка Корица,0.0,БЛУМ,Sunday,Выпечка,Снят
2025-08-11,Бабка Корица,0.0,БЛУМ,Monday,Выпечка,Снят
2025-08-12,Бабка Корица,0.0,БЛУМ,Tuesday,Выпечка,Снят
2025-08-13,Бабка Корица,0.0,БЛУМ,Wednesday,Выпечка,Снят
2025-08-14,Бабка Корица,0.0,БЛУМ,Thursday,Выпечка,Снят
2025-08-15,Бабка Корица,0.0,БЛУМ,Friday,Выпечка,Снят
2025-08-16,Бабка Корица,0.0,БЛУМ,Saturday,Выпечка,Снят
2025-08-17,Бабка Корица,0.0,БЛУМ,Sunday,Выпечка,Снят
2025-08-18,Бабка Корица,0.0,БЛУМ,Monday,Выпечка,Снят
2025-08-19,Бабка Корица,0.0,БЛУМ,Tuesday,Выпечка,Снят
2025-08-20,Бабка Корица,0.0,БЛУМ,Wednesday,Выпечка,Снят
2025-08-21,Бабка Корица,0.0,БЛУМ,Thursday,Выпечка,Снят
2025-08-22,Бабка Корица,0.0,БЛУМ,Friday,Выпечка,Снят
2025-08-23,Бабка Корица,0.0,БЛУМ,Saturday,Выпечка,Снят
2025-08-24,Бабка Корица,0.0,БЛУМ,Sunday,Выпечка,Снят
2025-08-25,Бабка Корица,0.0,БЛУМ,Monday,Выпечка,Снят
2025-08-26,Бабка Корица,0.0,БЛУМ,Tuesday,Выпечка,Снят
2025-08-27,Бабка Корица,0.0,БЛУМ,Wednesday,Выпечка,Снят
2025-08-28,Бабка Корица,0.0,БЛУМ,Thursday,Выпечка,Снят
2025-08-29,Бабка Корица,0.0,БЛУМ,Friday,Выпечка,Снят
2025-08-30,Бабка Корица,0.0,БЛУМ,Saturday,Выпечка,Снят
2025-08-31,Бабка Корица,0.0,БЛУМ,Sunday,Выпечка,Снят
2025-06-01,Бабка корица и карамель,2.0,БЛУМ,Sunday,Выпечка,Активный
2025-06-02,Бабка корица и карамель,1.0,БЛУМ,Monday,Выпечка,Активный
2025-06-03,Бабка корица и карамель,1.0,БЛУМ,Tuesday,Выпечка,Активный
2025-06-04,Бабка корица и карамель,1.0,БЛУМ,Wednesday,Выпечка,Активный
2025-06-05,Бабка корица и карамель,1.0,БЛУМ,Thursday,Выпечка,Активный
2025-06-06,Бабка корица и карамель,1.0,БЛУМ,Friday,Выпечка,Активный
2025-06-07,Бабка корица и карамель,3.0,БЛУМ,Saturday,Выпечка,Активный
2025-06-08,Бабка корица и карамель,3.0,БЛУМ,Sunday,Выпечка,Активный
2025-06-09,Бабка корица и карамель,2.0,БЛУМ,Monday,Выпечка,Активный
2025-06-10,Бабка корица и карамель,2.0,БЛУМ,Tuesday,Выпечка,Активный
2025-06-11,Бабка корица и карамель,2.0,БЛУМ,Wednesday,Выпечка,Активный
2025-06-12,Бабка корица и карамель,1.0,БЛУМ,Thursday,Выпечка,Активный
2025-06-13,Бабка корица и карамель,2.0,БЛУМ,Friday,Выпечка,Активный
2025-06-14,Бабка корица и карамель,3.0,БЛУМ,Saturday,Выпечка,Активный
2025-06-15,Бабка корица и карамель,3.0,БЛУМ,Sunday,Выпечка,Активный
2025-06-16,Бабка корица и карамель,2.0,БЛУМ,Monday,Выпечка,Активный
2025-06-17,Бабка корица и карамель,2.0,БЛУМ,Tuesday,Выпечка,Активный
2025-06-18,Бабка корица и карамель,2.0,БЛУМ,Wednesday,Выпечка,Активный
2025-06-19,Бабка корица и карамель,1.0,БЛУМ,Thursday,Выпечка,Активный
2025-06-20,Бабка корица и карамель,2.0,БЛУМ,Friday,Выпечка,Активный
2025-06-21,Бабка корица и карамель,4.0,БЛУМ,Saturday,Выпечка,Активный
2025-06-22,Бабка корица и карамель,3.0,БЛУМ,Sunday,Выпечка,Активный
2025-06-23,Бабка корица и карамель,3.0,БЛУМ,Monday,Выпечка,Активный
2025-06-24,Бабка корица и карамель,2.0,БЛУМ,Tuesday,Выпечка,Активный
2025-06-25,Бабка корица и карамель,2.0,БЛУМ,Wednesday,Выпечка,Активный
2025-06-26,Бабка корица и карамель,1.0,БЛУМ,Thursday,Выпечка,Активный
2025-06-27,Бабка корица и карамель,2.0,БЛУМ,Friday,Выпечка,Активный
2025-06-28,Бабка корица и карамель,3.0,БЛУМ,Saturday,Выпечка,Активный
2025-06-29,Бабка корица и карамель,3.0,БЛУМ,Sunday,Выпечка,Активный
2025-06-30,Бабка корица и карамель,2.0,БЛУМ,Monday,Выпечка,Активный
2025-07-01,Бабка корица и карамель,2.0,БЛУМ,Tuesday,Выпечка,Активный
2025-07-02,Бабка корица и карамель,2.0,БЛУМ,Wednesday,Выпечка,Активный
2025-07-03,Бабка корица и карамель,0.0,БЛУМ,Thursday,Выпечка,Активный
2025-07-04,Бабка корица и карамель,2.0,БЛУМ,Friday,Выпечка,Активный
2025-07-05,Бабка корица и карамель,3.0,БЛУМ,Saturday,Выпечка,Активный
2025-07-06,Бабка корица и карамель,4.0,БЛУМ,Sunday,Выпечка,Активный
2025-07-07,Бабка корица и карамель,0.0,БЛУМ,Monday,Выпечка,Активный
2025-07-08,Бабка корица и карамель,2.0,БЛУМ,Tuesday,Выпечка,Активный
2025-07-09,Бабка корица и карамель,2.0,БЛУМ,Wednesday,Выпечка,Активный
2025-07-10,Бабка корица и карамель,1.0,БЛУМ,Thursday,Выпечка,Активный
2025-07-11,Бабка корица и карамель,2.0,БЛУМ,Friday,Выпечка,Активный
2025-07-12,Бабка корица и карамель,4.0,БЛУМ,Saturday,Выпечка,Активный
2025-07-13,Бабка корица и карамель,3.0,БЛУМ,Sunday,Выпечка,Активный
2025-07-14,Бабка корица и карамель,2.0,БЛУМ,Monday,Выпечка,Активный
2025-07-15,Бабка корица и карамель,1.0,БЛУМ,Tuesday,Выпечка,Активный
2025-07-16,Бабка корица и карамель,2.0,БЛУМ,Wednesday,Выпечка,Активный
2025-07-17,Бабка корица и карамель,2.0,БЛУМ,Thursday,Выпечка,Активный
2025-07-18,Бабка корица и карамель,1.0,БЛУМ,Friday,Выпечка,Активный
2025-07-19,Бабка корица и карамель,4.0,БЛУМ,Saturday,Выпечка,Активный
2025-07-20,Бабка корица и карамель,3.0,БЛУМ,Sunday,Выпечка,Активный
2025-07-21,Бабка корица и карамель,1.0,БЛУМ,Monday,Выпечка,Активный
2025-07-22,Бабка корица и карамель,1.0,БЛУМ,Tuesday,Выпечка,Активный
2025-07-23,Бабка корица и карамель,2.0,БЛУМ,Wednesday,Выпечка,Активный
2025-07-24,Бабка корица и карамель,1.0,БЛУМ,Thursday,Выпечка,Активный
2025-07-25,Бабка корица и карамель,2.0,БЛУМ,Friday,Выпечка,Активный
2025-07-26,Бабка корица и карамель,3.0,БЛУМ,Saturday,Выпечка,Активный
2025-07-27,Бабка корица и карамель,3.0,БЛУМ,Sunday,Выпечка,Активный
2025-07-28,Бабка корица и карамель,2.0,БЛУМ,Monday,Выпечка,Активный
2025-07-29,Бабка корица и карамель,2.0,БЛУМ,Tuesday,Выпечка,Активный
2025-07-30,Бабка корица и карамель,2.0,БЛУМ,Wednesday,Выпечка,Активный
2025-07-31,Бабка корица и карамель,1.0,БЛУМ,Thursday,Выпечка,Активный
2025-08-01,Бабка корица и карамель,2.0,БЛУМ,Friday,Выпечка,Активный
2025-08-02,Бабка корица и карамель,3.0,БЛУМ,Saturday,Выпечка,Активный
2025-08-03,Бабка корица и карамель,3.0,БЛУМ,Sunday,Выпечка,Активный
2025-08-04,Бабка корица и карамель,1.0,БЛУМ,Monday,Выпечка,Активный
2025-08-05,Бабка корица и карамель,2.0,БЛУМ,Tuesday,Выпечка,Активный
2025-08-06,Бабка корица и карамель,2.0,БЛУМ,Wednesday,Выпечка,Активный
2025-08-07,Бабка корица и карамель,1.0,БЛУМ,Thursday,Выпечка,Активный
2025-08-08,Бабка корица и карамель,3.0,БЛУМ,Friday,Выпечка,Активный
2025-08-09,Бабка корица и карамель,3.0,БЛУМ,Saturday,Выпечка,Активный
2025-08-10,Бабка корица и карамель,3.0,БЛУМ,Sunday,Выпечка,Активный
2025-08-11,Бабка корица и карамель,2.0,БЛУМ,Monday,Выпечка,Активный
2025-08-12,Бабка корица и карамель,2.0,БЛУМ,Tuesday,Выпечка,Активный
2025-08-13,Бабка корица и карамель,1.0,БЛУМ,Wednesday,Выпечка,Активный
2025-08-14,Бабка корица и карамель,2.0,БЛУМ,Thursday,Выпечка,Активный
2025-08-15,Бабка корица и карамель,2.0,БЛУМ,Friday,Выпечка,Активный
2025-08-16,Бабка корица и карамель,3.0,БЛУМ,Saturday,Выпечка,Активный
2025-08-17,Бабка корица и карамель,4.0,БЛУМ,Sunday,Выпечка,Активный
2025-08-18,Бабка корица и карамель,0.0,БЛУМ,Monday,Выпечка,Активный
2025-08-19,Бабка корица и карамель,2.0,БЛУМ,Tuesday,Выпечка,Активный
2025-08-20,Бабка корица и карамель,1.0,БЛУМ,Wednesday,Выпечка,Активный
2025-08-21,Бабка корица и карамель,2.0,БЛУМ,Thursday,Выпечка,Активный
2025-08-22,Бабка корица и карамель,2.0,БЛУМ,Friday,Выпечка,Активный
2025-08-23,Бабка корица и карамель,3.0,БЛУМ,Saturday,Выпечка,Активный
2025-08-24,Бабка корица и карамель,3.0,БЛУМ,Sunday,Выпечка,Активный
2025-08-25,Бабка корица и карамель,1.0,БЛУМ,Monday,Выпечка,Активный
2025-08-26,Бабка корица и карамель,2.0,БЛУМ,Tuesday,Выпечка,Активный
2025-08-27,Бабка корица и карамель,1.0,БЛУМ,Wednesday,Выпечка,Активный
2025-08-28,Бабка корица и карамель,2.0,БЛУМ,Thursday,Выпечка,Активный
2025-08-29,Бабка корица и карамель,2.0,БЛУМ,Friday,Выпечка,Активный
2025-08-30,Бабка корица и карамель,3.0,БЛУМ,Saturday,Выпечка,Активный
2025-08-31,Бабка корица и карамель,3.0,БЛУМ,Sunday,Выпечка,Активный
2025-06-01,Бейгл 120,0.0,БЛУМ,Sunday,Хлеб,
2025-06-02,Бейгл 120,0.0,БЛУМ,Monday,Хлеб,
2025-06-03,Бейгл 120,0.0,БЛУМ,Tuesday,Хлеб,
2025-06-04,Бейгл 120,0.0,БЛУМ,Wednesday,Хлеб,
2025-06-05,Бейгл 120,0.0,БЛУМ,Thursday,Хлеб,
2025-06-06,Бейгл 120,0.0,БЛУМ,Friday,Хлеб,
2025-06-07,Бейгл 120,0.0,БЛУМ,Saturday,Хлеб,
2025-06-08,Бейгл 120,0.0,БЛУМ,Sunday,Хлеб,
2025-06-09,Бейгл 120,0.0,БЛУМ,Monday,Хлеб,
2025-06-10,Бейгл 120,0.0,БЛУМ,Tuesday,Хлеб,
2025-06-11,Бейгл 120,0.0,БЛУМ,Wednesday,Хлеб,
2025-06-12,Бейгл 120,0.0,БЛУМ,Thursday,Хлеб,
2025-06-13,Бейгл 120,0.0,БЛУМ,Friday,Хлеб,
2025-06-14,Бейгл 120,0.0,БЛУМ,Saturday,Хлеб,
2025-06-15,Бейгл 120,0.0,БЛУМ,Sunday,Хлеб,
2025-06-16,Бейгл 120,0.0,БЛУМ,Monday,Хлеб,
2025-06-17,Бейгл 120,0.0,БЛУМ,Tuesday,Хлеб,
2025-06-18,Бейгл 120,0.0,БЛУМ,Wednesday,Хлеб,
2025-06-19,Бейгл 120,0.0,БЛУМ,Thursday,Хлеб,
2025-06-20,Бейгл 120,0.0,БЛУМ,Friday,Хлеб,
2025-06-21,Бейгл 120,0.0,БЛУМ,Saturday,Хлеб,
2025-06-22,Бейгл 120,0.0,БЛУМ,Sunday,Хлеб,
2025-06-23,Бейгл 120,0.0,БЛУМ,Monday,Хлеб,
2025-06-24,Бейгл 120,0.0,БЛУМ,Tuesday,Хлеб,
2025-06-25,Бейгл 120,0.0,БЛУМ,Wednesday,Хлеб,
2025-06-26,Бейгл 120,0.0,БЛУМ,Thursday,Хлеб,
2025-06-27,Бейгл 120,0.0,БЛУМ,Friday,Хлеб,
2025-06-28,Бейгл 120,0.0,БЛУМ,Saturday,Хлеб,
2025-06-29,Бейгл 120,0.0,БЛУМ,Sunday,Хлеб,
2025-06-30,Бейгл 120,0.0,БЛУМ,Monday,Хлеб,
2025-07-01,Бейгл 120,0.0,БЛУМ,Tuesday,Хлеб,
2025-07-02,Бейгл 120,0.0,БЛУМ,Wednesday,Хлеб,
2025-07-03,Бейгл 120,0.0,БЛУМ,Thursday,Хлеб,
2025-07-04,Бейгл 120,0.0,БЛУМ,Friday,Хлеб,
2025-07-05,Бейгл 120,0.0,БЛУМ,Saturday,Хлеб,
2025-07-06,Бейгл 120,0.0,БЛУМ,Sunday,Хлеб,
2025-07-07,Бейгл 120,0.0,БЛУМ,Monday,Хлеб,
2025-07-08,Бейгл 120,0.0,БЛУМ,Tuesday,Хлеб,
2025-07-09,Бейгл 120,0.0,БЛУМ,Wednesday,Хлеб,
2025-07-10,Бейгл 120,0.0,БЛУМ,Thursday,Хлеб,
2025-07-11,Бейгл 120,0.0,БЛУМ,Friday,Хлеб,
2025-07-12,Бейгл 120,0.0,БЛУМ,Saturday,Хлеб,
2025-07-13,Бейгл 120,0.0,БЛУМ,Sunday,Хлеб,
2025-07-14,Бейгл 120,0.0,БЛУМ,Monday,Хлеб,
2025-07-15,Бейгл 120,0.0,БЛУМ,Tuesday,Хлеб,
2025-07-16,Бейгл 120,0.0,БЛУМ,Wednesday,Хлеб,
2025-07-17,Бейгл 120,0.0,БЛУМ,Thursday,Хлеб,
2025-07-18,Бейгл 120,0.0,БЛУМ,Friday,Хлеб,
2025-07-19,Бейгл 120,0.0,БЛУМ,Saturday,Хлеб,
2025-07-20,Бейгл 120,0.0,БЛУМ,Sunday,Хлеб,
2025-07-21,Бейгл 120,0.0,БЛУМ,Monday,Хлеб,
2025-07-22,Бейгл 120,0.0,БЛУМ,Tuesday,Хлеб,
2025-07-23,Бейгл 120,0.0,БЛУМ,Wednesday,Хлеб,
2025-07-24,Бейгл 120,0.0,БЛУМ,Thursday,Хлеб,
2025-07-25,Бейгл 120,0.0,БЛУМ,Friday,Хлеб,
2025-07-26,Бейгл 120,0.0,БЛУМ,Saturday,Хлеб,
2025-07-27,Бейгл 120,0.0,БЛУМ,Sunday,Хлеб,
2025-07-28,Бейгл 120,0.0,БЛУМ,Monday,Хлеб,
2025-07-29,Бейгл 120,0.0,БЛУМ,Tuesday,Хлеб,
2025-07-30,Бейгл 120,0.0,БЛУМ,Wednesday,Хлеб,
2025-07-31,Бейгл 120,0.0,БЛУМ,Thursday,Хлеб,
2025-08-01,Бейгл 120,0.0,БЛУМ,Friday,Хлеб,
2025-08-02,Бейгл 120,0.0,БЛУМ,Saturday,Хлеб,
2025-08-03,Бейгл 120,0.0,БЛУМ,Sunday,Хлеб,
2025-08-04,Бейгл 120,0.0,БЛУМ,Monday,Хлеб,
2025-08-05,Бейгл 120,0.0,БЛУМ,Tuesday,Хлеб,
2025-08-06,Бейгл 120,0.0,БЛУМ,Wednesday,Хлеб,
2025-08-07,Бейгл 120,0.0,БЛУМ,Thursday,Хлеб,
2025-08-08,Бейгл 120,0.0,БЛУМ,Friday,Хлеб,
2025-08-09,Бейгл 120,0.0,БЛУМ,Saturday,Хлеб,
2025-08-10,Бейгл 120,0.0,БЛУМ,Sunday,Хлеб,
2025-08-11,Бейгл 120,0.0,БЛУМ,Monday,Хлеб,
2025-08-12,Бейгл 120,0.0,БЛУМ,Tuesday,Хлеб,
2025-08-13,Бейгл 120,0.0,БЛУМ,Wednesday,Хлеб,
2025-08-14,Бейгл 120,0.0,БЛУМ,Thursday,Хлеб,
2025-08-15,Бейгл 120,0.0,БЛУМ,Friday,Хлеб,
2025-08-16,Бейгл 120,0.0,БЛУМ,Saturday,Хлеб,
2025-08-17,Бейгл 120,0.0,БЛУМ,Sunday,Хлеб,
2025-08-18,Бейгл 120,0.0,БЛУМ,Monday,Хлеб,
2025-08-19,Бейгл 120,0.0,БЛУМ,Tuesday,Хлеб,
2025-08-20,Бейгл 120,0.0,БЛУМ,Wednesday,Хлеб,
2025-08-21,Бейгл 120,6.0,БЛУМ,Thursday,Хлеб,
2025-08-22,Бейгл 120,0.0,БЛУМ,Friday,Хлеб,
2025-08-23,Бейгл 120,0.0,БЛУМ,Saturday,Хлеб,
2025-08-24,Бейгл 120,0.0,БЛУМ,Sunday,Хлеб,
2025-08-25,Бейгл 120,0.0,БЛУМ,Monday,Хлеб,
2025-08-26,Бейгл 120,0.0,БЛУМ,Tuesday,Хлеб,
2025-08-27,Бейгл 120,0.0,БЛУМ,Wednesday,Хлеб,
2025-08-28,Бейгл 120,0.0,БЛУМ,Thursday,Хлеб,
2025-08-29,Бейгл 120,0.0,БЛУМ,Friday,Хлеб,
2025-08-30,Бейгл 120,4.0,БЛУМ,Saturday,Хлеб,
2025-08-31,Бейгл 120,0.0,БЛУМ,Sunday,Хлеб,
2025-06-01,Брауни бг фундук,5.0,БЛУМ,Sunday,Десерты,Снят
2025-06-02,Брауни бг фундук,0.0,БЛУМ,Monday,Десерты,Снят
2025-06-03,Брауни бг фундук,0.0,БЛУМ,Tuesday,Десерты,Снят
2025-06-04,Брауни бг фундук,5.0,БЛУМ,Wednesday,Десерты,Снят
2025-06-05,Брауни бг фундук,0.0,БЛУМ,Thursday,Десерты,Снят
2025-06-06,Брауни бг фундук,0.0,БЛУМ,Friday,Десерты,Снят
2025-06-07,Брауни бг фундук,5.0,БЛУМ,Saturday,Десерты,Снят
2025-06-08,Брауни бг фундук,0.0,БЛУМ,Sunday,Десерты,Снят
2025-06-09,Брауни бг фундук,6.0,БЛУМ,Monday,Десерты,Снят
2025-06-10,Брауни бг фундук,5.0,БЛУМ,Tuesday,Десерты,Снят
2025-06-11,Брауни бг фундук,0.0,БЛУМ,Wednesday,Десерты,Снят
2025-06-12,Брауни бг фундук,0.0,БЛУМ,Thursday,Десерты,Снят
2025-06-13,Брауни бг фундук,11.0,БЛУМ,Friday,Десерты,Снят
2025-06-14,Брауни бг фундук,0.0,БЛУМ,Saturday,Десерты,Снят
2025-06-15,Брауни бг фундук,0.0,БЛУМ,Sunday,Десерты,Снят
2025-06-16,Брауни бг фундук,11.0,БЛУМ,Monday,Десерты,Снят
2025-06-17,Брауни бг фундук,0.0,БЛУМ,Tuesday,Десерты,Снят
2025-06-18,Брауни бг фундук,0.0,БЛУМ,Wednesday,Десерты,Снят
2025-06-19,Брауни бг фундук,5.0,БЛУМ,Thursday,Десерты,Снят
2025-06-20,Брауни бг фундук,6.0,БЛУМ,Friday,Десерты,Снят
2025-06-21,Брауни бг фундук,0.0,БЛУМ,Saturday,Десерты,Снят
2025-06-22,Брауни бг фундук,5.0,БЛУМ,Sunday,Десерты,Снят
2025-06-23,Брауни бг фундук,6.0,БЛУМ,Monday,Десерты,Снят
2025-06-24,Брауни бг фундук,0.0,БЛУМ,Tuesday,Десерты,Снят
2025-06-25,Брауни бг фундук,5.0,БЛУМ,Wednesday,Десерты,Снят
2025-06-26,Брауни бг фундук,0.0,БЛУМ,Thursday,Десерты,Снят
2025-06-27,Брауни бг фундук,6.0,БЛУМ,Friday,Десерты,Снят
2025-06-28,Брауни бг фундук,5.0,БЛУМ,Saturday,Десерты,Снят
2025-06-29,Брауни бг фундук,0.0,БЛУМ,Sunday,Десерты,Снят
2025-06-30,Брауни бг фундук,6.0,БЛУМ,Monday,Десерты,Снят
2025-07-01,Брауни бг фундук,5.0,БЛУМ,Tuesday,Десерты,Снят
2025-07-02,Брауни бг фундук,6.0,БЛУМ,Wednesday,Десерты,Снят
2025-07-03,Брауни бг фундук,0.0,БЛУМ,Thursday,Десерты,Снят
2025-07-04,Брауни бг фундук,11.0,БЛУМ,Friday,Десерты,Снят
2025-07-05,Брауни бг фундук,0.0,БЛУМ,Saturday,Десерты,Снят
2025-07-06,Брауни бг фундук,6.0,БЛУМ,Sunday,Десерты,Снят
2025-07-07,Брауни бг фундук,0.0,БЛУМ,Monday,Десерты,Снят
2025-07-08,Брауни бг фундук,6.0,БЛУМ,Tuesday,Десерты,Снят
2025-07-09,Брауни бг фундук,0.0,БЛУМ,Wednesday,Десерты,Снят
2025-07-10,Брауни бг фундук,5.0,БЛУМ,Thursday,Десерты,Снят
2025-07-11,Брауни бг фундук,6.0,БЛУМ,Friday,Десерты,Снят
2025-07-12,Брауни бг фундук,0.0,БЛУМ,Saturday,Десерты,Снят
2025-07-13,Брауни бг фундук,5.0,БЛУМ,Sunday,Десерты,Снят
2025-07-14,Брауни бг фундук,6.0,БЛУМ,Monday,Десерты,Снят
2025-07-15,Брауни бг фундук,0.0,БЛУМ,Tuesday,Десерты,Снят
2025-07-16,Брауни бг фундук,5.0,БЛУМ,Wednesday,Десерты,Снят
2025-07-17,Брауни бг фундук,6.0,БЛУМ,Thursday,Десерты,Снят
2025-07-18,Брауни бг фундук,0.0,БЛУМ,Friday,Десерты,Снят
2025-07-19,Брауни бг фундук,5.0,БЛУМ,Saturday,Десерты,Снят
2025-07-20,Брауни бг фундук,5.0,БЛУМ,Sunday,Десерты,Снят
2025-07-21,Брауни бг фундук,0.0,БЛУМ,Monday,Десерты,Снят
2025-07-22,Брауни бг фундук,5.0,БЛУМ,Tuesday,Десерты,Снят
2025-07-23,Брауни бг фундук,6.0,БЛУМ,Wednesday,Десерты,Снят
2025-07-24,Брауни бг фундук,0.0,БЛУМ,Thursday,Десерты,Снят
2025-07-25,Брауни бг фундук,5.0,БЛУМ,Friday,Десерты,Снят
2025-07-26,Брауни бг фундук,6.0,БЛУМ,Saturday,Десерты,Снят
2025-07-27,Брауни бг фундук,0.0,БЛУМ,Sunday,Десерты,Снят
2025-07-28,Брауни бг фундук,5.0,БЛУМ,Monday,Десерты,Снят
2025-07-29,Брауни бг фундук,6.0,БЛУМ,Tuesday,Десерты,Снят
2025-07-30,Брауни бг фундук,0.0,БЛУМ,Wednesday,Десерты,Снят
2025-07-31,Брауни бг фундук,5.0,БЛУМ,Thursday,Десерты,Снят
2025-08-01,Брауни бг фундук,6.0,БЛУМ,Friday,Десерты,Снят
2025-08-02,Брауни бг фундук,0.0,БЛУМ,Saturday,Десерты,Снят
2025-08-03,Брауни бг фундук,5.0,БЛУМ,Sunday,Десерты,Снят
2025-08-04,Брауни бг фундук,6.0,БЛУМ,Monday,Десерты,Снят
2025-08-05,Брауни бг фундук,0.0,БЛУМ,Tuesday,Десерты,Снят
2025-08-06,Брауни бг фундук,5.0,БЛУМ,Wednesday,Десерты,Снят
2025-08-07,Брауни бг фундук,6.0,БЛУМ,Thursday,Десерты,Снят
2025-08-08,Брауни бг фундук,0.0,БЛУМ,Friday,Десерты,Снят
2025-08-09,Брауни бг фундук,5.0,БЛУМ,Saturday,Десерты,Снят
2025-08-10,Брауни бг фундук,8.0,БЛУМ,Sunday,Десерты,Снят
2025-08-11,Брауни бг фундук,0.0,БЛУМ,Monday,Десерты,Снят
2025-08-12,Брауни бг фундук,5.0,БЛУМ,Tuesday,Десерты,Снят
2025-08-13,Брауни бг фундук,8.0,БЛУМ,Wednesday,Десерты,Снят
2025-08-14,Брауни бг фундук,0.0,БЛУМ,Thursday,Десерты,Снят
2025-08-15,Брауни бг фундук,5.0,БЛУМ,Friday,Десерты,Снят
2025-08-16,Брауни бг фундук,6.0,БЛУМ,Saturday,Десерты,Снят
2025-08-17,Брауни бг фундук,3.0,БЛУМ,Sunday,Десерты,Снят
2025-08-18,Брауни бг фундук,0.0,БЛУМ,Monday,Десерты,Снят
2025-08-19,Брауни бг фундук,6.0,БЛУМ,Tuesday,Десерты,Снят
2025-08-20,Брауни бг фундук,0.0,БЛУМ,Wednesday,Десерты,Снят
2025-08-21,Брауни бг фундук,5.0,БЛУМ,Thursday,Десерты,Снят
2025-08-22,Брауни бг фундук,6.0,БЛУМ,Friday,Десерты,Снят
2025-08-23,Брауни бг фундук,0.0,БЛУМ,Saturday,Десерты,Снят
2025-08-24,Брауни бг фундук,5.0,БЛУМ,Sunday,Десерты,Снят
2025-08-25,Брауни бг фундук,0.0,БЛУМ,Monday,Десерты,Снят
2025-08-26,Брауни бг фундук,6.0,БЛУМ,Tuesday,Десерты,Снят
2025-08-27,Брауни бг фундук,5.0,БЛУМ,Wednesday,Десерты,Снят
2025-08-28,Брауни бг фундук,0.0,БЛУМ,Thursday,Десерты,Снят
2025-08-29,Брауни бг фундук,6.0,БЛУМ,Friday,Десерты,Снят
2025-08-30,Брауни бг фундук,5.0,БЛУМ,Saturday,Десерты,Снят
2025-08-31,Брауни бг фундук,5.0,БЛУМ,Sunday,Десерты,Снят
2025-06-01,Бриошь 10х10,0.0,БЛУМ,Sunday,Хлеб,Активный
2025-06-02,Бриошь 10х10,0.0,БЛУМ,Monday,Хлеб,Активный
2025-06-03,Бриошь 10х10,0.0,БЛУМ,Tuesday,Хлеб,Активный
2025-06-04,Бриошь 10х10,0.0,БЛУМ,Wednesday,Хлеб,Активный
2025-06-05,Бриошь 10х10,0.0,БЛУМ,Thursday,Хлеб,Активный
2025-06-06,Бриошь 10х10,0.0,БЛУМ,Friday,Хлеб,Активный
2025-06-07,Бриошь 10х10,0.0,БЛУМ,Saturday,Хлеб,Активный
2025-06-08,Бриошь 10х10,0.0,БЛУМ,Sunday,Хлеб,Активный
2025-06-09,Бриошь 10х10,0.0,БЛУМ,Monday,Хлеб,Активный
2025-06-10,Бриошь 10х10,0.0,БЛУМ,Tuesday,Хлеб,Активный
2025-06-11,Бриошь 10х10,0.0,БЛУМ,Wednesday,Хлеб,Активный
2025-06-12,Бриошь 10х10,0.0,БЛУМ,Thursday,Хлеб,Активный
2025-06-13,Бриошь 10х10,0.0,БЛУМ,Friday,Хлеб,Активный
2025-06-14,Бриошь 10х10,0.0,БЛУМ,Saturday,Хлеб,Активный
2025-06-15,Бриошь 10х10,0.0,БЛУМ,Sunday,Хлеб,Активный
2025-06-16,Бриошь 10х10,0.0,БЛУМ,Monday,Хлеб,Активный
2025-06-17,Бриошь 10х10,0.0,БЛУМ,Tuesday,Хлеб,Активный
2025-06-18,Бриошь 10х10,0.0,БЛУМ,Wednesday,Хлеб,Активный
2025-06-19,Бриошь 10х10,0.0,БЛУМ,Thursday,Хлеб,Активный
2025-06-20,Бриошь 10х10,0.0,БЛУМ,Friday,Хлеб,Активный
2025-06-21,Бриошь 10х10,0.0,БЛУМ,Saturday,Хлеб,Активный
2025-06-22,Бриошь 10х10,0.0,БЛУМ,Sunday,Хлеб,Активный
2025-06-23,Бриошь 10х10,0.0,БЛУМ,Monday,Хлеб,Активный
2025-06-24,Бриошь 10х10,0.0,БЛУМ,Tuesday,Хлеб,Активный
2025-06-25,Бриошь 10х10,0.0,БЛУМ,Wednesday,Хлеб,Активный
2025-06-26,Бриошь 10х10,0.0,БЛУМ,Thursday,Хлеб,Активный
2025-06-27,Бриошь 10х10,0.0,БЛУМ,Friday,Хлеб,Активный
2025-06-28,Бриошь 10х10,0.0,БЛУМ,Saturday,Хлеб,Активный
2025-06-29,Бриошь 10х10,0.0,БЛУМ,Sunday,Хлеб,Активный
2025-06-30,Бриошь 10х10,0.0,БЛУМ,Monday,Хлеб,Активный
2025-07-01,Бриошь 10х10,0.0,БЛУМ,Tuesday,Хлеб,Активный
2025-07-02,Бриошь 10х10,0.0,БЛУМ,Wednesday,Хлеб,Активный
2025-07-03,Бриошь 10х10,0.0,БЛУМ,Thursday,Хлеб,Активный
2025-07-04,Бриошь 10х10,0.0,БЛУМ,Friday,Хлеб,Активный
2025-07-05,Бриошь 10х10,0.0,БЛУМ,Saturday,Хлеб,Активный
2025-07-06,Бриошь 10х10,0.0,БЛУМ,Sunday,Хлеб,Активный
2025-07-07,Бриошь 10х10,0.0,БЛУМ,Monday,Хлеб,Активный
2025-07-08,Бриошь 10х10,0.0,БЛУМ,Tuesday,Хлеб,Активный
2025-07-09,Бриошь 10х10,0.0,БЛУМ,Wednesday,Хлеб,Активный
2025-07-10,Бриошь 10х10,0.0,БЛУМ,Thursday,Хлеб,Активный
2025-07-11,Бриошь 10х10,0.0,БЛУМ,Friday,Хлеб,Активный
2025-07-12,Бриошь 10х10,0.0,БЛУМ,Saturday,Хлеб,Активный
2025-07-13,Бриошь 10х10,0.0,БЛУМ,Sunday,Хлеб,Активный
2025-07-14,Бриошь 10х10,0.0,БЛУМ,Monday,Хлеб,Активный
2025-07-15,Бриошь 10х10,0.0,БЛУМ,Tuesday,Хлеб,Активный
2025-07-16,Бриошь 10х10,0.0,БЛУМ,Wednesday,Хлеб,Активный
2025-07-17,Бриошь 10х10,0.0,БЛУМ,Thursday,Хлеб,Активный
2025-07-18,Бриошь 10х10,0.0,БЛУМ,Friday,Хлеб,Активный
2025-07-19,Бриошь 10х10,0.0,БЛУМ,Saturday,Хлеб,Активный
2025-07-20,Бриошь 10х10,0.0,БЛУМ,Sunday,Хлеб,Активный
2025-07-21,Бриошь 10х10,0.0,БЛУМ,Monday,Хлеб,Активный
2025-07-22,Бриошь 10х10,0.0,БЛУМ,Tuesday,Хлеб,Активный
2025-07-23,Бриошь 10х10,0.0,БЛУМ,Wednesday,Хлеб,Активный
2025-07-24,Бриошь 10х10,0.0,БЛУМ,Thursday,Хлеб,Активный
2025-07-25,Бриошь 10х10,0.0,БЛУМ,Friday,Хлеб,Активный
2025-07-26,Бриошь 10х10,0.0,БЛУМ,Saturday,Хлеб,Активный
2025-07-27,Бриошь 10х10,0.0,БЛУМ,Sunday,Хлеб,Активный
2025-07-28,Бриошь 10х10,0.0,БЛУМ,Monday,Хлеб,Активный
2025-07-29,Бриошь 10х10,0.0,БЛУМ,Tuesday,Хлеб,Активный
2025-07-30,Бриошь 10х10,0.0,БЛУМ,Wednesday,Хлеб,Активный
2025-07-31,Бриошь 10х10,0.0,БЛУМ,Thursday,Хлеб,Активный
2025-08-01,Бриошь 10х10,0.0,БЛУМ,Friday,Хлеб,Активный
2025-08-02,Бриошь 10х10,0.0,БЛУМ,Saturday,Хлеб,Активный
2025-08-03,Бриошь 10х10,0.0,БЛУМ,Sunday,Хлеб,Активный
2025-08-04,Бриошь 10х10,0.0,БЛУМ,Monday,Хлеб,Активный
2025-08-05,Бриошь 10х10,0.0,БЛУМ,Tuesday,Хлеб,Активный
2025-08-06,Бриошь 10х10,0.0,БЛУМ,Wednesday,Хлеб,Активный
2025-08-07,Бриошь 10х10,0.0,БЛУМ,Thursday,Хлеб,Активный
2025-08-08,Бриошь 10х10,0.0,БЛУМ,Friday,Хлеб,Активный
2025-08-09,Бриошь 10х10,0.0,БЛУМ,Saturday,Хлеб,Активный
2025-08-10,Бриошь 10х10,0.0,БЛУМ,Sunday,Хлеб,Активный
2025-08-11,Бриошь 10х10,0.0,БЛУМ,Monday,Хлеб,Активный
2025-08-12,Бриошь 10х10,0.0,БЛУМ,Tuesday,Хлеб,Активный
2025-08-13,Бриошь 10х10,0.0,БЛУМ,Wednesday,Хлеб,Активный
2025-08-14,Бриошь 10х10,0.0,БЛУМ,Thursday,Хлеб,Активный
2025-08-15,Бриошь 10х10,0.0,БЛУМ,Friday,Хлеб,Активный
2025-08-16,Бриошь 10х10,0.0,БЛУМ,Saturday,Хлеб,Активный
2025-08-17,Бриошь 10х10,0.0,БЛУМ,Sunday,Хлеб,Активный
2025-08-18,Бриошь 10х10,0.0,БЛУМ,Monday,Хлеб,Активный
2025-08-19,Бриошь 10х10,0.0,БЛУМ,Tuesday,Хлеб,Активный
2025-08-20,Бриошь 10х10,0.0,БЛУМ,Wednesday,Хлеб,Активный
2025-08-21,Бриошь 10х10,0.0,БЛУМ,Thursday,Хлеб,Активный
2025-08-22,Бриошь 10х10,0.0,БЛУМ,Friday,Хлеб,Активный
2025-08-23,Бриошь 10х10,0.0,БЛУМ,Saturday,Хлеб,Активный
2025-08-24,Бриошь 10х10,0.0,БЛУМ,Sunday,Хлеб,Активный
2025-08-25,Бриошь 10х10,0.0,БЛУМ,Monday,Хлеб,Активный
2025-08-26,Бриошь 10х10,0.0,БЛУМ,Tuesday,Хлеб,Активный
2025-08-27,Бриошь 10х10,0.0,БЛУМ,Wednesday,Хлеб,Активный
2025-08-28,Бриошь 10х10,2.0,БЛУМ,Thursday,Хлеб,Активный
2025-08-29,Бриошь 10х10,0.0,БЛУМ,Friday,Хлеб,Активный
2025-08-30,Бриошь 10х10,2.0,БЛУМ,Saturday,Хлеб,Активный
2025-08-31,Бриошь 10х10,0.0,БЛУМ,Sunday,Хлеб,Активный
2025-06-01,Бриошь с ванильным кремом в ягодной глазури,6.0,БЛУМ,Sunday,Булки,
2025-06-02,Бриошь с ванильным кремом в ягодной глазури,3.0,БЛУМ,Monday,Булки,
2025-06-03,Бриошь с ванильным кремом в ягодной глазури,3.0,БЛУМ,Tuesday,Булки,
2025-06-04,Бриошь с ванильным кремом в ягодной глазури,3.0,БЛУМ,Wednesday,Булки,
2025-06-05,Бриошь с ванильным кремом в ягодной глазури,6.0,БЛУМ,Thursday,Булки,
2025-06-06,Бриошь с ванильным кремом в ягодной глазури,3.0,БЛУМ,Friday,Булки,
2025-06-07,Бриошь с ванильным кремом в ягодной глазури,5.0,БЛУМ,Saturday,Булки,
2025-06-08,Бриошь с ванильным кремом в ягодной глазури,8.0,БЛУМ,Sunday,Булки,
2025-06-09,Бриошь с ванильным кремом в ягодной глазури,3.0,БЛУМ,Monday,Булки,
2025-06-10,Бриошь с ванильным кремом в ягодной глазури,3.0,БЛУМ,Tuesday,Булки,
2025-06-11,Бриошь с ванильным кремом в ягодной глазури,3.0,БЛУМ,Wednesday,Булки,
2025-06-12,Бриошь с ванильным кремом в ягодной глазури,6.0,БЛУМ,Thursday,Булки,
2025-06-13,Бриошь с ванильным кремом в ягодной глазури,3.0,БЛУМ,Friday,Булки,
2025-06-14,Бриошь с ванильным кремом в ягодной глазури,5.0,БЛУМ,Saturday,Булки,
2025-06-15,Бриошь с ванильным кремом в ягодной глазури,8.0,БЛУМ,Sunday,Булки,
2025-06-16,Бриошь с ванильным кремом в ягодной глазури,3.0,БЛУМ,Monday,Булки,
2025-06-17,Бриошь с ванильным кремом в ягодной глазури,3.0,БЛУМ,Tuesday,Булки,
2025-06-18,Бриошь с ванильным кремом в ягодной глазури,3.0,БЛУМ,Wednesday,Булки,
2025-06-19,Бриошь с ванильным кремом в ягодной глазури,6.0,БЛУМ,Thursday,Булки,
2025-06-20,Бриошь с ванильным кремом в ягодной глазури,3.0,БЛУМ,Friday,Булки,
2025-06-21,Бриошь с ванильным кремом в ягодной глазури,5.0,БЛУМ,Saturday,Булки,
2025-06-22,Бриошь с ванильным кремом в ягодной глазури,8.0,БЛУМ,Sunday,Булки,
2025-06-23,Бриошь с ванильным кремом в ягодной глазури,5.0,БЛУМ,Monday,Булки,
2025-06-24,Бриошь с ванильным кремом в ягодной глазури,5.0,БЛУМ,Tuesday,Булки,
2025-06-25,Бриошь с ванильным кремом в ягодной глазури,5.0,БЛУМ,Wednesday,Булки,
2025-06-26,Бриошь с ванильным кремом в ягодной глазури,8.0,БЛУМ,Thursday,Булки,
2025-06-27,Бриошь с ванильным кремом в ягодной глазури,5.0,БЛУМ,Friday,Булки,
2025-06-28,Бриошь с ванильным кремом в ягодной глазури,5.0,БЛУМ,Saturday,Булки,
2025-06-29,Бриошь с ванильным кремом в ягодной глазури,6.0,БЛУМ,Sunday,Булки,
2025-06-30,Бриошь с ванильным кремом в ягодной глазури,3.0,БЛУМ,Monday,Булки,
2025-07-01,Бриошь с ванильным кремом в ягодной глазури,4.0,БЛУМ,Tuesday,Булки,
2025-07-02,Бриошь с ванильным кремом в ягодной глазури,4.0,БЛУМ,Wednesday,Булки,
2025-07-03,Бриошь с ванильным кремом в ягодной глазури,7.0,БЛУМ,Thursday,Булки,
2025-07-04,Бриошь с ванильным кремом в ягодной глазури,4.0,БЛУМ,Friday,Булки,
2025-07-05,Бриошь с ванильным кремом в ягодной глазури,5.0,БЛУМ,Saturday,Булки,
2025-07-06,Бриошь с ванильным кремом в ягодной глазури,8.0,БЛУМ,Sunday,Булки,
2025-07-07,Бриошь с ванильным кремом в ягодной глазури,0.0,БЛУМ,Monday,Булки,
2025-07-08,Бриошь с ванильным кремом в ягодной глазури,4.0,БЛУМ,Tuesday,Булки,
2025-07-09,Бриошь с ванильным кремом в ягодной глазури,7.0,БЛУМ,Wednesday,Булки,
2025-07-10,Бриошь с ванильным кремом в ягодной глазури,4.0,БЛУМ,Thursday,Булки,
2025-07-11,Бриошь с ванильным кремом в ягодной глазури,4.0,БЛУМ,Friday,Булки,
2025-07-12,Бриошь с ванильным кремом в ягодной глазури,8.0,БЛУМ,Saturday,Булки,
2025-07-13,Бриошь с ванильным кремом в ягодной глазури,8.0,БЛУМ,Sunday,Булки,
2025-07-14,Бриошь с ванильным кремом в ягодной глазури,3.0,БЛУМ,Monday,Булки,
2025-07-15,Бриошь с ванильным кремом в ягодной глазури,4.0,БЛУМ,Tuesday,Булки,
2025-07-16,Бриошь с ванильным кремом в ягодной глазури,4.0,БЛУМ,Wednesday,Булки,
2025-07-17,Бриошь с ванильным кремом в ягодной глазури,7.0,БЛУМ,Thursday,Булки,
2025-07-18,Бриошь с ванильным кремом в ягодной глазури,4.0,БЛУМ,Friday,Булки,
2025-07-19,Бриошь с ванильным кремом в ягодной глазури,8.0,БЛУМ,Saturday,Булки,
2025-07-20,Бриошь с ванильным кремом в ягодной глазури,5.0,БЛУМ,Sunday,Булки,
2025-07-21,Бриошь с ванильным кремом в ягодной глазури,4.0,БЛУМ,Monday,Булки,
2025-07-22,Бриошь с ванильным кремом в ягодной глазури,4.0,БЛУМ,Tuesday,Булки,
2025-07-23,Бриошь с ванильным кремом в ягодной глазури,4.0,БЛУМ,Wednesday,Булки,
2025-07-24,Бриошь с ванильным кремом в ягодной глазури,4.0,БЛУМ,Thursday,Булки,
2025-07-25,Бриошь с ванильным кремом в ягодной глазури,4.0,БЛУМ,Friday,Булки,
2025-07-26,Бриошь с ванильным кремом в ягодной глазури,5.0,БЛУМ,Saturday,Булки,
2025-07-27,Бриошь с ванильным кремом в ягодной глазури,5.0,БЛУМ,Sunday,Булки,
2025-07-28,Бриошь с ванильным кремом в ягодной глазури,4.0,БЛУМ,Monday,Булки,
2025-07-29,Бриошь с ванильным кремом в ягодной глазури,4.0,БЛУМ,Tuesday,Булки,
2025-07-30,Бриошь с ванильным кремом в ягодной глазури,4.0,БЛУМ,Wednesday,Булки,
2025-07-31,Бриошь с ванильным кремом в ягодной глазури,7.0,БЛУМ,Thursday,Булки,
2025-08-01,Бриошь с ванильным кремом в ягодной глазури,5.0,БЛУМ,Friday,Булки,
2025-08-02,Бриошь с ванильным кремом в ягодной глазури,9.0,БЛУМ,Saturday,Булки,
2025-08-03,Бриошь с ванильным кремом в ягодной глазури,6.0,БЛУМ,Sunday,Булки,
2025-08-04,Бриошь с ванильным кремом в ягодной глазури,4.0,БЛУМ,Monday,Булки,
2025-08-05,Бриошь с ванильным кремом в ягодной глазури,7.0,БЛУМ,Tuesday,Булки,
2025-08-06,Бриошь с ванильным кремом в ягодной глазури,4.0,БЛУМ,Wednesday,Булки,
2025-08-07,Бриошь с ванильным кремом в ягодной глазури,4.0,БЛУМ,Thursday,Булки,
2025-08-08,Бриошь с ванильным кремом в ягодной глазури,4.0,БЛУМ,Friday,Булки,
2025-08-09,Бриошь с ванильным кремом в ягодной глазури,9.0,БЛУМ,Saturday,Булки,
2025-08-10,Бриошь с ванильным кремом в ягодной глазури,6.0,БЛУМ,Sunday,Булки,
2025-08-11,Бриошь с ванильным кремом в ягодной глазури,6.0,БЛУМ,Monday,Булки,
2025-08-12,Бриошь с ванильным кремом в ягодной глазури,4.0,БЛУМ,Tuesday,Булки,
2025-08-13,Бриошь с ванильным кремом в ягодной глазури,4.0,БЛУМ,Wednesday,Булки,
2025-08-14,Бриошь с ванильным кремом в ягодной глазури,7.0,БЛУМ,Thursday,Булки,
2025-08-15,Бриошь с ванильным кремом в ягодной глазури,4.0,БЛУМ,Friday,Булки,
2025-08-16,Бриошь с ванильным кремом в ягодной глазури,8.0,БЛУМ,Saturday,Булки,
2025-08-17,Бриошь с ванильным кремом в ягодной глазури,6.0,БЛУМ,Sunday,Булки,
2025-08-18,Бриошь с ванильным кремом в ягодной глазури,0.0,БЛУМ,Monday,Булки,
2025-08-19,Бриошь с ванильным кремом в ягодной глазури,4.0,БЛУМ,Tuesday,Булки,
2025-08-20,Бриошь с ванильным кремом в ягодной глазури,6.0,БЛУМ,Wednesday,Булки,
2025-08-21,Бриошь с ванильным кремом в ягодной глазури,4.0,БЛУМ,Thursday,Булки,
2025-08-22,Бриошь с ванильным кремом в ягодной глазури,4.0,БЛУМ,Friday,Булки,
2025-08-23,Бриошь с ванильным кремом в ягодной глазури,8.0,БЛУМ,Saturday,Булки,
2025-08-24,Бриошь с ванильным кремом в ягодной глазури,8.0,БЛУМ,Sunday,Булки,
2025-08-25,Бриошь с ванильным кремом в ягодной глазури,4.0,БЛУМ,Monday,Булки,
2025-08-26,Бриошь с ванильным кремом в ягодной глазури,4.0,БЛУМ,Tuesday,Булки,
2025-08-27,Бриошь с ванильным кремом в ягодной глазури,4.0,БЛУМ,Wednesday,Булки,
2025-08-28,Бриошь с ванильным кремом в ягодной глазури,6.0,БЛУМ,Thursday,Булки,
2025-08-29,Бриошь с ванильным кремом в ягодной глазури,4.0,БЛУМ,Friday,Булки,
2025-08-30,Бриошь с ванильным кремом в ягодной глазури,7.0,БЛУМ,Saturday,Булки,
2025-08-31,Бриошь с ванильным кремом в ягодной глазури,12.0,БЛУМ,Sunday,Булки,
2025-06-01,Булка кофе-апельсин,0.0,БЛУМ,Sunday,Булки,Снят
2025-06-02,Булка кофе-апельсин,0.0,БЛУМ,Monday,Булки,Снят
2025-06-03,Булка кофе-апельсин,0.0,БЛУМ,Tuesday,Булки,Снят
2025-06-04,Булка кофе-апельсин,0.0,БЛУМ,Wednesday,Булки,Снят
2025-06-05,Булка кофе-апельсин,0.0,БЛУМ,Thursday,Булки,Снят
2025-06-06,Булка кофе-апельсин,0.0,БЛУМ,Friday,Булки,Снят
2025-06-07,Булка кофе-апельсин,0.0,БЛУМ,Saturday,Булки,Снят
2025-06-08,Булка кофе-апельсин,0.0,БЛУМ,Sunday,Булки,Снят
2025-06-09,Булка кофе-апельсин,0.0,БЛУМ,Monday,Булки,Снят
2025-06-10,Булка кофе-апельсин,0.0,БЛУМ,Tuesday,Булки,Снят
2025-06-11,Булка кофе-апельсин,0.0,БЛУМ,Wednesday,Булки,Снят
2025-06-12,Булка кофе-апельсин,0.0,БЛУМ,Thursday,Булки,Снят
2025-06-13,Булка кофе-апельсин,0.0,БЛУМ,Friday,Булки,Снят
2025-06-14,Булка кофе-апельсин,0.0,БЛУМ,Saturday,Булки,Снят
2025-06-15,Булка кофе-апельсин,0.0,БЛУМ,Sunday,Булки,Снят
2025-06-16,Булка кофе-апельсин,0.0,БЛУМ,Monday,Булки,Снят
2025-06-17,Булка кофе-апельсин,0.0,БЛУМ,Tuesday,Булки,Снят
2025-06-18,Булка кофе-апельсин,0.0,БЛУМ,Wednesday,Булки,Снят
2025-06-19,Булка кофе-апельсин,0.0,БЛУМ,Thursday,Булки,Снят
2025-06-20,Булка кофе-апельсин,0.0,БЛУМ,Friday,Булки,Снят
2025-06-21,Булка кофе-апельсин,0.0,БЛУМ,Saturday,Булки,Снят
2025-06-22,Булка кофе-апельсин,0.0,БЛУМ,Sunday,Булки,Снят
2025-06-23,Булка кофе-апельсин,0.0,БЛУМ,Monday,Булки,Снят
2025-06-24,Булка кофе-апельсин,0.0,БЛУМ,Tuesday,Булки,Снят
2025-06-25,Булка кофе-апельсин,0.0,БЛУМ,Wednesday,Булки,Снят
2025-06-26,Булка кофе-апельсин,0.0,БЛУМ,Thursday,Булки,Снят
2025-06-27,Булка кофе-апельсин,0.0,БЛУМ,Friday,Булки,Снят
2025-06-28,Булка кофе-апельсин,0.0,БЛУМ,Saturday,Булки,Снят
2025-06-29,Булка кофе-апельсин,0.0,БЛУМ,Sunday,Булки,Снят
2025-06-30,Булка кофе-апельсин,0.0,БЛУМ,Monday,Булки,Снят
2025-07-01,Булка кофе-апельсин,0.0,БЛУМ,Tuesday,Булки,Снят
2025-07-02,Булка кофе-апельсин,0.0,БЛУМ,Wednesday,Булки,Снят
2025-07-03,Булка кофе-апельсин,0.0,БЛУМ,Thursday,Булки,Снят
2025-07-04,Булка кофе-апельсин,0.0,БЛУМ,Friday,Булки,Снят
2025-07-05,Булка кофе-апельсин,0.0,БЛУМ,Saturday,Булки,Снят
2025-07-06,Булка кофе-апельсин,0.0,БЛУМ,Sunday,Булки,Снят
2025-07-07,Булка кофе-апельсин,0.0,БЛУМ,Monday,Булки,Снят
2025-07-08,Булка кофе-апельсин,0.0,БЛУМ,Tuesday,Булки,Снят
2025-07-09,Булка кофе-апельсин,0.0,БЛУМ,Wednesday,Булки,Снят
2025-07-10,Булка кофе-апельсин,0.0,БЛУМ,Thursday,Булки,Снят
2025-07-11,Булка кофе-апельсин,0.0,БЛУМ,Friday,Булки,Снят
2025-07-12,Булка кофе-апельсин,0.0,БЛУМ,Saturday,Булки,Снят
2025-07-13,Булка кофе-апельсин,0.0,БЛУМ,Sunday,Булки,Снят
2025-07-14,Булка кофе-апельсин,0.0,БЛУМ,Monday,Булки,Снят
2025-07-15,Булка кофе-апельсин,0.0,БЛУМ,Tuesday,Булки,Снят
2025-07-16,Булка кофе-апельсин,0.0,БЛУМ,Wednesday,Булки,Снят
2025-07-17,Булка кофе-апельсин,0.0,БЛУМ,Thursday,Булки,Снят
2025-07-18,Булка кофе-апельсин,0.0,БЛУМ,Friday,Булки,Снят
2025-07-19,Булка кофе-апельсин,0.0,БЛУМ,Saturday,Булки,Снят
2025-07-20,Булка кофе-апельсин,0.0,БЛУМ,Sunday,Булки,Снят
2025-07-21,Булка кофе-апельсин,0.0,БЛУМ,Monday,Булки,Снят
2025-07-22,Булка кофе-апельсин,0.0,БЛУМ,Tuesday,Булки,Снят
2025-07-23,Булка кофе-апельсин,0.0,БЛУМ,Wednesday,Булки,Снят
2025-07-24,Булка кофе-апельсин,0.0,БЛУМ,Thursday,Булки,Снят
2025-07-25,Булка кофе-апельсин,0.0,БЛУМ,Friday,Булки,Снят
2025-07-26,Булка кофе-апельсин,0.0,БЛУМ,Saturday,Булки,Снят
2025-07-27,Булка кофе-апельсин,0.0,БЛУМ,Sunday,Булки,Снят
2025-07-28,Булка кофе-апельсин,0.0,БЛУМ,Monday,Булки,Снят
2025-07-29,Булка кофе-апельсин,0.0,БЛУМ,Tuesday,Булки,Снят
2025-07-30,Булка кофе-апельсин,0.0,БЛУМ,Wednesday,Булки,Снят
2025-07-31,Булка кофе-апельсин,0.0,БЛУМ,Thursday,Булки,Снят
2025-08-01,Булка кофе-апельсин,0.0,БЛУМ,Friday,Булки,Снят
2025-08-02,Булка кофе-апельсин,0.0,БЛУМ,Saturday,Булки,Снят
2025-08-03,Булка кофе-апельсин,0.0,БЛУМ,Sunday,Булки,Снят
2025-08-04,Булка кофе-апельсин,0.0,БЛУМ,Monday,Булки,Снят
2025-08-05,Булка кофе-апельсин,0.0,БЛУМ,Tuesday,Булки,Снят
2025-08-06,Булка кофе-апельсин,0.0,БЛУМ,Wednesday,Булки,Снят
2025-08-07,Булка кофе-апельсин,0.0,БЛУМ,Thursday,Булки,Снят
2025-08-08,Булка кофе-апельсин,0.0,БЛУМ,Friday,Булки,Снят
2025-08-09,Булка кофе-апельсин,0.0,БЛУМ,Saturday,Булки,Снят
2025-08-10,Булка кофе-апельсин,0.0,БЛУМ,Sunday,Булки,Снят
2025-08-11,Булка кофе-апельсин,0.0,БЛУМ,Monday,Булки,Снят
2025-08-12,Булка кофе-апельсин,0.0,БЛУМ,Tuesday,Булки,Снят
2025-08-13,Булка кофе-апельсин,0.0,БЛУМ,Wednesday,Булки,Снят
2025-08-14,Булка кофе-апельсин,0.0,БЛУМ,Thursday,Булки,Снят
2025-08-15,Булка кофе-апельсин,0.0,БЛУМ,Friday,Булки,Снят
2025-08-16,Булка кофе-апельсин,0.0,БЛУМ,Saturday,Булки,Снят
2025-08-17,Булка кофе-апельсин,0.0,БЛУМ,Sunday,Булки,Снят
2025-08-18,Булка кофе-апельсин,0.0,БЛУМ,Monday,Булки,Снят
2025-08-19,Булка кофе-апельсин,0.0,БЛУМ,Tuesday,Булки,Снят
2025-08-20,Булка кофе-апельсин,0.0,БЛУМ,Wednesday,Булки,Снят
2025-08-21,Булка кофе-апельсин,0.0,БЛУМ,Thursday,Булки,Снят
2025-08-22,Булка кофе-апельсин,0.0,БЛУМ,Friday,Булки,Снят
2025-08-23,Булка кофе-апельсин,0.0,БЛУМ,Saturday,Булки,Снят
2025-08-24,Булка кофе-апельсин,0.0,БЛУМ,Sunday,Булки,Снят
2025-08-25,Булка кофе-апельсин,0.0,БЛУМ,Monday,Булки,Снят
2025-08-26,Булка кофе-апельсин,0.0,БЛУМ,Tuesday,Булки,Снят
2025-08-27,Булка кофе-апельсин,0.0,БЛУМ,Wednesday,Булки,Снят
2025-08-28,Булка кофе-апельсин,0.0,БЛУМ,Thursday,Булки,Снят
2025-08-29,Булка кофе-апельсин,0.0,БЛУМ,Friday,Булки,Снят
2025-08-30,Булка кофе-апельсин,0.0,БЛУМ,Saturday,Булки,Снят
2025-08-31,Булка кофе-апельсин,0.0,БЛУМ,Sunday,Булки,Снят
2025-06-01,Булка с кардамоном,0.0,БЛУМ,Sunday,Булки,Активный
2025-06-02,Булка с кардамоном,0.0,БЛУМ,Monday,Булки,Активный
2025-06-03,Булка с кардамоном,0.0,БЛУМ,Tuesday,Булки,Активный
2025-06-04,Булка с кардамоном,0.0,БЛУМ,Wednesday,Булки,Активный
2025-06-05,Булка с кардамоном,0.0,БЛУМ,Thursday,Булки,Активный
2025-06-06,Булка с кардамоном,0.0,БЛУМ,Friday,Булки,Активный
2025-06-07,Булка с кардамоном,0.0,БЛУМ,Saturday,Булки,Активный
2025-06-08,Булка с кардамоном,0.0,БЛУМ,Sunday,Булки,Активный
2025-06-09,Булка с кардамоном,0.0,БЛУМ,Monday,Булки,Активный
2025-06-10,Булка с кардамоном,0.0,БЛУМ,Tuesday,Булки,Активный
2025-06-11,Булка с кардамоном,0.0,БЛУМ,Wednesday,Булки,Активный
2025-06-12,Булка с кардамоном,0.0,БЛУМ,Thursday,Булки,Активный
2025-06-13,Булка с кардамоном,0.0,БЛУМ,Friday,Булки,Активный
2025-06-14,Булка с кардамоном,0.0,БЛУМ,Saturday,Булки,Активный
2025-06-15,Булка с кардамоном,0.0,БЛУМ,Sunday,Булки,Активный
2025-06-16,Булка с кардамоном,0.0,БЛУМ,Monday,Булки,Активный
2025-06-17,Булка с кардамоном,0.0,БЛУМ,Tuesday,Булки,Активный
2025-06-18,Булка с кардамоном,0.0,БЛУМ,Wednesday,Булки,Активный
2025-06-19,Булка с кардамоном,0.0,БЛУМ,Thursday,Булки,Активный
2025-06-20,Булка с кардамоном,0.0,БЛУМ,Friday,Булки,Активный
2025-06-21,Булка с кардамоном,0.0,БЛУМ,Saturday,Булки,Активный
2025-06-22,Булка с кардамоном,0.0,БЛУМ,Sunday,Булки,Активный
2025-06-23,Булка с кардамоном,0.0,БЛУМ,Monday,Булки,Активный
2025-06-24,Булка с кардамоном,0.0,БЛУМ,Tuesday,Булки,Активный
2025-06-25,Булка с кардамоном,0.0,БЛУМ,Wednesday,Булки,Активный
2025-06-26,Булка с кардамоном,0.0,БЛУМ,Thursday,Булки,Активный
2025-06-27,Булка с кардамоном,0.0,БЛУМ,Friday,Булки,Активный
2025-06-28,Булка с кардамоном,0.0,БЛУМ,Saturday,Булки,Активный
2025-06-29,Булка с кардамоном,0.0,БЛУМ,Sunday,Булки,Активный
2025-06-30,Булка с кардамоном,0.0,БЛУМ,Monday,Булки,Активный
2025-07-01,Булка с кардамоном,0.0,БЛУМ,Tuesday,Булки,Активный
2025-07-02,Булка с кардамоном,0.0,БЛУМ,Wednesday,Булки,Активный
2025-07-03,Булка с кардамоном,0.0,БЛУМ,Thursday,Булки,Активный
2025-07-04,Булка с кардамоном,0.0,БЛУМ,Friday,Булки,Активный
2025-07-05,Булка с кардамоном,0.0,БЛУМ,Saturday,Булки,Активный
2025-07-06,Булка с кардамоном,0.0,БЛУМ,Sunday,Булки,Активный
2025-07-07,Булка с кардамоном,0.0,БЛУМ,Monday,Булки,Активный
2025-07-08,Булка с кардамоном,0.0,БЛУМ,Tuesday,Булки,Активный
2025-07-09,Булка с кардамоном,0.0,БЛУМ,Wednesday,Булки,Активный
2025-07-10,Булка с кардамоном,0.0,БЛУМ,Thursday,Булки,Активный
2025-07-11,Булка с кардамоном,0.0,БЛУМ,Friday,Булки,Активный
2025-07-12,Булка с кардамоном,0.0,БЛУМ,Saturday,Булки,Активный
2025-07-13,Булка с кардамоном,0.0,БЛУМ,Sunday,Булки,Активный
2025-07-14,Булка с кардамоном,0.0,БЛУМ,Monday,Булки,Активный
2025-07-15,Булка с кардамоном,0.0,БЛУМ,Tuesday,Булки,Активный
2025-07-16,Булка с кардамоном,0.0,БЛУМ,Wednesday,Булки,Активный
2025-07-17,Булка с кардамоном,0.0,БЛУМ,Thursday,Булки,Активный
2025-07-18,Булка с кардамоном,0.0,БЛУМ,Friday,Булки,Активный
2025-07-19,Булка с кардамоном,0.0,БЛУМ,Saturday,Булки,Активный
2025-07-20,Булка с кардамоном,0.0,БЛУМ,Sunday,Булки,Активный
2025-07-21,Булка с кардамоном,0.0,БЛУМ,Monday,Булки,Активный
2025-07-22,Булка с кардамоном,0.0,БЛУМ,Tuesday,Булки,Активный
2025-07-23,Булка с кардамоном,0.0,БЛУМ,Wednesday,Булки,Активный
2025-07-24,Булка с кардамоном,0.0,БЛУМ,Thursday,Булки,Активный
2025-07-25,Булка с кардамоном,0.0,БЛУМ,Friday,Булки,Активный
2025-07-26,Булка с кардамоном,0.0,БЛУМ,Saturday,Булки,Активный
2025-07-27,Булка с кардамоном,0.0,БЛУМ,Sunday,Булки,Активный
2025-07-28,Булка с кардамоном,0.0,БЛУМ,Monday,Булки,Активный
2025-07-29,Булка с кардамоном,0.0,БЛУМ,Tuesday,Булки,Активный
2025-07-30,Булка с кардамоном,0.0,БЛУМ,Wednesday,Булки,Активный
2025-07-31,Булка с кардамоном,0.0,БЛУМ,Thursday,Булки,Активный
2025-08-01,Булка с кардамоном,0.0,БЛУМ,Friday,Булки,Активный
2025-08-02,Булка с кардамоном,0.0,БЛУМ,Saturday,Булки,Активный
2025-08-03,Булка с кардамоном,0.0,БЛУМ,Sunday,Булки,Активный
2025-08-04,Булка с кардамоном,0.0,БЛУМ,Monday,Булки,Активный
2025-08-05,Булка с кардамоном,0.0,БЛУМ,Tuesday,Булки,Активный
2025-08-06,Булка с кардамоном,0.0,БЛУМ,Wednesday,Булки,Активный
2025-08-07,Булка с кардамоном,0.0,БЛУМ,Thursday,Булки,Активный
2025-08-08,Булка с кардамоном,0.0,БЛУМ,Friday,Булки,Активный
2025-08-09,Булка с кардамоном,0.0,БЛУМ,Saturday,Булки,Активный
2025-08-10,Булка с кардамоном,0.0,БЛУМ,Sunday,Булки,Активный
2025-08-11,Булка с кардамоном,0.0,БЛУМ,Monday,Булки,Активный
2025-08-12,Булка с кардамоном,0.0,БЛУМ,Tuesday,Булки,Активный
2025-08-13,Булка с кардамоном,0.0,БЛУМ,Wednesday,Булки,Активный
2025-08-14,Булка с кардамоном,0.0,БЛУМ,Thursday,Булки,Активный
2025-08-15,Булка с кардамоном,0.0,БЛУМ,Friday,Булки,Активный
2025-08-16,Булка с кардамоном,0.0,БЛУМ,Saturday,Булки,Активный
2025-08-17,Булка с кардамоном,0.0,БЛУМ,Sunday,Булки,Активный
2025-08-18,Булка с кардамоном,0.0,БЛУМ,Monday,Булки,Активный
2025-08-19,Булка с кардамоном,0.0,БЛУМ,Tuesday,Булки,Активный
2025-08-20,Булка с кардамоном,0.0,БЛУМ,Wednesday,Булки,Активный
2025-08-21,Булка с кардамоном,0.0,БЛУМ,Thursday,Булки,Активный
2025-08-22,Булка с кардамоном,0.0,БЛУМ,Friday,Булки,Активный
2025-08-23,Булка с кардамоном,0.0,БЛУМ,Saturday,Булки,Активный
2025-08-24,Булка с кардамоном,0.0,БЛУМ,Sunday,Булки,Активный
2025-08-25,Булка с кардамоном,0.0,БЛУМ,Monday,Булки,Активный
2025-08-26,Булка с кардамоном,0.0,БЛУМ,Tuesday,Булки,Активный
2025-08-27,Булка с кардамоном,0.0,БЛУМ,Wednesday,Булки,Активный
2025-08-28,Булка с кардамоном,0.0,БЛУМ,Thursday,Булки,Активный
2025-08-29,Булка с кардамоном,0.0,БЛУМ,Friday,Булки,Активный
2025-08-30,Булка с кардамоном,0.0,БЛУМ,Saturday,Булки,Активный
2025-08-31,Булка с кардамоном,0.0,БЛУМ,Sunday,Булки,Активный
2025-06-01,Ватрушка брусника-ваниль,0.0,БЛУМ,Sunday,Булки,
2025-06-02,Ватрушка брусника-ваниль,0.0,БЛУМ,Monday,Булки,
2025-06-03,Ватрушка брусника-ваниль,0.0,БЛУМ,Tuesday,Булки,
2025-06-04,Ватрушка брусника-ваниль,0.0,БЛУМ,Wednesday,Булки,
2025-06-05,Ватрушка брусника-ваниль,0.0,БЛУМ,Thursday,Булки,
2025-06-06,Ватрушка брусника-ваниль,0.0,БЛУМ,Friday,Булки,
2025-06-07,Ватрушка брусника-ваниль,0.0,БЛУМ,Saturday,Булки,
2025-06-08,Ватрушка брусника-ваниль,0.0,БЛУМ,Sunday,Булки,
2025-06-09,Ватрушка брусника-ваниль,0.0,БЛУМ,Monday,Булки,
2025-06-10,Ватрушка брусника-ваниль,0.0,БЛУМ,Tuesday,Булки,
2025-06-11,Ватрушка брусника-ваниль,0.0,БЛУМ,Wednesday,Булки,
2025-06-12,Ватрушка брусника-ваниль,0.0,БЛУМ,Thursday,Булки,
2025-06-13,Ватрушка брусника-ваниль,0.0,БЛУМ,Friday,Булки,
2025-06-14,Ватрушка брусника-ваниль,0.0,БЛУМ,Saturday,Булки,
2025-06-15,Ватрушка брусника-ваниль,0.0,БЛУМ,Sunday,Булки,
2025-06-16,Ватрушка брусника-ваниль,0.0,БЛУМ,Monday,Булки,
2025-06-17,Ватрушка брусника-ваниль,0.0,БЛУМ,Tuesday,Булки,
2025-06-18,Ватрушка брусника-ваниль,0.0,БЛУМ,Wednesday,Булки,
2025-06-19,Ватрушка брусника-ваниль,0.0,БЛУМ,Thursday,Булки,
2025-06-20,Ватрушка брусника-ваниль,0.0,БЛУМ,Friday,Булки,
2025-06-21,Ватрушка брусника-ваниль,0.0,БЛУМ,Saturday,Булки,
2025-06-22,Ватрушка брусника-ваниль,0.0,БЛУМ,Sunday,Булки,
2025-06-23,Ватрушка брусника-ваниль,0.0,БЛУМ,Monday,Булки,
2025-06-24,Ватрушка брусника-ваниль,0.0,БЛУМ,Tuesday,Булки,
2025-06-25,Ватрушка брусника-ваниль,0.0,БЛУМ,Wednesday,Булки,
2025-06-26,Ватрушка брусника-ваниль,0.0,БЛУМ,Thursday,Булки,
2025-06-27,Ватрушка брусника-ваниль,0.0,БЛУМ,Friday,Булки,
2025-06-28,Ватрушка брусника-ваниль,0.0,БЛУМ,Saturday,Булки,
2025-06-29,Ватрушка брусника-ваниль,0.0,БЛУМ,Sunday,Булки,
2025-06-30,Ватрушка брусника-ваниль,0.0,БЛУМ,Monday,Булки,
2025-07-01,Ватрушка брусника-ваниль,0.0,БЛУМ,Tuesday,Булки,
2025-07-02,Ватрушка брусника-ваниль,0.0,БЛУМ,Wednesday,Булки,
2025-07-03,Ватрушка брусника-ваниль,0.0,БЛУМ,Thursday,Булки,
2025-07-04,Ватрушка брусника-ваниль,0.0,БЛУМ,Friday,Булки,
2025-07-05,Ватрушка брусника-ваниль,0.0,БЛУМ,Saturday,Булки,
2025-07-06,Ватрушка брусника-ваниль,0.0,БЛУМ,Sunday,Булки,
2025-07-07,Ватрушка брусника-ваниль,0.0,БЛУМ,Monday,Булки,
2025-07-08,Ватрушка брусника-ваниль,0.0,БЛУМ,Tuesday,Булки,
2025-07-09,Ватрушка брусника-ваниль,0.0,БЛУМ,Wednesday,Булки,
2025-07-10,Ватрушка брусника-ваниль,0.0,БЛУМ,Thursday,Булки,
2025-07-11,Ватрушка брусника-ваниль,0.0,БЛУМ,Friday,Булки,
2025-07-12,Ватрушка брусника-ваниль,0.0,БЛУМ,Saturday,Булки,
2025-07-13,Ватрушка брусника-ваниль,0.0,БЛУМ,Sunday,Булки,
2025-07-14,Ватрушка брусника-ваниль,0.0,БЛУМ,Monday,Булки,
2025-07-15,Ватрушка брусника-ваниль,0.0,БЛУМ,Tuesday,Булки,
2025-07-16,Ватрушка брусника-ваниль,0.0,БЛУМ,Wednesday,Булки,
2025-07-17,Ватрушка брусника-ваниль,0.0,БЛУМ,Thursday,Булки,
2025-07-18,Ватрушка брусника-ваниль,0.0,БЛУМ,Friday,Булки,
2025-07-19,Ватрушка брусника-ваниль,0.0,БЛУМ,Saturday,Булки,
2025-07-20,Ватрушка брусника-ваниль,0.0,БЛУМ,Sunday,Булки,
2025-07-21,Ватрушка брусника-ваниль,0.0,БЛУМ,Monday,Булки,
2025-07-22,Ватрушка брусника-ваниль,0.0,БЛУМ,Tuesday,Булки,
2025-07-23,Ватрушка брусника-ваниль,0.0,БЛУМ,Wednesday,Булки,
2025-07-24,Ватрушка брусника-ваниль,0.0,БЛУМ,Thursday,Булки,
2025-07-25,Ватрушка брусника-ваниль,0.0,БЛУМ,Friday,Булки,
2025-07-26,Ватрушка брусника-ваниль,0.0,БЛУМ,Saturday,Булки,
2025-07-27,Ватрушка брусника-ваниль,0.0,БЛУМ,Sunday,Булки,
2025-07-28,Ватрушка брусника-ваниль,0.0,БЛУМ,Monday,Булки,
2025-07-29,Ватрушка брусника-ваниль,0.0,БЛУМ,Tuesday,Булки,
2025-07-30,Ватрушка брусника-ваниль,0.0,БЛУМ,Wednesday,Булки,
2025-07-31,Ватрушка брусника-ваниль,0.0,БЛУМ,Thursday,Булки,
2025-08-01,Ватрушка брусника-ваниль,0.0,БЛУМ,Friday,Булки,
2025-08-02,Ватрушка брусника-ваниль,0.0,БЛУМ,Saturday,Булки,
2025-08-03,Ватрушка брусника-ваниль,0.0,БЛУМ,Sunday,Булки,
2025-08-04,Ватрушка брусника-ваниль,0.0,БЛУМ,Monday,Булки,
2025-08-05,Ватрушка брусника-ваниль,0.0,БЛУМ,Tuesday,Булки,
2025-08-06,Ватрушка брусника-ваниль,0.0,БЛУМ,Wednesday,Булки,
2025-08-07,Ватрушка брусника-ваниль,0.0,БЛУМ,Thursday,Булки,
2025-08-08,Ватрушка брусника-ваниль,0.0,БЛУМ,Friday,Булки,
2025-08-09,Ватрушка брусника-ваниль,0.0,БЛУМ,Saturday,Булки,
2025-08-10,Ватрушка брусника-ваниль,0.0,БЛУМ,Sunday,Булки,
2025-08-11,Ватрушка брусника-ваниль,0.0,БЛУМ,Monday,Булки,
2025-08-12,Ватрушка брусника-ваниль,0.0,БЛУМ,Tuesday,Булки,
2025-08-13,Ватрушка брусника-ваниль,0.0,БЛУМ,Wednesday,Булки,
2025-08-14,Ватрушка брусника-ваниль,0.0,БЛУМ,Thursday,Булки,
2025-08-15,Ватрушка брусника-ваниль,0.0,БЛУМ,Friday,Булки,
2025-08-16,Ватрушка брусника-ваниль,0.0,БЛУМ,Saturday,Булки,
2025-08-17,Ватрушка брусника-ваниль,0.0,БЛУМ,Sunday,Булки,
2025-08-18,Ватрушка брусника-ваниль,0.0,БЛУМ,Monday,Булки,
2025-08-19,Ватрушка брусника-ваниль,0.0,БЛУМ,Tuesday,Булки,
2025-08-20,Ватрушка брусника-ваниль,0.0,БЛУМ,Wednesday,Булки,
2025-08-21,Ватрушка брусника-ваниль,0.0,БЛУМ,Thursday,Булки,
2025-08-22,Ватрушка брусника-ваниль,0.0,БЛУМ,Friday,Булки,
2025-08-23,Ватрушка брусника-ваниль,0.0,БЛУМ,Saturday,Булки,
2025-08-24,Ватрушка брусника-ваниль,0.0,БЛУМ,Sunday,Булки,
2025-08-25,Ватрушка брусника-ваниль,0.0,БЛУМ,Monday,Булки,
2025-08-26,Ватрушка брусника-ваниль,0.0,БЛУМ,Tuesday,Булки,
2025-08-27,Ватрушка брусника-ваниль,0.0,БЛУМ,Wednesday,Булки,
2025-08-28,Ватрушка брусника-ваниль,0.0,БЛУМ,Thursday,Булки,
2025-08-29,Ватрушка брусника-ваниль,0.0,БЛУМ,Friday,Булки,
2025-08-30,Ватрушка брусника-ваниль,0.0,БЛУМ,Saturday,Булки,
2025-08-31,Ватрушка брусника-ваниль,0.0,БЛУМ,Sunday,Булки,
2025-06-01,Грушевый пирог со штрейзелем,3.0,БЛУМ,Sunday,Выпечка,Снят
2025-06-02,Грушевый пирог со штрейзелем,8.0,БЛУМ,Monday,Выпечка,Снят
2025-06-03,Грушевый пирог со штрейзелем,0.0,БЛУМ,Tuesday,Выпечка,Снят
2025-06-04,Грушевый пирог со штрейзелем,3.0,БЛУМ,Wednesday,Выпечка,Снят
2025-06-05,Грушевый пирог со штрейзелем,3.0,БЛУМ,Thursday,Выпечка,Снят
2025-06-06,Грушевый пирог со штрейзелем,8.0,БЛУМ,Friday,Выпечка,Снят
2025-06-07,Грушевый пирог со штрейзелем,3.0,БЛУМ,Saturday,Выпечка,Снят
2025-06-08,Грушевый пирог со штрейзелем,3.0,БЛУМ,Sunday,Выпечка,Снят
2025-06-09,Грушевый пирог со штрейзелем,3.0,БЛУМ,Monday,Выпечка,Снят
2025-06-10,Грушевый пирог со штрейзелем,0.0,БЛУМ,Tuesday,Выпечка,Снят
2025-06-11,Грушевый пирог со штрейзелем,6.0,БЛУМ,Wednesday,Выпечка,Снят
2025-06-12,Грушевый пирог со штрейзелем,0.0,БЛУМ,Thursday,Выпечка,Снят
2025-06-13,Грушевый пирог со штрейзелем,3.0,БЛУМ,Friday,Выпечка,Снят
2025-06-14,Грушевый пирог со штрейзелем,3.0,БЛУМ,Saturday,Выпечка,Снят
2025-06-15,Грушевый пирог со штрейзелем,6.0,БЛУМ,Sunday,Выпечка,Снят
2025-06-16,Грушевый пирог со штрейзелем,0.0,БЛУМ,Monday,Выпечка,Снят
2025-06-17,Грушевый пирог со штрейзелем,3.0,БЛУМ,Tuesday,Выпечка,Снят
2025-06-18,Грушевый пирог со штрейзелем,3.0,БЛУМ,Wednesday,Выпечка,Снят
2025-06-19,Грушевый пирог со штрейзелем,3.0,БЛУМ,Thursday,Выпечка,Снят
2025-06-20,Грушевый пирог со штрейзелем,0.0,БЛУМ,Friday,Выпечка,Снят
2025-06-21,Грушевый пирог со штрейзелем,0.0,БЛУМ,Saturday,Выпечка,Снят
2025-06-22,Грушевый пирог со штрейзелем,0.0,БЛУМ,Sunday,Выпечка,Снят
2025-06-23,Грушевый пирог со штрейзелем,0.0,БЛУМ,Monday,Выпечка,Снят
2025-06-24,Грушевый пирог со штрейзелем,0.0,БЛУМ,Tuesday,Выпечка,Снят
2025-06-25,Грушевый пирог со штрейзелем,0.0,БЛУМ,Wednesday,Выпечка,Снят
2025-06-26,Грушевый пирог со штрейзелем,0.0,БЛУМ,Thursday,Выпечка,Снят
2025-06-27,Грушевый пирог со штрейзелем,0.0,БЛУМ,Friday,Выпечка,Снят
2025-06-28,Грушевый пирог со штрейзелем,0.0,БЛУМ,Saturday,Выпечка,Снят
2025-06-29,Грушевый пирог со штрейзелем,0.0,БЛУМ,Sunday,Выпечка,Снят
2025-06-30,Грушевый пирог со штрейзелем,0.0,БЛУМ,Monday,Выпечка,Снят
2025-07-01,Грушевый пирог со штрейзелем,0.0,БЛУМ,Tuesday,Выпечка,Снят
2025-07-02,Грушевый пирог со штрейзелем,0.0,БЛУМ,Wednesday,Выпечка,Снят
2025-07-03,Грушевый пирог со штрейзелем,0.0,БЛУМ,Thursday,Выпечка,Снят
2025-07-04,Грушевый пирог со штрейзелем,0.0,БЛУМ,Friday,Выпечка,Снят
2025-07-05,Грушевый пирог со штрейзелем,0.0,БЛУМ,Saturday,Выпечка,Снят
2025-07-06,Грушевый пирог со штрейзелем,0.0,БЛУМ,Sunday,Выпечка,Снят
2025-07-07,Грушевый пирог со штрейзелем,0.0,БЛУМ,Monday,Выпечка,Снят
2025-07-08,Грушевый пирог со штрейзелем,0.0,БЛУМ,Tuesday,Выпечка,Снят
2025-07-09,Грушевый пирог со штрейзелем,0.0,БЛУМ,Wednesday,Выпечка,Снят
2025-07-10,Грушевый пирог со штрейзелем,0.0,БЛУМ,Thursday,Выпечка,Снят
2025-07-11,Грушевый пирог со штрейзелем,0.0,БЛУМ,Friday,Выпечка,Снят
2025-07-12,Грушевый пирог со штрейзелем,0.0,БЛУМ,Saturday,Выпечка,Снят
2025-07-13,Грушевый пирог со штрейзелем,0.0,БЛУМ,Sunday,Выпечка,Снят
2025-07-14,Грушевый пирог со штрейзелем,0.0,БЛУМ,Monday,Выпечка,Снят
2025-07-15,Грушевый пирог со штрейзелем,0.0,БЛУМ,Tuesday,Выпечка,Снят
2025-07-16,Грушевый пирог со штрейзелем,0.0,БЛУМ,Wednesday,Выпечка,Снят
2025-07-17,Грушевый пирог со штрейзелем,0.0,БЛУМ,Thursday,Выпечка,Снят
2025-07-18,Грушевый пирог со штрейзелем,0.0,БЛУМ,Friday,Выпечка,Снят
2025-07-19,Грушевый пирог со штрейзелем,0.0,БЛУМ,Saturday,Выпечка,Снят
2025-07-20,Грушевый пирог со штрейзелем,0.0,БЛУМ,Sunday,Выпечка,Снят
2025-07-21,Грушевый пирог со штрейзелем,0.0,БЛУМ,Monday,Выпечка,Снят
2025-07-22,Грушевый пирог со штрейзелем,0.0,БЛУМ,Tuesday,Выпечка,Снят
2025-07-23,Грушевый пирог со штрейзелем,0.0,БЛУМ,Wednesday,Выпечка,Снят
2025-07-24,Грушевый пирог со штрейзелем,0.0,БЛУМ,Thursday,Выпечка,Снят
2025-07-25,Грушевый пирог со штрейзелем,0.0,БЛУМ,Friday,Выпечка,Снят
2025-07-26,Грушевый пирог со штрейзелем,0.0,БЛУМ,Saturday,Выпечка,Снят
2025-07-27,Грушевый пирог со штрейзелем,0.0,БЛУМ,Sunday,Выпечка,Снят
2025-07-28,Грушевый пирог со штрейзелем,0.0,БЛУМ,Monday,Выпечка,Снят
2025-07-29,Грушевый пирог со штрейзелем,0.0,БЛУМ,Tuesday,Выпечка,Снят
2025-07-30,Грушевый пирог со штрейзелем,0.0,БЛУМ,Wednesday,Выпечка,Снят
2025-07-31,Грушевый пирог со штрейзелем,0.0,БЛУМ,Thursday,Выпечка,Снят
2025-08-01,Грушевый пирог со штрейзелем,0.0,БЛУМ,Friday,Выпечка,Снят
2025-08-02,Грушевый пирог со штрейзелем,0.0,БЛУМ,Saturday,Выпечка,Снят
2025-08-03,Грушевый пирог со штрейзелем,0.0,БЛУМ,Sunday,Выпечка,Снят
2025-08-04,Грушевый пирог со штрейзелем,0.0,БЛУМ,Monday,Выпечка,Снят
2025-08-05,Грушевый пирог со штрейзелем,0.0,БЛУМ,Tuesday,Выпечка,Снят
2025-08-06,Грушевый пирог со штрейзелем,0.0,БЛУМ,Wednesday,Выпечка,Снят
2025-08-07,Грушевый пирог со штрейзелем,0.0,БЛУМ,Thursday,Выпечка,Снят
2025-08-08,Грушевый пирог со штрейзелем,0.0,БЛУМ,Friday,Выпечка,Снят
2025-08-09,Грушевый пирог со штрейзелем,0.0,БЛУМ,Saturday,Выпечка,Снят
2025-08-10,Грушевый пирог со штрейзелем,0.0,БЛУМ,Sunday,Выпечка,Снят
2025-08-11,Грушевый пирог со штрейзелем,0.0,БЛУМ,Monday,Выпечка,Снят
2025-08-12,Грушевый пирог со штрейзелем,0.0,БЛУМ,Tuesday,Выпечка,Снят
2025-08-13,Грушевый пирог со штрейзелем,0.0,БЛУМ,Wednesday,Выпечка,Снят
2025-08-14,Грушевый пирог со штрейзелем,0.0,БЛУМ,Thursday,Выпечка,Снят
2025-08-15,Грушевый пирог со штрейзелем,0.0,БЛУМ,Friday,Выпечка,Снят
2025-08-16,Грушевый пирог со штрейзелем,0.0,БЛУМ,Saturday,Выпечка,Снят
2025-08-17,Грушевый пирог со штрейзелем,0.0,БЛУМ,Sunday,Выпечка,Снят
2025-08-18,Грушевый пирог со штрейзелем,0.0,БЛУМ,Monday,Выпечка,Снят
2025-08-19,Грушевый пирог со штрейзелем,0.0,БЛУМ,Tuesday,Выпечка,Снят
2025-08-20,Грушевый пирог со штрейзелем,0.0,БЛУМ,Wednesday,Выпечка,Снят
2025-08-21,Грушевый пирог со штрейзелем,0.0,БЛУМ,Thursday,Выпечка,Снят
2025-08-22,Грушевый пирог со штрейзелем,0.0,БЛУМ,Friday,Выпечка,Снят
2025-08-23,Грушевый пирог со штрейзелем,0.0,БЛУМ,Saturday,Выпечка,Снят
2025-08-24,Грушевый пирог со штрейзелем,0.0,БЛУМ,Sunday,Выпечка,Снят
2025-08-25,Грушевый пирог со штрейзелем,0.0,БЛУМ,Monday,Выпечка,Снят
2025-08-26,Грушевый пирог со штрейзелем,0.0,БЛУМ,Tuesday,Выпечка,Снят
2025-08-27,Грушевый пирог со штрейзелем,0.0,БЛУМ,Wednesday,Выпечка,Снят
2025-08-28,Грушевый пирог со штрейзелем,0.0,БЛУМ,Thursday,Выпечка,Снят
2025-08-29,Грушевый пирог со штрейзелем,0.0,БЛУМ,Friday,Выпечка,Снят
2025-08-30,Грушевый пирог со штрейзелем,0.0,БЛУМ,Saturday,Выпечка,Снят
2025-08-31,Грушевый пирог со штрейзелем,0.0,БЛУМ,Sunday,Выпечка,Снят
2025-06-01,Даниш Баннофи,0.0,БЛУМ,Sunday,Выпечка,
2025-06-02,Даниш Баннофи,0.0,БЛУМ,Monday,Выпечка,
2025-06-03,Даниш Баннофи,0.0,БЛУМ,Tuesday,Выпечка,
2025-06-04,Даниш Баннофи,0.0,БЛУМ,Wednesday,Выпечка,
2025-06-05,Даниш Баннофи,0.0,БЛУМ,Thursday,Выпечка,
2025-06-06,Даниш Баннофи,0.0,БЛУМ,Friday,Выпечка,
2025-06-07,Даниш Баннофи,0.0,БЛУМ,Saturday,Выпечка,
2025-06-08,Даниш Баннофи,0.0,БЛУМ,Sunday,Выпечка,
2025-06-09,Даниш Баннофи,0.0,БЛУМ,Monday,Выпечка,
2025-06-10,Даниш Баннофи,0.0,БЛУМ,Tuesday,Выпечка,
2025-06-11,Даниш Баннофи,0.0,БЛУМ,Wednesday,Выпечка,
2025-06-12,Даниш Баннофи,0.0,БЛУМ,Thursday,Выпечка,
2025-06-13,Даниш Баннофи,0.0,БЛУМ,Friday,Выпечка,
2025-06-14,Даниш Баннофи,0.0,БЛУМ,Saturday,Выпечка,
2025-06-15,Даниш Баннофи,0.0,БЛУМ,Sunday,Выпечка,
2025-06-16,Даниш Баннофи,0.0,БЛУМ,Monday,Выпечка,
2025-06-17,Даниш Баннофи,0.0,БЛУМ,Tuesday,Выпечка,
2025-06-18,Даниш Баннофи,0.0,БЛУМ,Wednesday,Выпечка,
2025-06-19,Даниш Баннофи,0.0,БЛУМ,Thursday,Выпечка,
2025-06-20,Даниш Баннофи,0.0,БЛУМ,Friday,Выпечка,
2025-06-21,Даниш Баннофи,0.0,БЛУМ,Saturday,Выпечка,
2025-06-22,Даниш Баннофи,0.0,БЛУМ,Sunday,Выпечка,
2025-06-23,Даниш Баннофи,0.0,БЛУМ,Monday,Выпечка,
2025-06-24,Даниш Баннофи,0.0,БЛУМ,Tuesday,Выпечка,
2025-06-25,Даниш Баннофи,0.0,БЛУМ,Wednesday,Выпечка,
2025-06-26,Даниш Баннофи,0.0,БЛУМ,Thursday,Выпечка,
2025-06-27,Даниш Баннофи,0.0,БЛУМ,Friday,Выпечка,
2025-06-28,Даниш Баннофи,0.0,БЛУМ,Saturday,Выпечка,
2025-06-29,Даниш Баннофи,0.0,БЛУМ,Sunday,Выпечка,
2025-06-30,Даниш Баннофи,0.0,БЛУМ,Monday,Выпечка,
2025-07-01,Даниш Баннофи,0.0,БЛУМ,Tuesday,Выпечка,
2025-07-02,Даниш Баннофи,0.0,БЛУМ,Wednesday,Выпечка,
2025-07-03,Даниш Баннофи,0.0,БЛУМ,Thursday,Выпечка,
2025-07-04,Даниш Баннофи,0.0,БЛУМ,Friday,Выпечка,
2025-07-05,Даниш Баннофи,0.0,БЛУМ,Saturday,Выпечка,
2025-07-06,Даниш Баннофи,0.0,БЛУМ,Sunday,Выпечка,
2025-07-07,Даниш Баннофи,0.0,БЛУМ,Monday,Выпечка,
2025-07-08,Даниш Баннофи,0.0,БЛУМ,Tuesday,Выпечка,
2025-07-09,Даниш Баннофи,0.0,БЛУМ,Wednesday,Выпечка,
2025-07-10,Даниш Баннофи,0.0,БЛУМ,Thursday,Выпечка,
2025-07-11,Даниш Баннофи,0.0,БЛУМ,Friday,Выпечка,
2025-07-12,Даниш Баннофи,0.0,БЛУМ,Saturday,Выпечка,
2025-07-13,Даниш Баннофи,0.0,БЛУМ,Sunday,Выпечка,
2025-07-14,Даниш Баннофи,0.0,БЛУМ,Monday,Выпечка,
2025-07-15,Даниш Баннофи,0.0,БЛУМ,Tuesday,Выпечка,
2025-07-16,Даниш Баннофи,0.0,БЛУМ,Wednesday,Выпечка,
2025-07-17,Даниш Баннофи,0.0,БЛУМ,Thursday,Выпечка,
2025-07-18,Даниш Баннофи,0.0,БЛУМ,Friday,Выпечка,
2025-07-19,Даниш Баннофи,0.0,БЛУМ,Saturday,Выпечка,
2025-07-20,Даниш Баннофи,0.0,БЛУМ,Sunday,Выпечка,
2025-07-21,Даниш Баннофи,0.0,БЛУМ,Monday,Выпечка,
2025-07-22,Даниш Баннофи,0.0,БЛУМ,Tuesday,Выпечка,
2025-07-23,Даниш Баннофи,0.0,БЛУМ,Wednesday,Выпечка,
2025-07-24,Даниш Баннофи,0.0,БЛУМ,Thursday,Выпечка,
2025-07-25,Даниш Баннофи,0.0,БЛУМ,Friday,Выпечка,
2025-07-26,Даниш Баннофи,0.0,БЛУМ,Saturday,Выпечка,
2025-07-27,Даниш Баннофи,0.0,БЛУМ,Sunday,Выпечка,
2025-07-28,Даниш Баннофи,0.0,БЛУМ,Monday,Выпечка,
2025-07-29,Даниш Баннофи,0.0,БЛУМ,Tuesday,Выпечка,
2025-07-30,Даниш Баннофи,0.0,БЛУМ,Wednesday,Выпечка,
2025-07-31,Даниш Баннофи,0.0,БЛУМ,Thursday,Выпечка,
2025-08-01,Даниш Баннофи,0.0,БЛУМ,Friday,Выпечка,
2025-08-02,Даниш Баннофи,0.0,БЛУМ,Saturday,Выпечка,
2025-08-03,Даниш Баннофи,0.0,БЛУМ,Sunday,Выпечка,
2025-08-04,Даниш Баннофи,0.0,БЛУМ,Monday,Выпечка,
2025-08-05,Даниш Баннофи,0.0,БЛУМ,Tuesday,Выпечка,
2025-08-06,Даниш Баннофи,0.0,БЛУМ,Wednesday,Выпечка,
2025-08-07,Даниш Баннофи,0.0,БЛУМ,Thursday,Выпечка,
2025-08-08,Даниш Баннофи,0.0,БЛУМ,Friday,Выпечка,
2025-08-09,Даниш Баннофи,0.0,БЛУМ,Saturday,Выпечка,
2025-08-10,Даниш Баннофи,0.0,БЛУМ,Sunday,Выпечка,
2025-08-11,Даниш Баннофи,0.0,БЛУМ,Monday,Выпечка,
2025-08-12,Даниш Баннофи,0.0,БЛУМ,Tuesday,Выпечка,
2025-08-13,Даниш Баннофи,0.0,БЛУМ,Wednesday,Выпечка,
2025-08-14,Даниш Баннофи,0.0,БЛУМ,Thursday,Выпечка,
2025-08-15,Даниш Баннофи,0.0,БЛУМ,Friday,Выпечка,
2025-08-16,Даниш Баннофи,0.0,БЛУМ,Saturday,Выпечка,
2025-08-17,Даниш Баннофи,0.0,БЛУМ,Sunday,Выпечка,
2025-08-18,Даниш Баннофи,0.0,БЛУМ,Monday,Выпечка,
2025-08-19,Даниш Баннофи,0.0,БЛУМ,Tuesday,Выпечка,
2025-08-20,Даниш Баннофи,0.0,БЛУМ,Wednesday,Выпечка,
2025-08-21,Даниш Баннофи,0.0,БЛУМ,Thursday,Выпечка,
2025-08-22,Даниш Баннофи,0.0,БЛУМ,Friday,Выпечка,
2025-08-23,Даниш Баннофи,0.0,БЛУМ,Saturday,Выпечка,
2025-08-24,Даниш Баннофи,0.0,БЛУМ,Sunday,Выпечка,
2025-08-25,Даниш Баннофи,0.0,БЛУМ,Monday,Выпечка,
2025-08-26,Даниш Баннофи,0.0,БЛУМ,Tuesday,Выпечка,
2025-08-27,Даниш Баннофи,0.0,БЛУМ,Wednesday,Выпечка,
2025-08-28,Даниш Баннофи,0.0,БЛУМ,Thursday,Выпечка,
2025-08-29,Даниш Баннофи,0.0,БЛУМ,Friday,Выпечка,
2025-08-30,Даниш Баннофи,0.0,БЛУМ,Saturday,Выпечка,
2025-08-31,Даниш Баннофи,0.0,БЛУМ,Sunday,Выпечка,
2025-06-01,Кекс лимон-малина,2.0,БЛУМ,Sunday,Десерты,
2025-06-02,Кекс лимон-малина,2.0,БЛУМ,Monday,Десерты,
2025-06-03,Кекс лимон-малина,2.0,БЛУМ,Tuesday,Десерты,
2025-06-04,Кекс лимон-малина,2.0,БЛУМ,Wednesday,Десерты,
2025-06-05,Кекс лимон-малина,2.0,БЛУМ,Thursday,Десерты,
2025-06-06,Кекс лимон-малина,2.0,БЛУМ,Friday,Десерты,
2025-06-07,Кекс лимон-малина,2.0,БЛУМ,Saturday,Десерты,
2025-06-08,Кекс лимон-малина,2.0,БЛУМ,Sunday,Десерты,
2025-06-09,Кекс лимон-малина,2.0,БЛУМ,Monday,Десерты,
2025-06-10,Кекс лимон-малина,2.0,БЛУМ,Tuesday,Десерты,
2025-06-11,Кекс лимон-малина,2.0,БЛУМ,Wednesday,Десерты,
2025-06-12,Кекс лимон-малина,2.0,БЛУМ,Thursday,Десерты,
2025-06-13,Кекс лимон-малина,2.0,БЛУМ,Friday,Десерты,
2025-06-14,Кекс лимон-малина,0.0,БЛУМ,Saturday,Десерты,
2025-06-15,Кекс лимон-малина,0.0,БЛУМ,Sunday,Десерты,
2025-06-16,Кекс лимон-малина,0.0,БЛУМ,Monday,Десерты,
2025-06-17,Кекс лимон-малина,0.0,БЛУМ,Tuesday,Десерты,
2025-06-18,Кекс лимон-малина,0.0,БЛУМ,Wednesday,Десерты,
2025-06-19,Кекс лимон-малина,0.0,БЛУМ,Thursday,Десерты,
2025-06-20,Кекс лимон-малина,0.0,БЛУМ,Friday,Десерты,
2025-06-21,Кекс лимон-малина,0.0,БЛУМ,Saturday,Десерты,
2025-06-22,Кекс лимон-малина,0.0,БЛУМ,Sunday,Десерты,
2025-06-23,Кекс лимон-малина,0.0,БЛУМ,Monday,Десерты,
2025-06-24,Кекс лимон-малина,0.0,БЛУМ,Tuesday,Десерты,
2025-06-25,Кекс лимон-малина,0.0,БЛУМ,Wednesday,Десерты,
2025-06-26,Кекс лимон-малина,0.0,БЛУМ,Thursday,Десерты,
2025-06-27,Кекс лимон-малина,0.0,БЛУМ,Friday,Десерты,
2025-06-28,Кекс лимон-малина,0.0,БЛУМ,Saturday,Десерты,
2025-06-29,Кекс лимон-малина,0.0,БЛУМ,Sunday,Десерты,
2025-06-30,Кекс лимон-малина,0.0,БЛУМ,Monday,Десерты,
2025-07-01,Кекс лимон-малина,0.0,БЛУМ,Tuesday,Десерты,
2025-07-02,Кекс лимон-малина,0.0,БЛУМ,Wednesday,Десерты,
2025-07-03,Кекс лимон-малина,0.0,БЛУМ,Thursday,Десерты,
2025-07-04,Кекс лимон-малина,0.0,БЛУМ,Friday,Десерты,
2025-07-05,Кекс лимон-малина,0.0,БЛУМ,Saturday,Десерты,
2025-07-06,Кекс лимон-малина,0.0,БЛУМ,Sunday,Десерты,
2025-07-07,Кекс лимон-малина,0.0,БЛУМ,Monday,Десерты,
2025-07-08,Кекс лимон-малина,0.0,БЛУМ,Tuesday,Десерты,
2025-07-09,Кекс лимон-малина,0.0,БЛУМ,Wednesday,Десерты,
2025-07-10,Кекс лимон-малина,0.0,БЛУМ,Thursday,Десерты,
2025-07-11,Кекс лимон-малина,0.0,БЛУМ,Friday,Десерты,
2025-07-12,Кекс лимон-малина,0.0,БЛУМ,Saturday,Десерты,
2025-07-13,Кекс лимон-малина,0.0,БЛУМ,Sunday,Десерты,
2025-07-14,Кекс лимон-малина,0.0,БЛУМ,Monday,Десерты,
2025-07-15,Кекс лимон-малина,0.0,БЛУМ,Tuesday,Десерты,
2025-07-16,Кекс лимон-малина,0.0,БЛУМ,Wednesday,Десерты,
2025-07-17,Кекс лимон-малина,0.0,БЛУМ,Thursday,Десерты,
2025-07-18,Кекс лимон-малина,0.0,БЛУМ,Friday,Десерты,
2025-07-19,Кекс лимон-малина,0.0,БЛУМ,Saturday,Десерты,
2025-07-20,Кекс лимон-малина,0.0,БЛУМ,Sunday,Десерты,
2025-07-21,Кекс лимон-малина,0.0,БЛУМ,Monday,Десерты,
2025-07-22,Кекс лимон-малина,0.0,БЛУМ,Tuesday,Десерты,
2025-07-23,Кекс лимон-малина,0.0,БЛУМ,Wednesday,Десерты,
2025-07-24,Кекс лимон-малина,0.0,БЛУМ,Thursday,Десерты,
2025-07-25,Кекс лимон-малина,0.0,БЛУМ,Friday,Десерты,
2025-07-26,Кекс лимон-малина,0.0,БЛУМ,Saturday,Десерты,
2025-07-27,Кекс лимон-малина,0.0,БЛУМ,Sunday,Десерты,
2025-07-28,Кекс лимон-малина,0.0,БЛУМ,Monday,Десерты,
2025-07-29,Кекс лимон-малина,0.0,БЛУМ,Tuesday,Десерты,
2025-07-30,Кекс лимон-малина,0.0,БЛУМ,Wednesday,Десерты,
2025-07-31,Кекс лимон-малина,0.0,БЛУМ,Thursday,Десерты,
2025-08-01,Кекс лимон-малина,0.0,БЛУМ,Friday,Десерты,
2025-08-02,Кекс лимон-малина,0.0,БЛУМ,Saturday,Десерты,
2025-08-03,Кекс лимон-малина,0.0,БЛУМ,Sunday,Десерты,
2025-08-04,Кекс лимон-малина,0.0,БЛУМ,Monday,Десерты,
2025-08-05,Кекс лимон-малина,0.0,БЛУМ,Tuesday,Десерты,
2025-08-06,Кекс лимон-малина,0.0,БЛУМ,Wednesday,Десерты,
2025-08-07,Кекс лимон-малина,0.0,БЛУМ,Thursday,Десерты,
2025-08-08,Кекс лимон-малина,0.0,БЛУМ,Friday,Десерты,
2025-08-09,Кекс лимон-малина,0.0,БЛУМ,Saturday,Десерты,
2025-08-10,Кекс лимон-малина,0.0,БЛУМ,Sunday,Десерты,
2025-08-11,Кекс лимон-малина,0.0,БЛУМ,Monday,Десерты,
2025-08-12,Кекс лимон-малина,0.0,БЛУМ,Tuesday,Десерты,
2025-08-13,Кекс лимон-малина,0.0,БЛУМ,Wednesday,Десерты,
2025-08-14,Кекс лимон-малина,0.0,БЛУМ,Thursday,Десерты,
2025-08-15,Кекс лимон-малина,0.0,БЛУМ,Friday,Десерты,
2025-08-16,Кекс лимон-малина,0.0,БЛУМ,Saturday,Десерты,
2025-08-17,Кекс лимон-малина,0.0,БЛУМ,Sunday,Десерты,
2025-08-18,Кекс лимон-малина,0.0,БЛУМ,Monday,Десерты,
2025-08-19,Кекс лимон-малина,0.0,БЛУМ,Tuesday,Десерты,
2025-08-20,Кекс лимон-малина,0.0,БЛУМ,Wednesday,Десерты,
2025-08-21,Кекс лимон-малина,0.0,БЛУМ,Thursday,Десерты,
2025-08-22,Кекс лимон-малина,0.0,БЛУМ,Friday,Десерты,
2025-08-23,Кекс лимон-малина,0.0,БЛУМ,Saturday,Десерты,
2025-08-24,Кекс лимон-малина,0.0,БЛУМ,Sunday,Десерты,
2025-08-25,Кекс лимон-малина,0.0,БЛУМ,Monday,Десерты,
2025-08-26,Кекс лимон-малина,0.0,БЛУМ,Tuesday,Десерты,
2025-08-27,Кекс лимон-малина,0.0,БЛУМ,Wednesday,Десерты,
2025-08-28,Кекс лимон-малина,0.0,БЛУМ,Thursday,Десерты,
2025-08-29,Кекс лимон-малина,0.0,БЛУМ,Friday,Десерты,
2025-08-30,Кекс лимон-малина,0.0,БЛУМ,Saturday,Десерты,
2025-08-31,Кекс лимон-малина,0.0,БЛУМ,Sunday,Десерты,
2025-06-01,Кекс мак-лимон с кремом,0.0,БЛУМ,Sunday,Выпечка,Активный
2025-06-02,Кекс мак-лимон с кремом,0.0,БЛУМ,Monday,Выпечка,Активный
2025-06-03,Кекс мак-лимон с кремом,0.0,БЛУМ,Tuesday,Выпечка,Активный
2025-06-04,Кекс мак-лимон с кремом,0.0,БЛУМ,Wednesday,Выпечка,Активный
2025-06-05,Кекс мак-лимон с кремом,0.0,БЛУМ,Thursday,Выпечка,Активный
2025-06-06,Кекс мак-лимон с кремом,0.0,БЛУМ,Friday,Выпечка,Активный
2025-06-07,Кекс мак-лимон с кремом,0.0,БЛУМ,Saturday,Выпечка,Активный
2025-06-08,Кекс мак-лимон с кремом,0.0,БЛУМ,Sunday,Выпечка,Активный
2025-06-09,Кекс мак-лимон с кремом,0.0,БЛУМ,Monday,Выпечка,Активный
2025-06-10,Кекс мак-лимон с кремом,0.0,БЛУМ,Tuesday,Выпечка,Активный
2025-06-11,Кекс мак-лимон с кремом,0.0,БЛУМ,Wednesday,Выпечка,Активный
2025-06-12,Кекс мак-лимон с кремом,0.0,БЛУМ,Thursday,Выпечка,Активный
2025-06-13,Кекс мак-лимон с кремом,0.0,БЛУМ,Friday,Выпечка,Активный
2025-06-14,Кекс мак-лимон с кремом,2.0,БЛУМ,Saturday,Выпечка,Активный
2025-06-15,Кекс мак-лимон с кремом,2.0,БЛУМ,Sunday,Выпечка,Активный
2025-06-16,Кекс мак-лимон с кремом,5.0,БЛУМ,Monday,Выпечка,Активный
2025-06-17,Кекс мак-лимон с кремом,2.0,БЛУМ,Tuesday,Выпечка,Активный
2025-06-18,Кекс мак-лимон с кремом,2.0,БЛУМ,Wednesday,Выпечка,Активный
2025-06-19,Кекс мак-лимон с кремом,2.0,БЛУМ,Thursday,Выпечка,Активный
2025-06-20,Кекс мак-лимон с кремом,5.0,БЛУМ,Friday,Выпечка,Активный
2025-06-21,Кекс мак-лимон с кремом,4.0,БЛУМ,Saturday,Выпечка,Активный
2025-06-22,Кекс мак-лимон с кремом,5.0,БЛУМ,Sunday,Выпечка,Активный
2025-06-23,Кекс мак-лимон с кремом,7.0,БЛУМ,Monday,Выпечка,Активный
2025-06-24,Кекс мак-лимон с кремом,4.0,БЛУМ,Tuesday,Выпечка,Активный
2025-06-25,Кекс мак-лимон с кремом,4.0,БЛУМ,Wednesday,Выпечка,Активный
2025-06-26,Кекс мак-лимон с кремом,2.0,БЛУМ,Thursday,Выпечка,Активный
2025-06-27,Кекс мак-лимон с кремом,5.0,БЛУМ,Friday,Выпечка,Активный
2025-06-28,Кекс мак-лимон с кремом,2.0,БЛУМ,Saturday,Выпечка,Активный
2025-06-29,Кекс мак-лимон с кремом,2.0,БЛУМ,Sunday,Выпечка,Активный
2025-06-30,Кекс мак-лимон с кремом,7.0,БЛУМ,Monday,Выпечка,Активный
2025-07-01,Кекс мак-лимон с кремом,4.0,БЛУМ,Tuesday,Выпечка,Активный
2025-07-02,Кекс мак-лимон с кремом,4.0,БЛУМ,Wednesday,Выпечка,Активный
2025-07-03,Кекс мак-лимон с кремом,3.0,БЛУМ,Thursday,Выпечка,Активный
2025-07-04,Кекс мак-лимон с кремом,6.0,БЛУМ,Friday,Выпечка,Активный
2025-07-05,Кекс мак-лимон с кремом,4.0,БЛУМ,Saturday,Выпечка,Активный
2025-07-06,Кекс мак-лимон с кремом,3.0,БЛУМ,Sunday,Выпечка,Активный
2025-07-07,Кекс мак-лимон с кремом,0.0,БЛУМ,Monday,Выпечка,Активный
2025-07-08,Кекс мак-лимон с кремом,6.0,БЛУМ,Tuesday,Выпечка,Активный
2025-07-09,Кекс мак-лимон с кремом,4.0,БЛУМ,Wednesday,Выпечка,Активный
2025-07-10,Кекс мак-лимон с кремом,4.0,БЛУМ,Thursday,Выпечка,Активный
2025-07-11,Кекс мак-лимон с кремом,7.0,БЛУМ,Friday,Выпечка,Активный
2025-07-12,Кекс мак-лимон с кремом,4.0,БЛУМ,Saturday,Выпечка,Активный
2025-07-13,Кекс мак-лимон с кремом,4.0,БЛУМ,Sunday,Выпечка,Активный
2025-07-14,Кекс мак-лимон с кремом,5.0,БЛУМ,Monday,Выпечка,Активный
2025-07-15,Кекс мак-лимон с кремом,3.0,БЛУМ,Tuesday,Выпечка,Активный
2025-07-16,Кекс мак-лимон с кремом,4.0,БЛУМ,Wednesday,Выпечка,Активный
2025-07-17,Кекс мак-лимон с кремом,4.0,БЛУМ,Thursday,Выпечка,Активный
2025-07-18,Кекс мак-лимон с кремом,7.0,БЛУМ,Friday,Выпечка,Активный
2025-07-19,Кекс мак-лимон с кремом,4.0,БЛУМ,Saturday,Выпечка,Активный
2025-07-20,Кекс мак-лимон с кремом,4.0,БЛУМ,Sunday,Выпечка,Активный
2025-07-21,Кекс мак-лимон с кремом,4.0,БЛУМ,Monday,Выпечка,Активный
2025-07-22,Кекс мак-лимон с кремом,4.0,БЛУМ,Tuesday,Выпечка,Активный
2025-07-23,Кекс мак-лимон с кремом,7.0,БЛУМ,Wednesday,Выпечка,Активный
2025-07-24,Кекс мак-лимон с кремом,4.0,БЛУМ,Thursday,Выпечка,Активный
2025-07-25,Кекс мак-лимон с кремом,4.0,БЛУМ,Friday,Выпечка,Активный
2025-07-26,Кекс мак-лимон с кремом,4.0,БЛУМ,Saturday,Выпечка,Активный
2025-07-27,Кекс мак-лимон с кремом,4.0,БЛУМ,Sunday,Выпечка,Активный
2025-07-28,Кекс мак-лимон с кремом,4.0,БЛУМ,Monday,Выпечка,Активный
2025-07-29,Кекс мак-лимон с кремом,4.0,БЛУМ,Tuesday,Выпечка,Активный
2025-07-30,Кекс мак-лимон с кремом,7.0,БЛУМ,Wednesday,Выпечка,Активный
2025-07-31,Кекс мак-лимон с кремом,4.0,БЛУМ,Thursday,Выпечка,Активный
2025-08-01,Кекс мак-лимон с кремом,4.0,БЛУМ,Friday,Выпечка,Активный
2025-08-02,Кекс мак-лимон с кремом,7.0,БЛУМ,Saturday,Выпечка,Активный
2025-08-03,Кекс мак-лимон с кремом,4.0,БЛУМ,Sunday,Выпечка,Активный
2025-08-04,Кекс мак-лимон с кремом,4.0,БЛУМ,Monday,Выпечка,Активный
2025-08-05,Кекс мак-лимон с кремом,7.0,БЛУМ,Tuesday,Выпечка,Активный
2025-08-06,Кекс мак-лимон с кремом,4.0,БЛУМ,Wednesday,Выпечка,Активный
2025-08-07,Кекс мак-лимон с кремом,4.0,БЛУМ,Thursday,Выпечка,Активный
2025-08-08,Кекс мак-лимон с кремом,7.0,БЛУМ,Friday,Выпечка,Активный
2025-08-09,Кекс мак-лимон с кремом,6.0,БЛУМ,Saturday,Выпечка,Активный
2025-08-10,Кекс мак-лимон с кремом,4.0,БЛУМ,Sunday,Выпечка,Активный
2025-08-11,Кекс мак-лимон с кремом,4.0,БЛУМ,Monday,Выпечка,Активный
2025-08-12,Кекс мак-лимон с кремом,7.0,БЛУМ,Tuesday,Выпечка,Активный
2025-08-13,Кекс мак-лимон с кремом,4.0,БЛУМ,Wednesday,Выпечка,Активный
2025-08-14,Кекс мак-лимон с кремом,6.0,БЛУМ,Thursday,Выпечка,Активный
2025-08-15,Кекс мак-лимон с кремом,4.0,БЛУМ,Friday,Выпечка,Активный
2025-08-16,Кекс мак-лимон с кремом,4.0,БЛУМ,Saturday,Выпечка,Активный
2025-08-17,Кекс мак-лимон с кремом,6.0,БЛУМ,Sunday,Выпечка,Активный
2025-08-18,Кекс мак-лимон с кремом,0.0,БЛУМ,Monday,Выпечка,Активный
2025-08-19,Кекс мак-лимон с кремом,6.0,БЛУМ,Tuesday,Выпечка,Активный
2025-08-20,Кекс мак-лимон с кремом,4.0,БЛУМ,Wednesday,Выпечка,Активный
2025-08-21,Кекс мак-лимон с кремом,6.0,БЛУМ,Thursday,Выпечка,Активный
2025-08-22,Кекс мак-лимон с кремом,4.0,БЛУМ,Friday,Выпечка,Активный
2025-08-23,Кекс мак-лимон с кремом,4.0,БЛУМ,Saturday,Выпечка,Активный
2025-08-24,Кекс мак-лимон с кремом,6.0,БЛУМ,Sunday,Выпечка,Активный
2025-08-25,Кекс мак-лимон с кремом,4.0,БЛУМ,Monday,Выпечка,Активный
2025-08-26,Кекс мак-лимон с кремом,4.0,БЛУМ,Tuesday,Выпечка,Активный
2025-08-27,Кекс мак-лимон с кремом,6.0,БЛУМ,Wednesday,Выпечка,Активный
2025-08-28,Кекс мак-лимон с кремом,4.0,БЛУМ,Thursday,Выпечка,Активный
2025-08-29,Кекс мак-лимон с кремом,6.0,БЛУМ,Friday,Выпечка,Активный
2025-08-30,Кекс мак-лимон с кремом,4.0,БЛУМ,Saturday,Выпечка,Активный
2025-08-31,Кекс мак-лимон с кремом,12.0,БЛУМ,Sunday,Выпечка,Активный
2025-06-01,Кекс шоколад с кремом вареная сгущенка,0.0,БЛУМ,Sunday,Выпечка,Активный
2025-06-02,Кекс шоколад с кремом вареная сгущенка,0.0,БЛУМ,Monday,Выпечка,Активный
2025-06-03,Кекс шоколад с кремом вареная сгущенка,0.0,БЛУМ,Tuesday,Выпечка,Активный
2025-06-04,Кекс шоколад с кремом вареная сгущенка,0.0,БЛУМ,Wednesday,Выпечка,Активный
2025-06-05,Кекс шоколад с кремом вареная сгущенка,0.0,БЛУМ,Thursday,Выпечка,Активный
2025-06-06,Кекс шоколад с кремом вареная сгущенка,0.0,БЛУМ,Friday,Выпечка,Активный
2025-06-07,Кекс шоколад с кремом вареная сгущенка,0.0,БЛУМ,Saturday,Выпечка,Активный
2025-06-08,Кекс шоколад с кремом вареная сгущенка,0.0,БЛУМ,Sunday,Выпечка,Активный
2025-06-09,Кекс шоколад с кремом вареная сгущенка,0.0,БЛУМ,Monday,Выпечка,Активный
2025-06-10,Кекс шоколад с кремом вареная сгущенка,0.0,БЛУМ,Tuesday,Выпечка,Активный
2025-06-11,Кекс шоколад с кремом вареная сгущенка,0.0,БЛУМ,Wednesday,Выпечка,Активный
2025-06-12,Кекс шоколад с кремом вареная сгущенка,0.0,БЛУМ,Thursday,Выпечка,Активный
2025-06-13,Кекс шоколад с кремом вареная сгущенка,0.0,БЛУМ,Friday,Выпечка,Активный
2025-06-14,Кекс шоколад с кремом вареная сгущенка,0.0,БЛУМ,Saturday,Выпечка,Активный
2025-06-15,Кекс шоколад с кремом вареная сгущенка,0.0,БЛУМ,Sunday,Выпечка,Активный
2025-06-16,Кекс шоколад с кремом вареная сгущенка,0.0,БЛУМ,Monday,Выпечка,Активный
2025-06-17,Кекс шоколад с кремом вареная сгущенка,0.0,БЛУМ,Tuesday,Выпечка,Активный
2025-06-18,Кекс шоколад с кремом вареная сгущенка,0.0,БЛУМ,Wednesday,Выпечка,Активный
2025-06-19,Кекс шоколад с кремом вареная сгущенка,0.0,БЛУМ,Thursday,Выпечка,Активный
2025-06-20,Кекс шоколад с кремом вареная сгущенка,0.0,БЛУМ,Friday,Выпечка,Активный
2025-06-21,Кекс шоколад с кремом вареная сгущенка,0.0,БЛУМ,Saturday,Выпечка,Активный
2025-06-22,Кекс шоколад с кремом вареная сгущенка,0.0,БЛУМ,Sunday,Выпечка,Активный
2025-06-23,Кекс шоколад с кремом вареная сгущенка,0.0,БЛУМ,Monday,Выпечка,Активный
2025-06-24,Кекс шоколад с кремом вареная сгущенка,0.0,БЛУМ,Tuesday,Выпечка,Активный
2025-06-25,Кекс шоколад с кремом вареная сгущенка,0.0,БЛУМ,Wednesday,Выпечка,Активный
2025-06-26,Кекс шоколад с кремом вареная сгущенка,0.0,БЛУМ,Thursday,Выпечка,Активный
2025-06-27,Кекс шоколад с кремом вареная сгущенка,0.0,БЛУМ,Friday,Выпечка,Активный
2025-06-28,Кекс шоколад с кремом вареная сгущенка,0.0,БЛУМ,Saturday,Выпечка,Активный
2025-06-29,Кекс шоколад с кремом вареная сгущенка,0.0,БЛУМ,Sunday,Выпечка,Активный
2025-06-30,Кекс шоколад с кремом вареная сгущенка,0.0,БЛУМ,Monday,Выпечка,Активный
2025-07-01,Кекс шоколад с кремом вареная сгущенка,0.0,БЛУМ,Tuesday,Выпечка,Активный
2025-07-02,Кекс шоколад с кремом вареная сгущенка,0.0,БЛУМ,Wednesday,Выпечка,Активный
2025-07-03,Кекс шоколад с кремом вареная сгущенка,0.0,БЛУМ,Thursday,Выпечка,Активный
2025-07-04,Кекс шоколад с кремом вареная сгущенка,0.0,БЛУМ,Friday,Выпечка,Активный
2025-07-05,Кекс шоколад с кремом вареная сгущенка,0.0,БЛУМ,Saturday,Выпечка,Активный
2025-07-06,Кекс шоколад с кремом вареная сгущенка,0.0,БЛУМ,Sunday,Выпечка,Активный
2025-07-07,Кекс шоколад с кремом вареная сгущенка,0.0,БЛУМ,Monday,Выпечка,Активный
2025-07-08,Кекс шоколад с кремом вареная сгущенка,0.0,БЛУМ,Tuesday,Выпечка,Активный
2025-07-09,Кекс шоколад с кремом вареная сгущенка,0.0,БЛУМ,Wednesday,Выпечка,Активный
2025-07-10,Кекс шоколад с кремом вареная сгущенка,0.0,БЛУМ,Thursday,Выпечка,Активный
2025-07-11,Кекс шоколад с кремом вареная сгущенка,0.0,БЛУМ,Friday,Выпечка,Активный
2025-07-12,Кекс шоколад с кремом вареная сгущенка,0.0,БЛУМ,Saturday,Выпечка,Активный
2025-07-13,Кекс шоколад с кремом вареная сгущенка,0.0,БЛУМ,Sunday,Выпечка,Активный
2025-07-14,Кекс шоколад с кремом вареная сгущенка,0.0,БЛУМ,Monday,Выпечка,Активный
2025-07-15,Кекс шоколад с кремом вареная сгущенка,0.0,БЛУМ,Tuesday,Выпечка,Активный
2025-07-16,Кекс шоколад с кремом вареная сгущенка,0.0,БЛУМ,Wednesday,Выпечка,Активный
2025-07-17,Кекс шоколад с кремом вареная сгущенка,0.0,БЛУМ,Thursday,Выпечка,Активный
2025-07-18,Кекс шоколад с кремом вареная сгущенка,0.0,БЛУМ,Friday,Выпечка,Активный
2025-07-19,Кекс шоколад с кремом вареная сгущенка,0.0,БЛУМ,Saturday,Выпечка,Активный
2025-07-20,Кекс шоколад с кремом вареная сгущенка,0.0,БЛУМ,Sunday,Выпечка,Активный
2025-07-21,Кекс шоколад с кремом вареная сгущенка,0.0,БЛУМ,Monday,Выпечка,Активный
2025-07-22,Кекс шоколад с кремом вареная сгущенка,0.0,БЛУМ,Tuesday,Выпечка,Активный
2025-07-23,Кекс шоколад с кремом вареная сгущенка,0.0,БЛУМ,Wednesday,Выпечка,Активный
2025-07-24,Кекс шоколад с кремом вареная сгущенка,0.0,БЛУМ,Thursday,Выпечка,Активный
2025-07-25,Кекс шоколад с кремом вареная сгущенка,0.0,БЛУМ,Friday,Выпечка,Активный
2025-07-26,Кекс шоколад с кремом вареная сгущенка,0.0,БЛУМ,Saturday,Выпечка,Активный
2025-07-27,Кекс шоколад с кремом вареная сгущенка,0.0,БЛУМ,Sunday,Выпечка,Активный
2025-07-28,Кекс шоколад с кремом вареная сгущенка,0.0,БЛУМ,Monday,Выпечка,Активный
2025-07-29,Кекс шоколад с кремом вареная сгущенка,0.0,БЛУМ,Tuesday,Выпечка,Активный
2025-07-30,Кекс шоколад с кремом вареная сгущенка,0.0,БЛУМ,Wednesday,Выпечка,Активный
2025-07-31,Кекс шоколад с кремом вареная сгущенка,0.0,БЛУМ,Thursday,Выпечка,Активный
2025-08-01,Кекс шоколад с кремом вареная сгущенка,0.0,БЛУМ,Friday,Выпечка,Активный
2025-08-02,Кекс шоколад с кремом вареная сгущенка,0.0,БЛУМ,Saturday,Выпечка,Активный
2025-08-03,Кекс шоколад с кремом вареная сгущенка,0.0,БЛУМ,Sunday,Выпечка,Активный
2025-08-04,Кекс шоколад с кремом вареная сгущенка,0.0,БЛУМ,Monday,Выпечка,Активный
2025-08-05,Кекс шоколад с кремом вареная сгущенка,0.0,БЛУМ,Tuesday,Выпечка,Активный
2025-08-06,Кекс шоколад с кремом вареная сгущенка,0.0,БЛУМ,Wednesday,Выпечка,Активный
2025-08-07,Кекс шоколад с кремом вареная сгущенка,0.0,БЛУМ,Thursday,Выпечка,Активный
2025-08-08,Кекс шоколад с кремом вареная сгущенка,0.0,БЛУМ,Friday,Выпечка,Активный
2025-08-09,Кекс шоколад с кремом вареная сгущенка,0.0,БЛУМ,Saturday,Выпечка,Активный
2025-08-10,Кекс шоколад с кремом вареная сгущенка,0.0,БЛУМ,Sunday,Выпечка,Активный
2025-08-11,Кекс шоколад с кремом вареная сгущенка,0.0,БЛУМ,Monday,Выпечка,Активный
2025-08-12,Кекс шоколад с кремом вареная сгущенка,0.0,БЛУМ,Tuesday,Выпечка,Активный
2025-08-13,Кекс шоколад с кремом вареная сгущенка,0.0,БЛУМ,Wednesday,Выпечка,Активный
2025-08-14,Кекс шоколад с кремом вареная сгущенка,0.0,БЛУМ,Thursday,Выпечка,Активный
2025-08-15,Кекс шоколад с кремом вареная сгущенка,0.0,БЛУМ,Friday,Выпечка,Активный
2025-08-16,Кекс шоколад с кремом вареная сгущенка,0.0,БЛУМ,Saturday,Выпечка,Активный
2025-08-17,Кекс шоколад с кремом вареная сгущенка,0.0,БЛУМ,Sunday,Выпечка,Активный
2025-08-18,Кекс шоколад с кремом вареная сгущенка,0.0,БЛУМ,Monday,Выпечка,Активный
2025-08-19,Кекс шоколад с кремом вареная сгущенка,0.0,БЛУМ,Tuesday,Выпечка,Активный
2025-08-20,Кекс шоколад с кремом вареная сгущенка,0.0,БЛУМ,Wednesday,Выпечка,Активный
2025-08-21,Кекс шоколад с кремом вареная сгущенка,0.0,БЛУМ,Thursday,Выпечка,Активный
2025-08-22,Кекс шоколад с кремом вареная сгущенка,0.0,БЛУМ,Friday,Выпечка,Активный
2025-08-23,Кекс шоколад с кремом вареная сгущенка,0.0,БЛУМ,Saturday,Выпечка,Активный
2025-08-24,Кекс шоколад с кремом вареная сгущенка,0.0,БЛУМ,Sunday,Выпечка,Активный
2025-08-25,Кекс шоколад с кремом вареная сгущенка,0.0,БЛУМ,Monday,Выпечка,Активный
2025-08-26,Кекс шоколад с кремом вареная сгущенка,0.0,БЛУМ,Tuesday,Выпечка,Активный
2025-08-27,Кекс шоколад с кремом вареная сгущенка,0.0,БЛУМ,Wednesday,Выпечка,Активный
2025-08-28,Кекс шоколад с кремом вареная сгущенка,0.0,БЛУМ,Thursday,Выпечка,Активный
2025-08-29,Кекс шоколад с кремом вареная сгущенка,0.0,БЛУМ,Friday,Выпечка,Активный
2025-08-30,Кекс шоколад с кремом вареная сгущенка,0.0,БЛУМ,Saturday,Выпечка,Активный
2025-08-31,Кекс шоколад с кремом вареная сгущенка,0.0,БЛУМ,Sunday,Выпечка,Активный
2025-06-01,"Киш с курицей, брокколи и цветной капустой",0.0,БЛУМ,Sunday,,
2025-06-02,"Киш с курицей, брокколи и цветной капустой",0.0,БЛУМ,Monday,,
2025-06-03,"Киш с курицей, брокколи и цветной капустой",0.0,БЛУМ,Tuesday,,
2025-06-04,"Киш с курицей, брокколи и цветной капустой",0.0,БЛУМ,Wednesday,,
2025-06-05,"Киш с курицей, брокколи и цветной капустой",0.0,БЛУМ,Thursday,,
2025-06-06,"Киш с курицей, брокколи и цветной капустой",0.0,БЛУМ,Friday,,
2025-06-07,"Киш с курицей, брокколи и цветной капустой",0.0,БЛУМ,Saturday,,
2025-06-08,"Киш с курицей, брокколи и цветной капустой",0.0,БЛУМ,Sunday,,
2025-06-09,"Киш с курицей, брокколи и цветной капустой",0.0,БЛУМ,Monday,,
2025-06-10,"Киш с курицей, брокколи и цветной капустой",0.0,БЛУМ,Tuesday,,
2025-06-11,"Киш с курицей, брокколи и цветной капустой",0.0,БЛУМ,Wednesday,,
2025-06-12,"Киш с курицей, брокколи и цветной капустой",0.0,БЛУМ,Thursday,,
2025-06-13,"Киш с курицей, брокколи и цветной капустой",0.0,БЛУМ,Friday,,
2025-06-14,"Киш с курицей, брокколи и цветной капустой",0.0,БЛУМ,Saturday,,
2025-06-15,"Киш с курицей, брокколи и цветной капустой",0.0,БЛУМ,Sunday,,
2025-06-16,"Киш с курицей, брокколи и цветной капустой",0.0,БЛУМ,Monday,,
2025-06-17,"Киш с курицей, брокколи и цветной капустой",0.0,БЛУМ,Tuesday,,
2025-06-18,"Киш с курицей, брокколи и цветной капустой",0.0,БЛУМ,Wednesday,,
2025-06-19,"Киш с курицей, брокколи и цветной капустой",0.0,БЛУМ,Thursday,,
2025-06-20,"Киш с курицей, брокколи и цветной капустой",0.0,БЛУМ,Friday,,
2025-06-21,"Киш с курицей, брокколи и цветной капустой",0.0,БЛУМ,Saturday,,
2025-06-22,"Киш с курицей, брокколи и цветной капустой",0.0,БЛУМ,Sunday,,
2025-06-23,"Киш с курицей, брокколи и цветной капустой",0.0,БЛУМ,Monday,,
2025-06-24,"Киш с курицей, брокколи и цветной капустой",0.0,БЛУМ,Tuesday,,
2025-06-25,"Киш с курицей, брокколи и цветной капустой",0.0,БЛУМ,Wednesday,,
2025-06-26,"Киш с курицей, брокколи и цветной капустой",0.0,БЛУМ,Thursday,,
2025-06-27,"Киш с курицей, брокколи и цветной капустой",0.0,БЛУМ,Friday,,
2025-06-28,"Киш с курицей, брокколи и цветной капустой",0.0,БЛУМ,Saturday,,
2025-06-29,"Киш с курицей, брокколи и цветной капустой",0.0,БЛУМ,Sunday,,
2025-06-30,"Киш с курицей, брокколи и цветной капустой",0.0,БЛУМ,Monday,,
2025-07-01,"Киш с курицей, брокколи и цветной капустой",0.0,БЛУМ,Tuesday,,
2025-07-02,"Киш с курицей, брокколи и цветной капустой",0.0,БЛУМ,Wednesday,,
2025-07-03,"Киш с курицей, брокколи и цветной капустой",0.0,БЛУМ,Thursday,,
2025-07-04,"Киш с курицей, брокколи и цветной капустой",0.0,БЛУМ,Friday,,
2025-07-05,"Киш с курицей, брокколи и цветной капустой",0.0,БЛУМ,Saturday,,
2025-07-06,"Киш с курицей, брокколи и цветной капустой",0.0,БЛУМ,Sunday,,
2025-07-07,"Киш с курицей, брокколи и цветной капустой",0.0,БЛУМ,Monday,,
2025-07-08,"Киш с курицей, брокколи и цветной капустой",0.0,БЛУМ,Tuesday,,
2025-07-09,"Киш с курицей, брокколи и цветной капустой",0.0,БЛУМ,Wednesday,,
2025-07-10,"Киш с курицей, брокколи и цветной капустой",0.0,БЛУМ,Thursday,,
2025-07-11,"Киш с курицей, брокколи и цветной капустой",0.0,БЛУМ,Friday,,
2025-07-12,"Киш с курицей, брокколи и цветной капустой",0.0,БЛУМ,Saturday,,
2025-07-13,"Киш с курицей, брокколи и цветной капустой",0.0,БЛУМ,Sunday,,
2025-07-14,"Киш с курицей, брокколи и цветной капустой",0.0,БЛУМ,Monday,,
2025-07-15,"Киш с курицей, брокколи и цветной капустой",0.0,БЛУМ,Tuesday,,
2025-07-16,"Киш с курицей, брокколи и цветной капустой",0.0,БЛУМ,Wednesday,,
2025-07-17,"Киш с курицей, брокколи и цветной капустой",0.0,БЛУМ,Thursday,,
2025-07-18,"Киш с курицей, брокколи и цветной капустой",0.0,БЛУМ,Friday,,
2025-07-19,"Киш с курицей, брокколи и цветной капустой",0.0,БЛУМ,Saturday,,
2025-07-20,"Киш с курицей, брокколи и цветной капустой",0.0,БЛУМ,Sunday,,
2025-07-21,"Киш с курицей, брокколи и цветной капустой",0.0,БЛУМ,Monday,,
2025-07-22,"Киш с курицей, брокколи и цветной капустой",0.0,БЛУМ,Tuesday,,
2025-07-23,"Киш с курицей, брокколи и цветной капустой",0.0,БЛУМ,Wednesday,,
2025-07-24,"Киш с курицей, брокколи и цветной капустой",0.0,БЛУМ,Thursday,,
2025-07-25,"Киш с курицей, брокколи и цветной капустой",0.0,БЛУМ,Friday,,
2025-07-26,"Киш с курицей, брокколи и цветной капустой",0.0,БЛУМ,Saturday,,
2025-07-27,"Киш с курицей, брокколи и цветной капустой",0.0,БЛУМ,Sunday,,
2025-07-28,"Киш с курицей, брокколи и цветной капустой",0.0,БЛУМ,Monday,,
2025-07-29,"Киш с курицей, брокколи и цветной капустой",0.0,БЛУМ,Tuesday,,
2025-07-30,"Киш с курицей, брокколи и цветной капустой",0.0,БЛУМ,Wednesday,,
2025-07-31,"Киш с курицей, брокколи и цветной капустой",0.0,БЛУМ,Thursday,,
2025-08-01,"Киш с курицей, брокколи и цветной капустой",0.0,БЛУМ,Friday,,
2025-08-02,"Киш с курицей, брокколи и цветной капустой",0.0,БЛУМ,Saturday,,
2025-08-03,"Киш с курицей, брокколи и цветной капустой",0.0,БЛУМ,Sunday,,
2025-08-04,"Киш с курицей, брокколи и цветной капустой",0.0,БЛУМ,Monday,,
2025-08-05,"Киш с курицей, брокколи и цветной капустой",0.0,БЛУМ,Tuesday,,
2025-08-06,"Киш с курицей, брокколи и цветной капустой",0.0,БЛУМ,Wednesday,,
2025-08-07,"Киш с курицей, брокколи и цветной капустой",0.0,БЛУМ,Thursday,,
2025-08-08,"Киш с курицей, брокколи и цветной капустой",0.0,БЛУМ,Friday,,
2025-08-09,"Киш с курицей, брокколи и цветной капустой",0.0,БЛУМ,Saturday,,
2025-08-10,"Киш с курицей, брокколи и цветной капустой",0.0,БЛУМ,Sunday,,
2025-08-11,"Киш с курицей, брокколи и цветной капустой",0.0,БЛУМ,Monday,,
2025-08-12,"Киш с курицей, брокколи и цветной капустой",0.0,БЛУМ,Tuesday,,
2025-08-13,"Киш с курицей, брокколи и цветной капустой",0.0,БЛУМ,Wednesday,,
2025-08-14,"Киш с курицей, брокколи и цветной капустой",0.0,БЛУМ,Thursday,,
2025-08-15,"Киш с курицей, брокколи и цветной капустой",0.0,БЛУМ,Friday,,
2025-08-16,"Киш с курицей, брокколи и цветной капустой",0.0,БЛУМ,Saturday,,
2025-08-17,"Киш с курицей, брокколи и цветной капустой",0.0,БЛУМ,Sunday,,
2025-08-18,"Киш с курицей, брокколи и цветной капустой",0.0,БЛУМ,Monday,,
2025-08-19,"Киш с курицей, брокколи и цветной капустой",0.0,БЛУМ,Tuesday,,
2025-08-20,"Киш с курицей, брокколи и цветной капустой",0.0,БЛУМ,Wednesday,,
2025-08-21,"Киш с курицей, брокколи и цветной капустой",0.0,БЛУМ,Thursday,,
2025-08-22,"Киш с курицей, брокколи и цветной капустой",0.0,БЛУМ,Friday,,
2025-08-23,"Киш с курицей, брокколи и цветной капустой",0.0,БЛУМ,Saturday,,
2025-08-24,"Киш с курицей, брокколи и цветной капустой",0.0,БЛУМ,Sunday,,
2025-08-25,"Киш с курицей, брокколи и цветной капустой",0.0,БЛУМ,Monday,,
2025-08-26,"Киш с курицей, брокколи и цветной капустой",0.0,БЛУМ,Tuesday,,
2025-08-27,"Киш с курицей, брокколи и цветной капустой",0.0,БЛУМ,Wednesday,,
2025-08-28,"Киш с курицей, брокколи и цветной капустой",0.0,БЛУМ,Thursday,,
2025-08-29,"Киш с курицей, брокколи и цветной капустой",0.0,БЛУМ,Friday,,
2025-08-30,"Киш с курицей, брокколи и цветной капустой",0.0,БЛУМ,Saturday,,
2025-08-31,"Киш с курицей, брокколи и цветной капустой",0.0,БЛУМ,Sunday,,
2025-06-01,Круассан 75г,3.0,БЛУМ,Sunday,Выпечка,Активный
2025-06-02,Круассан 75г,0.0,БЛУМ,Monday,Выпечка,Активный
2025-06-03,Круассан 75г,0.0,БЛУМ,Tuesday,Выпечка,Активный
2025-06-04,Круассан 75г,0.0,БЛУМ,Wednesday,Выпечка,Активный
2025-06-05,Круассан 75г,3.0,БЛУМ,Thursday,Выпечка,Активный
2025-06-06,Круассан 75г,0.0,БЛУМ,Friday,Выпечка,Активный
2025-06-07,Круассан 75г,3.0,БЛУМ,Saturday,Выпечка,Активный
2025-06-08,Круассан 75г,3.0,БЛУМ,Sunday,Выпечка,Активный
2025-06-09,Круассан 75г,0.0,БЛУМ,Monday,Выпечка,Активный
2025-06-10,Круассан 75г,0.0,БЛУМ,Tuesday,Выпечка,Активный
2025-06-11,Круассан 75г,0.0,БЛУМ,Wednesday,Выпечка,Активный
2025-06-12,Круассан 75г,3.0,БЛУМ,Thursday,Выпечка,Активный
2025-06-13,Круассан 75г,0.0,БЛУМ,Friday,Выпечка,Активный
2025-06-14,Круассан 75г,0.0,БЛУМ,Saturday,Выпечка,Активный
2025-06-15,Круассан 75г,3.0,БЛУМ,Sunday,Выпечка,Активный
2025-06-16,Круассан 75г,0.0,БЛУМ,Monday,Выпечка,Активный
2025-06-17,Круассан 75г,0.0,БЛУМ,Tuesday,Выпечка,Активный
2025-06-18,Круассан 75г,0.0,БЛУМ,Wednesday,Выпечка,Активный
2025-06-19,Круассан 75г,3.0,БЛУМ,Thursday,Выпечка,Активный
2025-06-20,Круассан 75г,0.0,БЛУМ,Friday,Выпечка,Активный
2025-06-21,Круассан 75г,0.0,БЛУМ,Saturday,Выпечка,Активный
2025-06-22,Круассан 75г,3.0,БЛУМ,Sunday,Выпечка,Активный
2025-06-23,Круассан 75г,0.0,БЛУМ,Monday,Выпечка,Активный
2025-06-24,Круассан 75г,0.0,БЛУМ,Tuesday,Выпечка,Активный
2025-06-25,Круассан 75г,0.0,БЛУМ,Wednesday,Выпечка,Активный
2025-06-26,Круассан 75г,3.0,БЛУМ,Thursday,Выпечка,Активный
2025-06-27,Круассан 75г,0.0,БЛУМ,Friday,Выпечка,Активный
2025-06-28,Круассан 75г,0.0,БЛУМ,Saturday,Выпечка,Активный
2025-06-29,Круассан 75г,3.0,БЛУМ,Sunday,Выпечка,Активный
2025-06-30,Круассан 75г,0.0,БЛУМ,Monday,Выпечка,Активный
2025-07-01,Круассан 75г,0.0,БЛУМ,Tuesday,Выпечка,Активный
2025-07-02,Круассан 75г,0.0,БЛУМ,Wednesday,Выпечка,Активный
2025-07-03,Круассан 75г,0.0,БЛУМ,Thursday,Выпечка,Активный
2025-07-04,Круассан 75г,0.0,БЛУМ,Friday,Выпечка,Активный
2025-07-05,Круассан 75г,0.0,БЛУМ,Saturday,Выпечка,Активный
2025-07-06,Круассан 75г,0.0,БЛУМ,Sunday,Выпечка,Активный
2025-07-07,Круассан 75г,0.0,БЛУМ,Monday,Выпечка,Активный
2025-07-08,Круассан 75г,0.0,БЛУМ,Tuesday,Выпечка,Активный
2025-07-09,Круассан 75г,0.0,БЛУМ,Wednesday,Выпечка,Активный
2025-07-10,Круассан 75г,0.0,БЛУМ,Thursday,Выпечка,Активный
2025-07-11,Круассан 75г,0.0,БЛУМ,Friday,Выпечка,Активный
2025-07-12,Круассан 75г,0.0,БЛУМ,Saturday,Выпечка,Активный
2025-07-13,Круассан 75г,0.0,БЛУМ,Sunday,Выпечка,Активный
2025-07-14,Круассан 75г,0.0,БЛУМ,Monday,Выпечка,Активный
2025-07-15,Круассан 75г,0.0,БЛУМ,Tuesday,Выпечка,Активный
2025-07-16,Круассан 75г,0.0,БЛУМ,Wednesday,Выпечка,Активный
2025-07-17,Круассан 75г,0.0,БЛУМ,Thursday,Выпечка,Активный
2025-07-18,Круассан 75г,0.0,БЛУМ,Friday,Выпечка,Активный
2025-07-19,Круассан 75г,0.0,БЛУМ,Saturday,Выпечка,Активный
2025-07-20,Круассан 75г,0.0,БЛУМ,Sunday,Выпечка,Активный
2025-07-21,Круассан 75г,0.0,БЛУМ,Monday,Выпечка,Активный
2025-07-22,Круассан 75г,0.0,БЛУМ,Tuesday,Выпечка,Активный
2025-07-23,Круассан 75г,0.0,БЛУМ,Wednesday,Выпечка,Активный
2025-07-24,Круассан 75г,0.0,БЛУМ,Thursday,Выпечка,Активный
2025-07-25,Круассан 75г,0.0,БЛУМ,Friday,Выпечка,Активный
2025-07-26,Круассан 75г,0.0,БЛУМ,Saturday,Выпечка,Активный
2025-07-27,Круассан 75г,0.0,БЛУМ,Sunday,Выпечка,Активный
2025-07-28,Круассан 75г,0.0,БЛУМ,Monday,Выпечка,Активный
2025-07-29,Круассан 75г,0.0,БЛУМ,Tuesday,Выпечка,Активный
2025-07-30,Круассан 75г,0.0,БЛУМ,Wednesday,Выпечка,Активный
2025-07-31,Круассан 75г,0.0,БЛУМ,Thursday,Выпечка,Активный
2025-08-01,Круассан 75г,0.0,БЛУМ,Friday,Выпечка,Активный
2025-08-02,Круассан 75г,0.0,БЛУМ,Saturday,Выпечка,Активный
2025-08-03,Круассан 75г,0.0,БЛУМ,Sunday,Выпечка,Активный
2025-08-04,Круассан 75г,0.0,БЛУМ,Monday,Выпечка,Активный
2025-08-05,Круассан 75г,0.0,БЛУМ,Tuesday,Выпечка,Активный
2025-08-06,Круассан 75г,0.0,БЛУМ,Wednesday,Выпечка,Активный
2025-08-07,Круассан 75г,0.0,БЛУМ,Thursday,Выпечка,Активный
2025-08-08,Круассан 75г,0.0,БЛУМ,Friday,Выпечка,Активный
2025-08-09,Круассан 75г,0.0,БЛУМ,Saturday,Выпечка,Активный
2025-08-10,Круассан 75г,0.0,БЛУМ,Sunday,Выпечка,Активный
2025-08-11,Круассан 75г,0.0,БЛУМ,Monday,Выпечка,Активный
2025-08-12,Круассан 75г,0.0,БЛУМ,Tuesday,Выпечка,Активный
2025-08-13,Круассан 75г,0.0,БЛУМ,Wednesday,Выпечка,Активный
2025-08-14,Круассан 75г,0.0,БЛУМ,Thursday,Выпечка,Активный
2025-08-15,Круассан 75г,0.0,БЛУМ,Friday,Выпечка,Активный
2025-08-16,Круассан 75г,0.0,БЛУМ,Saturday,Выпечка,Активный
2025-08-17,Круассан 75г,0.0,БЛУМ,Sunday,Выпечка,Активный
2025-08-18,Круассан 75г,0.0,БЛУМ,Monday,Выпечка,Активный
2025-08-19,Круассан 75г,0.0,БЛУМ,Tuesday,Выпечка,Активный
2025-08-20,Круассан 75г,0.0,БЛУМ,Wednesday,Выпечка,Активный
2025-08-21,Круассан 75г,0.0,БЛУМ,Thursday,Выпечка,Активный
2025-08-22,Круассан 75г,0.0,БЛУМ,Friday,Выпечка,Активный
2025-08-23,Круассан 75г,0.0,БЛУМ,Saturday,Выпечка,Активный
2025-08-24,Круассан 75г,0.0,БЛУМ,Sunday,Выпечка,Активный
2025-08-25,Круассан 75г,0.0,БЛУМ,Monday,Выпечка,Активный
2025-08-26,Круассан 75г,0.0,БЛУМ,Tuesday,Выпечка,Активный
2025-08-27,Круассан 75г,0.0,БЛУМ,Wednesday,Выпечка,Активный
2025-08-28,Круассан 75г,0.0,БЛУМ,Thursday,Выпечка,Активный
2025-08-29,Круассан 75г,0.0,БЛУМ,Friday,Выпечка,Активный
2025-08-30,Круассан 75г,0.0,БЛУМ,Saturday,Выпечка,Активный
2025-08-31,Круассан 75г,0.0,БЛУМ,Sunday,Выпечка,Активный
2025-06-01,Круассан с кремом и компоте,0.0,БЛУМ,Sunday,Выпечка,
2025-06-02,Круассан с кремом и компоте,0.0,БЛУМ,Monday,Выпечка,
2025-06-03,Круассан с кремом и компоте,0.0,БЛУМ,Tuesday,Выпечка,
2025-06-04,Круассан с кремом и компоте,0.0,БЛУМ,Wednesday,Выпечка,
2025-06-05,Круассан с кремом и компоте,0.0,БЛУМ,Thursday,Выпечка,
2025-06-06,Круассан с кремом и компоте,0.0,БЛУМ,Friday,Выпечка,
2025-06-07,Круассан с кремом и компоте,0.0,БЛУМ,Saturday,Выпечка,
2025-06-08,Круассан с кремом и компоте,0.0,БЛУМ,Sunday,Выпечка,
2025-06-09,Круассан с кремом и компоте,0.0,БЛУМ,Monday,Выпечка,
2025-06-10,Круассан с кремом и компоте,0.0,БЛУМ,Tuesday,Выпечка,
2025-06-11,Круассан с кремом и компоте,0.0,БЛУМ,Wednesday,Выпечка,
2025-06-12,Круассан с кремом и компоте,0.0,БЛУМ,Thursday,Выпечка,
2025-06-13,Круассан с кремом и компоте,0.0,БЛУМ,Friday,Выпечка,
2025-06-14,Круассан с кремом и компоте,0.0,БЛУМ,Saturday,Выпечка,
2025-06-15,Круассан с кремом и компоте,0.0,БЛУМ,Sunday,Выпечка,
2025-06-16,Круассан с кремом и компоте,0.0,БЛУМ,Monday,Выпечка,
2025-06-17,Круассан с кремом и компоте,0.0,БЛУМ,Tuesday,Выпечка,
2025-06-18,Круассан с кремом и компоте,0.0,БЛУМ,Wednesday,Выпечка,
2025-06-19,Круассан с кремом и компоте,0.0,БЛУМ,Thursday,Выпечка,
2025-06-20,Круассан с кремом и компоте,0.0,БЛУМ,Friday,Выпечка,
2025-06-21,Круассан с кремом и компоте,0.0,БЛУМ,Saturday,Выпечка,
2025-06-22,Круассан с кремом и компоте,0.0,БЛУМ,Sunday,Выпечка,
2025-06-23,Круассан с кремом и компоте,0.0,БЛУМ,Monday,Выпечка,
2025-06-24,Круассан с кремом и компоте,0.0,БЛУМ,Tuesday,Выпечка,
2025-06-25,Круассан с кремом и компоте,0.0,БЛУМ,Wednesday,Выпечка,
2025-06-26,Круассан с кремом и компоте,0.0,БЛУМ,Thursday,Выпечка,
2025-06-27,Круассан с кремом и компоте,0.0,БЛУМ,Friday,Выпечка,
2025-06-28,Круассан с кремом и компоте,0.0,БЛУМ,Saturday,Выпечка,
2025-06-29,Круассан с кремом и компоте,0.0,БЛУМ,Sunday,Выпечка,
2025-06-30,Круассан с кремом и компоте,0.0,БЛУМ,Monday,Выпечка,
2025-07-01,Круассан с кремом и компоте,0.0,БЛУМ,Tuesday,Выпечка,
2025-07-02,Круассан с кремом и компоте,0.0,БЛУМ,Wednesday,Выпечка,
2025-07-03,Круассан с кремом и компоте,0.0,БЛУМ,Thursday,Выпечка,
2025-07-04,Круассан с кремом и компоте,0.0,БЛУМ,Friday,Выпечка,
2025-07-05,Круассан с кремом и компоте,0.0,БЛУМ,Saturday,Выпечка,
2025-07-06,Круассан с кремом и компоте,0.0,БЛУМ,Sunday,Выпечка,
2025-07-07,Круассан с кремом и компоте,0.0,БЛУМ,Monday,Выпечка,
2025-07-08,Круассан с кремом и компоте,0.0,БЛУМ,Tuesday,Выпечка,
2025-07-09,Круассан с кремом и компоте,0.0,БЛУМ,Wednesday,Выпечка,
2025-07-10,Круассан с кремом и компоте,0.0,БЛУМ,Thursday,Выпечка,
2025-07-11,Круассан с кремом и компоте,0.0,БЛУМ,Friday,Выпечка,
2025-07-12,Круассан с кремом и компоте,0.0,БЛУМ,Saturday,Выпечка,
2025-07-13,Круассан с кремом и компоте,0.0,БЛУМ,Sunday,Выпечка,
2025-07-14,Круассан с кремом и компоте,0.0,БЛУМ,Monday,Выпечка,
2025-07-15,Круассан с кремом и компоте,0.0,БЛУМ,Tuesday,Выпечка,
2025-07-16,Круассан с кремом и компоте,0.0,БЛУМ,Wednesday,Выпечка,
2025-07-17,Круассан с кремом и компоте,0.0,БЛУМ,Thursday,Выпечка,
2025-07-18,Круассан с кремом и компоте,0.0,БЛУМ,Friday,Выпечка,
2025-07-19,Круассан с кремом и компоте,0.0,БЛУМ,Saturday,Выпечка,
2025-07-20,Круассан с кремом и компоте,0.0,БЛУМ,Sunday,Выпечка,
2025-07-21,Круассан с кремом и компоте,0.0,БЛУМ,Monday,Выпечка,
2025-07-22,Круассан с кремом и компоте,0.0,БЛУМ,Tuesday,Выпечка,
2025-07-23,Круассан с кремом и компоте,0.0,БЛУМ,Wednesday,Выпечка,
2025-07-24,Круассан с кремом и компоте,0.0,БЛУМ,Thursday,Выпечка,
2025-07-25,Круассан с кремом и компоте,0.0,БЛУМ,Friday,Выпечка,
2025-07-26,Круассан с кремом и компоте,0.0,БЛУМ,Saturday,Выпечка,
2025-07-27,Круассан с кремом и компоте,0.0,БЛУМ,Sunday,Выпечка,
2025-07-28,Круассан с кремом и компоте,0.0,БЛУМ,Monday,Выпечка,
2025-07-29,Круассан с кремом и компоте,0.0,БЛУМ,Tuesday,Выпечка,
2025-07-30,Круассан с кремом и компоте,0.0,БЛУМ,Wednesday,Выпечка,
2025-07-31,Круассан с кремом и компоте,0.0,БЛУМ,Thursday,Выпечка,
2025-08-01,Круассан с кремом и компоте,0.0,БЛУМ,Friday,Выпечка,
2025-08-02,Круассан с кремом и компоте,0.0,БЛУМ,Saturday,Выпечка,
2025-08-03,Круассан с кремом и компоте,0.0,БЛУМ,Sunday,Выпечка,
2025-08-04,Круассан с кремом и компоте,0.0,БЛУМ,Monday,Выпечка,
2025-08-05,Круассан с кремом и компоте,0.0,БЛУМ,Tuesday,Выпечка,
2025-08-06,Круассан с кремом и компоте,0.0,БЛУМ,Wednesday,Выпечка,
2025-08-07,Круассан с кремом и компоте,0.0,БЛУМ,Thursday,Выпечка,
2025-08-08,Круассан с кремом и компоте,0.0,БЛУМ,Friday,Выпечка,
2025-08-09,Круассан с кремом и компоте,0.0,БЛУМ,Saturday,Выпечка,
2025-08-10,Круассан с кремом и компоте,0.0,БЛУМ,Sunday,Выпечка,
2025-08-11,Круассан с кремом и компоте,0.0,БЛУМ,Monday,Выпечка,
2025-08-12,Круассан с кремом и компоте,0.0,БЛУМ,Tuesday,Выпечка,
2025-08-13,Круассан с кремом и компоте,0.0,БЛУМ,Wednesday,Выпечка,
2025-08-14,Круассан с кремом и компоте,0.0,БЛУМ,Thursday,Выпечка,
2025-08-15,Круассан с кремом и компоте,0.0,БЛУМ,Friday,Выпечка,
2025-08-16,Круассан с кремом и компоте,0.0,БЛУМ,Saturday,Выпечка,
2025-08-17,Круассан с кремом и компоте,0.0,БЛУМ,Sunday,Выпечка,
2025-08-18,Круассан с кремом и компоте,0.0,БЛУМ,Monday,Выпечка,
2025-08-19,Круассан с кремом и компоте,0.0,БЛУМ,Tuesday,Выпечка,
2025-08-20,Круассан с кремом и компоте,0.0,БЛУМ,Wednesday,Выпечка,
2025-08-21,Круассан с кремом и компоте,0.0,БЛУМ,Thursday,Выпечка,
2025-08-22,Круассан с кремом и компоте,0.0,БЛУМ,Friday,Выпечка,
2025-08-23,Круассан с кремом и компоте,0.0,БЛУМ,Saturday,Выпечка,
2025-08-24,Круассан с кремом и компоте,0.0,БЛУМ,Sunday,Выпечка,
2025-08-25,Круассан с кремом и компоте,0.0,БЛУМ,Monday,Выпечка,
2025-08-26,Круассан с кремом и компоте,0.0,БЛУМ,Tuesday,Выпечка,
2025-08-27,Круассан с кремом и компоте,0.0,БЛУМ,Wednesday,Выпечка,
2025-08-28,Круассан с кремом и компоте,0.0,БЛУМ,Thursday,Выпечка,
2025-08-29,Круассан с кремом и компоте,0.0,БЛУМ,Friday,Выпечка,
2025-08-30,Круассан с кремом и компоте,0.0,БЛУМ,Saturday,Выпечка,
2025-08-31,Круассан с кремом и компоте,0.0,БЛУМ,Sunday,Выпечка,
2025-06-01,Мини даниш с курдом,0.0,БЛУМ,Sunday,Выпечка,
2025-06-02,Мини даниш с курдом,0.0,БЛУМ,Monday,Выпечка,
2025-06-03,Мини даниш с курдом,0.0,БЛУМ,Tuesday,Выпечка,
2025-06-04,Мини даниш с курдом,0.0,БЛУМ,Wednesday,Выпечка,
2025-06-05,Мини даниш с курдом,0.0,БЛУМ,Thursday,Выпечка,
2025-06-06,Мини даниш с курдом,0.0,БЛУМ,Friday,Выпечка,
2025-06-07,Мини даниш с курдом,0.0,БЛУМ,Saturday,Выпечка,
2025-06-08,Мини даниш с курдом,0.0,БЛУМ,Sunday,Выпечка,
2025-06-09,Мини даниш с курдом,0.0,БЛУМ,Monday,Выпечка,
2025-06-10,Мини даниш с курдом,0.0,БЛУМ,Tuesday,Выпечка,
2025-06-11,Мини даниш с курдом,0.0,БЛУМ,Wednesday,Выпечка,
2025-06-12,Мини даниш с курдом,0.0,БЛУМ,Thursday,Выпечка,
2025-06-13,Мини даниш с курдом,0.0,БЛУМ,Friday,Выпечка,
2025-06-14,Мини даниш с курдом,0.0,БЛУМ,Saturday,Выпечка,
2025-06-15,Мини даниш с курдом,0.0,БЛУМ,Sunday,Выпечка,
2025-06-16,Мини даниш с курдом,0.0,БЛУМ,Monday,Выпечка,
2025-06-17,Мини даниш с курдом,0.0,БЛУМ,Tuesday,Выпечка,
2025-06-18,Мини даниш с курдом,0.0,БЛУМ,Wednesday,Выпечка,
2025-06-19,Мини даниш с курдом,0.0,БЛУМ,Thursday,Выпечка,
2025-06-20,Мини даниш с курдом,0.0,БЛУМ,Friday,Выпечка,
2025-06-21,Мини даниш с курдом,0.0,БЛУМ,Saturday,Выпечка,
2025-06-22,Мини даниш с курдом,0.0,БЛУМ,Sunday,Выпечка,
2025-06-23,Мини даниш с курдом,0.0,БЛУМ,Monday,Выпечка,
2025-06-24,Мини даниш с курдом,0.0,БЛУМ,Tuesday,Выпечка,
2025-06-25,Мини даниш с курдом,0.0,БЛУМ,Wednesday,Выпечка,
2025-06-26,Мини даниш с курдом,0.0,БЛУМ,Thursday,Выпечка,
2025-06-27,Мини даниш с курдом,0.0,БЛУМ,Friday,Выпечка,
2025-06-28,Мини даниш с курдом,0.0,БЛУМ,Saturday,Выпечка,
2025-06-29,Мини даниш с курдом,0.0,БЛУМ,Sunday,Выпечка,
2025-06-30,Мини даниш с курдом,0.0,БЛУМ,Monday,Выпечка,
2025-07-01,Мини даниш с курдом,0.0,БЛУМ,Tuesday,Выпечка,
2025-07-02,Мини даниш с курдом,0.0,БЛУМ,Wednesday,Выпечка,
2025-07-03,Мини даниш с курдом,0.0,БЛУМ,Thursday,Выпечка,
2025-07-04,Мини даниш с курдом,0.0,БЛУМ,Friday,Выпечка,
2025-07-05,Мини даниш с курдом,0.0,БЛУМ,Saturday,Выпечка,
2025-07-06,Мини даниш с курдом,0.0,БЛУМ,Sunday,Выпечка,
2025-07-07,Мини даниш с курдом,0.0,БЛУМ,Monday,Выпечка,
2025-07-08,Мини даниш с курдом,0.0,БЛУМ,Tuesday,Выпечка,
2025-07-09,Мини даниш с курдом,0.0,БЛУМ,Wednesday,Выпечка,
2025-07-10,Мини даниш с курдом,0.0,БЛУМ,Thursday,Выпечка,
2025-07-11,Мини даниш с курдом,0.0,БЛУМ,Friday,Выпечка,
2025-07-12,Мини даниш с курдом,0.0,БЛУМ,Saturday,Выпечка,
2025-07-13,Мини даниш с курдом,0.0,БЛУМ,Sunday,Выпечка,
2025-07-14,Мини даниш с курдом,0.0,БЛУМ,Monday,Выпечка,
2025-07-15,Мини даниш с курдом,0.0,БЛУМ,Tuesday,Выпечка,
2025-07-16,Мини даниш с курдом,0.0,БЛУМ,Wednesday,Выпечка,
2025-07-17,Мини даниш с курдом,0.0,БЛУМ,Thursday,Выпечка,
2025-07-18,Мини даниш с курдом,0.0,БЛУМ,Friday,Выпечка,
2025-07-19,Мини даниш с курдом,0.0,БЛУМ,Saturday,Выпечка,
2025-07-20,Мини даниш с курдом,0.0,БЛУМ,Sunday,Выпечка,
2025-07-21,Мини даниш с курдом,0.0,БЛУМ,Monday,Выпечка,
2025-07-22,Мини даниш с курдом,0.0,БЛУМ,Tuesday,Выпечка,
2025-07-23,Мини даниш с курдом,0.0,БЛУМ,Wednesday,Выпечка,
2025-07-24,Мини даниш с курдом,0.0,БЛУМ,Thursday,Выпечка,
2025-07-25,Мини даниш с курдом,0.0,БЛУМ,Friday,Выпечка,
2025-07-26,Мини даниш с курдом,0.0,БЛУМ,Saturday,Выпечка,
2025-07-27,Мини даниш с курдом,0.0,БЛУМ,Sunday,Выпечка,
2025-07-28,Мини даниш с курдом,0.0,БЛУМ,Monday,Выпечка,
2025-07-29,Мини даниш с курдом,0.0,БЛУМ,Tuesday,Выпечка,
2025-07-30,Мини даниш с курдом,0.0,БЛУМ,Wednesday,Выпечка,
2025-07-31,Мини даниш с курдом,0.0,БЛУМ,Thursday,Выпечка,
2025-08-01,Мини даниш с курдом,0.0,БЛУМ,Friday,Выпечка,
2025-08-02,Мини даниш с курдом,0.0,БЛУМ,Saturday,Выпечка,
2025-08-03,Мини даниш с курдом,0.0,БЛУМ,Sunday,Выпечка,
2025-08-04,Мини даниш с курдом,0.0,БЛУМ,Monday,Выпечка,
2025-08-05,Мини даниш с курдом,0.0,БЛУМ,Tuesday,Выпечка,
2025-08-06,Мини даниш с курдом,0.0,БЛУМ,Wednesday,Выпечка,
2025-08-07,Мини даниш с курдом,0.0,БЛУМ,Thursday,Выпечка,
2025-08-08,Мини даниш с курдом,0.0,БЛУМ,Friday,Выпечка,
2025-08-09,Мини даниш с курдом,0.0,БЛУМ,Saturday,Выпечка,
2025-08-10,Мини даниш с курдом,0.0,БЛУМ,Sunday,Выпечка,
2025-08-11,Мини даниш с курдом,0.0,БЛУМ,Monday,Выпечка,
2025-08-12,Мини даниш с курдом,0.0,БЛУМ,Tuesday,Выпечка,
2025-08-13,Мини даниш с курдом,0.0,БЛУМ,Wednesday,Выпечка,
2025-08-14,Мини даниш с курдом,0.0,БЛУМ,Thursday,Выпечка,
2025-08-15,Мини даниш с курдом,0.0,БЛУМ,Friday,Выпечка,
2025-08-16,Мини даниш с курдом,0.0,БЛУМ,Saturday,Выпечка,
2025-08-17,Мини даниш с курдом,0.0,БЛУМ,Sunday,Выпечка,
2025-08-18,Мини даниш с курдом,0.0,БЛУМ,Monday,Выпечка,
2025-08-19,Мини даниш с курдом,0.0,БЛУМ,Tuesday,Выпечка,
2025-08-20,Мини даниш с курдом,0.0,БЛУМ,Wednesday,Выпечка,
2025-08-21,Мини даниш с курдом,0.0,БЛУМ,Thursday,Выпечка,
2025-08-22,Мини даниш с курдом,0.0,БЛУМ,Friday,Выпечка,
2025-08-23,Мини даниш с курдом,0.0,БЛУМ,Saturday,Выпечка,
2025-08-24,Мини даниш с курдом,0.0,БЛУМ,Sunday,Выпечка,
2025-08-25,Мини даниш с курдом,0.0,БЛУМ,Monday,Выпечка,
2025-08-26,Мини даниш с курдом,0.0,БЛУМ,Tuesday,Выпечка,
2025-08-27,Мини даниш с курдом,0.0,БЛУМ,Wednesday,Выпечка,
2025-08-28,Мини даниш с курдом,0.0,БЛУМ,Thursday,Выпечка,
2025-08-29,Мини даниш с курдом,0.0,БЛУМ,Friday,Выпечка,
2025-08-30,Мини даниш с курдом,0.0,БЛУМ,Saturday,Выпечка,
2025-08-31,Мини даниш с курдом,0.0,БЛУМ,Sunday,Выпечка,
2025-06-01,Печенье на закваске шоколад,0.0,БЛУМ,Sunday,Печенье,Снят
2025-06-02,Печенье на закваске шоколад,0.0,БЛУМ,Monday,Печенье,Снят
2025-06-03,Печенье на закваске шоколад,20.0,БЛУМ,Tuesday,Печенье,Снят
2025-06-04,Печенье на закваске шоколад,0.0,БЛУМ,Wednesday,Печенье,Снят
2025-06-05,Печенье на закваске шоколад,0.0,БЛУМ,Thursday,Печенье,Снят
2025-06-06,Печенье на закваске шоколад,0.0,БЛУМ,Friday,Печенье,Снят
2025-06-07,Печенье на закваске шоколад,20.0,БЛУМ,Saturday,Печенье,Снят
2025-06-08,Печенье на закваске шоколад,0.0,БЛУМ,Sunday,Печенье,Снят
2025-06-09,Печенье на закваске шоколад,15.0,БЛУМ,Monday,Печенье,Снят
2025-06-10,Печенье на закваске шоколад,0.0,БЛУМ,Tuesday,Печенье,Снят
2025-06-11,Печенье на закваске шоколад,25.0,БЛУМ,Wednesday,Печенье,Снят
2025-06-12,Печенье на закваске шоколад,0.0,БЛУМ,Thursday,Печенье,Снят
2025-06-13,Печенье на закваске шоколад,0.0,БЛУМ,Friday,Печенье,Снят
2025-06-14,Печенье на закваске шоколад,0.0,БЛУМ,Saturday,Печенье,Снят
2025-06-15,Печенье на закваске шоколад,25.0,БЛУМ,Sunday,Печенье,Снят
2025-06-16,Печенье на закваске шоколад,15.0,БЛУМ,Monday,Печенье,Снят
2025-06-17,Печенье на закваске шоколад,0.0,БЛУМ,Tuesday,Печенье,Снят
2025-06-18,Печенье на закваске шоколад,0.0,БЛУМ,Wednesday,Печенье,Снят
2025-06-19,Печенье на закваске шоколад,30.0,БЛУМ,Thursday,Печенье,Снят
2025-06-20,Печенье на закваске шоколад,0.0,БЛУМ,Friday,Печенье,Снят
2025-06-21,Печенье на закваске шоколад,0.0,БЛУМ,Saturday,Печенье,Снят
2025-06-22,Печенье на закваске шоколад,0.0,БЛУМ,Sunday,Печенье,Снят
2025-06-23,Печенье на закваске шоколад,50.0,БЛУМ,Monday,Печенье,Снят
2025-06-24,Печенье на закваске шоколад,0.0,БЛУМ,Tuesday,Печенье,Снят
2025-06-25,Печенье на закваске шоколад,0.0,БЛУМ,Wednesday,Печенье,Снят
2025-06-26,Печенье на закваске шоколад,0.0,БЛУМ,Thursday,Печенье,Снят
2025-06-27,Печенье на закваске шоколад,30.0,БЛУМ,Friday,Печенье,Снят
2025-06-28,Печенье на закваске шоколад,0.0,БЛУМ,Saturday,Печенье,Снят
2025-06-29,Печенье на закваске шоколад,0.0,БЛУМ,Sunday,Печенье,Снят
2025-06-30,Печенье на закваске шоколад,15.0,БЛУМ,Monday,Печенье,Снят
2025-07-01,Печенье на закваске шоколад,30.0,БЛУМ,Tuesday,Печенье,Снят
2025-07-02,Печенье на закваске шоколад,0.0,БЛУМ,Wednesday,Печенье,Снят
2025-07-03,Печенье на закваске шоколад,0.0,БЛУМ,Thursday,Печенье,Снят
2025-07-04,Печенье на закваске шоколад,0.0,БЛУМ,Friday,Печенье,Снят
2025-07-05,Печенье на закваске шоколад,15.0,БЛУМ,Saturday,Печенье,Снят
2025-07-06,Печенье на закваске шоколад,15.0,БЛУМ,Sunday,Печенье,Снят
2025-07-07,Печенье на закваске шоколад,0.0,БЛУМ,Monday,Печенье,Снят
2025-07-08,Печенье на закваске шоколад,0.0,БЛУМ,Tuesday,Печенье,Снят
2025-07-09,Печенье на закваске шоколад,15.0,БЛУМ,Wednesday,Печенье,Снят
2025-07-10,Печенье на закваске шоколад,0.0,БЛУМ,Thursday,Печенье,Снят
2025-07-11,Печенье на закваске шоколад,0.0,БЛУМ,Friday,Печенье,Снят
2025-07-12,Печенье на закваске шоколад,0.0,БЛУМ,Saturday,Печенье,Снят
2025-07-13,Печенье на закваске шоколад,15.0,БЛУМ,Sunday,Печенье,Снят
2025-07-14,Печенье на закваске шоколад,10.0,БЛУМ,Monday,Печенье,Снят
2025-07-15,Печенье на закваске шоколад,0.0,БЛУМ,Tuesday,Печенье,Снят
2025-07-16,Печенье на закваске шоколад,0.0,БЛУМ,Wednesday,Печенье,Снят
2025-07-17,Печенье на закваске шоколад,10.0,БЛУМ,Thursday,Печенье,Снят
2025-07-18,Печенье на закваске шоколад,0.0,БЛУМ,Friday,Печенье,Снят
2025-07-19,Печенье на закваске шоколад,5.0,БЛУМ,Saturday,Печенье,Снят
2025-07-20,Печенье на закваске шоколад,0.0,БЛУМ,Sunday,Печенье,Снят
2025-07-21,Печенье на закваске шоколад,30.0,БЛУМ,Monday,Печенье,Снят
2025-07-22,Печенье на закваске шоколад,0.0,БЛУМ,Tuesday,Печенье,Снят
2025-07-23,Печенье на закваске шоколад,10.0,БЛУМ,Wednesday,Печенье,Снят
2025-07-24,Печенье на закваске шоколад,0.0,БЛУМ,Thursday,Печенье,Снят
2025-07-25,Печенье на закваске шоколад,15.0,БЛУМ,Friday,Печенье,Снят
2025-07-26,Печенье на закваске шоколад,0.0,БЛУМ,Saturday,Печенье,Снят
2025-07-27,Печенье на закваске шоколад,0.0,БЛУМ,Sunday,Печенье,Снят
2025-07-28,Печенье на закваске шоколад,10.0,БЛУМ,Monday,Печенье,Снят
2025-07-29,Печенье на закваске шоколад,30.0,БЛУМ,Tuesday,Печенье,Снят
2025-07-30,Печенье на закваске шоколад,0.0,БЛУМ,Wednesday,Печенье,Снят
2025-07-31,Печенье на закваске шоколад,10.0,БЛУМ,Thursday,Печенье,Снят
2025-08-01,Печенье на закваске шоколад,0.0,БЛУМ,Friday,Печенье,Снят
2025-08-02,Печенье на закваске шоколад,0.0,БЛУМ,Saturday,Печенье,Снят
2025-08-03,Печенье на закваске шоколад,0.0,БЛУМ,Sunday,Печенье,Снят
2025-08-04,Печенье на закваске шоколад,10.0,БЛУМ,Monday,Печенье,Снят
2025-08-05,Печенье на закваске шоколад,0.0,БЛУМ,Tuesday,Печенье,Снят
2025-08-06,Печенье на закваске шоколад,0.0,БЛУМ,Wednesday,Печенье,Снят
2025-08-07,Печенье на закваске шоколад,0.0,БЛУМ,Thursday,Печенье,Снят
2025-08-08,Печенье на закваске шоколад,10.0,БЛУМ,Friday,Печенье,Снят
2025-08-09,Печенье на закваске шоколад,0.0,БЛУМ,Saturday,Печенье,Снят
2025-08-10,Печенье на закваске шоколад,0.0,БЛУМ,Sunday,Печенье,Снят
2025-08-11,Печенье на закваске шоколад,25.0,БЛУМ,Monday,Печенье,Снят
2025-08-12,Печенье на закваске шоколад,10.0,БЛУМ,Tuesday,Печенье,Снят
2025-08-13,Печенье на закваске шоколад,0.0,БЛУМ,Wednesday,Печенье,Снят
2025-08-14,Печенье на закваске шоколад,0.0,БЛУМ,Thursday,Печенье,Снят
2025-08-15,Печенье на закваске шоколад,0.0,БЛУМ,Friday,Печенье,Снят
2025-08-16,Печенье на закваске шоколад,0.0,БЛУМ,Saturday,Печенье,Снят
2025-08-17,Печенье на закваске шоколад,40.0,БЛУМ,Sunday,Печенье,Снят
2025-08-18,Печенье на закваске шоколад,0.0,БЛУМ,Monday,Печенье,Снят
2025-08-19,Печенье на закваске шоколад,0.0,БЛУМ,Tuesday,Печенье,Снят
2025-08-20,Печенье на закваске шоколад,0.0,БЛУМ,Wednesday,Печенье,Снят
2025-08-21,Печенье на закваске шоколад,0.0,БЛУМ,Thursday,Печенье,Снят
2025-08-22,Печенье на закваске шоколад,10.0,БЛУМ,Friday,Печенье,Снят
2025-08-23,Печенье на закваске шоколад,0.0,БЛУМ,Saturday,Печенье,Снят
2025-08-24,Печенье на закваске шоколад,0.0,БЛУМ,Sunday,Печенье,Снят
2025-08-25,Печенье на закваске шоколад,25.0,БЛУМ,Monday,Печенье,Снят
2025-08-26,Печенье на закваске шоколад,10.0,БЛУМ,Tuesday,Печенье,Снят
2025-08-27,Печенье на закваске шоколад,0.0,БЛУМ,Wednesday,Печенье,Снят
2025-08-28,Печенье на закваске шоколад,0.0,БЛУМ,Thursday,Печенье,Снят
2025-08-29,Печенье на закваске шоколад,10.0,БЛУМ,Friday,Печенье,Снят
2025-08-30,Печенье на закваске шоколад,0.0,БЛУМ,Saturday,Печенье,Снят
2025-08-31,Печенье на закваске шоколад,15.0,БЛУМ,Sunday,Печенье,Снят
2025-06-01,Печенье финик-пекан,0.0,БЛУМ,Sunday,Печенье,Активный
2025-06-02,Печенье финик-пекан,0.0,БЛУМ,Monday,Печенье,Активный
2025-06-03,Печенье финик-пекан,0.0,БЛУМ,Tuesday,Печенье,Активный
2025-06-04,Печенье финик-пекан,0.0,БЛУМ,Wednesday,Печенье,Активный
2025-06-05,Печенье финик-пекан,0.0,БЛУМ,Thursday,Печенье,Активный
2025-06-06,Печенье финик-пекан,0.0,БЛУМ,Friday,Печенье,Активный
2025-06-07,Печенье финик-пекан,0.0,БЛУМ,Saturday,Печенье,Активный
2025-06-08,Печенье финик-пекан,0.0,БЛУМ,Sunday,Печенье,Активный
2025-06-09,Печенье финик-пекан,0.0,БЛУМ,Monday,Печенье,Активный
2025-06-10,Печенье финик-пекан,0.0,БЛУМ,Tuesday,Печенье,Активный
2025-06-11,Печенье финик-пекан,0.0,БЛУМ,Wednesday,Печенье,Активный
2025-06-12,Печенье финик-пекан,0.0,БЛУМ,Thursday,Печенье,Активный
2025-06-13,Печенье финик-пекан,0.0,БЛУМ,Friday,Печенье,Активный
2025-06-14,Печенье финик-пекан,0.0,БЛУМ,Saturday,Печенье,Активный
2025-06-15,Печенье финик-пекан,0.0,БЛУМ,Sunday,Печенье,Активный
2025-06-16,Печенье финик-пекан,0.0,БЛУМ,Monday,Печенье,Активный
2025-06-17,Печенье финик-пекан,0.0,БЛУМ,Tuesday,Печенье,Активный
2025-06-18,Печенье финик-пекан,0.0,БЛУМ,Wednesday,Печенье,Активный
2025-06-19,Печенье финик-пекан,0.0,БЛУМ,Thursday,Печенье,Активный
2025-06-20,Печенье финик-пекан,0.0,БЛУМ,Friday,Печенье,Активный
2025-06-21,Печенье финик-пекан,0.0,БЛУМ,Saturday,Печенье,Активный
2025-06-22,Печенье финик-пекан,0.0,БЛУМ,Sunday,Печенье,Активный
2025-06-23,Печенье финик-пекан,0.0,БЛУМ,Monday,Печенье,Активный
2025-06-24,Печенье финик-пекан,0.0,БЛУМ,Tuesday,Печенье,Активный
2025-06-25,Печенье финик-пекан,0.0,БЛУМ,Wednesday,Печенье,Активный
2025-06-26,Печенье финик-пекан,0.0,БЛУМ,Thursday,Печенье,Активный
2025-06-27,Печенье финик-пекан,0.0,БЛУМ,Friday,Печенье,Активный
2025-06-28,Печенье финик-пекан,0.0,БЛУМ,Saturday,Печенье,Активный
2025-06-29,Печенье финик-пекан,0.0,БЛУМ,Sunday,Печенье,Активный
2025-06-30,Печенье финик-пекан,0.0,БЛУМ,Monday,Печенье,Активный
2025-07-01,Печенье финик-пекан,0.0,БЛУМ,Tuesday,Печенье,Активный
2025-07-02,Печенье финик-пекан,0.0,БЛУМ,Wednesday,Печенье,Активный
2025-07-03,Печенье финик-пекан,0.0,БЛУМ,Thursday,Печенье,Активный
2025-07-04,Печенье финик-пекан,0.0,БЛУМ,Friday,Печенье,Активный
2025-07-05,Печенье финик-пекан,0.0,БЛУМ,Saturday,Печенье,Активный
2025-07-06,Печенье финик-пекан,0.0,БЛУМ,Sunday,Печенье,Активный
2025-07-07,Печенье финик-пекан,0.0,БЛУМ,Monday,Печенье,Активный
2025-07-08,Печенье финик-пекан,0.0,БЛУМ,Tuesday,Печенье,Активный
2025-07-09,Печенье финик-пекан,0.0,БЛУМ,Wednesday,Печенье,Активный
2025-07-10,Печенье финик-пекан,0.0,БЛУМ,Thursday,Печенье,Активный
2025-07-11,Печенье финик-пекан,0.0,БЛУМ,Friday,Печенье,Активный
2025-07-12,Печенье финик-пекан,0.0,БЛУМ,Saturday,Печенье,Активный
2025-07-13,Печенье финик-пекан,0.0,БЛУМ,Sunday,Печенье,Активный
2025-07-14,Печенье финик-пекан,0.0,БЛУМ,Monday,Печенье,Активный
2025-07-15,Печенье финик-пекан,0.0,БЛУМ,Tuesday,Печенье,Активный
2025-07-16,Печенье финик-пекан,0.0,БЛУМ,Wednesday,Печенье,Активный
2025-07-17,Печенье финик-пекан,0.0,БЛУМ,Thursday,Печенье,Активный
2025-07-18,Печенье финик-пекан,0.0,БЛУМ,Friday,Печенье,Активный
2025-07-19,Печенье финик-пекан,0.0,БЛУМ,Saturday,Печенье,Активный
2025-07-20,Печенье финик-пекан,0.0,БЛУМ,Sunday,Печенье,Активный
2025-07-21,Печенье финик-пекан,0.0,БЛУМ,Monday,Печенье,Активный
2025-07-22,Печенье финик-пекан,0.0,БЛУМ,Tuesday,Печенье,Активный
2025-07-23,Печенье финик-пекан,0.0,БЛУМ,Wednesday,Печенье,Активный
2025-07-24,Печенье финик-пекан,0.0,БЛУМ,Thursday,Печенье,Активный
2025-07-25,Печенье финик-пекан,0.0,БЛУМ,Friday,Печенье,Активный
2025-07-26,Печенье финик-пекан,0.0,БЛУМ,Saturday,Печенье,Активный
2025-07-27,Печенье финик-пекан,0.0,БЛУМ,Sunday,Печенье,Активный
2025-07-28,Печенье финик-пекан,0.0,БЛУМ,Monday,Печенье,Активный
2025-07-29,Печенье финик-пекан,0.0,БЛУМ,Tuesday,Печенье,Активный
2025-07-30,Печенье финик-пекан,0.0,БЛУМ,Wednesday,Печенье,Активный
2025-07-31,Печенье финик-пекан,0.0,БЛУМ,Thursday,Печенье,Активный
2025-08-01,Печенье финик-пекан,0.0,БЛУМ,Friday,Печенье,Активный
2025-08-02,Печенье финик-пекан,0.0,БЛУМ,Saturday,Печенье,Активный
2025-08-03,Печенье финик-пекан,0.0,БЛУМ,Sunday,Печенье,Активный
2025-08-04,Печенье финик-пекан,0.0,БЛУМ,Monday,Печенье,Активный
2025-08-05,Печенье финик-пекан,0.0,БЛУМ,Tuesday,Печенье,Активный
2025-08-06,Печенье финик-пекан,0.0,БЛУМ,Wednesday,Печенье,Активный
2025-08-07,Печенье финик-пекан,0.0,БЛУМ,Thursday,Печенье,Активный
2025-08-08,Печенье финик-пекан,0.0,БЛУМ,Friday,Печенье,Активный
2025-08-09,Печенье финик-пекан,0.0,БЛУМ,Saturday,Печенье,Активный
2025-08-10,Печенье финик-пекан,0.0,БЛУМ,Sunday,Печенье,Активный
2025-08-11,Печенье финик-пекан,0.0,БЛУМ,Monday,Печенье,Активный
2025-08-12,Печенье финик-пекан,0.0,БЛУМ,Tuesday,Печенье,Активный
2025-08-13,Печенье финик-пекан,0.0,БЛУМ,Wednesday,Печенье,Активный
2025-08-14,Печенье финик-пекан,0.0,БЛУМ,Thursday,Печенье,Активный
2025-08-15,Печенье финик-пекан,0.0,БЛУМ,Friday,Печенье,Активный
2025-08-16,Печенье финик-пекан,0.0,БЛУМ,Saturday,Печенье,Активный
2025-08-17,Печенье финик-пекан,0.0,БЛУМ,Sunday,Печенье,Активный
2025-08-18,Печенье финик-пекан,0.0,БЛУМ,Monday,Печенье,Активный
2025-08-19,Печенье финик-пекан,0.0,БЛУМ,Tuesday,Печенье,Активный
2025-08-20,Печенье финик-пекан,0.0,БЛУМ,Wednesday,Печенье,Активный
2025-08-21,Печенье финик-пекан,0.0,БЛУМ,Thursday,Печенье,Активный
2025-08-22,Печенье финик-пекан,0.0,БЛУМ,Friday,Печенье,Активный
2025-08-23,Печенье финик-пекан,0.0,БЛУМ,Saturday,Печенье,Активный
2025-08-24,Печенье финик-пекан,0.0,БЛУМ,Sunday,Печенье,Активный
2025-08-25,Печенье финик-пекан,0.0,БЛУМ,Monday,Печенье,Активный
2025-08-26,Печенье финик-пекан,0.0,БЛУМ,Tuesday,Печенье,Активный
2025-08-27,Печенье финик-пекан,0.0,БЛУМ,Wednesday,Печенье,Активный
2025-08-28,Печенье финик-пекан,0.0,БЛУМ,Thursday,Печенье,Активный
2025-08-29,Печенье финик-пекан,0.0,БЛУМ,Friday,Печенье,Активный
2025-08-30,Печенье финик-пекан,0.0,БЛУМ,Saturday,Печенье,Активный
2025-08-31,Печенье финик-пекан,0.0,БЛУМ,Sunday,Печенье,Активный
2025-06-01,Печенье шоколадное с солью,0.0,БЛУМ,Sunday,Печенье,Активный
2025-06-02,Печенье шоколадное с солью,0.0,БЛУМ,Monday,Печенье,Активный
2025-06-03,Печенье шоколадное с солью,0.0,БЛУМ,Tuesday,Печенье,Активный
2025-06-04,Печенье шоколадное с солью,0.0,БЛУМ,Wednesday,Печенье,Активный
2025-06-05,Печенье шоколадное с солью,0.0,БЛУМ,Thursday,Печенье,Активный
2025-06-06,Печенье шоколадное с солью,0.0,БЛУМ,Friday,Печенье,Активный
2025-06-07,Печенье шоколадное с солью,0.0,БЛУМ,Saturday,Печенье,Активный
2025-06-08,Печенье шоколадное с солью,0.0,БЛУМ,Sunday,Печенье,Активный
2025-06-09,Печенье шоколадное с солью,0.0,БЛУМ,Monday,Печенье,Активный
2025-06-10,Печенье шоколадное с солью,0.0,БЛУМ,Tuesday,Печенье,Активный
2025-06-11,Печенье шоколадное с солью,0.0,БЛУМ,Wednesday,Печенье,Активный
2025-06-12,Печенье шоколадное с солью,0.0,БЛУМ,Thursday,Печенье,Активный
2025-06-13,Печенье шоколадное с солью,0.0,БЛУМ,Friday,Печенье,Активный
2025-06-14,Печенье шоколадное с солью,0.0,БЛУМ,Saturday,Печенье,Активный
2025-06-15,Печенье шоколадное с солью,0.0,БЛУМ,Sunday,Печенье,Активный
2025-06-16,Печенье шоколадное с солью,0.0,БЛУМ,Monday,Печенье,Активный
2025-06-17,Печенье шоколадное с солью,0.0,БЛУМ,Tuesday,Печенье,Активный
2025-06-18,Печенье шоколадное с солью,0.0,БЛУМ,Wednesday,Печенье,Активный
2025-06-19,Печенье шоколадное с солью,0.0,БЛУМ,Thursday,Печенье,Активный
2025-06-20,Печенье шоколадное с солью,0.0,БЛУМ,Friday,Печенье,Активный
2025-06-21,Печенье шоколадное с солью,0.0,БЛУМ,Saturday,Печенье,Активный
2025-06-22,Печенье шоколадное с солью,0.0,БЛУМ,Sunday,Печенье,Активный
2025-06-23,Печенье шоколадное с солью,0.0,БЛУМ,Monday,Печенье,Активный
2025-06-24,Печенье шоколадное с солью,0.0,БЛУМ,Tuesday,Печенье,Активный
2025-06-25,Печенье шоколадное с солью,0.0,БЛУМ,Wednesday,Печенье,Активный
2025-06-26,Печенье шоколадное с солью,0.0,БЛУМ,Thursday,Печенье,Активный
2025-06-27,Печенье шоколадное с солью,0.0,БЛУМ,Friday,Печенье,Активный
2025-06-28,Печенье шоколадное с солью,0.0,БЛУМ,Saturday,Печенье,Активный
2025-06-29,Печенье шоколадное с солью,0.0,БЛУМ,Sunday,Печенье,Активный
2025-06-30,Печенье шоколадное с солью,0.0,БЛУМ,Monday,Печенье,Активный
2025-07-01,Печенье шоколадное с солью,0.0,БЛУМ,Tuesday,Печенье,Активный
2025-07-02,Печенье шоколадное с солью,0.0,БЛУМ,Wednesday,Печенье,Активный
2025-07-03,Печенье шоколадное с солью,0.0,БЛУМ,Thursday,Печенье,Активный
2025-07-04,Печенье шоколадное с солью,0.0,БЛУМ,Friday,Печенье,Активный
2025-07-05,Печенье шоколадное с солью,0.0,БЛУМ,Saturday,Печенье,Активный
2025-07-06,Печенье шоколадное с солью,0.0,БЛУМ,Sunday,Печенье,Активный
2025-07-07,Печенье шоколадное с солью,0.0,БЛУМ,Monday,Печенье,Активный
2025-07-08,Печенье шоколадное с солью,0.0,БЛУМ,Tuesday,Печенье,Активный
2025-07-09,Печенье шоколадное с солью,0.0,БЛУМ,Wednesday,Печенье,Активный
2025-07-10,Печенье шоколадное с солью,0.0,БЛУМ,Thursday,Печенье,Активный
2025-07-11,Печенье шоколадное с солью,0.0,БЛУМ,Friday,Печенье,Активный
2025-07-12,Печенье шоколадное с солью,0.0,БЛУМ,Saturday,Печенье,Активный
2025-07-13,Печенье шоколадное с солью,0.0,БЛУМ,Sunday,Печенье,Активный
2025-07-14,Печенье шоколадное с солью,0.0,БЛУМ,Monday,Печенье,Активный
2025-07-15,Печенье шоколадное с солью,0.0,БЛУМ,Tuesday,Печенье,Активный
2025-07-16,Печенье шоколадное с солью,0.0,БЛУМ,Wednesday,Печенье,Активный
2025-07-17,Печенье шоколадное с солью,0.0,БЛУМ,Thursday,Печенье,Активный
2025-07-18,Печенье шоколадное с солью,0.0,БЛУМ,Friday,Печенье,Активный
2025-07-19,Печенье шоколадное с солью,0.0,БЛУМ,Saturday,Печенье,Активный
2025-07-20,Печенье шоколадное с солью,0.0,БЛУМ,Sunday,Печенье,Активный
2025-07-21,Печенье шоколадное с солью,0.0,БЛУМ,Monday,Печенье,Активный
2025-07-22,Печенье шоколадное с солью,0.0,БЛУМ,Tuesday,Печенье,Активный
2025-07-23,Печенье шоколадное с солью,0.0,БЛУМ,Wednesday,Печенье,Активный
2025-07-24,Печенье шоколадное с солью,0.0,БЛУМ,Thursday,Печенье,Активный
2025-07-25,Печенье шоколадное с солью,0.0,БЛУМ,Friday,Печенье,Активный
2025-07-26,Печенье шоколадное с солью,0.0,БЛУМ,Saturday,Печенье,Активный
2025-07-27,Печенье шоколадное с солью,0.0,БЛУМ,Sunday,Печенье,Активный
2025-07-28,Печенье шоколадное с солью,0.0,БЛУМ,Monday,Печенье,Активный
2025-07-29,Печенье шоколадное с солью,0.0,БЛУМ,Tuesday,Печенье,Активный
2025-07-30,Печенье шоколадное с солью,0.0,БЛУМ,Wednesday,Печенье,Активный
2025-07-31,Печенье шоколадное с солью,0.0,БЛУМ,Thursday,Печенье,Активный
2025-08-01,Печенье шоколадное с солью,0.0,БЛУМ,Friday,Печенье,Активный
2025-08-02,Печенье шоколадное с солью,0.0,БЛУМ,Saturday,Печенье,Активный
2025-08-03,Печенье шоколадное с солью,0.0,БЛУМ,Sunday,Печенье,Активный
2025-08-04,Печенье шоколадное с солью,0.0,БЛУМ,Monday,Печенье,Активный
2025-08-05,Печенье шоколадное с солью,0.0,БЛУМ,Tuesday,Печенье,Активный
2025-08-06,Печенье шоколадное с солью,0.0,БЛУМ,Wednesday,Печенье,Активный
2025-08-07,Печенье шоколадное с солью,0.0,БЛУМ,Thursday,Печенье,Активный
2025-08-08,Печенье шоколадное с солью,0.0,БЛУМ,Friday,Печенье,Активный
2025-08-09,Печенье шоколадное с солью,0.0,БЛУМ,Saturday,Печенье,Активный
2025-08-10,Печенье шоколадное с солью,0.0,БЛУМ,Sunday,Печенье,Активный
2025-08-11,Печенье шоколадное с солью,0.0,БЛУМ,Monday,Печенье,Активный
2025-08-12,Печенье шоколадное с солью,0.0,БЛУМ,Tuesday,Печенье,Активный
2025-08-13,Печенье шоколадное с солью,0.0,БЛУМ,Wednesday,Печенье,Активный
2025-08-14,Печенье шоколадное с солью,0.0,БЛУМ,Thursday,Печенье,Активный
2025-08-15,Печенье шоколадное с солью,0.0,БЛУМ,Friday,Печенье,Активный
2025-08-16,Печенье шоколадное с солью,0.0,БЛУМ,Saturday,Печенье,Активный
2025-08-17,Печенье шоколадное с солью,0.0,БЛУМ,Sunday,Печенье,Активный
2025-08-18,Печенье шоколадное с солью,0.0,БЛУМ,Monday,Печенье,Активный
2025-08-19,Печенье шоколадное с солью,0.0,БЛУМ,Tuesday,Печенье,Активный
2025-08-20,Печенье шоколадное с солью,0.0,БЛУМ,Wednesday,Печенье,Активный
2025-08-21,Печенье шоколадное с солью,0.0,БЛУМ,Thursday,Печенье,Активный
2025-08-22,Печенье шоколадное с солью,0.0,БЛУМ,Friday,Печенье,Активный
2025-08-23,Печенье шоколадное с солью,0.0,БЛУМ,Saturday,Печенье,Активный
2025-08-24,Печенье шоколадное с солью,0.0,БЛУМ,Sunday,Печенье,Активный
2025-08-25,Печенье шоколадное с солью,0.0,БЛУМ,Monday,Печенье,Активный
2025-08-26,Печенье шоколадное с солью,0.0,БЛУМ,Tuesday,Печенье,Активный
2025-08-27,Печенье шоколадное с солью,0.0,БЛУМ,Wednesday,Печенье,Активный
2025-08-28,Печенье шоколадное с солью,0.0,БЛУМ,Thursday,Печенье,Активный
2025-08-29,Печенье шоколадное с солью,0.0,БЛУМ,Friday,Печенье,Активный
2025-08-30,Печенье шоколадное с солью,0.0,БЛУМ,Saturday,Печенье,Активный
2025-08-31,Печенье шоколадное с солью,0.0,БЛУМ,Sunday,Печенье,Активный
2025-06-01,Пуддинг с корицей целый,0.0,БЛУМ,Sunday,Десерты,пф
2025-06-02,Пуддинг с корицей целый,0.0,БЛУМ,Monday,Десерты,пф
2025-06-03,Пуддинг с корицей целый,0.0,БЛУМ,Tuesday,Десерты,пф
2025-06-04,Пуддинг с корицей целый,0.0,БЛУМ,Wednesday,Десерты,пф
2025-06-05,Пуддинг с корицей целый,0.0,БЛУМ,Thursday,Десерты,пф
2025-06-06,Пуддинг с корицей целый,0.0,БЛУМ,Friday,Десерты,пф
2025-06-07,Пуддинг с корицей целый,0.0,БЛУМ,Saturday,Десерты,пф
2025-06-08,Пуддинг с корицей целый,0.0,БЛУМ,Sunday,Десерты,пф
2025-06-09,Пуддинг с корицей целый,0.0,БЛУМ,Monday,Десерты,пф
2025-06-10,Пуддинг с корицей целый,0.0,БЛУМ,Tuesday,Десерты,пф
2025-06-11,Пуддинг с корицей целый,0.0,БЛУМ,Wednesday,Десерты,пф
2025-06-12,Пуддинг с корицей целый,0.0,БЛУМ,Thursday,Десерты,пф
2025-06-13,Пуддинг с корицей целый,0.0,БЛУМ,Friday,Десерты,пф
2025-06-14,Пуддинг с корицей целый,0.0,БЛУМ,Saturday,Десерты,пф
2025-06-15,Пуддинг с корицей целый,0.0,БЛУМ,Sunday,Десерты,пф
2025-06-16,Пуддинг с корицей целый,0.0,БЛУМ,Monday,Десерты,пф
2025-06-17,Пуддинг с корицей целый,0.0,БЛУМ,Tuesday,Десерты,пф
2025-06-18,Пуддинг с корицей целый,0.0,БЛУМ,Wednesday,Десерты,пф
2025-06-19,Пуддинг с корицей целый,0.0,БЛУМ,Thursday,Десерты,пф
2025-06-20,Пуддинг с корицей целый,0.0,БЛУМ,Friday,Десерты,пф
2025-06-21,Пуддинг с корицей целый,0.0,БЛУМ,Saturday,Десерты,пф
2025-06-22,Пуддинг с корицей целый,0.0,БЛУМ,Sunday,Десерты,пф
2025-06-23,Пуддинг с корицей целый,0.0,БЛУМ,Monday,Десерты,пф
2025-06-24,Пуддинг с корицей целый,0.0,БЛУМ,Tuesday,Десерты,пф
2025-06-25,Пуддинг с корицей целый,0.0,БЛУМ,Wednesday,Десерты,пф
2025-06-26,Пуддинг с корицей целый,0.0,БЛУМ,Thursday,Десерты,пф
2025-06-27,Пуддинг с корицей целый,0.0,БЛУМ,Friday,Десерты,пф
2025-06-28,Пуддинг с корицей целый,0.0,БЛУМ,Saturday,Десерты,пф
2025-06-29,Пуддинг с корицей целый,0.0,БЛУМ,Sunday,Десерты,пф
2025-06-30,Пуддинг с корицей целый,0.0,БЛУМ,Monday,Десерты,пф
2025-07-01,Пуддинг с корицей целый,0.0,БЛУМ,Tuesday,Десерты,пф
2025-07-02,Пуддинг с корицей целый,0.0,БЛУМ,Wednesday,Десерты,пф
2025-07-03,Пуддинг с корицей целый,0.0,БЛУМ,Thursday,Десерты,пф
2025-07-04,Пуддинг с корицей целый,0.0,БЛУМ,Friday,Десерты,пф
2025-07-05,Пуддинг с корицей целый,0.0,БЛУМ,Saturday,Десерты,пф
2025-07-06,Пуддинг с корицей целый,0.0,БЛУМ,Sunday,Десерты,пф
2025-07-07,Пуддинг с корицей целый,0.0,БЛУМ,Monday,Десерты,пф
2025-07-08,Пуддинг с корицей целый,0.0,БЛУМ,Tuesday,Десерты,пф
2025-07-09,Пуддинг с корицей целый,0.0,БЛУМ,Wednesday,Десерты,пф
2025-07-10,Пуддинг с корицей целый,0.0,БЛУМ,Thursday,Десерты,пф
2025-07-11,Пуддинг с корицей целый,0.0,БЛУМ,Friday,Десерты,пф
2025-07-12,Пуддинг с корицей целый,0.0,БЛУМ,Saturday,Десерты,пф
2025-07-13,Пуддинг с корицей целый,0.0,БЛУМ,Sunday,Десерты,пф
2025-07-14,Пуддинг с корицей целый,0.0,БЛУМ,Monday,Десерты,пф
2025-07-15,Пуддинг с корицей целый,0.0,БЛУМ,Tuesday,Десерты,пф
2025-07-16,Пуддинг с корицей целый,0.0,БЛУМ,Wednesday,Десерты,пф
2025-07-17,Пуддинг с корицей целый,0.0,БЛУМ,Thursday,Десерты,пф
2025-07-18,Пуддинг с корицей целый,0.0,БЛУМ,Friday,Десерты,пф
2025-07-19,Пуддинг с корицей целый,0.0,БЛУМ,Saturday,Десерты,пф
2025-07-20,Пуддинг с корицей целый,0.0,БЛУМ,Sunday,Десерты,пф
2025-07-21,Пуддинг с корицей целый,0.0,БЛУМ,Monday,Десерты,пф
2025-07-22,Пуддинг с корицей целый,0.0,БЛУМ,Tuesday,Десерты,пф
2025-07-23,Пуддинг с корицей целый,0.0,БЛУМ,Wednesday,Десерты,пф
2025-07-24,Пуддинг с корицей целый,0.0,БЛУМ,Thursday,Десерты,пф
2025-07-25,Пуддинг с корицей целый,0.0,БЛУМ,Friday,Десерты,пф
2025-07-26,Пуддинг с корицей целый,0.0,БЛУМ,Saturday,Десерты,пф
2025-07-27,Пуддинг с корицей целый,0.0,БЛУМ,Sunday,Десерты,пф
2025-07-28,Пуддинг с корицей целый,0.0,БЛУМ,Monday,Десерты,пф
2025-07-29,Пуддинг с корицей целый,0.0,БЛУМ,Tuesday,Десерты,пф
2025-07-30,Пуддинг с корицей целый,0.0,БЛУМ,Wednesday,Десерты,пф
2025-07-31,Пуддинг с корицей целый,0.0,БЛУМ,Thursday,Десерты,пф
2025-08-01,Пуддинг с корицей целый,0.0,БЛУМ,Friday,Десерты,пф
2025-08-02,Пуддинг с корицей целый,0.0,БЛУМ,Saturday,Десерты,пф
2025-08-03,Пуддинг с корицей целый,0.0,БЛУМ,Sunday,Десерты,пф
2025-08-04,Пуддинг с корицей целый,0.0,БЛУМ,Monday,Десерты,пф
2025-08-05,Пуддинг с корицей целый,0.0,БЛУМ,Tuesday,Десерты,пф
2025-08-06,Пуддинг с корицей целый,0.0,БЛУМ,Wednesday,Десерты,пф
2025-08-07,Пуддинг с корицей целый,0.0,БЛУМ,Thursday,Десерты,пф
2025-08-08,Пуддинг с корицей целый,0.0,БЛУМ,Friday,Десерты,пф
2025-08-09,Пуддинг с корицей целый,0.0,БЛУМ,Saturday,Десерты,пф
2025-08-10,Пуддинг с корицей целый,0.0,БЛУМ,Sunday,Десерты,пф
2025-08-11,Пуддинг с корицей целый,0.0,БЛУМ,Monday,Десерты,пф
2025-08-12,Пуддинг с корицей целый,0.0,БЛУМ,Tuesday,Десерты,пф
2025-08-13,Пуддинг с корицей целый,0.0,БЛУМ,Wednesday,Десерты,пф
2025-08-14,Пуддинг с корицей целый,0.0,БЛУМ,Thursday,Десерты,пф
2025-08-15,Пуддинг с корицей целый,0.0,БЛУМ,Friday,Десерты,пф
2025-08-16,Пуддинг с корицей целый,0.0,БЛУМ,Saturday,Десерты,пф
2025-08-17,Пуддинг с корицей целый,0.0,БЛУМ,Sunday,Десерты,пф
2025-08-18,Пуддинг с корицей целый,0.0,БЛУМ,Monday,Десерты,пф
2025-08-19,Пуддинг с корицей целый,0.0,БЛУМ,Tuesday,Десерты,пф
2025-08-20,Пуддинг с корицей целый,0.0,БЛУМ,Wednesday,Десерты,пф
2025-08-21,Пуддинг с корицей целый,0.0,БЛУМ,Thursday,Десерты,пф
2025-08-22,Пуддинг с корицей целый,0.0,БЛУМ,Friday,Десерты,пф
2025-08-23,Пуддинг с корицей целый,0.0,БЛУМ,Saturday,Десерты,пф
2025-08-24,Пуддинг с корицей целый,0.0,БЛУМ,Sunday,Десерты,пф
2025-08-25,Пуддинг с корицей целый,0.0,БЛУМ,Monday,Десерты,пф
2025-08-26,Пуддинг с корицей целый,0.0,БЛУМ,Tuesday,Десерты,пф
2025-08-27,Пуддинг с корицей целый,0.0,БЛУМ,Wednesday,Десерты,пф
2025-08-28,Пуддинг с корицей целый,0.0,БЛУМ,Thursday,Десерты,пф
2025-08-29,Пуддинг с корицей целый,0.0,БЛУМ,Friday,Десерты,пф
2025-08-30,Пуддинг с корицей целый,0.0,БЛУМ,Saturday,Десерты,пф
2025-08-31,Пуддинг с корицей целый,0.0,БЛУМ,Sunday,Десерты,пф
2025-06-01,Пудинг шоколадный целый,0.0,БЛУМ,Sunday,Десерты,пф
2025-06-02,Пудинг шоколадный целый,0.0,БЛУМ,Monday,Десерты,пф
2025-06-03,Пудинг шоколадный целый,0.0,БЛУМ,Tuesday,Десерты,пф
2025-06-04,Пудинг шоколадный целый,0.0,БЛУМ,Wednesday,Десерты,пф
2025-06-05,Пудинг шоколадный целый,0.0,БЛУМ,Thursday,Десерты,пф
2025-06-06,Пудинг шоколадный целый,0.0,БЛУМ,Friday,Десерты,пф
2025-06-07,Пудинг шоколадный целый,0.0,БЛУМ,Saturday,Десерты,пф
2025-06-08,Пудинг шоколадный целый,0.0,БЛУМ,Sunday,Десерты,пф
2025-06-09,Пудинг шоколадный целый,0.0,БЛУМ,Monday,Десерты,пф
2025-06-10,Пудинг шоколадный целый,0.0,БЛУМ,Tuesday,Десерты,пф
2025-06-11,Пудинг шоколадный целый,0.0,БЛУМ,Wednesday,Десерты,пф
2025-06-12,Пудинг шоколадный целый,0.0,БЛУМ,Thursday,Десерты,пф
2025-06-13,Пудинг шоколадный целый,0.0,БЛУМ,Friday,Десерты,пф
2025-06-14,Пудинг шоколадный целый,0.0,БЛУМ,Saturday,Десерты,пф
2025-06-15,Пудинг шоколадный целый,0.0,БЛУМ,Sunday,Десерты,пф
2025-06-16,Пудинг шоколадный целый,0.0,БЛУМ,Monday,Десерты,пф
2025-06-17,Пудинг шоколадный целый,0.0,БЛУМ,Tuesday,Десерты,пф
2025-06-18,Пудинг шоколадный целый,0.0,БЛУМ,Wednesday,Десерты,пф
2025-06-19,Пудинг шоколадный целый,0.0,БЛУМ,Thursday,Десерты,пф
2025-06-20,Пудинг шоколадный целый,0.0,БЛУМ,Friday,Десерты,пф
2025-06-21,Пудинг шоколадный целый,0.0,БЛУМ,Saturday,Десерты,пф
2025-06-22,Пудинг шоколадный целый,0.0,БЛУМ,Sunday,Десерты,пф
2025-06-23,Пудинг шоколадный целый,0.0,БЛУМ,Monday,Десерты,пф
2025-06-24,Пудинг шоколадный целый,0.0,БЛУМ,Tuesday,Десерты,пф
2025-06-25,Пудинг шоколадный целый,0.0,БЛУМ,Wednesday,Десерты,пф
2025-06-26,Пудинг шоколадный целый,0.0,БЛУМ,Thursday,Десерты,пф
2025-06-27,Пудинг шоколадный целый,0.0,БЛУМ,Friday,Десерты,пф
2025-06-28,Пудинг шоколадный целый,0.0,БЛУМ,Saturday,Десерты,пф
2025-06-29,Пудинг шоколадный целый,0.0,БЛУМ,Sunday,Десерты,пф
2025-06-30,Пудинг шоколадный целый,0.0,БЛУМ,Monday,Десерты,пф
2025-07-01,Пудинг шоколадный целый,0.0,БЛУМ,Tuesday,Десерты,пф
2025-07-02,Пудинг шоколадный целый,0.0,БЛУМ,Wednesday,Десерты,пф
2025-07-03,Пудинг шоколадный целый,0.0,БЛУМ,Thursday,Десерты,пф
2025-07-04,Пудинг шоколадный целый,0.0,БЛУМ,Friday,Десерты,пф
2025-07-05,Пудинг шоколадный целый,0.0,БЛУМ,Saturday,Десерты,пф
2025-07-06,Пудинг шоколадный целый,0.0,БЛУМ,Sunday,Десерты,пф
2025-07-07,Пудинг шоколадный целый,0.0,БЛУМ,Monday,Десерты,пф
2025-07-08,Пудинг шоколадный целый,0.0,БЛУМ,Tuesday,Десерты,пф
2025-07-09,Пудинг шоколадный целый,0.0,БЛУМ,Wednesday,Десерты,пф
2025-07-10,Пудинг шоколадный целый,0.0,БЛУМ,Thursday,Десерты,пф
2025-07-11,Пудинг шоколадный целый,0.0,БЛУМ,Friday,Десерты,пф
2025-07-12,Пудинг шоколадный целый,0.0,БЛУМ,Saturday,Десерты,пф
2025-07-13,Пудинг шоколадный целый,0.0,БЛУМ,Sunday,Десерты,пф
2025-07-14,Пудинг шоколадный целый,0.0,БЛУМ,Monday,Десерты,пф
2025-07-15,Пудинг шоколадный целый,0.0,БЛУМ,Tuesday,Десерты,пф
2025-07-16,Пудинг шоколадный целый,0.0,БЛУМ,Wednesday,Десерты,пф
2025-07-17,Пудинг шоколадный целый,0.0,БЛУМ,Thursday,Десерты,пф
2025-07-18,Пудинг шоколадный целый,0.0,БЛУМ,Friday,Десерты,пф
2025-07-19,Пудинг шоколадный целый,0.0,БЛУМ,Saturday,Десерты,пф
2025-07-20,Пудинг шоколадный целый,0.0,БЛУМ,Sunday,Десерты,пф
2025-07-21,Пудинг шоколадный целый,0.0,БЛУМ,Monday,Десерты,пф
2025-07-22,Пудинг шоколадный целый,0.0,БЛУМ,Tuesday,Десерты,пф
2025-07-23,Пудинг шоколадный целый,0.0,БЛУМ,Wednesday,Десерты,пф
2025-07-24,Пудинг шоколадный целый,0.0,БЛУМ,Thursday,Десерты,пф
2025-07-25,Пудинг шоколадный целый,0.0,БЛУМ,Friday,Десерты,пф
2025-07-26,Пудинг шоколадный целый,0.0,БЛУМ,Saturday,Десерты,пф
2025-07-27,Пудинг шоколадный целый,0.0,БЛУМ,Sunday,Десерты,пф
2025-07-28,Пудинг шоколадный целый,0.0,БЛУМ,Monday,Десерты,пф
2025-07-29,Пудинг шоколадный целый,0.0,БЛУМ,Tuesday,Десерты,пф
2025-07-30,Пудинг шоколадный целый,0.0,БЛУМ,Wednesday,Десерты,пф
2025-07-31,Пудинг шоколадный целый,0.0,БЛУМ,Thursday,Десерты,пф
2025-08-01,Пудинг шоколадный целый,0.0,БЛУМ,Friday,Десерты,пф
2025-08-02,Пудинг шоколадный целый,0.0,БЛУМ,Saturday,Десерты,пф
2025-08-03,Пудинг шоколадный целый,0.0,БЛУМ,Sunday,Десерты,пф
2025-08-04,Пудинг шоколадный целый,0.0,БЛУМ,Monday,Десерты,пф
2025-08-05,Пудинг шоколадный целый,0.0,БЛУМ,Tuesday,Десерты,пф
2025-08-06,Пудинг шоколадный целый,0.0,БЛУМ,Wednesday,Десерты,пф
2025-08-07,Пудинг шоколадный целый,0.0,БЛУМ,Thursday,Десерты,пф
2025-08-08,Пудинг шоколадный целый,0.0,БЛУМ,Friday,Десерты,пф
2025-08-09,Пудинг шоколадный целый,0.0,БЛУМ,Saturday,Десерты,пф
2025-08-10,Пудинг шоколадный целый,0.0,БЛУМ,Sunday,Десерты,пф
2025-08-11,Пудинг шоколадный целый,0.0,БЛУМ,Monday,Десерты,пф
2025-08-12,Пудинг шоколадный целый,0.0,БЛУМ,Tuesday,Десерты,пф
2025-08-13,Пудинг шоколадный целый,0.0,БЛУМ,Wednesday,Десерты,пф
2025-08-14,Пудинг шоколадный целый,0.0,БЛУМ,Thursday,Десерты,пф
2025-08-15,Пудинг шоколадный целый,0.0,БЛУМ,Friday,Десерты,пф
2025-08-16,Пудинг шоколадный целый,0.0,БЛУМ,Saturday,Десерты,пф
2025-08-17,Пудинг шоколадный целый,0.0,БЛУМ,Sunday,Десерты,пф
2025-08-18,Пудинг шоколадный целый,0.0,БЛУМ,Monday,Десерты,пф
2025-08-19,Пудинг шоколадный целый,0.0,БЛУМ,Tuesday,Десерты,пф
2025-08-20,Пудинг шоколадный целый,0.0,БЛУМ,Wednesday,Десерты,пф
2025-08-21,Пудинг шоколадный целый,0.0,БЛУМ,Thursday,Десерты,пф
2025-08-22,Пудинг шоколадный целый,0.0,БЛУМ,Friday,Десерты,пф
2025-08-23,Пудинг шоколадный целый,0.0,БЛУМ,Saturday,Десерты,пф
2025-08-24,Пудинг шоколадный целый,0.0,БЛУМ,Sunday,Десерты,пф
2025-08-25,Пудинг шоколадный целый,0.0,БЛУМ,Monday,Десерты,пф
2025-08-26,Пудинг шоколадный целый,0.0,БЛУМ,Tuesday,Десерты,пф
2025-08-27,Пудинг шоколадный целый,0.0,БЛУМ,Wednesday,Десерты,пф
2025-08-28,Пудинг шоколадный целый,0.0,БЛУМ,Thursday,Десерты,пф
2025-08-29,Пудинг шоколадный целый,0.0,БЛУМ,Friday,Десерты,пф
2025-08-30,Пудинг шоколадный целый,0.0,БЛУМ,Saturday,Десерты,пф
2025-08-31,Пудинг шоколадный целый,0.0,БЛУМ,Sunday,Десерты,пф
2025-06-01,"Пшеничный 1,5",1.0,БЛУМ,Sunday,Хлеб,Снят
2025-06-02,"Пшеничный 1,5",0.0,БЛУМ,Monday,Хлеб,Снят
2025-06-03,"Пшеничный 1,5",1.0,БЛУМ,Tuesday,Хлеб,Снят
2025-06-04,"Пшеничный 1,5",0.0,БЛУМ,Wednesday,Хлеб,Снят
2025-06-05,"Пшеничный 1,5",0.0,БЛУМ,Thursday,Хлеб,Снят
2025-06-06,"Пшеничный 1,5",0.0,БЛУМ,Friday,Хлеб,Снят
2025-06-07,"Пшеничный 1,5",0.0,БЛУМ,Saturday,Хлеб,Снят
2025-06-08,"Пшеничный 1,5",1.0,БЛУМ,Sunday,Хлеб,Снят
2025-06-09,"Пшеничный 1,5",0.0,БЛУМ,Monday,Хлеб,Снят
2025-06-10,"Пшеничный 1,5",0.0,БЛУМ,Tuesday,Хлеб,Снят
2025-06-11,"Пшеничный 1,5",0.0,БЛУМ,Wednesday,Хлеб,Снят
2025-06-12,"Пшеничный 1,5",0.0,БЛУМ,Thursday,Хлеб,Снят
2025-06-13,"Пшеничный 1,5",0.0,БЛУМ,Friday,Хлеб,Снят
2025-06-14,"Пшеничный 1,5",0.0,БЛУМ,Saturday,Хлеб,Снят
2025-06-15,"Пшеничный 1,5",0.0,БЛУМ,Sunday,Хлеб,Снят
2025-06-16,"Пшеничный 1,5",0.0,БЛУМ,Monday,Хлеб,Снят
2025-06-17,"Пшеничный 1,5",0.0,БЛУМ,Tuesday,Хлеб,Снят
2025-06-18,"Пшеничный 1,5",0.0,БЛУМ,Wednesday,Хлеб,Снят
2025-06-19,"Пшеничный 1,5",0.0,БЛУМ,Thursday,Хлеб,Снят
2025-06-20,"Пшеничный 1,5",0.0,БЛУМ,Friday,Хлеб,Снят
2025-06-21,"Пшеничный 1,5",0.0,БЛУМ,Saturday,Хлеб,Снят
2025-06-22,"Пшеничный 1,5",0.0,БЛУМ,Sunday,Хлеб,Снят
2025-06-23,"Пшеничный 1,5",0.0,БЛУМ,Monday,Хлеб,Снят
2025-06-24,"Пшеничный 1,5",0.0,БЛУМ,Tuesday,Хлеб,Снят
2025-06-25,"Пшеничный 1,5",0.0,БЛУМ,Wednesday,Хлеб,Снят
2025-06-26,"Пшеничный 1,5",0.0,БЛУМ,Thursday,Хлеб,Снят
2025-06-27,"Пшеничный 1,5",0.0,БЛУМ,Friday,Хлеб,Снят
2025-06-28,"Пшеничный 1,5",0.0,БЛУМ,Saturday,Хлеб,Снят
2025-06-29,"Пшеничный 1,5",0.0,БЛУМ,Sunday,Хлеб,Снят
2025-06-30,"Пшеничный 1,5",0.0,БЛУМ,Monday,Хлеб,Снят
2025-07-01,"Пшеничный 1,5",0.0,БЛУМ,Tuesday,Хлеб,Снят
2025-07-02,"Пшеничный 1,5",0.0,БЛУМ,Wednesday,Хлеб,Снят
2025-07-03,"Пшеничный 1,5",0.0,БЛУМ,Thursday,Хлеб,Снят
2025-07-04,"Пшеничный 1,5",0.0,БЛУМ,Friday,Хлеб,Снят
2025-07-05,"Пшеничный 1,5",0.0,БЛУМ,Saturday,Хлеб,Снят
2025-07-06,"Пшеничный 1,5",0.0,БЛУМ,Sunday,Хлеб,Снят
2025-07-07,"Пшеничный 1,5",0.0,БЛУМ,Monday,Хлеб,Снят
2025-07-08,"Пшеничный 1,5",0.0,БЛУМ,Tuesday,Хлеб,Снят
2025-07-09,"Пшеничный 1,5",0.0,БЛУМ,Wednesday,Хлеб,Снят
2025-07-10,"Пшеничный 1,5",0.0,БЛУМ,Thursday,Хлеб,Снят
2025-07-11,"Пшеничный 1,5",0.0,БЛУМ,Friday,Хлеб,Снят
2025-07-12,"Пшеничный 1,5",0.0,БЛУМ,Saturday,Хлеб,Снят
2025-07-13,"Пшеничный 1,5",0.0,БЛУМ,Sunday,Хлеб,Снят
2025-07-14,"Пшеничный 1,5",0.0,БЛУМ,Monday,Хлеб,Снят
2025-07-15,"Пшеничный 1,5",0.0,БЛУМ,Tuesday,Хлеб,Снят
2025-07-16,"Пшеничный 1,5",0.0,БЛУМ,Wednesday,Хлеб,Снят
2025-07-17,"Пшеничный 1,5",0.0,БЛУМ,Thursday,Хлеб,Снят
2025-07-18,"Пшеничный 1,5",0.0,БЛУМ,Friday,Хлеб,Снят
2025-07-19,"Пшеничный 1,5",0.0,БЛУМ,Saturday,Хлеб,Снят
2025-07-20,"Пшеничный 1,5",0.0,БЛУМ,Sunday,Хлеб,Снят
2025-07-21,"Пшеничный 1,5",0.0,БЛУМ,Monday,Хлеб,Снят
2025-07-22,"Пшеничный 1,5",0.0,БЛУМ,Tuesday,Хлеб,Снят
2025-07-23,"Пшеничный 1,5",0.0,БЛУМ,Wednesday,Хлеб,Снят
2025-07-24,"Пшеничный 1,5",0.0,БЛУМ,Thursday,Хлеб,Снят
2025-07-25,"Пшеничный 1,5",0.0,БЛУМ,Friday,Хлеб,Снят
2025-07-26,"Пшеничный 1,5",0.0,БЛУМ,Saturday,Хлеб,Снят
2025-07-27,"Пшеничный 1,5",0.0,БЛУМ,Sunday,Хлеб,Снят
2025-07-28,"Пшеничный 1,5",0.0,БЛУМ,Monday,Хлеб,Снят
2025-07-29,"Пшеничный 1,5",0.0,БЛУМ,Tuesday,Хлеб,Снят
2025-07-30,"Пшеничный 1,5",0.0,БЛУМ,Wednesday,Хлеб,Снят
2025-07-31,"Пшеничный 1,5",0.0,БЛУМ,Thursday,Хлеб,Снят
2025-08-01,"Пшеничный 1,5",0.0,БЛУМ,Friday,Хлеб,Снят
2025-08-02,"Пшеничный 1,5",0.0,БЛУМ,Saturday,Хлеб,Снят
2025-08-03,"Пшеничный 1,5",0.0,БЛУМ,Sunday,Хлеб,Снят
2025-08-04,"Пшеничный 1,5",0.0,БЛУМ,Monday,Хлеб,Снят
2025-08-05,"Пшеничный 1,5",0.0,БЛУМ,Tuesday,Хлеб,Снят
2025-08-06,"Пшеничный 1,5",0.0,БЛУМ,Wednesday,Хлеб,Снят
2025-08-07,"Пшеничный 1,5",0.0,БЛУМ,Thursday,Хлеб,Снят
2025-08-08,"Пшеничный 1,5",0.0,БЛУМ,Friday,Хлеб,Снят
2025-08-09,"Пшеничный 1,5",0.0,БЛУМ,Saturday,Хлеб,Снят
2025-08-10,"Пшеничный 1,5",0.0,БЛУМ,Sunday,Хлеб,Снят
2025-08-11,"Пшеничный 1,5",0.0,БЛУМ,Monday,Хлеб,Снят
2025-08-12,"Пшеничный 1,5",0.0,БЛУМ,Tuesday,Хлеб,Снят
2025-08-13,"Пшеничный 1,5",0.0,БЛУМ,Wednesday,Хлеб,Снят
2025-08-14,"Пшеничный 1,5",0.0,БЛУМ,Thursday,Хлеб,Снят
2025-08-15,"Пшеничный 1,5",0.0,БЛУМ,Friday,Хлеб,Снят
2025-08-16,"Пшеничный 1,5",0.0,БЛУМ,Saturday,Хлеб,Снят
2025-08-17,"Пшеничный 1,5",0.0,БЛУМ,Sunday,Хлеб,Снят
2025-08-18,"Пшеничный 1,5",0.0,БЛУМ,Monday,Хлеб,Снят
2025-08-19,"Пшеничный 1,5",0.0,БЛУМ,Tuesday,Хлеб,Снят
2025-08-20,"Пшеничный 1,5",0.0,БЛУМ,Wednesday,Хлеб,Снят
2025-08-21,"Пшеничный 1,5",0.0,БЛУМ,Thursday,Хлеб,Снят
2025-08-22,"Пшеничный 1,5",0.0,БЛУМ,Friday,Хлеб,Снят
2025-08-23,"Пшеничный 1,5",0.0,БЛУМ,Saturday,Хлеб,Снят
2025-08-24,"Пшеничный 1,5",0.0,БЛУМ,Sunday,Хлеб,Снят
2025-08-25,"Пшеничный 1,5",0.0,БЛУМ,Monday,Хлеб,Снят
2025-08-26,"Пшеничный 1,5",0.0,БЛУМ,Tuesday,Хлеб,Снят
2025-08-27,"Пшеничный 1,5",0.0,БЛУМ,Wednesday,Хлеб,Снят
2025-08-28,"Пшеничный 1,5",0.0,БЛУМ,Thursday,Хлеб,Снят
2025-08-29,"Пшеничный 1,5",0.0,БЛУМ,Friday,Хлеб,Снят
2025-08-30,"Пшеничный 1,5",1.0,БЛУМ,Saturday,Хлеб,Снят
2025-08-31,"Пшеничный 1,5",0.0,БЛУМ,Sunday,Хлеб,Снят
2025-06-01,"Тартин 0,75",2.0,БЛУМ,Sunday,Хлеб,Активный
2025-06-02,"Тартин 0,75",0.0,БЛУМ,Monday,Хлеб,Активный
2025-06-03,"Тартин 0,75",0.0,БЛУМ,Tuesday,Хлеб,Активный
2025-06-04,"Тартин 0,75",0.0,БЛУМ,Wednesday,Хлеб,Активный
2025-06-05,"Тартин 0,75",0.0,БЛУМ,Thursday,Хлеб,Активный
2025-06-06,"Тартин 0,75",0.0,БЛУМ,Friday,Хлеб,Активный
2025-06-07,"Тартин 0,75",0.0,БЛУМ,Saturday,Хлеб,Активный
2025-06-08,"Тартин 0,75",2.0,БЛУМ,Sunday,Хлеб,Активный
2025-06-09,"Тартин 0,75",0.0,БЛУМ,Monday,Хлеб,Активный
2025-06-10,"Тартин 0,75",1.0,БЛУМ,Tuesday,Хлеб,Активный
2025-06-11,"Тартин 0,75",0.0,БЛУМ,Wednesday,Хлеб,Активный
2025-06-12,"Тартин 0,75",2.0,БЛУМ,Thursday,Хлеб,Активный
2025-06-13,"Тартин 0,75",1.0,БЛУМ,Friday,Хлеб,Активный
2025-06-14,"Тартин 0,75",1.0,БЛУМ,Saturday,Хлеб,Активный
2025-06-15,"Тартин 0,75",1.0,БЛУМ,Sunday,Хлеб,Активный
2025-06-16,"Тартин 0,75",1.0,БЛУМ,Monday,Хлеб,Активный
2025-06-17,"Тартин 0,75",0.0,БЛУМ,Tuesday,Хлеб,Активный
2025-06-18,"Тартин 0,75",0.0,БЛУМ,Wednesday,Хлеб,Активный
2025-06-19,"Тартин 0,75",0.0,БЛУМ,Thursday,Хлеб,Активный
2025-06-20,"Тартин 0,75",2.0,БЛУМ,Friday,Хлеб,Активный
2025-06-21,"Тартин 0,75",0.0,БЛУМ,Saturday,Хлеб,Активный
2025-06-22,"Тартин 0,75",1.0,БЛУМ,Sunday,Хлеб,Активный
2025-06-23,"Тартин 0,75",0.0,БЛУМ,Monday,Хлеб,Активный
2025-06-24,"Тартин 0,75",1.0,БЛУМ,Tuesday,Хлеб,Активный
2025-06-25,"Тартин 0,75",1.0,БЛУМ,Wednesday,Хлеб,Активный
2025-06-26,"Тартин 0,75",0.0,БЛУМ,Thursday,Хлеб,Активный
2025-06-27,"Тартин 0,75",1.0,БЛУМ,Friday,Хлеб,Активный
2025-06-28,"Тартин 0,75",2.0,БЛУМ,Saturday,Хлеб,Активный
2025-06-29,"Тартин 0,75",2.0,БЛУМ,Sunday,Хлеб,Активный
2025-06-30,"Тартин 0,75",0.0,БЛУМ,Monday,Хлеб,Активный
2025-07-01,"Тартин 0,75",0.0,БЛУМ,Tuesday,Хлеб,Активный
2025-07-02,"Тартин 0,75",0.0,БЛУМ,Wednesday,Хлеб,Активный
2025-07-03,"Тартин 0,75",2.0,БЛУМ,Thursday,Хлеб,Активный
2025-07-04,"Тартин 0,75",0.0,БЛУМ,Friday,Хлеб,Активный
2025-07-05,"Тартин 0,75",2.0,БЛУМ,Saturday,Хлеб,Активный
2025-07-06,"Тартин 0,75",0.0,БЛУМ,Sunday,Хлеб,Активный
2025-07-07,"Тартин 0,75",0.0,БЛУМ,Monday,Хлеб,Активный
2025-07-08,"Тартин 0,75",0.0,БЛУМ,Tuesday,Хлеб,Активный
2025-07-09,"Тартин 0,75",0.0,БЛУМ,Wednesday,Хлеб,Активный
2025-07-10,"Тартин 0,75",0.0,БЛУМ,Thursday,Хлеб,Активный
2025-07-11,"Тартин 0,75",0.0,БЛУМ,Friday,Хлеб,Активный
2025-07-12,"Тартин 0,75",0.0,БЛУМ,Saturday,Хлеб,Активный
2025-07-13,"Тартин 0,75",0.0,БЛУМ,Sunday,Хлеб,Активный
2025-07-14,"Тартин 0,75",0.0,БЛУМ,Monday,Хлеб,Активный
2025-07-15,"Тартин 0,75",0.0,БЛУМ,Tuesday,Хлеб,Активный
2025-07-16,"Тартин 0,75",0.0,БЛУМ,Wednesday,Хлеб,Активный
2025-07-17,"Тартин 0,75",2.0,БЛУМ,Thursday,Хлеб,Активный
2025-07-18,"Тартин 0,75",1.0,БЛУМ,Friday,Хлеб,Активный
2025-07-19,"Тартин 0,75",0.0,БЛУМ,Saturday,Хлеб,Активный
2025-07-20,"Тартин 0,75",0.0,БЛУМ,Sunday,Хлеб,Активный
2025-07-21,"Тартин 0,75",1.0,БЛУМ,Monday,Хлеб,Активный
2025-07-22,"Тартин 0,75",0.0,БЛУМ,Tuesday,Хлеб,Активный
2025-07-23,"Тартин 0,75",0.0,БЛУМ,Wednesday,Хлеб,Активный
2025-07-24,"Тартин 0,75",3.0,БЛУМ,Thursday,Хлеб,Активный
2025-07-25,"Тартин 0,75",0.0,БЛУМ,Friday,Хлеб,Активный
2025-07-26,"Тартин 0,75",1.0,БЛУМ,Saturday,Хлеб,Активный
2025-07-27,"Тартин 0,75",0.0,БЛУМ,Sunday,Хлеб,Активный
2025-07-28,"Тартин 0,75",0.0,БЛУМ,Monday,Хлеб,Активный
2025-07-29,"Тартин 0,75",0.0,БЛУМ,Tuesday,Хлеб,Активный
2025-07-30,"Тартин 0,75",0.0,БЛУМ,Wednesday,Хлеб,Активный
2025-07-31,"Тартин 0,75",0.0,БЛУМ,Thursday,Хлеб,Активный
2025-08-01,"Тартин 0,75",2.0,БЛУМ,Friday,Хлеб,Активный
2025-08-02,"Тартин 0,75",0.0,БЛУМ,Saturday,Хлеб,Активный
2025-08-03,"Тартин 0,75",0.0,БЛУМ,Sunday,Хлеб,Активный
2025-08-04,"Тартин 0,75",1.0,БЛУМ,Monday,Хлеб,Активный
2025-08-05,"Тартин 0,75",0.0,БЛУМ,Tuesday,Хлеб,Активный
2025-08-06,"Тартин 0,75",0.0,БЛУМ,Wednesday,Хлеб,Активный
2025-08-07,"Тартин 0,75",0.0,БЛУМ,Thursday,Хлеб,Активный
2025-08-08,"Тартин 0,75",0.0,БЛУМ,Friday,Хлеб,Активный
2025-08-09,"Тартин 0,75",0.0,БЛУМ,Saturday,Хлеб,Активный
2025-08-10,"Тартин 0,75",0.0,БЛУМ,Sunday,Хлеб,Активный
2025-08-11,"Тартин 0,75",2.0,БЛУМ,Monday,Хлеб,Активный
2025-08-12,"Тартин 0,75",1.0,БЛУМ,Tuesday,Хлеб,Активный
2025-08-13,"Тартин 0,75",1.0,БЛУМ,Wednesday,Хлеб,Активный
2025-08-14,"Тартин 0,75",0.0,БЛУМ,Thursday,Хлеб,Активный
2025-08-15,"Тартин 0,75",0.0,БЛУМ,Friday,Хлеб,Активный
2025-08-16,"Тартин 0,75",2.0,БЛУМ,Saturday,Хлеб,Активный
2025-08-17,"Тартин 0,75",1.0,БЛУМ,Sunday,Хлеб,Активный
2025-08-18,"Тартин 0,75",0.0,БЛУМ,Monday,Хлеб,Активный
2025-08-19,"Тартин 0,75",0.0,БЛУМ,Tuesday,Хлеб,Активный
2025-08-20,"Тартин 0,75",0.0,БЛУМ,Wednesday,Хлеб,Активный
2025-08-21,"Тартин 0,75",2.0,БЛУМ,Thursday,Хлеб,Активный
2025-08-22,"Тартин 0,75",1.0,БЛУМ,Friday,Хлеб,Активный
2025-08-23,"Тартин 0,75",1.0,БЛУМ,Saturday,Хлеб,Активный
2025-08-24,"Тартин 0,75",0.0,БЛУМ,Sunday,Хлеб,Активный
2025-08-25,"Тартин 0,75",0.0,БЛУМ,Monday,Хлеб,Активный
2025-08-26,"Тартин 0,75",0.0,БЛУМ,Tuesday,Хлеб,Активный
2025-08-27,"Тартин 0,75",0.0,БЛУМ,Wednesday,Хлеб,Активный
2025-08-28,"Тартин 0,75",1.0,БЛУМ,Thursday,Хлеб,Активный
2025-08-29,"Тартин 0,75",0.0,БЛУМ,Friday,Хлеб,Активный
2025-08-30,"Тартин 0,75",1.0,БЛУМ,Saturday,Хлеб,Активный
2025-08-31,"Тартин 0,75",0.0,БЛУМ,Sunday,Хлеб,Активный
2025-06-01,Фокачча 400х600,0.0,БЛУМ,Sunday,Хлеб,пф
2025-06-02,Фокачча 400х600,0.0,БЛУМ,Monday,Хлеб,пф
2025-06-03,Фокачча 400х600,0.0,БЛУМ,Tuesday,Хлеб,пф
2025-06-04,Фокачча 400х600,0.0,БЛУМ,Wednesday,Хлеб,пф
2025-06-05,Фокачча 400х600,0.0,БЛУМ,Thursday,Хлеб,пф
2025-06-06,Фокачча 400х600,0.0,БЛУМ,Friday,Хлеб,пф
2025-06-07,Фокачча 400х600,0.0,БЛУМ,Saturday,Хлеб,пф
2025-06-08,Фокачча 400х600,0.0,БЛУМ,Sunday,Хлеб,пф
2025-06-09,Фокачча 400х600,0.0,БЛУМ,Monday,Хлеб,пф
2025-06-10,Фокачча 400х600,0.0,БЛУМ,Tuesday,Хлеб,пф
2025-06-11,Фокачча 400х600,0.0,БЛУМ,Wednesday,Хлеб,пф
2025-06-12,Фокачча 400х600,0.0,БЛУМ,Thursday,Хлеб,пф
2025-06-13,Фокачча 400х600,0.0,БЛУМ,Friday,Хлеб,пф
2025-06-14,Фокачча 400х600,0.0,БЛУМ,Saturday,Хлеб,пф
2025-06-15,Фокачча 400х600,0.0,БЛУМ,Sunday,Хлеб,пф
2025-06-16,Фокачча 400х600,0.0,БЛУМ,Monday,Хлеб,пф
2025-06-17,Фокачча 400х600,0.0,БЛУМ,Tuesday,Хлеб,пф
2025-06-18,Фокачча 400х600,0.0,БЛУМ,Wednesday,Хлеб,пф
2025-06-19,Фокачча 400х600,0.0,БЛУМ,Thursday,Хлеб,пф
2025-06-20,Фокачча 400х600,0.0,БЛУМ,Friday,Хлеб,пф
2025-06-21,Фокачча 400х600,0.0,БЛУМ,Saturday,Хлеб,пф
2025-06-22,Фокачча 400х600,0.0,БЛУМ,Sunday,Хлеб,пф
2025-06-23,Фокачча 400х600,0.0,БЛУМ,Monday,Хлеб,пф
2025-06-24,Фокачча 400х600,0.0,БЛУМ,Tuesday,Хлеб,пф
2025-06-25,Фокачча 400х600,0.0,БЛУМ,Wednesday,Хлеб,пф
2025-06-26,Фокачча 400х600,0.0,БЛУМ,Thursday,Хлеб,пф
2025-06-27,Фокачча 400х600,0.0,БЛУМ,Friday,Хлеб,пф
2025-06-28,Фокачча 400х600,0.0,БЛУМ,Saturday,Хлеб,пф
2025-06-29,Фокачча 400х600,0.0,БЛУМ,Sunday,Хлеб,пф
2025-06-30,Фокачча 400х600,0.0,БЛУМ,Monday,Хлеб,пф
2025-07-01,Фокачча 400х600,0.0,БЛУМ,Tuesday,Хлеб,пф
2025-07-02,Фокачча 400х600,0.0,БЛУМ,Wednesday,Хлеб,пф
2025-07-03,Фокачча 400х600,0.0,БЛУМ,Thursday,Хлеб,пф
2025-07-04,Фокачча 400х600,0.0,БЛУМ,Friday,Хлеб,пф
2025-07-05,Фокачча 400х600,0.0,БЛУМ,Saturday,Хлеб,пф
2025-07-06,Фокачча 400х600,0.0,БЛУМ,Sunday,Хлеб,пф
2025-07-07,Фокачча 400х600,0.0,БЛУМ,Monday,Хлеб,пф
2025-07-08,Фокачча 400х600,0.0,БЛУМ,Tuesday,Хлеб,пф
2025-07-09,Фокачча 400х600,0.0,БЛУМ,Wednesday,Хлеб,пф
2025-07-10,Фокачча 400х600,0.0,БЛУМ,Thursday,Хлеб,пф
2025-07-11,Фокачча 400х600,0.0,БЛУМ,Friday,Хлеб,пф
2025-07-12,Фокачча 400х600,0.0,БЛУМ,Saturday,Хлеб,пф
2025-07-13,Фокачча 400х600,0.0,БЛУМ,Sunday,Хлеб,пф
2025-07-14,Фокачча 400х600,0.0,БЛУМ,Monday,Хлеб,пф
2025-07-15,Фокачча 400х600,0.0,БЛУМ,Tuesday,Хлеб,пф
2025-07-16,Фокачча 400х600,0.0,БЛУМ,Wednesday,Хлеб,пф
2025-07-17,Фокачча 400х600,0.0,БЛУМ,Thursday,Хлеб,пф
2025-07-18,Фокачча 400х600,0.0,БЛУМ,Friday,Хлеб,пф
2025-07-19,Фокачча 400х600,0.0,БЛУМ,Saturday,Хлеб,пф
2025-07-20,Фокачча 400х600,0.0,БЛУМ,Sunday,Хлеб,пф
2025-07-21,Фокачча 400х600,0.0,БЛУМ,Monday,Хлеб,пф
2025-07-22,Фокачча 400х600,0.0,БЛУМ,Tuesday,Хлеб,пф
2025-07-23,Фокачча 400х600,0.0,БЛУМ,Wednesday,Хлеб,пф
2025-07-24,Фокачча 400х600,0.0,БЛУМ,Thursday,Хлеб,пф
2025-07-25,Фокачча 400х600,0.0,БЛУМ,Friday,Хлеб,пф
2025-07-26,Фокачча 400х600,0.0,БЛУМ,Saturday,Хлеб,пф
2025-07-27,Фокачча 400х600,0.0,БЛУМ,Sunday,Хлеб,пф
2025-07-28,Фокачча 400х600,0.0,БЛУМ,Monday,Хлеб,пф
2025-07-29,Фокачча 400х600,0.0,БЛУМ,Tuesday,Хлеб,пф
2025-07-30,Фокачча 400х600,0.0,БЛУМ,Wednesday,Хлеб,пф
2025-07-31,Фокачча 400х600,0.0,БЛУМ,Thursday,Хлеб,пф
2025-08-01,Фокачча 400х600,0.0,БЛУМ,Friday,Хлеб,пф
2025-08-02,Фокачча 400х600,0.0,БЛУМ,Saturday,Хлеб,пф
2025-08-03,Фокачча 400х600,0.0,БЛУМ,Sunday,Хлеб,пф
2025-08-04,Фокачча 400х600,0.0,БЛУМ,Monday,Хлеб,пф
2025-08-05,Фокачча 400х600,0.0,БЛУМ,Tuesday,Хлеб,пф
2025-08-06,Фокачча 400х600,0.0,БЛУМ,Wednesday,Хлеб,пф
2025-08-07,Фокачча 400х600,0.0,БЛУМ,Thursday,Хлеб,пф
2025-08-08,Фокачча 400х600,0.0,БЛУМ,Friday,Хлеб,пф
2025-08-09,Фокачча 400х600,0.0,БЛУМ,Saturday,Хлеб,пф
2025-08-10,Фокачча 400х600,0.0,БЛУМ,Sunday,Хлеб,пф
2025-08-11,Фокачча 400х600,0.0,БЛУМ,Monday,Хлеб,пф
2025-08-12,Фокачча 400х600,0.0,БЛУМ,Tuesday,Хлеб,пф
2025-08-13,Фокачча 400х600,0.0,БЛУМ,Wednesday,Хлеб,пф
2025-08-14,Фокачча 400х600,0.0,БЛУМ,Thursday,Хлеб,пф
2025-08-15,Фокачча 400х600,0.0,БЛУМ,Friday,Хлеб,пф
2025-08-16,Фокачча 400х600,0.0,БЛУМ,Saturday,Хлеб,пф
2025-08-17,Фокачча 400х600,0.0,БЛУМ,Sunday,Хлеб,пф
2025-08-18,Фокачча 400х600,0.0,БЛУМ,Monday,Хлеб,пф
2025-08-19,Фокачча 400х600,0.0,БЛУМ,Tuesday,Хлеб,пф
2025-08-20,Фокачча 400х600,0.0,БЛУМ,Wednesday,Хлеб,пф
2025-08-21,Фокачча 400х600,0.0,БЛУМ,Thursday,Хлеб,пф
2025-08-22,Фокачча 400х600,0.0,БЛУМ,Friday,Хлеб,пф
2025-08-23,Фокачча 400х600,0.0,БЛУМ,Saturday,Хлеб,пф
2025-08-24,Фокачча 400х600,0.0,БЛУМ,Sunday,Хлеб,пф
2025-08-25,Фокачча 400х600,0.0,БЛУМ,Monday,Хлеб,пф
2025-08-26,Фокачча 400х600,0.0,БЛУМ,Tuesday,Хлеб,пф
2025-08-27,Фокачча 400х600,0.0,БЛУМ,Wednesday,Хлеб,пф
2025-08-28,Фокачча 400х600,0.0,БЛУМ,Thursday,Хлеб,пф
2025-08-29,Фокачча 400х600,0.0,БЛУМ,Friday,Хлеб,пф
2025-08-30,Фокачча 400х600,0.0,БЛУМ,Saturday,Хлеб,пф
2025-08-31,Фокачча 400х600,0.0,БЛУМ,Sunday,Хлеб,пф
2025-06-01,Фокачча GN 2/3,0.0,БЛУМ,Sunday,Хлеб,Снят
2025-06-02,Фокачча GN 2/3,0.0,БЛУМ,Monday,Хлеб,Снят
2025-06-03,Фокачча GN 2/3,0.0,БЛУМ,Tuesday,Хлеб,Снят
2025-06-04,Фокачча GN 2/3,0.0,БЛУМ,Wednesday,Хлеб,Снят
2025-06-05,Фокачча GN 2/3,0.0,БЛУМ,Thursday,Хлеб,Снят
2025-06-06,Фокачча GN 2/3,0.0,БЛУМ,Friday,Хлеб,Снят
2025-06-07,Фокачча GN 2/3,0.0,БЛУМ,Saturday,Хлеб,Снят
2025-06-08,Фокачча GN 2/3,0.0,БЛУМ,Sunday,Хлеб,Снят
2025-06-09,Фокачча GN 2/3,0.0,БЛУМ,Monday,Хлеб,Снят
2025-06-10,Фокачча GN 2/3,0.0,БЛУМ,Tuesday,Хлеб,Снят
2025-06-11,Фокачча GN 2/3,0.0,БЛУМ,Wednesday,Хлеб,Снят
2025-06-12,Фокачча GN 2/3,0.0,БЛУМ,Thursday,Хлеб,Снят
2025-06-13,Фокачча GN 2/3,0.0,БЛУМ,Friday,Хлеб,Снят
2025-06-14,Фокачча GN 2/3,0.0,БЛУМ,Saturday,Хлеб,Снят
2025-06-15,Фокачча GN 2/3,0.0,БЛУМ,Sunday,Хлеб,Снят
2025-06-16,Фокачча GN 2/3,0.0,БЛУМ,Monday,Хлеб,Снят
2025-06-17,Фокачча GN 2/3,0.0,БЛУМ,Tuesday,Хлеб,Снят
2025-06-18,Фокачча GN 2/3,0.0,БЛУМ,Wednesday,Хлеб,Снят
2025-06-19,Фокачча GN 2/3,0.0,БЛУМ,Thursday,Хлеб,Снят
2025-06-20,Фокачча GN 2/3,0.0,БЛУМ,Friday,Хлеб,Снят
2025-06-21,Фокачча GN 2/3,0.0,БЛУМ,Saturday,Хлеб,Снят
2025-06-22,Фокачча GN 2/3,0.0,БЛУМ,Sunday,Хлеб,Снят
2025-06-23,Фокачча GN 2/3,0.0,БЛУМ,Monday,Хлеб,Снят
2025-06-24,Фокачча GN 2/3,0.0,БЛУМ,Tuesday,Хлеб,Снят
2025-06-25,Фокачча GN 2/3,0.0,БЛУМ,Wednesday,Хлеб,Снят
2025-06-26,Фокачча GN 2/3,0.0,БЛУМ,Thursday,Хлеб,Снят
2025-06-27,Фокачча GN 2/3,0.0,БЛУМ,Friday,Хлеб,Снят
2025-06-28,Фокачча GN 2/3,0.0,БЛУМ,Saturday,Хлеб,Снят
2025-06-29,Фокачча GN 2/3,0.0,БЛУМ,Sunday,Хлеб,Снят
2025-06-30,Фокачча GN 2/3,0.0,БЛУМ,Monday,Хлеб,Снят
2025-07-01,Фокачча GN 2/3,0.0,БЛУМ,Tuesday,Хлеб,Снят
2025-07-02,Фокачча GN 2/3,0.0,БЛУМ,Wednesday,Хлеб,Снят
2025-07-03,Фокачча GN 2/3,0.0,БЛУМ,Thursday,Хлеб,Снят
2025-07-04,Фокачча GN 2/3,0.0,БЛУМ,Friday,Хлеб,Снят
2025-07-05,Фокачча GN 2/3,0.0,БЛУМ,Saturday,Хлеб,Снят
2025-07-06,Фокачча GN 2/3,0.0,БЛУМ,Sunday,Хлеб,Снят
2025-07-07,Фокачча GN 2/3,0.0,БЛУМ,Monday,Хлеб,Снят
2025-07-08,Фокачча GN 2/3,0.0,БЛУМ,Tuesday,Хлеб,Снят
2025-07-09,Фокачча GN 2/3,0.0,БЛУМ,Wednesday,Хлеб,Снят
2025-07-10,Фокачча GN 2/3,0.0,БЛУМ,Thursday,Хлеб,Снят
2025-07-11,Фокачча GN 2/3,0.0,БЛУМ,Friday,Хлеб,Снят
2025-07-12,Фокачча GN 2/3,0.0,БЛУМ,Saturday,Хлеб,Снят
2025-07-13,Фокачча GN 2/3,0.0,БЛУМ,Sunday,Хлеб,Снят
2025-07-14,Фокачча GN 2/3,0.0,БЛУМ,Monday,Хлеб,Снят
2025-07-15,Фокачча GN 2/3,0.0,БЛУМ,Tuesday,Хлеб,Снят
2025-07-16,Фокачча GN 2/3,0.0,БЛУМ,Wednesday,Хлеб,Снят
2025-07-17,Фокачча GN 2/3,0.0,БЛУМ,Thursday,Хлеб,Снят
2025-07-18,Фокачча GN 2/3,0.0,БЛУМ,Friday,Хлеб,Снят
2025-07-19,Фокачча GN 2/3,0.0,БЛУМ,Saturday,Хлеб,Снят
2025-07-20,Фокачча GN 2/3,0.0,БЛУМ,Sunday,Хлеб,Снят
2025-07-21,Фокачча GN 2/3,0.0,БЛУМ,Monday,Хлеб,Снят
2025-07-22,Фокачча GN 2/3,0.0,БЛУМ,Tuesday,Хлеб,Снят
2025-07-23,Фокачча GN 2/3,0.0,БЛУМ,Wednesday,Хлеб,Снят
2025-07-24,Фокачча GN 2/3,0.0,БЛУМ,Thursday,Хлеб,Снят
2025-07-25,Фокачча GN 2/3,0.0,БЛУМ,Friday,Хлеб,Снят
2025-07-26,Фокачча GN 2/3,0.0,БЛУМ,Saturday,Хлеб,Снят
2025-07-27,Фокачча GN 2/3,0.0,БЛУМ,Sunday,Хлеб,Снят
2025-07-28,Фокачча GN 2/3,0.0,БЛУМ,Monday,Хлеб,Снят
2025-07-29,Фокачча GN 2/3,0.0,БЛУМ,Tuesday,Хлеб,Снят
2025-07-30,Фокачча GN 2/3,0.0,БЛУМ,Wednesday,Хлеб,Снят
2025-07-31,Фокачча GN 2/3,0.0,БЛУМ,Thursday,Хлеб,Снят
2025-08-01,Фокачча GN 2/3,0.0,БЛУМ,Friday,Хлеб,Снят
2025-08-02,Фокачча GN 2/3,0.0,БЛУМ,Saturday,Хлеб,Снят
2025-08-03,Фокачча GN 2/3,0.0,БЛУМ,Sunday,Хлеб,Снят
2025-08-04,Фокачча GN 2/3,0.0,БЛУМ,Monday,Хлеб,Снят
2025-08-05,Фокачча GN 2/3,0.0,БЛУМ,Tuesday,Хлеб,Снят
2025-08-06,Фокачча GN 2/3,0.0,БЛУМ,Wednesday,Хлеб,Снят
2025-08-07,Фокачча GN 2/3,0.0,БЛУМ,Thursday,Хлеб,Снят
2025-08-08,Фокачча GN 2/3,0.0,БЛУМ,Friday,Хлеб,Снят
2025-08-09,Фокачча GN 2/3,0.0,БЛУМ,Saturday,Хлеб,Снят
2025-08-10,Фокачча GN 2/3,0.0,БЛУМ,Sunday,Хлеб,Снят
2025-08-11,Фокачча GN 2/3,0.0,БЛУМ,Monday,Хлеб,Снят
2025-08-12,Фокачча GN 2/3,0.0,БЛУМ,Tuesday,Хлеб,Снят
2025-08-13,Фокачча GN 2/3,0.0,БЛУМ,Wednesday,Хлеб,Снят
2025-08-14,Фокачча GN 2/3,0.0,БЛУМ,Thursday,Хлеб,Снят
2025-08-15,Фокачча GN 2/3,0.0,БЛУМ,Friday,Хлеб,Снят
2025-08-16,Фокачча GN 2/3,0.0,БЛУМ,Saturday,Хлеб,Снят
2025-08-17,Фокачча GN 2/3,0.0,БЛУМ,Sunday,Хлеб,Снят
2025-08-18,Фокачча GN 2/3,0.0,БЛУМ,Monday,Хлеб,Снят
2025-08-19,Фокачча GN 2/3,0.0,БЛУМ,Tuesday,Хлеб,Снят
2025-08-20,Фокачча GN 2/3,0.0,БЛУМ,Wednesday,Хлеб,Снят
2025-08-21,Фокачча GN 2/3,0.0,БЛУМ,Thursday,Хлеб,Снят
2025-08-22,Фокачча GN 2/3,0.0,БЛУМ,Friday,Хлеб,Снят
2025-08-23,Фокачча GN 2/3,0.0,БЛУМ,Saturday,Хлеб,Снят
2025-08-24,Фокачча GN 2/3,0.0,БЛУМ,Sunday,Хлеб,Снят
2025-08-25,Фокачча GN 2/3,0.0,БЛУМ,Monday,Хлеб,Снят
2025-08-26,Фокачча GN 2/3,0.0,БЛУМ,Tuesday,Хлеб,Снят
2025-08-27,Фокачча GN 2/3,0.0,БЛУМ,Wednesday,Хлеб,Снят
2025-08-28,Фокачча GN 2/3,0.0,БЛУМ,Thursday,Хлеб,Снят
2025-08-29,Фокачча GN 2/3,0.0,БЛУМ,Friday,Хлеб,Снят
2025-08-30,Фокачча GN 2/3,0.0,БЛУМ,Saturday,Хлеб,Снят
2025-08-31,Фокачча GN 2/3,0.0,БЛУМ,Sunday,Хлеб,Снят
2025-06-01,Шу мини ваниль,0.0,БЛУМ,Sunday,Десерты,Снят
2025-06-02,Шу мини ваниль,0.0,БЛУМ,Monday,Десерты,Снят
2025-06-03,Шу мини ваниль,0.0,БЛУМ,Tuesday,Десерты,Снят
2025-06-04,Шу мини ваниль,0.0,БЛУМ,Wednesday,Десерты,Снят
2025-06-05,Шу мини ваниль,0.0,БЛУМ,Thursday,Десерты,Снят
2025-06-06,Шу мини ваниль,0.0,БЛУМ,Friday,Десерты,Снят
2025-06-07,Шу мини ваниль,0.0,БЛУМ,Saturday,Десерты,Снят
2025-06-08,Шу мини ваниль,0.0,БЛУМ,Sunday,Десерты,Снят
2025-06-09,Шу мини ваниль,0.0,БЛУМ,Monday,Десерты,Снят
2025-06-10,Шу мини ваниль,0.0,БЛУМ,Tuesday,Десерты,Снят
2025-06-11,Шу мини ваниль,0.0,БЛУМ,Wednesday,Десерты,Снят
2025-06-12,Шу мини ваниль,0.0,БЛУМ,Thursday,Десерты,Снят
2025-06-13,Шу мини ваниль,0.0,БЛУМ,Friday,Десерты,Снят
2025-06-14,Шу мини ваниль,0.0,БЛУМ,Saturday,Десерты,Снят
2025-06-15,Шу мини ваниль,0.0,БЛУМ,Sunday,Десерты,Снят
2025-06-16,Шу мини ваниль,0.0,БЛУМ,Monday,Десерты,Снят
2025-06-17,Шу мини ваниль,0.0,БЛУМ,Tuesday,Десерты,Снят
2025-06-18,Шу мини ваниль,0.0,БЛУМ,Wednesday,Десерты,Снят
2025-06-19,Шу мини ваниль,0.0,БЛУМ,Thursday,Десерты,Снят
2025-06-20,Шу мини ваниль,0.0,БЛУМ,Friday,Десерты,Снят
2025-06-21,Шу мини ваниль,0.0,БЛУМ,Saturday,Десерты,Снят
2025-06-22,Шу мини ваниль,0.0,БЛУМ,Sunday,Десерты,Снят
2025-06-23,Шу мини ваниль,0.0,БЛУМ,Monday,Десерты,Снят
2025-06-24,Шу мини ваниль,0.0,БЛУМ,Tuesday,Десерты,Снят
2025-06-25,Шу мини ваниль,0.0,БЛУМ,Wednesday,Десерты,Снят
2025-06-26,Шу мини ваниль,0.0,БЛУМ,Thursday,Десерты,Снят
2025-06-27,Шу мини ваниль,0.0,БЛУМ,Friday,Десерты,Снят
2025-06-28,Шу мини ваниль,0.0,БЛУМ,Saturday,Десерты,Снят
2025-06-29,Шу мини ваниль,0.0,БЛУМ,Sunday,Десерты,Снят
2025-06-30,Шу мини ваниль,0.0,БЛУМ,Monday,Десерты,Снят
2025-07-01,Шу мини ваниль,0.0,БЛУМ,Tuesday,Десерты,Снят
2025-07-02,Шу мини ваниль,0.0,БЛУМ,Wednesday,Десерты,Снят
2025-07-03,Шу мини ваниль,0.0,БЛУМ,Thursday,Десерты,Снят
2025-07-04,Шу мини ваниль,0.0,БЛУМ,Friday,Десерты,Снят
2025-07-05,Шу мини ваниль,0.0,БЛУМ,Saturday,Десерты,Снят
2025-07-06,Шу мини ваниль,0.0,БЛУМ,Sunday,Десерты,Снят
2025-07-07,Шу мини ваниль,0.0,БЛУМ,Monday,Десерты,Снят
2025-07-08,Шу мини ваниль,0.0,БЛУМ,Tuesday,Десерты,Снят
2025-07-09,Шу мини ваниль,0.0,БЛУМ,Wednesday,Десерты,Снят
2025-07-10,Шу мини ваниль,0.0,БЛУМ,Thursday,Десерты,Снят
2025-07-11,Шу мини ваниль,0.0,БЛУМ,Friday,Десерты,Снят
2025-07-12,Шу мини ваниль,0.0,БЛУМ,Saturday,Десерты,Снят
2025-07-13,Шу мини ваниль,0.0,БЛУМ,Sunday,Десерты,Снят
2025-07-14,Шу мини ваниль,0.0,БЛУМ,Monday,Десерты,Снят
2025-07-15,Шу мини ваниль,0.0,БЛУМ,Tuesday,Десерты,Снят
2025-07-16,Шу мини ваниль,0.0,БЛУМ,Wednesday,Десерты,Снят
2025-07-17,Шу мини ваниль,0.0,БЛУМ,Thursday,Десерты,Снят
2025-07-18,Шу мини ваниль,0.0,БЛУМ,Friday,Десерты,Снят
2025-07-19,Шу мини ваниль,0.0,БЛУМ,Saturday,Десерты,Снят
2025-07-20,Шу мини ваниль,0.0,БЛУМ,Sunday,Десерты,Снят
2025-07-21,Шу мини ваниль,0.0,БЛУМ,Monday,Десерты,Снят
2025-07-22,Шу мини ваниль,0.0,БЛУМ,Tuesday,Десерты,Снят
2025-07-23,Шу мини ваниль,0.0,БЛУМ,Wednesday,Десерты,Снят
2025-07-24,Шу мини ваниль,0.0,БЛУМ,Thursday,Десерты,Снят
2025-07-25,Шу мини ваниль,0.0,БЛУМ,Friday,Десерты,Снят
2025-07-26,Шу мини ваниль,0.0,БЛУМ,Saturday,Десерты,Снят
2025-07-27,Шу мини ваниль,0.0,БЛУМ,Sunday,Десерты,Снят
2025-07-28,Шу мини ваниль,0.0,БЛУМ,Monday,Десерты,Снят
2025-07-29,Шу мини ваниль,0.0,БЛУМ,Tuesday,Десерты,Снят
2025-07-30,Шу мини ваниль,0.0,БЛУМ,Wednesday,Десерты,Снят
2025-07-31,Шу мини ваниль,0.0,БЛУМ,Thursday,Десерты,Снят
2025-08-01,Шу мини ваниль,0.0,БЛУМ,Friday,Десерты,Снят
2025-08-02,Шу мини ваниль,0.0,БЛУМ,Saturday,Десерты,Снят
2025-08-03,Шу мини ваниль,0.0,БЛУМ,Sunday,Десерты,Снят
2025-08-04,Шу мини ваниль,0.0,БЛУМ,Monday,Десерты,Снят
2025-08-05,Шу мини ваниль,0.0,БЛУМ,Tuesday,Десерты,Снят
2025-08-06,Шу мини ваниль,0.0,БЛУМ,Wednesday,Десерты,Снят
2025-08-07,Шу мини ваниль,0.0,БЛУМ,Thursday,Десерты,Снят
2025-08-08,Шу мини ваниль,0.0,БЛУМ,Friday,Десерты,Снят
2025-08-09,Шу мини ваниль,0.0,БЛУМ,Saturday,Десерты,Снят
2025-08-10,Шу мини ваниль,0.0,БЛУМ,Sunday,Десерты,Снят
2025-08-11,Шу мини ваниль,0.0,БЛУМ,Monday,Десерты,Снят
2025-08-12,Шу мини ваниль,0.0,БЛУМ,Tuesday,Десерты,Снят
2025-08-13,Шу мини ваниль,0.0,БЛУМ,Wednesday,Десерты,Снят
2025-08-14,Шу мини ваниль,0.0,БЛУМ,Thursday,Десерты,Снят
2025-08-15,Шу мини ваниль,0.0,БЛУМ,Friday,Десерты,Снят
2025-08-16,Шу мини ваниль,0.0,БЛУМ,Saturday,Десерты,Снят
2025-08-17,Шу мини ваниль,0.0,БЛУМ,Sunday,Десерты,Снят
2025-08-18,Шу мини ваниль,0.0,БЛУМ,Monday,Десерты,Снят
2025-08-19,Шу мини ваниль,0.0,БЛУМ,Tuesday,Десерты,Снят
2025-08-20,Шу мини ваниль,0.0,БЛУМ,Wednesday,Десерты,Снят
2025-08-21,Шу мини ваниль,0.0,БЛУМ,Thursday,Десерты,Снят
2025-08-22,Шу мини ваниль,0.0,БЛУМ,Friday,Десерты,Снят
2025-08-23,Шу мини ваниль,0.0,БЛУМ,Saturday,Десерты,Снят
2025-08-24,Шу мини ваниль,0.0,БЛУМ,Sunday,Десерты,Снят
2025-08-25,Шу мини ваниль,0.0,БЛУМ,Monday,Десерты,Снят
2025-08-26,Шу мини ваниль,0.0,БЛУМ,Tuesday,Десерты,Снят
2025-08-27,Шу мини ваниль,0.0,БЛУМ,Wednesday,Десерты,Снят
2025-08-28,Шу мини ваниль,0.0,БЛУМ,Thursday,Десерты,Снят
2025-08-29,Шу мини ваниль,0.0,БЛУМ,Friday,Десерты,Снят
2025-08-30,Шу мини ваниль,0.0,БЛУМ,Saturday,Десерты,Снят
2025-08-31,Шу мини ваниль,0.0,БЛУМ,Sunday,Десерты,Снят
2025-06-01,Шу мини жасмин,12.0,БЛУМ,Sunday,Десерты,
2025-06-02,Шу мини жасмин,4.0,БЛУМ,Monday,Десерты,
2025-06-03,Шу мини жасмин,4.0,БЛУМ,Tuesday,Десерты,
2025-06-04,Шу мини жасмин,4.0,БЛУМ,Wednesday,Десерты,
2025-06-05,Шу мини жасмин,4.0,БЛУМ,Thursday,Десерты,
2025-06-06,Шу мини жасмин,4.0,БЛУМ,Friday,Десерты,
2025-06-07,Шу мини жасмин,4.0,БЛУМ,Saturday,Десерты,
2025-06-08,Шу мини жасмин,4.0,БЛУМ,Sunday,Десерты,
2025-06-09,Шу мини жасмин,4.0,БЛУМ,Monday,Десерты,
2025-06-10,Шу мини жасмин,4.0,БЛУМ,Tuesday,Десерты,
2025-06-11,Шу мини жасмин,4.0,БЛУМ,Wednesday,Десерты,
2025-06-12,Шу мини жасмин,4.0,БЛУМ,Thursday,Десерты,
2025-06-13,Шу мини жасмин,4.0,БЛУМ,Friday,Десерты,
2025-06-14,Шу мини жасмин,4.0,БЛУМ,Saturday,Десерты,
2025-06-15,Шу мини жасмин,4.0,БЛУМ,Sunday,Десерты,
2025-06-16,Шу мини жасмин,4.0,БЛУМ,Monday,Десерты,
2025-06-17,Шу мини жасмин,4.0,БЛУМ,Tuesday,Десерты,
2025-06-18,Шу мини жасмин,4.0,БЛУМ,Wednesday,Десерты,
2025-06-19,Шу мини жасмин,4.0,БЛУМ,Thursday,Десерты,
2025-06-20,Шу мини жасмин,4.0,БЛУМ,Friday,Десерты,
2025-06-21,Шу мини жасмин,6.0,БЛУМ,Saturday,Десерты,
2025-06-22,Шу мини жасмин,6.0,БЛУМ,Sunday,Десерты,
2025-06-23,Шу мини жасмин,4.0,БЛУМ,Monday,Десерты,
2025-06-24,Шу мини жасмин,4.0,БЛУМ,Tuesday,Десерты,
2025-06-25,Шу мини жасмин,4.0,БЛУМ,Wednesday,Десерты,
2025-06-26,Шу мини жасмин,4.0,БЛУМ,Thursday,Десерты,
2025-06-27,Шу мини жасмин,4.0,БЛУМ,Friday,Десерты,
2025-06-28,Шу мини жасмин,4.0,БЛУМ,Saturday,Десерты,
2025-06-29,Шу мини жасмин,4.0,БЛУМ,Sunday,Десерты,
2025-06-30,Шу мини жасмин,4.0,БЛУМ,Monday,Десерты,
2025-07-01,Шу мини жасмин,4.0,БЛУМ,Tuesday,Десерты,
2025-07-02,Шу мини жасмин,4.0,БЛУМ,Wednesday,Десерты,
2025-07-03,Шу мини жасмин,4.0,БЛУМ,Thursday,Десерты,
2025-07-04,Шу мини жасмин,4.0,БЛУМ,Friday,Десерты,
2025-07-05,Шу мини жасмин,6.0,БЛУМ,Saturday,Десерты,
2025-07-06,Шу мини жасмин,6.0,БЛУМ,Sunday,Десерты,
2025-07-07,Шу мини жасмин,0.0,БЛУМ,Monday,Десерты,
2025-07-08,Шу мини жасмин,4.0,БЛУМ,Tuesday,Десерты,
2025-07-09,Шу мини жасмин,4.0,БЛУМ,Wednesday,Десерты,
2025-07-10,Шу мини жасмин,4.0,БЛУМ,Thursday,Десерты,
2025-07-11,Шу мини жасмин,4.0,БЛУМ,Friday,Десерты,
2025-07-12,Шу мини жасмин,4.0,БЛУМ,Saturday,Десерты,
2025-07-13,Шу мини жасмин,4.0,БЛУМ,Sunday,Десерты,
2025-07-14,Шу мини жасмин,4.0,БЛУМ,Monday,Десерты,
2025-07-15,Шу мини жасмин,4.0,БЛУМ,Tuesday,Десерты,
2025-07-16,Шу мини жасмин,4.0,БЛУМ,Wednesday,Десерты,
2025-07-17,Шу мини жасмин,4.0,БЛУМ,Thursday,Десерты,
2025-07-18,Шу мини жасмин,4.0,БЛУМ,Friday,Десерты,
2025-07-19,Шу мини жасмин,4.0,БЛУМ,Saturday,Десерты,
2025-07-20,Шу мини жасмин,4.0,БЛУМ,Sunday,Десерты,
2025-07-21,Шу мини жасмин,4.0,БЛУМ,Monday,Десерты,
2025-07-22,Шу мини жасмин,4.0,БЛУМ,Tuesday,Десерты,
2025-07-23,Шу мини жасмин,4.0,БЛУМ,Wednesday,Десерты,
2025-07-24,Шу мини жасмин,4.0,БЛУМ,Thursday,Десерты,
2025-07-25,Шу мини жасмин,4.0,БЛУМ,Friday,Десерты,
2025-07-26,Шу мини жасмин,4.0,БЛУМ,Saturday,Десерты,
2025-07-27,Шу мини жасмин,4.0,БЛУМ,Sunday,Десерты,
2025-07-28,Шу мини жасмин,4.0,БЛУМ,Monday,Десерты,
2025-07-29,Шу мини жасмин,4.0,БЛУМ,Tuesday,Десерты,
2025-07-30,Шу мини жасмин,4.0,БЛУМ,Wednesday,Десерты,
2025-07-31,Шу мини жасмин,4.0,БЛУМ,Thursday,Десерты,
2025-08-01,Шу мини жасмин,4.0,БЛУМ,Friday,Десерты,
2025-08-02,Шу мини жасмин,6.0,БЛУМ,Saturday,Десерты,
2025-08-03,Шу мини жасмин,6.0,БЛУМ,Sunday,Десерты,
2025-08-04,Шу мини жасмин,4.0,БЛУМ,Monday,Десерты,
2025-08-05,Шу мини жасмин,4.0,БЛУМ,Tuesday,Десерты,
2025-08-06,Шу мини жасмин,4.0,БЛУМ,Wednesday,Десерты,
2025-08-07,Шу мини жасмин,4.0,БЛУМ,Thursday,Десерты,
2025-08-08,Шу мини жасмин,4.0,БЛУМ,Friday,Десерты,
2025-08-09,Шу мини жасмин,6.0,БЛУМ,Saturday,Десерты,
2025-08-10,Шу мини жасмин,6.0,БЛУМ,Sunday,Десерты,
2025-08-11,Шу мини жасмин,4.0,БЛУМ,Monday,Десерты,
2025-08-12,Шу мини жасмин,4.0,БЛУМ,Tuesday,Десерты,
2025-08-13,Шу мини жасмин,4.0,БЛУМ,Wednesday,Десерты,
2025-08-14,Шу мини жасмин,4.0,БЛУМ,Thursday,Десерты,
2025-08-15,Шу мини жасмин,4.0,БЛУМ,Friday,Десерты,
2025-08-16,Шу мини жасмин,6.0,БЛУМ,Saturday,Десерты,
2025-08-17,Шу мини жасмин,6.0,БЛУМ,Sunday,Десерты,
2025-08-18,Шу мини жасмин,0.0,БЛУМ,Monday,Десерты,
2025-08-19,Шу мини жасмин,4.0,БЛУМ,Tuesday,Десерты,
2025-08-20,Шу мини жасмин,4.0,БЛУМ,Wednesday,Десерты,
2025-08-21,Шу мини жасмин,4.0,БЛУМ,Thursday,Десерты,
2025-08-22,Шу мини жасмин,4.0,БЛУМ,Friday,Десерты,
2025-08-23,Шу мини жасмин,6.0,БЛУМ,Saturday,Десерты,
2025-08-24,Шу мини жасмин,6.0,БЛУМ,Sunday,Десерты,
2025-08-25,Шу мини жасмин,4.0,БЛУМ,Monday,Десерты,
2025-08-26,Шу мини жасмин,4.0,БЛУМ,Tuesday,Десерты,
2025-08-27,Шу мини жасмин,4.0,БЛУМ,Wednesday,Десерты,
2025-08-28,Шу мини жасмин,4.0,БЛУМ,Thursday,Десерты,
2025-08-29,Шу мини жасмин,4.0,БЛУМ,Friday,Десерты,
2025-08-30,Шу мини жасмин,6.0,БЛУМ,Saturday,Десерты,
2025-08-31,Шу мини жасмин,8.0,БЛУМ,Sunday,Десерты,
2025-06-01,Шу мини малина-ваниль,0.0,БЛУМ,Sunday,Десерты,
2025-06-02,Шу мини малина-ваниль,0.0,БЛУМ,Monday,Десерты,
2025-06-03,Шу мини малина-ваниль,0.0,БЛУМ,Tuesday,Десерты,
2025-06-04,Шу мини малина-ваниль,0.0,БЛУМ,Wednesday,Десерты,
2025-06-05,Шу мини малина-ваниль,0.0,БЛУМ,Thursday,Десерты,
2025-06-06,Шу мини малина-ваниль,0.0,БЛУМ,Friday,Десерты,
2025-06-07,Шу мини малина-ваниль,0.0,БЛУМ,Saturday,Десерты,
2025-06-08,Шу мини малина-ваниль,0.0,БЛУМ,Sunday,Десерты,
2025-06-09,Шу мини малина-ваниль,0.0,БЛУМ,Monday,Десерты,
2025-06-10,Шу мини малина-ваниль,0.0,БЛУМ,Tuesday,Десерты,
2025-06-11,Шу мини малина-ваниль,0.0,БЛУМ,Wednesday,Десерты,
2025-06-12,Шу мини малина-ваниль,0.0,БЛУМ,Thursday,Десерты,
2025-06-13,Шу мини малина-ваниль,0.0,БЛУМ,Friday,Десерты,
2025-06-14,Шу мини малина-ваниль,0.0,БЛУМ,Saturday,Десерты,
2025-06-15,Шу мини малина-ваниль,0.0,БЛУМ,Sunday,Десерты,
2025-06-16,Шу мини малина-ваниль,0.0,БЛУМ,Monday,Десерты,
2025-06-17,Шу мини малина-ваниль,0.0,БЛУМ,Tuesday,Десерты,
2025-06-18,Шу мини малина-ваниль,0.0,БЛУМ,Wednesday,Десерты,
2025-06-19,Шу мини малина-ваниль,0.0,БЛУМ,Thursday,Десерты,
2025-06-20,Шу мини малина-ваниль,0.0,БЛУМ,Friday,Десерты,
2025-06-21,Шу мини малина-ваниль,0.0,БЛУМ,Saturday,Десерты,
2025-06-22,Шу мини малина-ваниль,0.0,БЛУМ,Sunday,Десерты,
2025-06-23,Шу мини малина-ваниль,0.0,БЛУМ,Monday,Десерты,
2025-06-24,Шу мини малина-ваниль,0.0,БЛУМ,Tuesday,Десерты,
2025-06-25,Шу мини малина-ваниль,0.0,БЛУМ,Wednesday,Десерты,
2025-06-26,Шу мини малина-ваниль,0.0,БЛУМ,Thursday,Десерты,
2025-06-27,Шу мини малина-ваниль,0.0,БЛУМ,Friday,Десерты,
2025-06-28,Шу мини малина-ваниль,0.0,БЛУМ,Saturday,Десерты,
2025-06-29,Шу мини малина-ваниль,0.0,БЛУМ,Sunday,Десерты,
2025-06-30,Шу мини малина-ваниль,0.0,БЛУМ,Monday,Десерты,
2025-07-01,Шу мини малина-ваниль,0.0,БЛУМ,Tuesday,Десерты,
2025-07-02,Шу мини малина-ваниль,0.0,БЛУМ,Wednesday,Десерты,
2025-07-03,Шу мини малина-ваниль,0.0,БЛУМ,Thursday,Десерты,
2025-07-04,Шу мини малина-ваниль,0.0,БЛУМ,Friday,Десерты,
2025-07-05,Шу мини малина-ваниль,0.0,БЛУМ,Saturday,Десерты,
2025-07-06,Шу мини малина-ваниль,0.0,БЛУМ,Sunday,Десерты,
2025-07-07,Шу мини малина-ваниль,0.0,БЛУМ,Monday,Десерты,
2025-07-08,Шу мини малина-ваниль,0.0,БЛУМ,Tuesday,Десерты,
2025-07-09,Шу мини малина-ваниль,0.0,БЛУМ,Wednesday,Десерты,
2025-07-10,Шу мини малина-ваниль,0.0,БЛУМ,Thursday,Десерты,
2025-07-11,Шу мини малина-ваниль,0.0,БЛУМ,Friday,Десерты,
2025-07-12,Шу мини малина-ваниль,0.0,БЛУМ,Saturday,Десерты,
2025-07-13,Шу мини малина-ваниль,0.0,БЛУМ,Sunday,Десерты,
2025-07-14,Шу мини малина-ваниль,0.0,БЛУМ,Monday,Десерты,
2025-07-15,Шу мини малина-ваниль,0.0,БЛУМ,Tuesday,Десерты,
2025-07-16,Шу мини малина-ваниль,0.0,БЛУМ,Wednesday,Десерты,
2025-07-17,Шу мини малина-ваниль,0.0,БЛУМ,Thursday,Десерты,
2025-07-18,Шу мини малина-ваниль,0.0,БЛУМ,Friday,Десерты,
2025-07-19,Шу мини малина-ваниль,0.0,БЛУМ,Saturday,Десерты,
2025-07-20,Шу мини малина-ваниль,0.0,БЛУМ,Sunday,Десерты,
2025-07-21,Шу мини малина-ваниль,0.0,БЛУМ,Monday,Десерты,
2025-07-22,Шу мини малина-ваниль,0.0,БЛУМ,Tuesday,Десерты,
2025-07-23,Шу мини малина-ваниль,0.0,БЛУМ,Wednesday,Десерты,
2025-07-24,Шу мини малина-ваниль,0.0,БЛУМ,Thursday,Десерты,
2025-07-25,Шу мини малина-ваниль,0.0,БЛУМ,Friday,Десерты,
2025-07-26,Шу мини малина-ваниль,0.0,БЛУМ,Saturday,Десерты,
2025-07-27,Шу мини малина-ваниль,0.0,БЛУМ,Sunday,Десерты,
2025-07-28,Шу мини малина-ваниль,0.0,БЛУМ,Monday,Десерты,
2025-07-29,Шу мини малина-ваниль,0.0,БЛУМ,Tuesday,Десерты,
2025-07-30,Шу мини малина-ваниль,0.0,БЛУМ,Wednesday,Десерты,
2025-07-31,Шу мини малина-ваниль,0.0,БЛУМ,Thursday,Десерты,
2025-08-01,Шу мини малина-ваниль,0.0,БЛУМ,Friday,Десерты,
2025-08-02,Шу мини малина-ваниль,0.0,БЛУМ,Saturday,Десерты,
2025-08-03,Шу мини малина-ваниль,0.0,БЛУМ,Sunday,Десерты,
2025-08-04,Шу мини малина-ваниль,0.0,БЛУМ,Monday,Десерты,
2025-08-05,Шу мини малина-ваниль,0.0,БЛУМ,Tuesday,Десерты,
2025-08-06,Шу мини малина-ваниль,0.0,БЛУМ,Wednesday,Десерты,
2025-08-07,Шу мини малина-ваниль,0.0,БЛУМ,Thursday,Десерты,
2025-08-08,Шу мини малина-ваниль,0.0,БЛУМ,Friday,Десерты,
2025-08-09,Шу мини малина-ваниль,0.0,БЛУМ,Saturday,Десерты,
2025-08-10,Шу мини малина-ваниль,0.0,БЛУМ,Sunday,Десерты,
2025-08-11,Шу мини малина-ваниль,0.0,БЛУМ,Monday,Десерты,
2025-08-12,Шу мини малина-ваниль,0.0,БЛУМ,Tuesday,Десерты,
2025-08-13,Шу мини малина-ваниль,0.0,БЛУМ,Wednesday,Десерты,
2025-08-14,Шу мини малина-ваниль,0.0,БЛУМ,Thursday,Десерты,
2025-08-15,Шу мини малина-ваниль,0.0,БЛУМ,Friday,Десерты,
2025-08-16,Шу мини малина-ваниль,0.0,БЛУМ,Saturday,Десерты,
2025-08-17,Шу мини малина-ваниль,0.0,БЛУМ,Sunday,Десерты,
2025-08-18,Шу мини малина-ваниль,0.0,БЛУМ,Monday,Десерты,
2025-08-19,Шу мини малина-ваниль,0.0,БЛУМ,Tuesday,Десерты,
2025-08-20,Шу мини малина-ваниль,0.0,БЛУМ,Wednesday,Десерты,
2025-08-21,Шу мини малина-ваниль,0.0,БЛУМ,Thursday,Десерты,
2025-08-22,Шу мини малина-ваниль,0.0,БЛУМ,Friday,Десерты,
2025-08-23,Шу мини малина-ваниль,0.0,БЛУМ,Saturday,Десерты,
2025-08-24,Шу мини малина-ваниль,0.0,БЛУМ,Sunday,Десерты,
2025-08-25,Шу мини малина-ваниль,0.0,БЛУМ,Monday,Десерты,
2025-08-26,Шу мини малина-ваниль,0.0,БЛУМ,Tuesday,Десерты,
2025-08-27,Шу мини малина-ваниль,0.0,БЛУМ,Wednesday,Десерты,
2025-08-28,Шу мини малина-ваниль,0.0,БЛУМ,Thursday,Десерты,
2025-08-29,Шу мини малина-ваниль,0.0,БЛУМ,Friday,Десерты,
2025-08-30,Шу мини малина-ваниль,0.0,БЛУМ,Saturday,Десерты,
2025-08-31,Шу мини малина-ваниль,0.0,БЛУМ,Sunday,Десерты,
2025-06-01,Шу мини earl grey,0.0,БЛУМ,Sunday,Десерты,
2025-06-02,Шу мини earl grey,0.0,БЛУМ,Monday,Десерты,
2025-06-03,Шу мини earl grey,0.0,БЛУМ,Tuesday,Десерты,
2025-06-04,Шу мини earl grey,0.0,БЛУМ,Wednesday,Десерты,
2025-06-05,Шу мини earl grey,0.0,БЛУМ,Thursday,Десерты,
2025-06-06,Шу мини earl grey,0.0,БЛУМ,Friday,Десерты,
2025-06-07,Шу мини earl grey,0.0,БЛУМ,Saturday,Десерты,
2025-06-08,Шу мини earl grey,0.0,БЛУМ,Sunday,Десерты,
2025-06-09,Шу мини earl grey,0.0,БЛУМ,Monday,Десерты,
2025-06-10,Шу мини earl grey,0.0,БЛУМ,Tuesday,Десерты,
2025-06-11,Шу мини earl grey,0.0,БЛУМ,Wednesday,Десерты,
2025-06-12,Шу мини earl grey,0.0,БЛУМ,Thursday,Десерты,
2025-06-13,Шу мини earl grey,0.0,БЛУМ,Friday,Десерты,
2025-06-14,Шу мини earl grey,0.0,БЛУМ,Saturday,Десерты,
2025-06-15,Шу мини earl grey,0.0,БЛУМ,Sunday,Десерты,
2025-06-16,Шу мини earl grey,0.0,БЛУМ,Monday,Десерты,
2025-06-17,Шу мини earl grey,0.0,БЛУМ,Tuesday,Десерты,
2025-06-18,Шу мини earl grey,0.0,БЛУМ,Wednesday,Десерты,
2025-06-19,Шу мини earl grey,0.0,БЛУМ,Thursday,Десерты,
2025-06-20,Шу мини earl grey,0.0,БЛУМ,Friday,Десерты,
2025-06-21,Шу мини earl grey,0.0,БЛУМ,Saturday,Десерты,
2025-06-22,Шу мини earl grey,0.0,БЛУМ,Sunday,Десерты,
2025-06-23,Шу мини earl grey,0.0,БЛУМ,Monday,Десерты,
2025-06-24,Шу мини earl grey,0.0,БЛУМ,Tuesday,Десерты,
2025-06-25,Шу мини earl grey,0.0,БЛУМ,Wednesday,Десерты,
2025-06-26,Шу мини earl grey,0.0,БЛУМ,Thursday,Десерты,
2025-06-27,Шу мини earl grey,0.0,БЛУМ,Friday,Десерты,
2025-06-28,Шу мини earl grey,0.0,БЛУМ,Saturday,Десерты,
2025-06-29,Шу мини earl grey,0.0,БЛУМ,Sunday,Десерты,
2025-06-30,Шу мини earl grey,0.0,БЛУМ,Monday,Десерты,
2025-07-01,Шу мини earl grey,0.0,БЛУМ,Tuesday,Десерты,
2025-07-02,Шу мини earl grey,0.0,БЛУМ,Wednesday,Десерты,
2025-07-03,Шу мини earl grey,0.0,БЛУМ,Thursday,Десерты,
2025-07-04,Шу мини earl grey,0.0,БЛУМ,Friday,Десерты,
2025-07-05,Шу мини earl grey,0.0,БЛУМ,Saturday,Десерты,
2025-07-06,Шу мини earl grey,0.0,БЛУМ,Sunday,Десерты,
2025-07-07,Шу мини earl grey,0.0,БЛУМ,Monday,Десерты,
2025-07-08,Шу мини earl grey,0.0,БЛУМ,Tuesday,Десерты,
2025-07-09,Шу мини earl grey,0.0,БЛУМ,Wednesday,Десерты,
2025-07-10,Шу мини earl grey,0.0,БЛУМ,Thursday,Десерты,
2025-07-11,Шу мини earl grey,0.0,БЛУМ,Friday,Десерты,
2025-07-12,Шу мини earl grey,0.0,БЛУМ,Saturday,Десерты,
2025-07-13,Шу мини earl grey,0.0,БЛУМ,Sunday,Десерты,
2025-07-14,Шу мини earl grey,0.0,БЛУМ,Monday,Десерты,
2025-07-15,Шу мини earl grey,0.0,БЛУМ,Tuesday,Десерты,
2025-07-16,Шу мини earl grey,0.0,БЛУМ,Wednesday,Десерты,
2025-07-17,Шу мини earl grey,0.0,БЛУМ,Thursday,Десерты,
2025-07-18,Шу мини earl grey,0.0,БЛУМ,Friday,Десерты,
2025-07-19,Шу мини earl grey,0.0,БЛУМ,Saturday,Десерты,
2025-07-20,Шу мини earl grey,0.0,БЛУМ,Sunday,Десерты,
2025-07-21,Шу мини earl grey,0.0,БЛУМ,Monday,Десерты,
2025-07-22,Шу мини earl grey,0.0,БЛУМ,Tuesday,Десерты,
2025-07-23,Шу мини earl grey,0.0,БЛУМ,Wednesday,Десерты,
2025-07-24,Шу мини earl grey,0.0,БЛУМ,Thursday,Десерты,
2025-07-25,Шу мини earl grey,0.0,БЛУМ,Friday,Десерты,
2025-07-26,Шу мини earl grey,0.0,БЛУМ,Saturday,Десерты,
2025-07-27,Шу мини earl grey,0.0,БЛУМ,Sunday,Десерты,
2025-07-28,Шу мини earl grey,0.0,БЛУМ,Monday,Десерты,
2025-07-29,Шу мини earl grey,0.0,БЛУМ,Tuesday,Десерты,
2025-07-30,Шу мини earl grey,0.0,БЛУМ,Wednesday,Десерты,
2025-07-31,Шу мини earl grey,0.0,БЛУМ,Thursday,Десерты,
2025-08-01,Шу мини earl grey,0.0,БЛУМ,Friday,Десерты,
2025-08-02,Шу мини earl grey,0.0,БЛУМ,Saturday,Десерты,
2025-08-03,Шу мини earl grey,0.0,БЛУМ,Sunday,Десерты,
2025-08-04,Шу мини earl grey,0.0,БЛУМ,Monday,Десерты,
2025-08-05,Шу мини earl grey,0.0,БЛУМ,Tuesday,Десерты,
2025-08-06,Шу мини earl grey,0.0,БЛУМ,Wednesday,Десерты,
2025-08-07,Шу мини earl grey,0.0,БЛУМ,Thursday,Десерты,
2025-08-08,Шу мини earl grey,0.0,БЛУМ,Friday,Десерты,
2025-08-09,Шу мини earl grey,0.0,БЛУМ,Saturday,Десерты,
2025-08-10,Шу мини earl grey,0.0,БЛУМ,Sunday,Десерты,
2025-08-11,Шу мини earl grey,0.0,БЛУМ,Monday,Десерты,
2025-08-12,Шу мини earl grey,0.0,БЛУМ,Tuesday,Десерты,
2025-08-13,Шу мини earl grey,0.0,БЛУМ,Wednesday,Десерты,
2025-08-14,Шу мини earl grey,0.0,БЛУМ,Thursday,Десерты,
2025-08-15,Шу мини earl grey,0.0,БЛУМ,Friday,Десерты,
2025-08-16,Шу мини earl grey,0.0,БЛУМ,Saturday,Десерты,
2025-08-17,Шу мини earl grey,0.0,БЛУМ,Sunday,Десерты,
2025-08-18,Шу мини earl grey,0.0,БЛУМ,Monday,Десерты,
2025-08-19,Шу мини earl grey,0.0,БЛУМ,Tuesday,Десерты,
2025-08-20,Шу мини earl grey,0.0,БЛУМ,Wednesday,Десерты,
2025-08-21,Шу мини earl grey,0.0,БЛУМ,Thursday,Десерты,
2025-08-22,Шу мини earl grey,0.0,БЛУМ,Friday,Десерты,
2025-08-23,Шу мини earl grey,0.0,БЛУМ,Saturday,Десерты,
2025-08-24,Шу мини earl grey,0.0,БЛУМ,Sunday,Десерты,
2025-08-25,Шу мини earl grey,0.0,БЛУМ,Monday,Десерты,
2025-08-26,Шу мини earl grey,0.0,БЛУМ,Tuesday,Десерты,
2025-08-27,Шу мини earl grey,0.0,БЛУМ,Wednesday,Десерты,
2025-08-28,Шу мини earl grey,0.0,БЛУМ,Thursday,Десерты,
2025-08-29,Шу мини earl grey,0.0,БЛУМ,Friday,Десерты,
2025-08-30,Шу мини earl grey,0.0,БЛУМ,Saturday,Десерты,
2025-08-31,Шу мини earl grey,0.0,БЛУМ,Sunday,Десерты,
2025-06-01,Аманн,0.0,БЛУМ,Sunday,Выпечка,Активный
2025-06-02,Аманн,0.0,БЛУМ,Monday,Выпечка,Активный
2025-06-03,Аманн,0.0,БЛУМ,Tuesday,Выпечка,Активный
2025-06-04,Аманн,0.0,БЛУМ,Wednesday,Выпечка,Активный
2025-06-05,Аманн,0.0,БЛУМ,Thursday,Выпечка,Активный
2025-06-06,Аманн,0.0,БЛУМ,Friday,Выпечка,Активный
2025-06-07,Аманн,0.0,БЛУМ,Saturday,Выпечка,Активный
2025-06-08,Аманн,0.0,БЛУМ,Sunday,Выпечка,Активный
2025-06-09,Аманн,0.0,БЛУМ,Monday,Выпечка,Активный
2025-06-10,Аманн,0.0,БЛУМ,Tuesday,Выпечка,Активный
2025-06-11,Аманн,0.0,БЛУМ,Wednesday,Выпечка,Активный
2025-06-12,Аманн,0.0,БЛУМ,Thursday,Выпечка,Активный
2025-06-13,Аманн,0.0,БЛУМ,Friday,Выпечка,Активный
2025-06-14,Аманн,0.0,БЛУМ,Saturday,Выпечка,Активный
2025-06-15,Аманн,0.0,БЛУМ,Sunday,Выпечка,Активный
2025-06-16,Аманн,0.0,БЛУМ,Monday,Выпечка,Активный
2025-06-17,Аманн,0.0,БЛУМ,Tuesday,Выпечка,Активный
2025-06-18,Аманн,0.0,БЛУМ,Wednesday,Выпечка,Активный
2025-06-19,Аманн,0.0,БЛУМ,Thursday,Выпечка,Активный
2025-06-20,Аманн,0.0,БЛУМ,Friday,Выпечка,Активный
2025-06-21,Аманн,0.0,БЛУМ,Saturday,Выпечка,Активный
2025-06-22,Аманн,0.0,БЛУМ,Sunday,Выпечка,Активный
2025-06-23,Аманн,0.0,БЛУМ,Monday,Выпечка,Активный
2025-06-24,Аманн,0.0,БЛУМ,Tuesday,Выпечка,Активный
2025-06-25,Аманн,0.0,БЛУМ,Wednesday,Выпечка,Активный
2025-06-26,Аманн,0.0,БЛУМ,Thursday,Выпечка,Активный
2025-06-27,Аманн,0.0,БЛУМ,Friday,Выпечка,Активный
2025-06-28,Аманн,0.0,БЛУМ,Saturday,Выпечка,Активный
2025-06-29,Аманн,0.0,БЛУМ,Sunday,Выпечка,Активный
2025-06-30,Аманн,0.0,БЛУМ,Monday,Выпечка,Активный
2025-07-01,Аманн,0.0,БЛУМ,Tuesday,Выпечка,Активный
2025-07-02,Аманн,0.0,БЛУМ,Wednesday,Выпечка,Активный
2025-07-03,Аманн,0.0,БЛУМ,Thursday,Выпечка,Активный
2025-07-04,Аманн,0.0,БЛУМ,Friday,Выпечка,Активный
2025-07-05,Аманн,0.0,БЛУМ,Saturday,Выпечка,Активный
2025-07-06,Аманн,0.0,БЛУМ,Sunday,Выпечка,Активный
2025-07-07,Аманн,0.0,БЛУМ,Monday,Выпечка,Активный
2025-07-08,Аманн,0.0,БЛУМ,Tuesday,Выпечка,Активный
2025-07-09,Аманн,0.0,БЛУМ,Wednesday,Выпечка,Активный
2025-07-10,Аманн,0.0,БЛУМ,Thursday,Выпечка,Активный
2025-07-11,Аманн,0.0,БЛУМ,Friday,Выпечка,Активный
2025-07-12,Аманн,0.0,БЛУМ,Saturday,Выпечка,Активный
2025-07-13,Аманн,0.0,БЛУМ,Sunday,Выпечка,Активный
2025-07-14,Аманн,0.0,БЛУМ,Monday,Выпечка,Активный
2025-07-15,Аманн,0.0,БЛУМ,Tuesday,Выпечка,Активный
2025-07-16,Аманн,0.0,БЛУМ,Wednesday,Выпечка,Активный
2025-07-17,Аманн,0.0,БЛУМ,Thursday,Выпечка,Активный
2025-07-18,Аманн,0.0,БЛУМ,Friday,Выпечка,Активный
2025-07-19,Аманн,0.0,БЛУМ,Saturday,Выпечка,Активный
2025-07-20,Аманн,0.0,БЛУМ,Sunday,Выпечка,Активный
2025-07-21,Аманн,0.0,БЛУМ,Monday,Выпечка,Активный
2025-07-22,Аманн,0.0,БЛУМ,Tuesday,Выпечка,Активный
2025-07-23,Аманн,0.0,БЛУМ,Wednesday,Выпечка,Активный
2025-07-24,Аманн,0.0,БЛУМ,Thursday,Выпечка,Активный
2025-07-25,Аманн,0.0,БЛУМ,Friday,Выпечка,Активный
2025-07-26,Аманн,0.0,БЛУМ,Saturday,Выпечка,Активный
2025-07-27,Аманн,0.0,БЛУМ,Sunday,Выпечка,Активный
2025-07-28,Аманн,0.0,БЛУМ,Monday,Выпечка,Активный
2025-07-29,Аманн,0.0,БЛУМ,Tuesday,Выпечка,Активный
2025-07-30,Аманн,0.0,БЛУМ,Wednesday,Выпечка,Активный
2025-07-31,Аманн,0.0,БЛУМ,Thursday,Выпечка,Активный
2025-08-01,Аманн,0.0,БЛУМ,Friday,Выпечка,Активный
2025-08-02,Аманн,0.0,БЛУМ,Saturday,Выпечка,Активный
2025-08-03,Аманн,0.0,БЛУМ,Sunday,Выпечка,Активный
2025-08-04,Аманн,0.0,БЛУМ,Monday,Выпечка,Активный
2025-08-05,Аманн,0.0,БЛУМ,Tuesday,Выпечка,Активный
2025-08-06,Аманн,0.0,БЛУМ,Wednesday,Выпечка,Активный
2025-08-07,Аманн,0.0,БЛУМ,Thursday,Выпечка,Активный
2025-08-08,Аманн,0.0,БЛУМ,Friday,Выпечка,Активный
2025-08-09,Аманн,0.0,БЛУМ,Saturday,Выпечка,Активный
2025-08-10,Аманн,0.0,БЛУМ,Sunday,Выпечка,Активный
2025-08-11,Аманн,0.0,БЛУМ,Monday,Выпечка,Активный
2025-08-12,Аманн,0.0,БЛУМ,Tuesday,Выпечка,Активный
2025-08-13,Аманн,0.0,БЛУМ,Wednesday,Выпечка,Активный
2025-08-14,Аманн,0.0,БЛУМ,Thursday,Выпечка,Активный
2025-08-15,Аманн,0.0,БЛУМ,Friday,Выпечка,Активный
2025-08-16,Аманн,0.0,БЛУМ,Saturday,Выпечка,Активный
2025-08-17,Аманн,0.0,БЛУМ,Sunday,Выпечка,Активный
2025-08-18,Аманн,0.0,БЛУМ,Monday,Выпечка,Активный
2025-08-19,Аманн,0.0,БЛУМ,Tuesday,Выпечка,Активный
2025-08-20,Аманн,0.0,БЛУМ,Wednesday,Выпечка,Активный
2025-08-21,Аманн,0.0,БЛУМ,Thursday,Выпечка,Активный
2025-08-22,Аманн,0.0,БЛУМ,Friday,Выпечка,Активный
2025-08-23,Аманн,0.0,БЛУМ,Saturday,Выпечка,Активный
2025-08-24,Аманн,0.0,БЛУМ,Sunday,Выпечка,Активный
2025-08-25,Аманн,0.0,БЛУМ,Monday,Выпечка,Активный
2025-08-26,Аманн,0.0,БЛУМ,Tuesday,Выпечка,Активный
2025-08-27,Аманн,0.0,БЛУМ,Wednesday,Выпечка,Активный
2025-08-28,Аманн,0.0,БЛУМ,Thursday,Выпечка,Активный
2025-08-29,Аманн,0.0,БЛУМ,Friday,Выпечка,Активный
2025-08-30,Аманн,0.0,БЛУМ,Saturday,Выпечка,Активный
2025-08-31,Аманн,0.0,БЛУМ,Sunday,Выпечка,Активный
2025-06-01,Бабка карамелизированный шоколад и кокос,0.0,БЛУМ,Sunday,Булки,
2025-06-02,Бабка карамелизированный шоколад и кокос,0.0,БЛУМ,Monday,Булки,
2025-06-03,Бабка карамелизированный шоколад и кокос,0.0,БЛУМ,Tuesday,Булки,
2025-06-04,Бабка карамелизированный шоколад и кокос,0.0,БЛУМ,Wednesday,Булки,
2025-06-05,Бабка карамелизированный шоколад и кокос,0.0,БЛУМ,Thursday,Булки,
2025-06-06,Бабка карамелизированный шоколад и кокос,0.0,БЛУМ,Friday,Булки,
2025-06-07,Бабка карамелизированный шоколад и кокос,0.0,БЛУМ,Saturday,Булки,
2025-06-08,Бабка карамелизированный шоколад и кокос,0.0,БЛУМ,Sunday,Булки,
2025-06-09,Бабка карамелизированный шоколад и кокос,0.0,БЛУМ,Monday,Булки,
2025-06-10,Бабка карамелизированный шоколад и кокос,0.0,БЛУМ,Tuesday,Булки,
2025-06-11,Бабка карамелизированный шоколад и кокос,0.0,БЛУМ,Wednesday,Булки,
2025-06-12,Бабка карамелизированный шоколад и кокос,0.0,БЛУМ,Thursday,Булки,
2025-06-13,Бабка карамелизированный шоколад и кокос,0.0,БЛУМ,Friday,Булки,
2025-06-14,Бабка карамелизированный шоколад и кокос,0.0,БЛУМ,Saturday,Булки,
2025-06-15,Бабка карамелизированный шоколад и кокос,0.0,БЛУМ,Sunday,Булки,
2025-06-16,Бабка карамелизированный шоколад и кокос,0.0,БЛУМ,Monday,Булки,
2025-06-17,Бабка карамелизированный шоколад и кокос,0.0,БЛУМ,Tuesday,Булки,
2025-06-18,Бабка карамелизированный шоколад и кокос,0.0,БЛУМ,Wednesday,Булки,
2025-06-19,Бабка карамелизированный шоколад и кокос,0.0,БЛУМ,Thursday,Булки,
2025-06-20,Бабка карамелизированный шоколад и кокос,0.0,БЛУМ,Friday,Булки,
2025-06-21,Бабка карамелизированный шоколад и кокос,0.0,БЛУМ,Saturday,Булки,
2025-06-22,Бабка карамелизированный шоколад и кокос,0.0,БЛУМ,Sunday,Булки,
2025-06-23,Бабка карамелизированный шоколад и кокос,0.0,БЛУМ,Monday,Булки,
2025-06-24,Бабка карамелизированный шоколад и кокос,0.0,БЛУМ,Tuesday,Булки,
2025-06-25,Бабка карамелизированный шоколад и кокос,0.0,БЛУМ,Wednesday,Булки,
2025-06-26,Бабка карамелизированный шоколад и кокос,0.0,БЛУМ,Thursday,Булки,
2025-06-27,Бабка карамелизированный шоколад и кокос,0.0,БЛУМ,Friday,Булки,
2025-06-28,Бабка карамелизированный шоколад и кокос,0.0,БЛУМ,Saturday,Булки,
2025-06-29,Бабка карамелизированный шоколад и кокос,0.0,БЛУМ,Sunday,Булки,
2025-06-30,Бабка карамелизированный шоколад и кокос,0.0,БЛУМ,Monday,Булки,
2025-07-01,Бабка карамелизированный шоколад и кокос,0.0,БЛУМ,Tuesday,Булки,
2025-07-02,Бабка карамелизированный шоколад и кокос,0.0,БЛУМ,Wednesday,Булки,
2025-07-03,Бабка карамелизированный шоколад и кокос,0.0,БЛУМ,Thursday,Булки,
2025-07-04,Бабка карамелизированный шоколад и кокос,0.0,БЛУМ,Friday,Булки,
2025-07-05,Бабка карамелизированный шоколад и кокос,0.0,БЛУМ,Saturday,Булки,
2025-07-06,Бабка карамелизированный шоколад и кокос,0.0,БЛУМ,Sunday,Булки,
2025-07-07,Бабка карамелизированный шоколад и кокос,0.0,БЛУМ,Monday,Булки,
2025-07-08,Бабка карамелизированный шоколад и кокос,0.0,БЛУМ,Tuesday,Булки,
2025-07-09,Бабка карамелизированный шоколад и кокос,0.0,БЛУМ,Wednesday,Булки,
2025-07-10,Бабка карамелизированный шоколад и кокос,0.0,БЛУМ,Thursday,Булки,
2025-07-11,Бабка карамелизированный шоколад и кокос,0.0,БЛУМ,Friday,Булки,
2025-07-12,Бабка карамелизированный шоколад и кокос,0.0,БЛУМ,Saturday,Булки,
2025-07-13,Бабка карамелизированный шоколад и кокос,0.0,БЛУМ,Sunday,Булки,
2025-07-14,Бабка карамелизированный шоколад и кокос,0.0,БЛУМ,Monday,Булки,
2025-07-15,Бабка карамелизированный шоколад и кокос,0.0,БЛУМ,Tuesday,Булки,
2025-07-16,Бабка карамелизированный шоколад и кокос,0.0,БЛУМ,Wednesday,Булки,
2025-07-17,Бабка карамелизированный шоколад и кокос,0.0,БЛУМ,Thursday,Булки,
2025-07-18,Бабка карамелизированный шоколад и кокос,0.0,БЛУМ,Friday,Булки,
2025-07-19,Бабка карамелизированный шоколад и кокос,0.0,БЛУМ,Saturday,Булки,
2025-07-20,Бабка карамелизированный шоколад и кокос,0.0,БЛУМ,Sunday,Булки,
2025-07-21,Бабка карамелизированный шоколад и кокос,0.0,БЛУМ,Monday,Булки,
2025-07-22,Бабка карамелизированный шоколад и кокос,0.0,БЛУМ,Tuesday,Булки,
2025-07-23,Бабка карамелизированный шоколад и кокос,0.0,БЛУМ,Wednesday,Булки,
2025-07-24,Бабка карамелизированный шоколад и кокос,0.0,БЛУМ,Thursday,Булки,
2025-07-25,Бабка карамелизированный шоколад и кокос,0.0,БЛУМ,Friday,Булки,
2025-07-26,Бабка карамелизированный шоколад и кокос,0.0,БЛУМ,Saturday,Булки,
2025-07-27,Бабка карамелизированный шоколад и кокос,0.0,БЛУМ,Sunday,Булки,
2025-07-28,Бабка карамелизированный шоколад и кокос,0.0,БЛУМ,Monday,Булки,
2025-07-29,Бабка карамелизированный шоколад и кокос,0.0,БЛУМ,Tuesday,Булки,
2025-07-30,Бабка карамелизированный шоколад и кокос,0.0,БЛУМ,Wednesday,Булки,
2025-07-31,Бабка карамелизированный шоколад и кокос,0.0,БЛУМ,Thursday,Булки,
2025-08-01,Бабка карамелизированный шоколад и кокос,0.0,БЛУМ,Friday,Булки,
2025-08-02,Бабка карамелизированный шоколад и кокос,0.0,БЛУМ,Saturday,Булки,
2025-08-03,Бабка карамелизированный шоколад и кокос,0.0,БЛУМ,Sunday,Булки,
2025-08-04,Бабка карамелизированный шоколад и кокос,0.0,БЛУМ,Monday,Булки,
2025-08-05,Бабка карамелизированный шоколад и кокос,0.0,БЛУМ,Tuesday,Булки,
2025-08-06,Бабка карамелизированный шоколад и кокос,0.0,БЛУМ,Wednesday,Булки,
2025-08-07,Бабка карамелизированный шоколад и кокос,0.0,БЛУМ,Thursday,Булки,
2025-08-08,Бабка карамелизированный шоколад и кокос,0.0,БЛУМ,Friday,Булки,
2025-08-09,Бабка карамелизированный шоколад и кокос,0.0,БЛУМ,Saturday,Булки,
2025-08-10,Бабка карамелизированный шоколад и кокос,0.0,БЛУМ,Sunday,Булки,
2025-08-11,Бабка карамелизированный шоколад и кокос,0.0,БЛУМ,Monday,Булки,
2025-08-12,Бабка карамелизированный шоколад и кокос,0.0,БЛУМ,Tuesday,Булки,
2025-08-13,Бабка карамелизированный шоколад и кокос,0.0,БЛУМ,Wednesday,Булки,
2025-08-14,Бабка карамелизированный шоколад и кокос,0.0,БЛУМ,Thursday,Булки,
2025-08-15,Бабка карамелизированный шоколад и кокос,0.0,БЛУМ,Friday,Булки,
2025-08-16,Бабка карамелизированный шоколад и кокос,0.0,БЛУМ,Saturday,Булки,
2025-08-17,Бабка карамелизированный шоколад и кокос,0.0,БЛУМ,Sunday,Булки,
2025-08-18,Бабка карамелизированный шоколад и кокос,0.0,БЛУМ,Monday,Булки,
2025-08-19,Бабка карамелизированный шоколад и кокос,0.0,БЛУМ,Tuesday,Булки,
2025-08-20,Бабка карамелизированный шоколад и кокос,0.0,БЛУМ,Wednesday,Булки,
2025-08-21,Бабка карамелизированный шоколад и кокос,0.0,БЛУМ,Thursday,Булки,
2025-08-22,Бабка карамелизированный шоколад и кокос,0.0,БЛУМ,Friday,Булки,
2025-08-23,Бабка карамелизированный шоколад и кокос,0.0,БЛУМ,Saturday,Булки,
2025-08-24,Бабка карамелизированный шоколад и кокос,0.0,БЛУМ,Sunday,Булки,
2025-08-25,Бабка карамелизированный шоколад и кокос,0.0,БЛУМ,Monday,Булки,
2025-08-26,Бабка карамелизированный шоколад и кокос,0.0,БЛУМ,Tuesday,Булки,
2025-08-27,Бабка карамелизированный шоколад и кокос,0.0,БЛУМ,Wednesday,Булки,
2025-08-28,Бабка карамелизированный шоколад и кокос,0.0,БЛУМ,Thursday,Булки,
2025-08-29,Бабка карамелизированный шоколад и кокос,0.0,БЛУМ,Friday,Булки,
2025-08-30,Бабка карамелизированный шоколад и кокос,0.0,БЛУМ,Saturday,Булки,
2025-08-31,Бабка карамелизированный шоколад и кокос,0.0,БЛУМ,Sunday,Булки,
2025-06-01,Бабка Корица,0.0,БЛУМ,Sunday,Выпечка,Снят
2025-06-02,Бабка Корица,0.0,БЛУМ,Monday,Выпечка,Снят
2025-06-03,Бабка Корица,0.0,БЛУМ,Tuesday,Выпечка,Снят
2025-06-04,Бабка Корица,0.0,БЛУМ,Wednesday,Выпечка,Снят
2025-06-05,Бабка Корица,0.0,БЛУМ,Thursday,Выпечка,Снят
2025-06-06,Бабка Корица,0.0,БЛУМ,Friday,Выпечка,Снят
2025-06-07,Бабка Корица,0.0,БЛУМ,Saturday,Выпечка,Снят
2025-06-08,Бабка Корица,0.0,БЛУМ,Sunday,Выпечка,Снят
2025-06-09,Бабка Корица,0.0,БЛУМ,Monday,Выпечка,Снят
2025-06-10,Бабка Корица,0.0,БЛУМ,Tuesday,Выпечка,Снят
2025-06-11,Бабка Корица,0.0,БЛУМ,Wednesday,Выпечка,Снят
2025-06-12,Бабка Корица,0.0,БЛУМ,Thursday,Выпечка,Снят
2025-06-13,Бабка Корица,0.0,БЛУМ,Friday,Выпечка,Снят
2025-06-14,Бабка Корица,0.0,БЛУМ,Saturday,Выпечка,Снят
2025-06-15,Бабка Корица,0.0,БЛУМ,Sunday,Выпечка,Снят
2025-06-16,Бабка Корица,0.0,БЛУМ,Monday,Выпечка,Снят
2025-06-17,Бабка Корица,0.0,БЛУМ,Tuesday,Выпечка,Снят
2025-06-18,Бабка Корица,0.0,БЛУМ,Wednesday,Выпечка,Снят
2025-06-19,Бабка Корица,0.0,БЛУМ,Thursday,Выпечка,Снят
2025-06-20,Бабка Корица,0.0,БЛУМ,Friday,Выпечка,Снят
2025-06-21,Бабка Корица,0.0,БЛУМ,Saturday,Выпечка,Снят
2025-06-22,Бабка Корица,0.0,БЛУМ,Sunday,Выпечка,Снят
2025-06-23,Бабка Корица,0.0,БЛУМ,Monday,Выпечка,Снят
2025-06-24,Бабка Корица,0.0,БЛУМ,Tuesday,Выпечка,Снят
2025-06-25,Бабка Корица,0.0,БЛУМ,Wednesday,Выпечка,Снят
2025-06-26,Бабка Корица,0.0,БЛУМ,Thursday,Выпечка,Снят
2025-06-27,Бабка Корица,0.0,БЛУМ,Friday,Выпечка,Снят
2025-06-28,Бабка Корица,0.0,БЛУМ,Saturday,Выпечка,Снят
2025-06-29,Бабка Корица,0.0,БЛУМ,Sunday,Выпечка,Снят
2025-06-30,Бабка Корица,0.0,БЛУМ,Monday,Выпечка,Снят
2025-07-01,Бабка Корица,0.0,БЛУМ,Tuesday,Выпечка,Снят
2025-07-02,Бабка Корица,0.0,БЛУМ,Wednesday,Выпечка,Снят
2025-07-03,Бабка Корица,0.0,БЛУМ,Thursday,Выпечка,Снят
2025-07-04,Бабка Корица,0.0,БЛУМ,Friday,Выпечка,Снят
2025-07-05,Бабка Корица,0.0,БЛУМ,Saturday,Выпечка,Снят
2025-07-06,Бабка Корица,0.0,БЛУМ,Sunday,Выпечка,Снят
2025-07-07,Бабка Корица,0.0,БЛУМ,Monday,Выпечка,Снят
2025-07-08,Бабка Корица,0.0,БЛУМ,Tuesday,Выпечка,Снят
2025-07-09,Бабка Корица,0.0,БЛУМ,Wednesday,Выпечка,Снят
2025-07-10,Бабка Корица,0.0,БЛУМ,Thursday,Выпечка,Снят
2025-07-11,Бабка Корица,0.0,БЛУМ,Friday,Выпечка,Снят
2025-07-12,Бабка Корица,0.0,БЛУМ,Saturday,Выпечка,Снят
2025-07-13,Бабка Корица,0.0,БЛУМ,Sunday,Выпечка,Снят
2025-07-14,Бабка Корица,0.0,БЛУМ,Monday,Выпечка,Снят
2025-07-15,Бабка Корица,0.0,БЛУМ,Tuesday,Выпечка,Снят
2025-07-16,Бабка Корица,0.0,БЛУМ,Wednesday,Выпечка,Снят
2025-07-17,Бабка Корица,0.0,БЛУМ,Thursday,Выпечка,Снят
2025-07-18,Бабка Корица,0.0,БЛУМ,Friday,Выпечка,Снят
2025-07-19,Бабка Корица,0.0,БЛУМ,Saturday,Выпечка,Снят
2025-07-20,Бабка Корица,0.0,БЛУМ,Sunday,Выпечка,Снят
2025-07-21,Бабка Корица,0.0,БЛУМ,Monday,Выпечка,Снят
2025-07-22,Бабка Корица,0.0,БЛУМ,Tuesday,Выпечка,Снят
2025-07-23,Бабка Корица,0.0,БЛУМ,Wednesday,Выпечка,Снят
2025-07-24,Бабка Корица,0.0,БЛУМ,Thursday,Выпечка,Снят
2025-07-25,Бабка Корица,0.0,БЛУМ,Friday,Выпечка,Снят
2025-07-26,Бабка Корица,0.0,БЛУМ,Saturday,Выпечка,Снят
2025-07-27,Бабка Корица,0.0,БЛУМ,Sunday,Выпечка,Снят
2025-07-28,Бабка Корица,0.0,БЛУМ,Monday,Выпечка,Снят
2025-07-29,Бабка Корица,0.0,БЛУМ,Tuesday,Выпечка,Снят
2025-07-30,Бабка Корица,0.0,БЛУМ,Wednesday,Выпечка,Снят
2025-07-31,Бабка Корица,0.0,БЛУМ,Thursday,Выпечка,Снят
2025-08-01,Бабка Корица,0.0,БЛУМ,Friday,Выпечка,Снят
2025-08-02,Бабка Корица,0.0,БЛУМ,Saturday,Выпечка,Снят
2025-08-03,Бабка Корица,0.0,БЛУМ,Sunday,Выпечка,Снят
2025-08-04,Бабка Корица,0.0,БЛУМ,Monday,Выпечка,Снят
2025-08-05,Бабка Корица,0.0,БЛУМ,Tuesday,Выпечка,Снят
2025-08-06,Бабка Корица,0.0,БЛУМ,Wednesday,Выпечка,Снят
2025-08-07,Бабка Корица,0.0,БЛУМ,Thursday,Выпечка,Снят
2025-08-08,Бабка Корица,0.0,БЛУМ,Friday,Выпечка,Снят
2025-08-09,Бабка Корица,0.0,БЛУМ,Saturday,Выпечка,Снят
2025-08-10,Бабка Корица,0.0,БЛУМ,Sunday,Выпечка,Снят
2025-08-11,Бабка Корица,0.0,БЛУМ,Monday,Выпечка,Снят
2025-08-12,Бабка Корица,0.0,БЛУМ,Tuesday,Выпечка,Снят
2025-08-13,Бабка Корица,0.0,БЛУМ,Wednesday,Выпечка,Снят
2025-08-14,Бабка Корица,0.0,БЛУМ,Thursday,Выпечка,Снят
2025-08-15,Бабка Корица,0.0,БЛУМ,Friday,Выпечка,Снят
2025-08-16,Бабка Корица,0.0,БЛУМ,Saturday,Выпечка,Снят
2025-08-17,Бабка Корица,0.0,БЛУМ,Sunday,Выпечка,Снят
2025-08-18,Бабка Корица,0.0,БЛУМ,Monday,Выпечка,Снят
2025-08-19,Бабка Корица,0.0,БЛУМ,Tuesday,Выпечка,Снят
2025-08-20,Бабка Корица,0.0,БЛУМ,Wednesday,Выпечка,Снят
2025-08-21,Бабка Корица,0.0,БЛУМ,Thursday,Выпечка,Снят
2025-08-22,Бабка Корица,0.0,БЛУМ,Friday,Выпечка,Снят
2025-08-23,Бабка Корица,0.0,БЛУМ,Saturday,Выпечка,Снят
2025-08-24,Бабка Корица,0.0,БЛУМ,Sunday,Выпечка,Снят
2025-08-25,Бабка Корица,0.0,БЛУМ,Monday,Выпечка,Снят
2025-08-26,Бабка Корица,0.0,БЛУМ,Tuesday,Выпечка,Снят
2025-08-27,Бабка Корица,0.0,БЛУМ,Wednesday,Выпечка,Снят
2025-08-28,Бабка Корица,0.0,БЛУМ,Thursday,Выпечка,Снят
2025-08-29,Бабка Корица,0.0,БЛУМ,Friday,Выпечка,Снят
2025-08-30,Бабка Корица,0.0,БЛУМ,Saturday,Выпечка,Снят
2025-08-31,Бабка Корица,0.0,БЛУМ,Sunday,Выпечка,Снят
2025-06-01,Бабка корица и карамель,2.0,БЛУМ,Sunday,Выпечка,Активный
2025-06-02,Бабка корица и карамель,1.0,БЛУМ,Monday,Выпечка,Активный
2025-06-03,Бабка корица и карамель,1.0,БЛУМ,Tuesday,Выпечка,Активный
2025-06-04,Бабка корица и карамель,1.0,БЛУМ,Wednesday,Выпечка,Активный
2025-06-05,Бабка корица и карамель,1.0,БЛУМ,Thursday,Выпечка,Активный
2025-06-06,Бабка корица и карамель,1.0,БЛУМ,Friday,Выпечка,Активный
2025-06-07,Бабка корица и карамель,3.0,БЛУМ,Saturday,Выпечка,Активный
2025-06-08,Бабка корица и карамель,3.0,БЛУМ,Sunday,Выпечка,Активный
2025-06-09,Бабка корица и карамель,2.0,БЛУМ,Monday,Выпечка,Активный
2025-06-10,Бабка корица и карамель,2.0,БЛУМ,Tuesday,Выпечка,Активный
2025-06-11,Бабка корица и карамель,2.0,БЛУМ,Wednesday,Выпечка,Активный
2025-06-12,Бабка корица и карамель,1.0,БЛУМ,Thursday,Выпечка,Активный
2025-06-13,Бабка корица и карамель,2.0,БЛУМ,Friday,Выпечка,Активный
2025-06-14,Бабка корица и карамель,3.0,БЛУМ,Saturday,Выпечка,Активный
2025-06-15,Бабка корица и карамель,3.0,БЛУМ,Sunday,Выпечка,Активный
2025-06-16,Бабка корица и карамель,2.0,БЛУМ,Monday,Выпечка,Активный
2025-06-17,Бабка корица и карамель,2.0,БЛУМ,Tuesday,Выпечка,Активный
2025-06-18,Бабка корица и карамель,2.0,БЛУМ,Wednesday,Выпечка,Активный
2025-06-19,Бабка корица и карамель,1.0,БЛУМ,Thursday,Выпечка,Активный
2025-06-20,Бабка корица и карамель,2.0,БЛУМ,Friday,Выпечка,Активный
2025-06-21,Бабка корица и карамель,4.0,БЛУМ,Saturday,Выпечка,Активный
2025-06-22,Бабка корица и карамель,3.0,БЛУМ,Sunday,Выпечка,Активный
2025-06-23,Бабка корица и карамель,3.0,БЛУМ,Monday,Выпечка,Активный
2025-06-24,Бабка корица и карамель,2.0,БЛУМ,Tuesday,Выпечка,Активный
2025-06-25,Бабка корица и карамель,2.0,БЛУМ,Wednesday,Выпечка,Активный
2025-06-26,Бабка корица и карамель,1.0,БЛУМ,Thursday,Выпечка,Активный
2025-06-27,Бабка корица и карамель,2.0,БЛУМ,Friday,Выпечка,Активный
2025-06-28,Бабка корица и карамель,3.0,БЛУМ,Saturday,Выпечка,Активный
2025-06-29,Бабка корица и карамель,3.0,БЛУМ,Sunday,Выпечка,Активный
2025-06-30,Бабка корица и карамель,2.0,БЛУМ,Monday,Выпечка,Активный
2025-07-01,Бабка корица и карамель,2.0,БЛУМ,Tuesday,Выпечка,Активный
2025-07-02,Бабка корица и карамель,2.0,БЛУМ,Wednesday,Выпечка,Активный
2025-07-03,Бабка корица и карамель,0.0,БЛУМ,Thursday,Выпечка,Активный
2025-07-04,Бабка корица и карамель,2.0,БЛУМ,Friday,Выпечка,Активный
2025-07-05,Бабка корица и карамель,3.0,БЛУМ,Saturday,Выпечка,Активный
2025-07-06,Бабка корица и карамель,4.0,БЛУМ,Sunday,Выпечка,Активный
2025-07-07,Бабка корица и карамель,0.0,БЛУМ,Monday,Выпечка,Активный
2025-07-08,Бабка корица и карамель,2.0,БЛУМ,Tuesday,Выпечка,Активный
2025-07-09,Бабка корица и карамель,2.0,БЛУМ,Wednesday,Выпечка,Активный
2025-07-10,Бабка корица и карамель,1.0,БЛУМ,Thursday,Выпечка,Активный
2025-07-11,Бабка корица и карамель,2.0,БЛУМ,Friday,Выпечка,Активный
2025-07-12,Бабка корица и карамель,4.0,БЛУМ,Saturday,Выпечка,Активный
2025-07-13,Бабка корица и карамель,3.0,БЛУМ,Sunday,Выпечка,Активный
2025-07-14,Бабка корица и карамель,2.0,БЛУМ,Monday,Выпечка,Активный
2025-07-15,Бабка корица и карамель,1.0,БЛУМ,Tuesday,Выпечка,Активный
2025-07-16,Бабка корица и карамель,2.0,БЛУМ,Wednesday,Выпечка,Активный
2025-07-17,Бабка корица и карамель,2.0,БЛУМ,Thursday,Выпечка,Активный
2025-07-18,Бабка корица и карамель,1.0,БЛУМ,Friday,Выпечка,Активный
2025-07-19,Бабка корица и карамель,4.0,БЛУМ,Saturday,Выпечка,Активный
2025-07-20,Бабка корица и карамель,3.0,БЛУМ,Sunday,Выпечка,Активный
2025-07-21,Бабка корица и карамель,1.0,БЛУМ,Monday,Выпечка,Активный
2025-07-22,Бабка корица и карамель,1.0,БЛУМ,Tuesday,Выпечка,Активный
2025-07-23,Бабка корица и карамель,2.0,БЛУМ,Wednesday,Выпечка,Активный
2025-07-24,Бабка корица и карамель,1.0,БЛУМ,Thursday,Выпечка,Активный
2025-07-25,Бабка корица и карамель,2.0,БЛУМ,Friday,Выпечка,Активный
2025-07-26,Бабка корица и карамель,3.0,БЛУМ,Saturday,Выпечка,Активный
2025-07-27,Бабка корица и карамель,3.0,БЛУМ,Sunday,Выпечка,Активный
2025-07-28,Бабка корица и карамель,2.0,БЛУМ,Monday,Выпечка,Активный
2025-07-29,Бабка корица и карамель,2.0,БЛУМ,Tuesday,Выпечка,Активный
2025-07-30,Бабка корица и карамель,2.0,БЛУМ,Wednesday,Выпечка,Активный
2025-07-31,Бабка корица и карамель,1.0,БЛУМ,Thursday,Выпечка,Активный
2025-08-01,Бабка корица и карамель,2.0,БЛУМ,Friday,Выпечка,Активный
2025-08-02,Бабка корица и карамель,3.0,БЛУМ,Saturday,Выпечка,Активный
2025-08-03,Бабка корица и карамель,3.0,БЛУМ,Sunday,Выпечка,Активный
2025-08-04,Бабка корица и карамель,1.0,БЛУМ,Monday,Выпечка,Активный
2025-08-05,Бабка корица и карамель,2.0,БЛУМ,Tuesday,Выпечка,Активный
2025-08-06,Бабка корица и карамель,2.0,БЛУМ,Wednesday,Выпечка,Активный
2025-08-07,Бабка корица и карамель,1.0,БЛУМ,Thursday,Выпечка,Активный
2025-08-08,Бабка корица и карамель,3.0,БЛУМ,Friday,Выпечка,Активный
2025-08-09,Бабка корица и карамель,3.0,БЛУМ,Saturday,Выпечка,Активный
2025-08-10,Бабка корица и карамель,3.0,БЛУМ,Sunday,Выпечка,Активный
2025-08-11,Бабка корица и карамель,2.0,БЛУМ,Monday,Выпечка,Активный
2025-08-12,Бабка корица и карамель,2.0,БЛУМ,Tuesday,Выпечка,Активный
2025-08-13,Бабка корица и карамель,1.0,БЛУМ,Wednesday,Выпечка,Активный
2025-08-14,Бабка корица и карамель,2.0,БЛУМ,Thursday,Выпечка,Активный
2025-08-15,Бабка корица и карамель,2.0,БЛУМ,Friday,Выпечка,Активный
2025-08-16,Бабка корица и карамель,3.0,БЛУМ,Saturday,Выпечка,Активный
2025-08-17,Бабка корица и карамель,4.0,БЛУМ,Sunday,Выпечка,Активный
2025-08-18,Бабка корица и карамель,0.0,БЛУМ,Monday,Выпечка,Активный
2025-08-19,Бабка корица и карамель,2.0,БЛУМ,Tuesday,Выпечка,Активный
2025-08-20,Бабка корица и карамель,1.0,БЛУМ,Wednesday,Выпечка,Активный
2025-08-21,Бабка корица и карамель,2.0,БЛУМ,Thursday,Выпечка,Активный
2025-08-22,Бабка корица и карамель,2.0,БЛУМ,Friday,Выпечка,Активный
2025-08-23,Бабка корица и карамель,3.0,БЛУМ,Saturday,Выпечка,Активный
2025-08-24,Бабка корица и карамель,3.0,БЛУМ,Sunday,Выпечка,Активный
2025-08-25,Бабка корица и карамель,1.0,БЛУМ,Monday,Выпечка,Активный
2025-08-26,Бабка корица и карамель,2.0,БЛУМ,Tuesday,Выпечка,Активный
2025-08-27,Бабка корица и карамель,1.0,БЛУМ,Wednesday,Выпечка,Активный
2025-08-28,Бабка корица и карамель,2.0,БЛУМ,Thursday,Выпечка,Активный
2025-08-29,Бабка корица и карамель,2.0,БЛУМ,Friday,Выпечка,Активный
2025-08-30,Бабка корица и карамель,3.0,БЛУМ,Saturday,Выпечка,Активный
2025-08-31,Бабка корица и карамель,3.0,БЛУМ,Sunday,Выпечка,Активный
2025-06-01,Бейгл 120,0.0,БЛУМ,Sunday,Хлеб,
2025-06-02,Бейгл 120,0.0,БЛУМ,Monday,Хлеб,
2025-06-03,Бейгл 120,0.0,БЛУМ,Tuesday,Хлеб,
2025-06-04,Бейгл 120,0.0,БЛУМ,Wednesday,Хлеб,
2025-06-05,Бейгл 120,0.0,БЛУМ,Thursday,Хлеб,
2025-06-06,Бейгл 120,0.0,БЛУМ,Friday,Хлеб,
2025-06-07,Бейгл 120,0.0,БЛУМ,Saturday,Хлеб,
2025-06-08,Бейгл 120,0.0,БЛУМ,Sunday,Хлеб,
2025-06-09,Бейгл 120,0.0,БЛУМ,Monday,Хлеб,
2025-06-10,Бейгл 120,0.0,БЛУМ,Tuesday,Хлеб,
2025-06-11,Бейгл 120,0.0,БЛУМ,Wednesday,Хлеб,
2025-06-12,Бейгл 120,0.0,БЛУМ,Thursday,Хлеб,
2025-06-13,Бейгл 120,0.0,БЛУМ,Friday,Хлеб,
2025-06-14,Бейгл 120,0.0,БЛУМ,Saturday,Хлеб,
2025-06-15,Бейгл 120,0.0,БЛУМ,Sunday,Хлеб,
2025-06-16,Бейгл 120,0.0,БЛУМ,Monday,Хлеб,
2025-06-17,Бейгл 120,0.0,БЛУМ,Tuesday,Хлеб,
2025-06-18,Бейгл 120,0.0,БЛУМ,Wednesday,Хлеб,
2025-06-19,Бейгл 120,0.0,БЛУМ,Thursday,Хлеб,
2025-06-20,Бейгл 120,0.0,БЛУМ,Friday,Хлеб,
2025-06-21,Бейгл 120,0.0,БЛУМ,Saturday,Хлеб,
2025-06-22,Бейгл 120,0.0,БЛУМ,Sunday,Хлеб,
2025-06-23,Бейгл 120,0.0,БЛУМ,Monday,Хлеб,
2025-06-24,Бейгл 120,0.0,БЛУМ,Tuesday,Хлеб,
2025-06-25,Бейгл 120,0.0,БЛУМ,Wednesday,Хлеб,
2025-06-26,Бейгл 120,0.0,БЛУМ,Thursday,Хлеб,
2025-06-27,Бейгл 120,0.0,БЛУМ,Friday,Хлеб,
2025-06-28,Бейгл 120,0.0,БЛУМ,Saturday,Хлеб,
2025-06-29,Бейгл 120,0.0,БЛУМ,Sunday,Хлеб,
2025-06-30,Бейгл 120,0.0,БЛУМ,Monday,Хлеб,
2025-07-01,Бейгл 120,0.0,БЛУМ,Tuesday,Хлеб,
2025-07-02,Бейгл 120,0.0,БЛУМ,Wednesday,Хлеб,
2025-07-03,Бейгл 120,0.0,БЛУМ,Thursday,Хлеб,
2025-07-04,Бейгл 120,0.0,БЛУМ,Friday,Хлеб,
2025-07-05,Бейгл 120,0.0,БЛУМ,Saturday,Хлеб,
2025-07-06,Бейгл 120,0.0,БЛУМ,Sunday,Хлеб,
2025-07-07,Бейгл 120,0.0,БЛУМ,Monday,Хлеб,
2025-07-08,Бейгл 120,0.0,БЛУМ,Tuesday,Хлеб,
2025-07-09,Бейгл 120,0.0,БЛУМ,Wednesday,Хлеб,
2025-07-10,Бейгл 120,0.0,БЛУМ,Thursday,Хлеб,
2025-07-11,Бейгл 120,0.0,БЛУМ,Friday,Хлеб,
2025-07-12,Бейгл 120,0.0,БЛУМ,Saturday,Хлеб,
2025-07-13,Бейгл 120,0.0,БЛУМ,Sunday,Хлеб,
2025-07-14,Бейгл 120,0.0,БЛУМ,Monday,Хлеб,
2025-07-15,Бейгл 120,0.0,БЛУМ,Tuesday,Хлеб,
2025-07-16,Бейгл 120,0.0,БЛУМ,Wednesday,Хлеб,
2025-07-17,Бейгл 120,0.0,БЛУМ,Thursday,Хлеб,
2025-07-18,Бейгл 120,0.0,БЛУМ,Friday,Хлеб,
2025-07-19,Бейгл 120,0.0,БЛУМ,Saturday,Хлеб,
2025-07-20,Бейгл 120,0.0,БЛУМ,Sunday,Хлеб,
2025-07-21,Бейгл 120,0.0,БЛУМ,Monday,Хлеб,
2025-07-22,Бейгл 120,0.0,БЛУМ,Tuesday,Хлеб,
2025-07-23,Бейгл 120,0.0,БЛУМ,Wednesday,Хлеб,
2025-07-24,Бейгл 120,0.0,БЛУМ,Thursday,Хлеб,
2025-07-25,Бейгл 120,0.0,БЛУМ,Friday,Хлеб,
2025-07-26,Бейгл 120,0.0,БЛУМ,Saturday,Хлеб,
2025-07-27,Бейгл 120,0.0,БЛУМ,Sunday,Хлеб,
2025-07-28,Бейгл 120,0.0,БЛУМ,Monday,Хлеб,
2025-07-29,Бейгл 120,0.0,БЛУМ,Tuesday,Хлеб,
2025-07-30,Бейгл 120,0.0,БЛУМ,Wednesday,Хлеб,
2025-07-31,Бейгл 120,0.0,БЛУМ,Thursday,Хлеб,
2025-08-01,Бейгл 120,0.0,БЛУМ,Friday,Хлеб,
2025-08-02,Бейгл 120,0.0,БЛУМ,Saturday,Хлеб,
2025-08-03,Бейгл 120,0.0,БЛУМ,Sunday,Хлеб,
2025-08-04,Бейгл 120,0.0,БЛУМ,Monday,Хлеб,
2025-08-05,Бейгл 120,0.0,БЛУМ,Tuesday,Хлеб,
2025-08-06,Бейгл 120,0.0,БЛУМ,Wednesday,Хлеб,
2025-08-07,Бейгл 120,0.0,БЛУМ,Thursday,Хлеб,
2025-08-08,Бейгл 120,0.0,БЛУМ,Friday,Хлеб,
2025-08-09,Бейгл 120,0.0,БЛУМ,Saturday,Хлеб,
2025-08-10,Бейгл 120,0.0,БЛУМ,Sunday,Хлеб,
2025-08-11,Бейгл 120,0.0,БЛУМ,Monday,Хлеб,
2025-08-12,Бейгл 120,0.0,БЛУМ,Tuesday,Хлеб,
2025-08-13,Бейгл 120,0.0,БЛУМ,Wednesday,Хлеб,
2025-08-14,Бейгл 120,0.0,БЛУМ,Thursday,Хлеб,
2025-08-15,Бейгл 120,0.0,БЛУМ,Friday,Хлеб,
2025-08-16,Бейгл 120,0.0,БЛУМ,Saturday,Хлеб,
2025-08-17,Бейгл 120,0.0,БЛУМ,Sunday,Хлеб,
2025-08-18,Бейгл 120,0.0,БЛУМ,Monday,Хлеб,
2025-08-19,Бейгл 120,0.0,БЛУМ,Tuesday,Хлеб,
2025-08-20,Бейгл 120,0.0,БЛУМ,Wednesday,Хлеб,
2025-08-21,Бейгл 120,6.0,БЛУМ,Thursday,Хлеб,
2025-08-22,Бейгл 120,0.0,БЛУМ,Friday,Хлеб,
2025-08-23,Бейгл 120,0.0,БЛУМ,Saturday,Хлеб,
2025-08-24,Бейгл 120,0.0,БЛУМ,Sunday,Хлеб,
2025-08-25,Бейгл 120,0.0,БЛУМ,Monday,Хлеб,
2025-08-26,Бейгл 120,0.0,БЛУМ,Tuesday,Хлеб,
2025-08-27,Бейгл 120,0.0,БЛУМ,Wednesday,Хлеб,
2025-08-28,Бейгл 120,0.0,БЛУМ,Thursday,Хлеб,
2025-08-29,Бейгл 120,0.0,БЛУМ,Friday,Хлеб,
2025-08-30,Бейгл 120,4.0,БЛУМ,Saturday,Хлеб,
2025-08-31,Бейгл 120,0.0,БЛУМ,Sunday,Хлеб,
2025-06-01,Брауни бг фундук,5.0,БЛУМ,Sunday,Десерты,Снят
2025-06-02,Брауни бг фундук,0.0,БЛУМ,Monday,Десерты,Снят
2025-06-03,Брауни бг фундук,0.0,БЛУМ,Tuesday,Десерты,Снят
2025-06-04,Брауни бг фундук,5.0,БЛУМ,Wednesday,Десерты,Снят
2025-06-05,Брауни бг фундук,0.0,БЛУМ,Thursday,Десерты,Снят
2025-06-06,Брауни бг фундук,0.0,БЛУМ,Friday,Десерты,Снят
2025-06-07,Брауни бг фундук,5.0,БЛУМ,Saturday,Десерты,Снят
2025-06-08,Брауни бг фундук,0.0,БЛУМ,Sunday,Десерты,Снят
2025-06-09,Брауни бг фундук,6.0,БЛУМ,Monday,Десерты,Снят
2025-06-10,Брауни бг фундук,5.0,БЛУМ,Tuesday,Десерты,Снят
2025-06-11,Брауни бг фундук,0.0,БЛУМ,Wednesday,Десерты,Снят
2025-06-12,Брауни бг фундук,0.0,БЛУМ,Thursday,Десерты,Снят
2025-06-13,Брауни бг фундук,11.0,БЛУМ,Friday,Десерты,Снят
2025-06-14,Брауни бг фундук,0.0,БЛУМ,Saturday,Десерты,Снят
2025-06-15,Брауни бг фундук,0.0,БЛУМ,Sunday,Десерты,Снят
2025-06-16,Брауни бг фундук,11.0,БЛУМ,Monday,Десерты,Снят
2025-06-17,Брауни бг фундук,0.0,БЛУМ,Tuesday,Десерты,Снят
2025-06-18,Брауни бг фундук,0.0,БЛУМ,Wednesday,Десерты,Снят
2025-06-19,Брауни бг фундук,5.0,БЛУМ,Thursday,Десерты,Снят
2025-06-20,Брауни бг фундук,6.0,БЛУМ,Friday,Десерты,Снят
2025-06-21,Брауни бг фундук,0.0,БЛУМ,Saturday,Десерты,Снят
2025-06-22,Брауни бг фундук,5.0,БЛУМ,Sunday,Десерты,Снят
2025-06-23,Брауни бг фундук,6.0,БЛУМ,Monday,Десерты,Снят
2025-06-24,Брауни бг фундук,0.0,БЛУМ,Tuesday,Десерты,Снят
2025-06-25,Брауни бг фундук,5.0,БЛУМ,Wednesday,Десерты,Снят
2025-06-26,Брауни бг фундук,0.0,БЛУМ,Thursday,Десерты,Снят
2025-06-27,Брауни бг фундук,6.0,БЛУМ,Friday,Десерты,Снят
2025-06-28,Брауни бг фундук,5.0,БЛУМ,Saturday,Десерты,Снят
2025-06-29,Брауни бг фундук,0.0,БЛУМ,Sunday,Десерты,Снят
2025-06-30,Брауни бг фундук,6.0,БЛУМ,Monday,Десерты,Снят
2025-07-01,Брауни бг фундук,5.0,БЛУМ,Tuesday,Десерты,Снят
2025-07-02,Брауни бг фундук,6.0,БЛУМ,Wednesday,Десерты,Снят
2025-07-03,Брауни бг фундук,0.0,БЛУМ,Thursday,Десерты,Снят
2025-07-04,Брауни бг фундук,11.0,БЛУМ,Friday,Десерты,Снят
2025-07-05,Брауни бг фундук,0.0,БЛУМ,Saturday,Десерты,Снят
2025-07-06,Брауни бг фундук,6.0,БЛУМ,Sunday,Десерты,Снят
2025-07-07,Брауни бг фундук,0.0,БЛУМ,Monday,Десерты,Снят
2025-07-08,Брауни бг фундук,6.0,БЛУМ,Tuesday,Десерты,Снят
2025-07-09,Брауни бг фундук,0.0,БЛУМ,Wednesday,Десерты,Снят
2025-07-10,Брауни бг фундук,5.0,БЛУМ,Thursday,Десерты,Снят
2025-07-11,Брауни бг фундук,6.0,БЛУМ,Friday,Десерты,Снят
2025-07-12,Брауни бг фундук,0.0,БЛУМ,Saturday,Десерты,Снят
2025-07-13,Брауни бг фундук,5.0,БЛУМ,Sunday,Десерты,Снят
2025-07-14,Брауни бг фундук,6.0,БЛУМ,Monday,Десерты,Снят
2025-07-15,Брауни бг фундук,0.0,БЛУМ,Tuesday,Десерты,Снят
2025-07-16,Брауни бг фундук,5.0,БЛУМ,Wednesday,Десерты,Снят
2025-07-17,Брауни бг фундук,6.0,БЛУМ,Thursday,Десерты,Снят
2025-07-18,Брауни бг фундук,0.0,БЛУМ,Friday,Десерты,Снят
2025-07-19,Брауни бг фундук,5.0,БЛУМ,Saturday,Десерты,Снят
2025-07-20,Брауни бг фундук,5.0,БЛУМ,Sunday,Десерты,Снят
2025-07-21,Брауни бг фундук,0.0,БЛУМ,Monday,Десерты,Снят
2025-07-22,Брауни бг фундук,5.0,БЛУМ,Tuesday,Десерты,Снят
2025-07-23,Брауни бг фундук,6.0,БЛУМ,Wednesday,Десерты,Снят
2025-07-24,Брауни бг фундук,0.0,БЛУМ,Thursday,Десерты,Снят
2025-07-25,Брауни бг фундук,5.0,БЛУМ,Friday,Десерты,Снят
2025-07-26,Брауни бг фундук,6.0,БЛУМ,Saturday,Десерты,Снят
2025-07-27,Брауни бг фундук,0.0,БЛУМ,Sunday,Десерты,Снят
2025-07-28,Брауни бг фундук,5.0,БЛУМ,Monday,Десерты,Снят
2025-07-29,Брауни бг фундук,6.0,БЛУМ,Tuesday,Десерты,Снят
2025-07-30,Брауни бг фундук,0.0,БЛУМ,Wednesday,Десерты,Снят
2025-07-31,Брауни бг фундук,5.0,БЛУМ,Thursday,Десерты,Снят
2025-08-01,Брауни бг фундук,6.0,БЛУМ,Friday,Десерты,Снят
2025-08-02,Брауни бг фундук,0.0,БЛУМ,Saturday,Десерты,Снят
2025-08-03,Брауни бг фундук,5.0,БЛУМ,Sunday,Десерты,Снят
2025-08-04,Брауни бг фундук,6.0,БЛУМ,Monday,Десерты,Снят
2025-08-05,Брауни бг фундук,0.0,БЛУМ,Tuesday,Десерты,Снят
2025-08-06,Брауни бг фундук,5.0,БЛУМ,Wednesday,Десерты,Снят
2025-08-07,Брауни бг фундук,6.0,БЛУМ,Thursday,Десерты,Снят
2025-08-08,Брауни бг фундук,0.0,БЛУМ,Friday,Десерты,Снят
2025-08-09,Брауни бг фундук,5.0,БЛУМ,Saturday,Десерты,Снят
2025-08-10,Брауни бг фундук,8.0,БЛУМ,Sunday,Десерты,Снят
2025-08-11,Брауни бг фундук,0.0,БЛУМ,Monday,Десерты,Снят
2025-08-12,Брауни бг фундук,5.0,БЛУМ,Tuesday,Десерты,Снят
2025-08-13,Брауни бг фундук,8.0,БЛУМ,Wednesday,Десерты,Снят
2025-08-14,Брауни бг фундук,0.0,БЛУМ,Thursday,Десерты,Снят
2025-08-15,Брауни бг фундук,5.0,БЛУМ,Friday,Десерты,Снят
2025-08-16,Брауни бг фундук,6.0,БЛУМ,Saturday,Десерты,Снят
2025-08-17,Брауни бг фундук,3.0,БЛУМ,Sunday,Десерты,Снят
2025-08-18,Брауни бг фундук,0.0,БЛУМ,Monday,Десерты,Снят
2025-08-19,Брауни бг фундук,6.0,БЛУМ,Tuesday,Десерты,Снят
2025-08-20,Брауни бг фундук,0.0,БЛУМ,Wednesday,Десерты,Снят
2025-08-21,Брауни бг фундук,5.0,БЛУМ,Thursday,Десерты,Снят
2025-08-22,Брауни бг фундук,6.0,БЛУМ,Friday,Десерты,Снят
2025-08-23,Брауни бг фундук,0.0,БЛУМ,Saturday,Десерты,Снят
2025-08-24,Брауни бг фундук,5.0,БЛУМ,Sunday,Десерты,Снят
2025-08-25,Брауни бг фундук,0.0,БЛУМ,Monday,Десерты,Снят
2025-08-26,Брауни бг фундук,6.0,БЛУМ,Tuesday,Десерты,Снят
2025-08-27,Брауни бг фундук,5.0,БЛУМ,Wednesday,Десерты,Снят
2025-08-28,Брауни бг фундук,0.0,БЛУМ,Thursday,Десерты,Снят
2025-08-29,Брауни бг фундук,6.0,БЛУМ,Friday,Десерты,Снят
2025-08-30,Брауни бг фундук,5.0,БЛУМ,Saturday,Десерты,Снят
2025-08-31,Брауни бг фундук,5.0,БЛУМ,Sunday,Десерты,Снят
2025-06-01,Бриошь 10х10,0.0,БЛУМ,Sunday,Хлеб,Активный
2025-06-02,Бриошь 10х10,0.0,БЛУМ,Monday,Хлеб,Активный
2025-06-03,Бриошь 10х10,0.0,БЛУМ,Tuesday,Хлеб,Активный
2025-06-04,Бриошь 10х10,0.0,БЛУМ,Wednesday,Хлеб,Активный
2025-06-05,Бриошь 10х10,0.0,БЛУМ,Thursday,Хлеб,Активный
2025-06-06,Бриошь 10х10,0.0,БЛУМ,Friday,Хлеб,Активный
2025-06-07,Бриошь 10х10,0.0,БЛУМ,Saturday,Хлеб,Активный
2025-06-08,Бриошь 10х10,0.0,БЛУМ,Sunday,Хлеб,Активный
2025-06-09,Бриошь 10х10,0.0,БЛУМ,Monday,Хлеб,Активный
2025-06-10,Бриошь 10х10,0.0,БЛУМ,Tuesday,Хлеб,Активный
2025-06-11,Бриошь 10х10,0.0,БЛУМ,Wednesday,Хлеб,Активный
2025-06-12,Бриошь 10х10,0.0,БЛУМ,Thursday,Хлеб,Активный
2025-06-13,Бриошь 10х10,0.0,БЛУМ,Friday,Хлеб,Активный
2025-06-14,Бриошь 10х10,0.0,БЛУМ,Saturday,Хлеб,Активный
2025-06-15,Бриошь 10х10,0.0,БЛУМ,Sunday,Хлеб,Активный
2025-06-16,Бриошь 10х10,0.0,БЛУМ,Monday,Хлеб,Активный
2025-06-17,Бриошь 10х10,0.0,БЛУМ,Tuesday,Хлеб,Активный
2025-06-18,Бриошь 10х10,0.0,БЛУМ,Wednesday,Хлеб,Активный
2025-06-19,Бриошь 10х10,0.0,БЛУМ,Thursday,Хлеб,Активный
2025-06-20,Бриошь 10х10,0.0,БЛУМ,Friday,Хлеб,Активный
2025-06-21,Бриошь 10х10,0.0,БЛУМ,Saturday,Хлеб,Активный
2025-06-22,Бриошь 10х10,0.0,БЛУМ,Sunday,Хлеб,Активный
2025-06-23,Бриошь 10х10,0.0,БЛУМ,Monday,Хлеб,Активный
2025-06-24,Бриошь 10х10,0.0,БЛУМ,Tuesday,Хлеб,Активный
2025-06-25,Бриошь 10х10,0.0,БЛУМ,Wednesday,Хлеб,Активный
2025-06-26,Бриошь 10х10,0.0,БЛУМ,Thursday,Хлеб,Активный
2025-06-27,Бриошь 10х10,0.0,БЛУМ,Friday,Хлеб,Активный
2025-06-28,Бриошь 10х10,0.0,БЛУМ,Saturday,Хлеб,Активный
2025-06-29,Бриошь 10х10,0.0,БЛУМ,Sunday,Хлеб,Активный
2025-06-30,Бриошь 10х10,0.0,БЛУМ,Monday,Хлеб,Активный
2025-07-01,Бриошь 10х10,0.0,БЛУМ,Tuesday,Хлеб,Активный
2025-07-02,Бриошь 10х10,0.0,БЛУМ,Wednesday,Хлеб,Активный
2025-07-03,Бриошь 10х10,0.0,БЛУМ,Thursday,Хлеб,Активный
2025-07-04,Бриошь 10х10,0.0,БЛУМ,Friday,Хлеб,Активный
2025-07-05,Бриошь 10х10,0.0,БЛУМ,Saturday,Хлеб,Активный
2025-07-06,Бриошь 10х10,0.0,БЛУМ,Sunday,Хлеб,Активный
2025-07-07,Бриошь 10х10,0.0,БЛУМ,Monday,Хлеб,Активный
2025-07-08,Бриошь 10х10,0.0,БЛУМ,Tuesday,Хлеб,Активный
2025-07-09,Бриошь 10х10,0.0,БЛУМ,Wednesday,Хлеб,Активный
2025-07-10,Бриошь 10х10,0.0,БЛУМ,Thursday,Хлеб,Активный
2025-07-11,Бриошь 10х10,0.0,БЛУМ,Friday,Хлеб,Активный
2025-07-12,Бриошь 10х10,0.0,БЛУМ,Saturday,Хлеб,Активный
2025-07-13,Бриошь 10х10,0.0,БЛУМ,Sunday,Хлеб,Активный
2025-07-14,Бриошь 10х10,0.0,БЛУМ,Monday,Хлеб,Активный
2025-07-15,Бриошь 10х10,0.0,БЛУМ,Tuesday,Хлеб,Активный
2025-07-16,Бриошь 10х10,0.0,БЛУМ,Wednesday,Хлеб,Активный
2025-07-17,Бриошь 10х10,0.0,БЛУМ,Thursday,Хлеб,Активный
2025-07-18,Бриошь 10х10,0.0,БЛУМ,Friday,Хлеб,Активный
2025-07-19,Бриошь 10х10,0.0,БЛУМ,Saturday,Хлеб,Активный
2025-07-20,Бриошь 10х10,0.0,БЛУМ,Sunday,Хлеб,Активный
2025-07-21,Бриошь 10х10,0.0,БЛУМ,Monday,Хлеб,Активный
2025-07-22,Бриошь 10х10,0.0,БЛУМ,Tuesday,Хлеб,Активный
2025-07-23,Бриошь 10х10,0.0,БЛУМ,Wednesday,Хлеб,Активный
2025-07-24,Бриошь 10х10,0.0,БЛУМ,Thursday,Хлеб,Активный
2025-07-25,Бриошь 10х10,0.0,БЛУМ,Friday,Хлеб,Активный
2025-07-26,Бриошь 10х10,0.0,БЛУМ,Saturday,Хлеб,Активный
2025-07-27,Бриошь 10х10,0.0,БЛУМ,Sunday,Хлеб,Активный
2025-07-28,Бриошь 10х10,0.0,БЛУМ,Monday,Хлеб,Активный
2025-07-29,Бриошь 10х10,0.0,БЛУМ,Tuesday,Хлеб,Активный
2025-07-30,Бриошь 10х10,0.0,БЛУМ,Wednesday,Хлеб,Активный
2025-07-31,Бриошь 10х10,0.0,БЛУМ,Thursday,Хлеб,Активный
2025-08-01,Бриошь 10х10,0.0,БЛУМ,Friday,Хлеб,Активный
2025-08-02,Бриошь 10х10,0.0,БЛУМ,Saturday,Хлеб,Активный
2025-08-03,Бриошь 10х10,0.0,БЛУМ,Sunday,Хлеб,Активный
2025-08-04,Бриошь 10х10,0.0,БЛУМ,Monday,Хлеб,Активный
2025-08-05,Бриошь 10х10,0.0,БЛУМ,Tuesday,Хлеб,Активный
2025-08-06,Бриошь 10х10,0.0,БЛУМ,Wednesday,Хлеб,Активный
2025-08-07,Бриошь 10х10,0.0,БЛУМ,Thursday,Хлеб,Активный
2025-08-08,Бриошь 10х10,0.0,БЛУМ,Friday,Хлеб,Активный
2025-08-09,Бриошь 10х10,0.0,БЛУМ,Saturday,Хлеб,Активный
2025-08-10,Бриошь 10х10,0.0,БЛУМ,Sunday,Хлеб,Активный
2025-08-11,Бриошь 10х10,0.0,БЛУМ,Monday,Хлеб,Активный
2025-08-12,Бриошь 10х10,0.0,БЛУМ,Tuesday,Хлеб,Активный
2025-08-13,Бриошь 10х10,0.0,БЛУМ,Wednesday,Хлеб,Активный
2025-08-14,Бриошь 10х10,0.0,БЛУМ,Thursday,Хлеб,Активный
2025-08-15,Бриошь 10х10,0.0,БЛУМ,Friday,Хлеб,Активный
2025-08-16,Бриошь 10х10,0.0,БЛУМ,Saturday,Хлеб,Активный
2025-08-17,Бриошь 10х10,0.0,БЛУМ,Sunday,Хлеб,Активный
2025-08-18,Бриошь 10х10,0.0,БЛУМ,Monday,Хлеб,Активный
2025-08-19,Бриошь 10х10,0.0,БЛУМ,Tuesday,Хлеб,Активный
2025-08-20,Бриошь 10х10,0.0,БЛУМ,Wednesday,Хлеб,Активный
2025-08-21,Бриошь 10х10,0.0,БЛУМ,Thursday,Хлеб,Активный
2025-08-22,Бриошь 10х10,0.0,БЛУМ,Friday,Хлеб,Активный
2025-08-23,Бриошь 10х10,0.0,БЛУМ,Saturday,Хлеб,Активный
2025-08-24,Бриошь 10х10,0.0,БЛУМ,Sunday,Хлеб,Активный
2025-08-25,Бриошь 10х10,0.0,БЛУМ,Monday,Хлеб,Активный
2025-08-26,Бриошь 10х10,0.0,БЛУМ,Tuesday,Хлеб,Активный
2025-08-27,Бриошь 10х10,0.0,БЛУМ,Wednesday,Хлеб,Активный
2025-08-28,Бриошь 10х10,2.0,БЛУМ,Thursday,Хлеб,Активный
2025-08-29,Бриошь 10х10,0.0,БЛУМ,Friday,Хлеб,Активный
2025-08-30,Бриошь 10х10,2.0,БЛУМ,Saturday,Хлеб,Активный
2025-08-31,Бриошь 10х10,0.0,БЛУМ,Sunday,Хлеб,Активный
2025-06-01,Бриошь с ванильным кремом в ягодной глазури,6.0,БЛУМ,Sunday,Булки,
2025-06-02,Бриошь с ванильным кремом в ягодной глазури,3.0,БЛУМ,Monday,Булки,
2025-06-03,Бриошь с ванильным кремом в ягодной глазури,3.0,БЛУМ,Tuesday,Булки,
2025-06-04,Бриошь с ванильным кремом в ягодной глазури,3.0,БЛУМ,Wednesday,Булки,
2025-06-05,Бриошь с ванильным кремом в ягодной глазури,6.0,БЛУМ,Thursday,Булки,
2025-06-06,Бриошь с ванильным кремом в ягодной глазури,3.0,БЛУМ,Friday,Булки,
2025-06-07,Бриошь с ванильным кремом в ягодной глазури,5.0,БЛУМ,Saturday,Булки,
2025-06-08,Бриошь с ванильным кремом в ягодной глазури,8.0,БЛУМ,Sunday,Булки,
2025-06-09,Бриошь с ванильным кремом в ягодной глазури,3.0,БЛУМ,Monday,Булки,
2025-06-10,Бриошь с ванильным кремом в ягодной глазури,3.0,БЛУМ,Tuesday,Булки,
2025-06-11,Бриошь с ванильным кремом в ягодной глазури,3.0,БЛУМ,Wednesday,Булки,
2025-06-12,Бриошь с ванильным кремом в ягодной глазури,6.0,БЛУМ,Thursday,Булки,
2025-06-13,Бриошь с ванильным кремом в ягодной глазури,3.0,БЛУМ,Friday,Булки,
2025-06-14,Бриошь с ванильным кремом в ягодной глазури,5.0,БЛУМ,Saturday,Булки,
2025-06-15,Бриошь с ванильным кремом в ягодной глазури,8.0,БЛУМ,Sunday,Булки,
2025-06-16,Бриошь с ванильным кремом в ягодной глазури,3.0,БЛУМ,Monday,Булки,
2025-06-17,Бриошь с ванильным кремом в ягодной глазури,3.0,БЛУМ,Tuesday,Булки,
2025-06-18,Бриошь с ванильным кремом в ягодной глазури,3.0,БЛУМ,Wednesday,Булки,
2025-06-19,Бриошь с ванильным кремом в ягодной глазури,6.0,БЛУМ,Thursday,Булки,
2025-06-20,Бриошь с ванильным кремом в ягодной глазури,3.0,БЛУМ,Friday,Булки,
2025-06-21,Бриошь с ванильным кремом в ягодной глазури,5.0,БЛУМ,Saturday,Булки,
2025-06-22,Бриошь с ванильным кремом в ягодной глазури,8.0,БЛУМ,Sunday,Булки,
2025-06-23,Бриошь с ванильным кремом в ягодной глазури,5.0,БЛУМ,Monday,Булки,
2025-06-24,Бриошь с ванильным кремом в ягодной глазури,5.0,БЛУМ,Tuesday,Булки,
2025-06-25,Бриошь с ванильным кремом в ягодной глазури,5.0,БЛУМ,Wednesday,Булки,
2025-06-26,Бриошь с ванильным кремом в ягодной глазури,8.0,БЛУМ,Thursday,Булки,
2025-06-27,Бриошь с ванильным кремом в ягодной глазури,5.0,БЛУМ,Friday,Булки,
2025-06-28,Бриошь с ванильным кремом в ягодной глазури,5.0,БЛУМ,Saturday,Булки,
2025-06-29,Бриошь с ванильным кремом в ягодной глазури,6.0,БЛУМ,Sunday,Булки,
2025-06-30,Бриошь с ванильным кремом в ягодной глазури,3.0,БЛУМ,Monday,Булки,
2025-07-01,Бриошь с ванильным кремом в ягодной глазури,4.0,БЛУМ,Tuesday,Булки,
2025-07-02,Бриошь с ванильным кремом в ягодной глазури,4.0,БЛУМ,Wednesday,Булки,
2025-07-03,Бриошь с ванильным кремом в ягодной глазури,7.0,БЛУМ,Thursday,Булки,
2025-07-04,Бриошь с ванильным кремом в ягодной глазури,4.0,БЛУМ,Friday,Булки,
2025-07-05,Бриошь с ванильным кремом в ягодной глазури,5.0,БЛУМ,Saturday,Булки,
2025-07-06,Бриошь с ванильным кремом в ягодной глазури,8.0,БЛУМ,Sunday,Булки,
2025-07-07,Бриошь с ванильным кремом в ягодной глазури,0.0,БЛУМ,Monday,Булки,
2025-07-08,Бриошь с ванильным кремом в ягодной глазури,4.0,БЛУМ,Tuesday,Булки,
2025-07-09,Бриошь с ванильным кремом в ягодной глазури,7.0,БЛУМ,Wednesday,Булки,
2025-07-10,Бриошь с ванильным кремом в ягодной глазури,4.0,БЛУМ,Thursday,Булки,
2025-07-11,Бриошь с ванильным кремом в ягодной глазури,4.0,БЛУМ,Friday,Булки,
2025-07-12,Бриошь с ванильным кремом в ягодной глазури,8.0,БЛУМ,Saturday,Булки,
2025-07-13,Бриошь с ванильным кремом в ягодной глазури,8.0,БЛУМ,Sunday,Булки,
2025-07-14,Бриошь с ванильным кремом в ягодной глазури,3.0,БЛУМ,Monday,Булки,
2025-07-15,Бриошь с ванильным кремом в ягодной глазури,4.0,БЛУМ,Tuesday,Булки,
2025-07-16,Бриошь с ванильным кремом в ягодной глазури,4.0,БЛУМ,Wednesday,Булки,
2025-07-17,Бриошь с ванильным кремом в ягодной глазури,7.0,БЛУМ,Thursday,Булки,
2025-07-18,Бриошь с ванильным кремом в ягодной глазури,4.0,БЛУМ,Friday,Булки,
2025-07-19,Бриошь с ванильным кремом в ягодной глазури,8.0,БЛУМ,Saturday,Булки,
2025-07-20,Бриошь с ванильным кремом в ягодной глазури,5.0,БЛУМ,Sunday,Булки,
2025-07-21,Бриошь с ванильным кремом в ягодной глазури,4.0,БЛУМ,Monday,Булки,
2025-07-22,Бриошь с ванильным кремом в ягодной глазури,4.0,БЛУМ,Tuesday,Булки,
2025-07-23,Бриошь с ванильным кремом в ягодной глазури,4.0,БЛУМ,Wednesday,Булки,
2025-07-24,Бриошь с ванильным кремом в ягодной глазури,4.0,БЛУМ,Thursday,Булки,
2025-07-25,Бриошь с ванильным кремом в ягодной глазури,4.0,БЛУМ,Friday,Булки,
2025-07-26,Бриошь с ванильным кремом в ягодной глазури,5.0,БЛУМ,Saturday,Булки,
2025-07-27,Бриошь с ванильным кремом в ягодной глазури,5.0,БЛУМ,Sunday,Булки,
2025-07-28,Бриошь с ванильным кремом в ягодной глазури,4.0,БЛУМ,Monday,Булки,
2025-07-29,Бриошь с ванильным кремом в ягодной глазури,4.0,БЛУМ,Tuesday,Булки,
2025-07-30,Бриошь с ванильным кремом в ягодной глазури,4.0,БЛУМ,Wednesday,Булки,
2025-07-31,Бриошь с ванильным кремом в ягодной глазури,7.0,БЛУМ,Thursday,Булки,
2025-08-01,Бриошь с ванильным кремом в ягодной глазури,5.0,БЛУМ,Friday,Булки,
2025-08-02,Бриошь с ванильным кремом в ягодной глазури,9.0,БЛУМ,Saturday,Булки,
2025-08-03,Бриошь с ванильным кремом в ягодной глазури,6.0,БЛУМ,Sunday,Булки,
2025-08-04,Бриошь с ванильным кремом в ягодной глазури,4.0,БЛУМ,Monday,Булки,
2025-08-05,Бриошь с ванильным кремом в ягодной глазури,7.0,БЛУМ,Tuesday,Булки,
2025-08-06,Бриошь с ванильным кремом в ягодной глазури,4.0,БЛУМ,Wednesday,Булки,
2025-08-07,Бриошь с ванильным кремом в ягодной глазури,4.0,БЛУМ,Thursday,Булки,
2025-08-08,Бриошь с ванильным кремом в ягодной глазури,4.0,БЛУМ,Friday,Булки,
2025-08-09,Бриошь с ванильным кремом в ягодной глазури,9.0,БЛУМ,Saturday,Булки,
2025-08-10,Бриошь с ванильным кремом в ягодной глазури,6.0,БЛУМ,Sunday,Булки,
2025-08-11,Бриошь с ванильным кремом в ягодной глазури,6.0,БЛУМ,Monday,Булки,
2025-08-12,Бриошь с ванильным кремом в ягодной глазури,4.0,БЛУМ,Tuesday,Булки,
2025-08-13,Бриошь с ванильным кремом в ягодной глазури,4.0,БЛУМ,Wednesday,Булки,
2025-08-14,Бриошь с ванильным кремом в ягодной глазури,7.0,БЛУМ,Thursday,Булки,
2025-08-15,Бриошь с ванильным кремом в ягодной глазури,4.0,БЛУМ,Friday,Булки,
2025-08-16,Бриошь с ванильным кремом в ягодной глазури,8.0,БЛУМ,Saturday,Булки,
2025-08-17,Бриошь с ванильным кремом в ягодной глазури,6.0,БЛУМ,Sunday,Булки,
2025-08-18,Бриошь с ванильным кремом в ягодной глазури,0.0,БЛУМ,Monday,Булки,
2025-08-19,Бриошь с ванильным кремом в ягодной глазури,4.0,БЛУМ,Tuesday,Булки,
2025-08-20,Бриошь с ванильным кремом в ягодной глазури,6.0,БЛУМ,Wednesday,Булки,
2025-08-21,Бриошь с ванильным кремом в ягодной глазури,4.0,БЛУМ,Thursday,Булки,
2025-08-22,Бриошь с ванильным кремом в ягодной глазури,4.0,БЛУМ,Friday,Булки,
2025-08-23,Бриошь с ванильным кремом в ягодной глазури,8.0,БЛУМ,Saturday,Булки,
2025-08-24,Бриошь с ванильным кремом в ягодной глазури,8.0,БЛУМ,Sunday,Булки,
2025-08-25,Бриошь с ванильным кремом в ягодной глазури,4.0,БЛУМ,Monday,Булки,
2025-08-26,Бриошь с ванильным кремом в ягодной глазури,4.0,БЛУМ,Tuesday,Булки,
2025-08-27,Бриошь с ванильным кремом в ягодной глазури,4.0,БЛУМ,Wednesday,Булки,
2025-08-28,Бриошь с ванильным кремом в ягодной глазури,6.0,БЛУМ,Thursday,Булки,
2025-08-29,Бриошь с ванильным кремом в ягодной глазури,4.0,БЛУМ,Friday,Булки,
2025-08-30,Бриошь с ванильным кремом в ягодной глазури,7.0,БЛУМ,Saturday,Булки,
2025-08-31,Бриошь с ванильным кремом в ягодной глазури,12.0,БЛУМ,Sunday,Булки,
2025-06-01,Булка кофе-апельсин,0.0,БЛУМ,Sunday,Булки,Снят
2025-06-02,Булка кофе-апельсин,0.0,БЛУМ,Monday,Булки,Снят
2025-06-03,Булка кофе-апельсин,0.0,БЛУМ,Tuesday,Булки,Снят
2025-06-04,Булка кофе-апельсин,0.0,БЛУМ,Wednesday,Булки,Снят
2025-06-05,Булка кофе-апельсин,0.0,БЛУМ,Thursday,Булки,Снят
2025-06-06,Булка кофе-апельсин,0.0,БЛУМ,Friday,Булки,Снят
2025-06-07,Булка кофе-апельсин,0.0,БЛУМ,Saturday,Булки,Снят
2025-06-08,Булка кофе-апельсин,0.0,БЛУМ,Sunday,Булки,Снят
2025-06-09,Булка кофе-апельсин,0.0,БЛУМ,Monday,Булки,Снят
2025-06-10,Булка кофе-апельсин,0.0,БЛУМ,Tuesday,Булки,Снят
2025-06-11,Булка кофе-апельсин,0.0,БЛУМ,Wednesday,Булки,Снят
2025-06-12,Булка кофе-апельсин,0.0,БЛУМ,Thursday,Булки,Снят
2025-06-13,Булка кофе-апельсин,0.0,БЛУМ,Friday,Булки,Снят
2025-06-14,Булка кофе-апельсин,0.0,БЛУМ,Saturday,Булки,Снят
2025-06-15,Булка кофе-апельсин,0.0,БЛУМ,Sunday,Булки,Снят
2025-06-16,Булка кофе-апельсин,0.0,БЛУМ,Monday,Булки,Снят
2025-06-17,Булка кофе-апельсин,0.0,БЛУМ,Tuesday,Булки,Снят
2025-06-18,Булка кофе-апельсин,0.0,БЛУМ,Wednesday,Булки,Снят
2025-06-19,Булка кофе-апельсин,0.0,БЛУМ,Thursday,Булки,Снят
2025-06-20,Булка кофе-апельсин,0.0,БЛУМ,Friday,Булки,Снят
2025-06-21,Булка кофе-апельсин,0.0,БЛУМ,Saturday,Булки,Снят
2025-06-22,Булка кофе-апельсин,0.0,БЛУМ,Sunday,Булки,Снят
2025-06-23,Булка кофе-апельсин,0.0,БЛУМ,Monday,Булки,Снят
2025-06-24,Булка кофе-апельсин,0.0,БЛУМ,Tuesday,Булки,Снят
2025-06-25,Булка кофе-апельсин,0.0,БЛУМ,Wednesday,Булки,Снят
2025-06-26,Булка кофе-апельсин,0.0,БЛУМ,Thursday,Булки,Снят
2025-06-27,Булка кофе-апельсин,0.0,БЛУМ,Friday,Булки,Снят
2025-06-28,Булка кофе-апельсин,0.0,БЛУМ,Saturday,Булки,Снят
2025-06-29,Булка кофе-апельсин,0.0,БЛУМ,Sunday,Булки,Снят
2025-06-30,Булка кофе-апельсин,0.0,БЛУМ,Monday,Булки,Снят
2025-07-01,Булка кофе-апельсин,0.0,БЛУМ,Tuesday,Булки,Снят
2025-07-02,Булка кофе-апельсин,0.0,БЛУМ,Wednesday,Булки,Снят
2025-07-03,Булка кофе-апельсин,0.0,БЛУМ,Thursday,Булки,Снят
2025-07-04,Булка кофе-апельсин,0.0,БЛУМ,Friday,Булки,Снят
2025-07-05,Булка кофе-апельсин,0.0,БЛУМ,Saturday,Булки,Снят
2025-07-06,Булка кофе-апельсин,0.0,БЛУМ,Sunday,Булки,Снят
2025-07-07,Булка кофе-апельсин,0.0,БЛУМ,Monday,Булки,Снят
2025-07-08,Булка кофе-апельсин,0.0,БЛУМ,Tuesday,Булки,Снят
2025-07-09,Булка кофе-апельсин,0.0,БЛУМ,Wednesday,Булки,Снят
2025-07-10,Булка кофе-апельсин,0.0,БЛУМ,Thursday,Булки,Снят
2025-07-11,Булка кофе-апельсин,0.0,БЛУМ,Friday,Булки,Снят
2025-07-12,Булка кофе-апельсин,0.0,БЛУМ,Saturday,Булки,Снят
2025-07-13,Булка кофе-апельсин,0.0,БЛУМ,Sunday,Булки,Снят
2025-07-14,Булка кофе-апельсин,0.0,БЛУМ,Monday,Булки,Снят
2025-07-15,Булка кофе-апельсин,0.0,БЛУМ,Tuesday,Булки,Снят
2025-07-16,Булка кофе-апельсин,0.0,БЛУМ,Wednesday,Булки,Снят
2025-07-17,Булка кофе-апельсин,0.0,БЛУМ,Thursday,Булки,Снят
2025-07-18,Булка кофе-апельсин,0.0,БЛУМ,Friday,Булки,Снят
2025-07-19,Булка кофе-апельсин,0.0,БЛУМ,Saturday,Булки,Снят
2025-07-20,Булка кофе-апельсин,0.0,БЛУМ,Sunday,Булки,Снят
2025-07-21,Булка кофе-апельсин,0.0,БЛУМ,Monday,Булки,Снят
2025-07-22,Булка кофе-апельсин,0.0,БЛУМ,Tuesday,Булки,Снят
2025-07-23,Булка кофе-апельсин,0.0,БЛУМ,Wednesday,Булки,Снят
2025-07-24,Булка кофе-апельсин,0.0,БЛУМ,Thursday,Булки,Снят
2025-07-25,Булка кофе-апельсин,0.0,БЛУМ,Friday,Булки,Снят
2025-07-26,Булка кофе-апельсин,0.0,БЛУМ,Saturday,Булки,Снят
2025-07-27,Булка кофе-апельсин,0.0,БЛУМ,Sunday,Булки,Снят
2025-07-28,Булка кофе-апельсин,0.0,БЛУМ,Monday,Булки,Снят
2025-07-29,Булка кофе-апельсин,0.0,БЛУМ,Tuesday,Булки,Снят
2025-07-30,Булка кофе-апельсин,0.0,БЛУМ,Wednesday,Булки,Снят
2025-07-31,Булка кофе-апельсин,0.0,БЛУМ,Thursday,Булки,Снят
2025-08-01,Булка кофе-апельсин,0.0,БЛУМ,Friday,Булки,Снят
2025-08-02,Булка кофе-апельсин,0.0,БЛУМ,Saturday,Булки,Снят
2025-08-03,Булка кофе-апельсин,0.0,БЛУМ,Sunday,Булки,Снят
2025-08-04,Булка кофе-апельсин,0.0,БЛУМ,Monday,Булки,Снят
2025-08-05,Булка кофе-апельсин,0.0,БЛУМ,Tuesday,Булки,Снят
2025-08-06,Булка кофе-апельсин,0.0,БЛУМ,Wednesday,Булки,Снят
2025-08-07,Булка кофе-апельсин,0.0,БЛУМ,Thursday,Булки,Снят
2025-08-08,Булка кофе-апельсин,0.0,БЛУМ,Friday,Булки,Снят
2025-08-09,Булка кофе-апельсин,0.0,БЛУМ,Saturday,Булки,Снят
2025-08-10,Булка кофе-апельсин,0.0,БЛУМ,Sunday,Булки,Снят
2025-08-11,Булка кофе-апельсин,0.0,БЛУМ,Monday,Булки,Снят
2025-08-12,Булка кофе-апельсин,0.0,БЛУМ,Tuesday,Булки,Снят
2025-08-13,Булка кофе-апельсин,0.0,БЛУМ,Wednesday,Булки,Снят
2025-08-14,Булка кофе-апельсин,0.0,БЛУМ,Thursday,Булки,Снят
2025-08-15,Булка кофе-апельсин,0.0,БЛУМ,Friday,Булки,Снят
2025-08-16,Булка кофе-апельсин,0.0,БЛУМ,Saturday,Булки,Снят
2025-08-17,Булка кофе-апельсин,0.0,БЛУМ,Sunday,Булки,Снят
2025-08-18,Булка кофе-апельсин,0.0,БЛУМ,Monday,Булки,Снят
2025-08-19,Булка кофе-апельсин,0.0,БЛУМ,Tuesday,Булки,Снят
2025-08-20,Булка кофе-апельсин,0.0,БЛУМ,Wednesday,Булки,Снят
2025-08-21,Булка кофе-апельсин,0.0,БЛУМ,Thursday,Булки,Снят
2025-08-22,Булка кофе-апельсин,0.0,БЛУМ,Friday,Булки,Снят
2025-08-23,Булка кофе-апельсин,0.0,БЛУМ,Saturday,Булки,Снят
2025-08-24,Булка кофе-апельсин,0.0,БЛУМ,Sunday,Булки,Снят
2025-08-25,Булка кофе-апельсин,0.0,БЛУМ,Monday,Булки,Снят
2025-08-26,Булка кофе-апельсин,0.0,БЛУМ,Tuesday,Булки,Снят
2025-08-27,Булка кофе-апельсин,0.0,БЛУМ,Wednesday,Булки,Снят
2025-08-28,Булка кофе-апельсин,0.0,БЛУМ,Thursday,Булки,Снят
2025-08-29,Булка кофе-апельсин,0.0,БЛУМ,Friday,Булки,Снят
2025-08-30,Булка кофе-апельсин,0.0,БЛУМ,Saturday,Булки,Снят
2025-08-31,Булка кофе-апельсин,0.0,БЛУМ,Sunday,Булки,Снят
2025-06-01,Булка с кардамоном,0.0,БЛУМ,Sunday,Булки,Активный
2025-06-02,Булка с кардамоном,0.0,БЛУМ,Monday,Булки,Активный
2025-06-03,Булка с кардамоном,0.0,БЛУМ,Tuesday,Булки,Активный
2025-06-04,Булка с кардамоном,0.0,БЛУМ,Wednesday,Булки,Активный
2025-06-05,Булка с кардамоном,0.0,БЛУМ,Thursday,Булки,Активный
2025-06-06,Булка с кардамоном,0.0,БЛУМ,Friday,Булки,Активный
2025-06-07,Булка с кардамоном,0.0,БЛУМ,Saturday,Булки,Активный
2025-06-08,Булка с кардамоном,0.0,БЛУМ,Sunday,Булки,Активный
2025-06-09,Булка с кардамоном,0.0,БЛУМ,Monday,Булки,Активный
2025-06-10,Булка с кардамоном,0.0,БЛУМ,Tuesday,Булки,Активный
2025-06-11,Булка с кардамоном,0.0,БЛУМ,Wednesday,Булки,Активный
2025-06-12,Булка с кардамоном,0.0,БЛУМ,Thursday,Булки,Активный
2025-06-13,Булка с кардамоном,0.0,БЛУМ,Friday,Булки,Активный
2025-06-14,Булка с кардамоном,0.0,БЛУМ,Saturday,Булки,Активный
2025-06-15,Булка с кардамоном,0.0,БЛУМ,Sunday,Булки,Активный
2025-06-16,Булка с кардамоном,0.0,БЛУМ,Monday,Булки,Активный
2025-06-17,Булка с кардамоном,0.0,БЛУМ,Tuesday,Булки,Активный
2025-06-18,Булка с кардамоном,0.0,БЛУМ,Wednesday,Булки,Активный
2025-06-19,Булка с кардамоном,0.0,БЛУМ,Thursday,Булки,Активный
2025-06-20,Булка с кардамоном,0.0,БЛУМ,Friday,Булки,Активный
2025-06-21,Булка с кардамоном,0.0,БЛУМ,Saturday,Булки,Активный
2025-06-22,Булка с кардамоном,0.0,БЛУМ,Sunday,Булки,Активный
2025-06-23,Булка с кардамоном,0.0,БЛУМ,Monday,Булки,Активный
2025-06-24,Булка с кардамоном,0.0,БЛУМ,Tuesday,Булки,Активный
2025-06-25,Булка с кардамоном,0.0,БЛУМ,Wednesday,Булки,Активный
2025-06-26,Булка с кардамоном,0.0,БЛУМ,Thursday,Булки,Активный
2025-06-27,Булка с кардамоном,0.0,БЛУМ,Friday,Булки,Активный
2025-06-28,Булка с кардамоном,0.0,БЛУМ,Saturday,Булки,Активный
2025-06-29,Булка с кардамоном,0.0,БЛУМ,Sunday,Булки,Активный
2025-06-30,Булка с кардамоном,0.0,БЛУМ,Monday,Булки,Активный
2025-07-01,Булка с кардамоном,0.0,БЛУМ,Tuesday,Булки,Активный
2025-07-02,Булка с кардамоном,0.0,БЛУМ,Wednesday,Булки,Активный
2025-07-03,Булка с кардамоном,0.0,БЛУМ,Thursday,Булки,Активный
2025-07-04,Булка с кардамоном,0.0,БЛУМ,Friday,Булки,Активный
2025-07-05,Булка с кардамоном,0.0,БЛУМ,Saturday,Булки,Активный
2025-07-06,Булка с кардамоном,0.0,БЛУМ,Sunday,Булки,Активный
2025-07-07,Булка с кардамоном,0.0,БЛУМ,Monday,Булки,Активный
2025-07-08,Булка с кардамоном,0.0,БЛУМ,Tuesday,Булки,Активный
2025-07-09,Булка с кардамоном,0.0,БЛУМ,Wednesday,Булки,Активный
2025-07-10,Булка с кардамоном,0.0,БЛУМ,Thursday,Булки,Активный
2025-07-11,Булка с кардамоном,0.0,БЛУМ,Friday,Булки,Активный
2025-07-12,Булка с кардамоном,0.0,БЛУМ,Saturday,Булки,Активный
2025-07-13,Булка с кардамоном,0.0,БЛУМ,Sunday,Булки,Активный
2025-07-14,Булка с кардамоном,0.0,БЛУМ,Monday,Булки,Активный
2025-07-15,Булка с кардамоном,0.0,БЛУМ,Tuesday,Булки,Активный
2025-07-16,Булка с кардамоном,0.0,БЛУМ,Wednesday,Булки,Активный
2025-07-17,Булка с кардамоном,0.0,БЛУМ,Thursday,Булки,Активный
2025-07-18,Булка с кардамоном,0.0,БЛУМ,Friday,Булки,Активный
2025-07-19,Булка с кардамоном,0.0,БЛУМ,Saturday,Булки,Активный
2025-07-20,Булка с кардамоном,0.0,БЛУМ,Sunday,Булки,Активный
2025-07-21,Булка с кардамоном,0.0,БЛУМ,Monday,Булки,Активный
2025-07-22,Булка с кардамоном,0.0,БЛУМ,Tuesday,Булки,Активный
2025-07-23,Булка с кардамоном,0.0,БЛУМ,Wednesday,Булки,Активный
2025-07-24,Булка с кардамоном,0.0,БЛУМ,Thursday,Булки,Активный
2025-07-25,Булка с кардамоном,0.0,БЛУМ,Friday,Булки,Активный
2025-07-26,Булка с кардамоном,0.0,БЛУМ,Saturday,Булки,Активный
2025-07-27,Булка с кардамоном,0.0,БЛУМ,Sunday,Булки,Активный
2025-07-28,Булка с кардамоном,0.0,БЛУМ,Monday,Булки,Активный
2025-07-29,Булка с кардамоном,0.0,БЛУМ,Tuesday,Булки,Активный
2025-07-30,Булка с кардамоном,0.0,БЛУМ,Wednesday,Булки,Активный
2025-07-31,Булка с кардамоном,0.0,БЛУМ,Thursday,Булки,Активный
2025-08-01,Булка с кардамоном,0.0,БЛУМ,Friday,Булки,Активный
2025-08-02,Булка с кардамоном,0.0,БЛУМ,Saturday,Булки,Активный
2025-08-03,Булка с кардамоном,0.0,БЛУМ,Sunday,Булки,Активный
2025-08-04,Булка с кардамоном,0.0,БЛУМ,Monday,Булки,Активный
2025-08-05,Булка с кардамоном,0.0,БЛУМ,Tuesday,Булки,Активный
2025-08-06,Булка с кардамоном,0.0,БЛУМ,Wednesday,Булки,Активный
2025-08-07,Булка с кардамоном,0.0,БЛУМ,Thursday,Булки,Активный
2025-08-08,Булка с кардамоном,0.0,БЛУМ,Friday,Булки,Активный
2025-08-09,Булка с кардамоном,0.0,БЛУМ,Saturday,Булки,Активный
2025-08-10,Булка с кардамоном,0.0,БЛУМ,Sunday,Булки,Активный
2025-08-11,Булка с кардамоном,0.0,БЛУМ,Monday,Булки,Активный
2025-08-12,Булка с кардамоном,0.0,БЛУМ,Tuesday,Булки,Активный
2025-08-13,Булка с кардамоном,0.0,БЛУМ,Wednesday,Булки,Активный
2025-08-14,Булка с кардамоном,0.0,БЛУМ,Thursday,Булки,Активный
2025-08-15,Булка с кардамоном,0.0,БЛУМ,Friday,Булки,Активный
2025-08-16,Булка с кардамоном,0.0,БЛУМ,Saturday,Булки,Активный
2025-08-17,Булка с кардамоном,0.0,БЛУМ,Sunday,Булки,Активный
2025-08-18,Булка с кардамоном,0.0,БЛУМ,Monday,Булки,Активный
2025-08-19,Булка с кардамоном,0.0,БЛУМ,Tuesday,Булки,Активный
2025-08-20,Булка с кардамоном,0.0,БЛУМ,Wednesday,Булки,Активный
2025-08-21,Булка с кардамоном,0.0,БЛУМ,Thursday,Булки,Активный
2025-08-22,Булка с кардамоном,0.0,БЛУМ,Friday,Булки,Активный
2025-08-23,Булка с кардамоном,0.0,БЛУМ,Saturday,Булки,Активный
2025-08-24,Булка с кардамоном,0.0,БЛУМ,Sunday,Булки,Активный
2025-08-25,Булка с кардамоном,0.0,БЛУМ,Monday,Булки,Активный
2025-08-26,Булка с кардамоном,0.0,БЛУМ,Tuesday,Булки,Активный
2025-08-27,Булка с кардамоном,0.0,БЛУМ,Wednesday,Булки,Активный
2025-08-28,Булка с кардамоном,0.0,БЛУМ,Thursday,Булки,Активный
2025-08-29,Булка с кардамоном,0.0,БЛУМ,Friday,Булки,Активный
2025-08-30,Булка с кардамоном,0.0,БЛУМ,Saturday,Булки,Активный
2025-08-31,Булка с кардамоном,0.0,БЛУМ,Sunday,Булки,Активный
2025-06-01,Ватрушка брусника-ваниль,0.0,БЛУМ,Sunday,Булки,
2025-06-02,Ватрушка брусника-ваниль,0.0,БЛУМ,Monday,Булки,
2025-06-03,Ватрушка брусника-ваниль,0.0,БЛУМ,Tuesday,Булки,
2025-06-04,Ватрушка брусника-ваниль,0.0,БЛУМ,Wednesday,Булки,
2025-06-05,Ватрушка брусника-ваниль,0.0,БЛУМ,Thursday,Булки,
2025-06-06,Ватрушка брусника-ваниль,0.0,БЛУМ,Friday,Булки,
2025-06-07,Ватрушка брусника-ваниль,0.0,БЛУМ,Saturday,Булки,
2025-06-08,Ватрушка брусника-ваниль,0.0,БЛУМ,Sunday,Булки,
2025-06-09,Ватрушка брусника-ваниль,0.0,БЛУМ,Monday,Булки,
2025-06-10,Ватрушка брусника-ваниль,0.0,БЛУМ,Tuesday,Булки,
2025-06-11,Ватрушка брусника-ваниль,0.0,БЛУМ,Wednesday,Булки,
2025-06-12,Ватрушка брусника-ваниль,0.0,БЛУМ,Thursday,Булки,
2025-06-13,Ватрушка брусника-ваниль,0.0,БЛУМ,Friday,Булки,
2025-06-14,Ватрушка брусника-ваниль,0.0,БЛУМ,Saturday,Булки,
2025-06-15,Ватрушка брусника-ваниль,0.0,БЛУМ,Sunday,Булки,
2025-06-16,Ватрушка брусника-ваниль,0.0,БЛУМ,Monday,Булки,
2025-06-17,Ватрушка брусника-ваниль,0.0,БЛУМ,Tuesday,Булки,
2025-06-18,Ватрушка брусника-ваниль,0.0,БЛУМ,Wednesday,Булки,
2025-06-19,Ватрушка брусника-ваниль,0.0,БЛУМ,Thursday,Булки,
2025-06-20,Ватрушка брусника-ваниль,0.0,БЛУМ,Friday,Булки,
2025-06-21,Ватрушка брусника-ваниль,0.0,БЛУМ,Saturday,Булки,
2025-06-22,Ватрушка брусника-ваниль,0.0,БЛУМ,Sunday,Булки,
2025-06-23,Ватрушка брусника-ваниль,0.0,БЛУМ,Monday,Булки,
2025-06-24,Ватрушка брусника-ваниль,0.0,БЛУМ,Tuesday,Булки,
2025-06-25,Ватрушка брусника-ваниль,0.0,БЛУМ,Wednesday,Булки,
2025-06-26,Ватрушка брусника-ваниль,0.0,БЛУМ,Thursday,Булки,
2025-06-27,Ватрушка брусника-ваниль,0.0,БЛУМ,Friday,Булки,
2025-06-28,Ватрушка брусника-ваниль,0.0,БЛУМ,Saturday,Булки,
2025-06-29,Ватрушка брусника-ваниль,0.0,БЛУМ,Sunday,Булки,
2025-06-30,Ватрушка брусника-ваниль,0.0,БЛУМ,Monday,Булки,
2025-07-01,Ватрушка брусника-ваниль,0.0,БЛУМ,Tuesday,Булки,
2025-07-02,Ватрушка брусника-ваниль,0.0,БЛУМ,Wednesday,Булки,
2025-07-03,Ватрушка брусника-ваниль,0.0,БЛУМ,Thursday,Булки,
2025-07-04,Ватрушка брусника-ваниль,0.0,БЛУМ,Friday,Булки,
2025-07-05,Ватрушка брусника-ваниль,0.0,БЛУМ,Saturday,Булки,
2025-07-06,Ватрушка брусника-ваниль,0.0,БЛУМ,Sunday,Булки,
2025-07-07,Ватрушка брусника-ваниль,0.0,БЛУМ,Monday,Булки,
2025-07-08,Ватрушка брусника-ваниль,0.0,БЛУМ,Tuesday,Булки,
2025-07-09,Ватрушка брусника-ваниль,0.0,БЛУМ,Wednesday,Булки,
2025-07-10,Ватрушка брусника-ваниль,0.0,БЛУМ,Thursday,Булки,
2025-07-11,Ватрушка брусника-ваниль,0.0,БЛУМ,Friday,Булки,
2025-07-12,Ватрушка брусника-ваниль,0.0,БЛУМ,Saturday,Булки,
2025-07-13,Ватрушка брусника-ваниль,0.0,БЛУМ,Sunday,Булки,
2025-07-14,Ватрушка брусника-ваниль,0.0,БЛУМ,Monday,Булки,
2025-07-15,Ватрушка брусника-ваниль,0.0,БЛУМ,Tuesday,Булки,
2025-07-16,Ватрушка брусника-ваниль,0.0,БЛУМ,Wednesday,Булки,
2025-07-17,Ватрушка брусника-ваниль,0.0,БЛУМ,Thursday,Булки,
2025-07-18,Ватрушка брусника-ваниль,0.0,БЛУМ,Friday,Булки,
2025-07-19,Ватрушка брусника-ваниль,0.0,БЛУМ,Saturday,Булки,
2025-07-20,Ватрушка брусника-ваниль,0.0,БЛУМ,Sunday,Булки,
2025-07-21,Ватрушка брусника-ваниль,0.0,БЛУМ,Monday,Булки,
2025-07-22,Ватрушка брусника-ваниль,0.0,БЛУМ,Tuesday,Булки,
2025-07-23,Ватрушка брусника-ваниль,0.0,БЛУМ,Wednesday,Булки,
2025-07-24,Ватрушка брусника-ваниль,0.0,БЛУМ,Thursday,Булки,
2025-07-25,Ватрушка брусника-ваниль,0.0,БЛУМ,Friday,Булки,
2025-07-26,Ватрушка брусника-ваниль,0.0,БЛУМ,Saturday,Булки,
2025-07-27,Ватрушка брусника-ваниль,0.0,БЛУМ,Sunday,Булки,
2025-07-28,Ватрушка брусника-ваниль,0.0,БЛУМ,Monday,Булки,
2025-07-29,Ватрушка брусника-ваниль,0.0,БЛУМ,Tuesday,Булки,
2025-07-30,Ватрушка брусника-ваниль,0.0,БЛУМ,Wednesday,Булки,
2025-07-31,Ватрушка брусника-ваниль,0.0,БЛУМ,Thursday,Булки,
2025-08-01,Ватрушка брусника-ваниль,0.0,БЛУМ,Friday,Булки,
2025-08-02,Ватрушка брусника-ваниль,0.0,БЛУМ,Saturday,Булки,
2025-08-03,Ватрушка брусника-ваниль,0.0,БЛУМ,Sunday,Булки,
2025-08-04,Ватрушка брусника-ваниль,0.0,БЛУМ,Monday,Булки,
2025-08-05,Ватрушка брусника-ваниль,0.0,БЛУМ,Tuesday,Булки,
2025-08-06,Ватрушка брусника-ваниль,0.0,БЛУМ,Wednesday,Булки,
2025-08-07,Ватрушка брусника-ваниль,0.0,БЛУМ,Thursday,Булки,
2025-08-08,Ватрушка брусника-ваниль,0.0,БЛУМ,Friday,Булки,
2025-08-09,Ватрушка брусника-ваниль,0.0,БЛУМ,Saturday,Булки,
2025-08-10,Ватрушка брусника-ваниль,0.0,БЛУМ,Sunday,Булки,
2025-08-11,Ватрушка брусника-ваниль,0.0,БЛУМ,Monday,Булки,
2025-08-12,Ватрушка брусника-ваниль,0.0,БЛУМ,Tuesday,Булки,
2025-08-13,Ватрушка брусника-ваниль,0.0,БЛУМ,Wednesday,Булки,
2025-08-14,Ватрушка брусника-ваниль,0.0,БЛУМ,Thursday,Булки,
2025-08-15,Ватрушка брусника-ваниль,0.0,БЛУМ,Friday,Булки,
2025-08-16,Ватрушка брусника-ваниль,0.0,БЛУМ,Saturday,Булки,
2025-08-17,Ватрушка брусника-ваниль,0.0,БЛУМ,Sunday,Булки,
2025-08-18,Ватрушка брусника-ваниль,0.0,БЛУМ,Monday,Булки,
2025-08-19,Ватрушка брусника-ваниль,0.0,БЛУМ,Tuesday,Булки,
2025-08-20,Ватрушка брусника-ваниль,0.0,БЛУМ,Wednesday,Булки,
2025-08-21,Ватрушка брусника-ваниль,0.0,БЛУМ,Thursday,Булки,
2025-08-22,Ватрушка брусника-ваниль,0.0,БЛУМ,Friday,Булки,
2025-08-23,Ватрушка брусника-ваниль,0.0,БЛУМ,Saturday,Булки,
2025-08-24,Ватрушка брусника-ваниль,0.0,БЛУМ,Sunday,Булки,
2025-08-25,Ватрушка брусника-ваниль,0.0,БЛУМ,Monday,Булки,
2025-08-26,Ватрушка брусника-ваниль,0.0,БЛУМ,Tuesday,Булки,
2025-08-27,Ватрушка брусника-ваниль,0.0,БЛУМ,Wednesday,Булки,
2025-08-28,Ватрушка брусника-ваниль,0.0,БЛУМ,Thursday,Булки,
2025-08-29,Ватрушка брусника-ваниль,0.0,БЛУМ,Friday,Булки,
2025-08-30,Ватрушка брусника-ваниль,0.0,БЛУМ,Saturday,Булки,
2025-08-31,Ватрушка брусника-ваниль,0.0,БЛУМ,Sunday,Булки,
2025-06-01,Грушевый пирог со штрейзелем,3.0,БЛУМ,Sunday,Выпечка,Снят
2025-06-02,Грушевый пирог со штрейзелем,8.0,БЛУМ,Monday,Выпечка,Снят
2025-06-03,Грушевый пирог со штрейзелем,0.0,БЛУМ,Tuesday,Выпечка,Снят
2025-06-04,Грушевый пирог со штрейзелем,3.0,БЛУМ,Wednesday,Выпечка,Снят
2025-06-05,Грушевый пирог со штрейзелем,3.0,БЛУМ,Thursday,Выпечка,Снят
2025-06-06,Грушевый пирог со штрейзелем,8.0,БЛУМ,Friday,Выпечка,Снят
2025-06-07,Грушевый пирог со штрейзелем,3.0,БЛУМ,Saturday,Выпечка,Снят
2025-06-08,Грушевый пирог со штрейзелем,3.0,БЛУМ,Sunday,Выпечка,Снят
2025-06-09,Грушевый пирог со штрейзелем,3.0,БЛУМ,Monday,Выпечка,Снят
2025-06-10,Грушевый пирог со штрейзелем,0.0,БЛУМ,Tuesday,Выпечка,Снят
2025-06-11,Грушевый пирог со штрейзелем,6.0,БЛУМ,Wednesday,Выпечка,Снят
2025-06-12,Грушевый пирог со штрейзелем,0.0,БЛУМ,Thursday,Выпечка,Снят
2025-06-13,Грушевый пирог со штрейзелем,3.0,БЛУМ,Friday,Выпечка,Снят
2025-06-14,Грушевый пирог со штрейзелем,3.0,БЛУМ,Saturday,Выпечка,Снят
2025-06-15,Грушевый пирог со штрейзелем,6.0,БЛУМ,Sunday,Выпечка,Снят
2025-06-16,Грушевый пирог со штрейзелем,0.0,БЛУМ,Monday,Выпечка,Снят
2025-06-17,Грушевый пирог со штрейзелем,3.0,БЛУМ,Tuesday,Выпечка,Снят
2025-06-18,Грушевый пирог со штрейзелем,3.0,БЛУМ,Wednesday,Выпечка,Снят
2025-06-19,Грушевый пирог со штрейзелем,3.0,БЛУМ,Thursday,Выпечка,Снят
2025-06-20,Грушевый пирог со штрейзелем,0.0,БЛУМ,Friday,Выпечка,Снят
2025-06-21,Грушевый пирог со штрейзелем,0.0,БЛУМ,Saturday,Выпечка,Снят
2025-06-22,Грушевый пирог со штрейзелем,0.0,БЛУМ,Sunday,Выпечка,Снят
2025-06-23,Грушевый пирог со штрейзелем,0.0,БЛУМ,Monday,Выпечка,Снят
2025-06-24,Грушевый пирог со штрейзелем,0.0,БЛУМ,Tuesday,Выпечка,Снят
2025-06-25,Грушевый пирог со штрейзелем,0.0,БЛУМ,Wednesday,Выпечка,Снят
2025-06-26,Грушевый пирог со штрейзелем,0.0,БЛУМ,Thursday,Выпечка,Снят
2025-06-27,Грушевый пирог со штрейзелем,0.0,БЛУМ,Friday,Выпечка,Снят
2025-06-28,Грушевый пирог со штрейзелем,0.0,БЛУМ,Saturday,Выпечка,Снят
2025-06-29,Грушевый пирог со штрейзелем,0.0,БЛУМ,Sunday,Выпечка,Снят
2025-06-30,Грушевый пирог со штрейзелем,0.0,БЛУМ,Monday,Выпечка,Снят
2025-07-01,Грушевый пирог со штрейзелем,0.0,БЛУМ,Tuesday,Выпечка,Снят
2025-07-02,Грушевый пирог со штрейзелем,0.0,БЛУМ,Wednesday,Выпечка,Снят
2025-07-03,Грушевый пирог со штрейзелем,0.0,БЛУМ,Thursday,Выпечка,Снят
2025-07-04,Грушевый пирог со штрейзелем,0.0,БЛУМ,Friday,Выпечка,Снят
2025-07-05,Грушевый пирог со штрейзелем,0.0,БЛУМ,Saturday,Выпечка,Снят
2025-07-06,Грушевый пирог со штрейзелем,0.0,БЛУМ,Sunday,Выпечка,Снят
2025-07-07,Грушевый пирог со штрейзелем,0.0,БЛУМ,Monday,Выпечка,Снят
2025-07-08,Грушевый пирог со штрейзелем,0.0,БЛУМ,Tuesday,Выпечка,Снят
2025-07-09,Грушевый пирог со штрейзелем,0.0,БЛУМ,Wednesday,Выпечка,Снят
2025-07-10,Грушевый пирог со штрейзелем,0.0,БЛУМ,Thursday,Выпечка,Снят
2025-07-11,Грушевый пирог со штрейзелем,0.0,БЛУМ,Friday,Выпечка,Снят
2025-07-12,Грушевый пирог со штрейзелем,0.0,БЛУМ,Saturday,Выпечка,Снят
2025-07-13,Грушевый пирог со штрейзелем,0.0,БЛУМ,Sunday,Выпечка,Снят
2025-07-14,Грушевый пирог со штрейзелем,0.0,БЛУМ,Monday,Выпечка,Снят
2025-07-15,Грушевый пирог со штрейзелем,0.0,БЛУМ,Tuesday,Выпечка,Снят
2025-07-16,Грушевый пирог со штрейзелем,0.0,БЛУМ,Wednesday,Выпечка,Снят
2025-07-17,Грушевый пирог со штрейзелем,0.0,БЛУМ,Thursday,Выпечка,Снят
2025-07-18,Грушевый пирог со штрейзелем,0.0,БЛУМ,Friday,Выпечка,Снят
2025-07-19,Грушевый пирог со штрейзелем,0.0,БЛУМ,Saturday,Выпечка,Снят
2025-07-20,Грушевый пирог со штрейзелем,0.0,БЛУМ,Sunday,Выпечка,Снят
2025-07-21,Грушевый пирог со штрейзелем,0.0,БЛУМ,Monday,Выпечка,Снят
2025-07-22,Грушевый пирог со штрейзелем,0.0,БЛУМ,Tuesday,Выпечка,Снят
2025-07-23,Грушевый пирог со штрейзелем,0.0,БЛУМ,Wednesday,Выпечка,Снят
2025-07-24,Грушевый пирог со штрейзелем,0.0,БЛУМ,Thursday,Выпечка,Снят
2025-07-25,Грушевый пирог со штрейзелем,0.0,БЛУМ,Friday,Выпечка,Снят
2025-07-26,Грушевый пирог со штрейзелем,0.0,БЛУМ,Saturday,Выпечка,Снят
2025-07-27,Грушевый пирог со штрейзелем,0.0,БЛУМ,Sunday,Выпечка,Снят
2025-07-28,Грушевый пирог со штрейзелем,0.0,БЛУМ,Monday,Выпечка,Снят
2025-07-29,Грушевый пирог со штрейзелем,0.0,БЛУМ,Tuesday,Выпечка,Снят
2025-07-30,Грушевый пирог со штрейзелем,0.0,БЛУМ,Wednesday,Выпечка,Снят
2025-07-31,Грушевый пирог со штрейзелем,0.0,БЛУМ,Thursday,Выпечка,Снят
2025-08-01,Грушевый пирог со штрейзелем,0.0,БЛУМ,Friday,Выпечка,Снят
2025-08-02,Грушевый пирог со штрейзелем,0.0,БЛУМ,Saturday,Выпечка,Снят
2025-08-03,Грушевый пирог со штрейзелем,0.0,БЛУМ,Sunday,Выпечка,Снят
2025-08-04,Грушевый пирог со штрейзелем,0.0,БЛУМ,Monday,Выпечка,Снят
2025-08-05,Грушевый пирог со штрейзелем,0.0,БЛУМ,Tuesday,Выпечка,Снят
2025-08-06,Грушевый пирог со штрейзелем,0.0,БЛУМ,Wednesday,Выпечка,Снят
2025-08-07,Грушевый пирог со штрейзелем,0.0,БЛУМ,Thursday,Выпечка,Снят
2025-08-08,Грушевый пирог со штрейзелем,0.0,БЛУМ,Friday,Выпечка,Снят
2025-08-09,Грушевый пирог со штрейзелем,0.0,БЛУМ,Saturday,Выпечка,Снят
2025-08-10,Грушевый пирог со штрейзелем,0.0,БЛУМ,Sunday,Выпечка,Снят
2025-08-11,Грушевый пирог со штрейзелем,0.0,БЛУМ,Monday,Выпечка,Снят
2025-08-12,Грушевый пирог со штрейзелем,0.0,БЛУМ,Tuesday,Выпечка,Снят
2025-08-13,Грушевый пирог со штрейзелем,0.0,БЛУМ,Wednesday,Выпечка,Снят
2025-08-14,Грушевый пирог со штрейзелем,0.0,БЛУМ,Thursday,Выпечка,Снят
2025-08-15,Грушевый пирог со штрейзелем,0.0,БЛУМ,Friday,Выпечка,Снят
2025-08-16,Грушевый пирог со штрейзелем,0.0,БЛУМ,Saturday,Выпечка,Снят
2025-08-17,Грушевый пирог со штрейзелем,0.0,БЛУМ,Sunday,Выпечка,Снят
2025-08-18,Грушевый пирог со штрейзелем,0.0,БЛУМ,Monday,Выпечка,Снят
2025-08-19,Грушевый пирог со штрейзелем,0.0,БЛУМ,Tuesday,Выпечка,Снят
2025-08-20,Грушевый пирог со штрейзелем,0.0,БЛУМ,Wednesday,Выпечка,Снят
2025-08-21,Грушевый пирог со штрейзелем,0.0,БЛУМ,Thursday,Выпечка,Снят
2025-08-22,Грушевый пирог со штрейзелем,0.0,БЛУМ,Friday,Выпечка,Снят
2025-08-23,Грушевый пирог со штрейзелем,0.0,БЛУМ,Saturday,Выпечка,Снят
2025-08-24,Грушевый пирог со штрейзелем,0.0,БЛУМ,Sunday,Выпечка,Снят
2025-08-25,Грушевый пирог со штрейзелем,0.0,БЛУМ,Monday,Выпечка,Снят
2025-08-26,Грушевый пирог со штрейзелем,0.0,БЛУМ,Tuesday,Выпечка,Снят
2025-08-27,Грушевый пирог со штрейзелем,0.0,БЛУМ,Wednesday,Выпечка,Снят
2025-08-28,Грушевый пирог со штрейзелем,0.0,БЛУМ,Thursday,Выпечка,Снят
2025-08-29,Грушевый пирог со штрейзелем,0.0,БЛУМ,Friday,Выпечка,Снят
2025-08-30,Грушевый пирог со штрейзелем,0.0,БЛУМ,Saturday,Выпечка,Снят
2025-08-31,Грушевый пирог со штрейзелем,0.0,БЛУМ,Sunday,Выпечка,Снят
2025-06-01,Даниш Баннофи,0.0,БЛУМ,Sunday,Выпечка,
2025-06-02,Даниш Баннофи,0.0,БЛУМ,Monday,Выпечка,
2025-06-03,Даниш Баннофи,0.0,БЛУМ,Tuesday,Выпечка,
2025-06-04,Даниш Баннофи,0.0,БЛУМ,Wednesday,Выпечка,
2025-06-05,Даниш Баннофи,0.0,БЛУМ,Thursday,Выпечка,
2025-06-06,Даниш Баннофи,0.0,БЛУМ,Friday,Выпечка,
2025-06-07,Даниш Баннофи,0.0,БЛУМ,Saturday,Выпечка,
2025-06-08,Даниш Баннофи,0.0,БЛУМ,Sunday,Выпечка,
2025-06-09,Даниш Баннофи,0.0,БЛУМ,Monday,Выпечка,
2025-06-10,Даниш Баннофи,0.0,БЛУМ,Tuesday,Выпечка,
2025-06-11,Даниш Баннофи,0.0,БЛУМ,Wednesday,Выпечка,
2025-06-12,Даниш Баннофи,0.0,БЛУМ,Thursday,Выпечка,
2025-06-13,Даниш Баннофи,0.0,БЛУМ,Friday,Выпечка,
2025-06-14,Даниш Баннофи,0.0,БЛУМ,Saturday,Выпечка,
2025-06-15,Даниш Баннофи,0.0,БЛУМ,Sunday,Выпечка,
2025-06-16,Даниш Баннофи,0.0,БЛУМ,Monday,Выпечка,
2025-06-17,Даниш Баннофи,0.0,БЛУМ,Tuesday,Выпечка,
2025-06-18,Даниш Баннофи,0.0,БЛУМ,Wednesday,Выпечка,
2025-06-19,Даниш Баннофи,0.0,БЛУМ,Thursday,Выпечка,
2025-06-20,Даниш Баннофи,0.0,БЛУМ,Friday,Выпечка,
2025-06-21,Даниш Баннофи,0.0,БЛУМ,Saturday,Выпечка,
2025-06-22,Даниш Баннофи,0.0,БЛУМ,Sunday,Выпечка,
2025-06-23,Даниш Баннофи,0.0,БЛУМ,Monday,Выпечка,
2025-06-24,Даниш Баннофи,0.0,БЛУМ,Tuesday,Выпечка,
2025-06-25,Даниш Баннофи,0.0,БЛУМ,Wednesday,Выпечка,
2025-06-26,Даниш Баннофи,0.0,БЛУМ,Thursday,Выпечка,
2025-06-27,Даниш Баннофи,0.0,БЛУМ,Friday,Выпечка,
2025-06-28,Даниш Баннофи,0.0,БЛУМ,Saturday,Выпечка,
2025-06-29,Даниш Баннофи,0.0,БЛУМ,Sunday,Выпечка,
2025-06-30,Даниш Баннофи,0.0,БЛУМ,Monday,Выпечка,
2025-07-01,Даниш Баннофи,0.0,БЛУМ,Tuesday,Выпечка,
2025-07-02,Даниш Баннофи,0.0,БЛУМ,Wednesday,Выпечка,
2025-07-03,Даниш Баннофи,0.0,БЛУМ,Thursday,Выпечка,
2025-07-04,Даниш Баннофи,0.0,БЛУМ,Friday,Выпечка,
2025-07-05,Даниш Баннофи,0.0,БЛУМ,Saturday,Выпечка,
2025-07-06,Даниш Баннофи,0.0,БЛУМ,Sunday,Выпечка,
2025-07-07,Даниш Баннофи,0.0,БЛУМ,Monday,Выпечка,
2025-07-08,Даниш Баннофи,0.0,БЛУМ,Tuesday,Выпечка,
2025-07-09,Даниш Баннофи,0.0,БЛУМ,Wednesday,Выпечка,
2025-07-10,Даниш Баннофи,0.0,БЛУМ,Thursday,Выпечка,
2025-07-11,Даниш Баннофи,0.0,БЛУМ,Friday,Выпечка,
2025-07-12,Даниш Баннофи,0.0,БЛУМ,Saturday,Выпечка,
2025-07-13,Даниш Баннофи,0.0,БЛУМ,Sunday,Выпечка,
2025-07-14,Даниш Баннофи,0.0,БЛУМ,Monday,Выпечка,
2025-07-15,Даниш Баннофи,0.0,БЛУМ,Tuesday,Выпечка,
2025-07-16,Даниш Баннофи,0.0,БЛУМ,Wednesday,Выпечка,
2025-07-17,Даниш Баннофи,0.0,БЛУМ,Thursday,Выпечка,
2025-07-18,Даниш Баннофи,0.0,БЛУМ,Friday,Выпечка,
2025-07-19,Даниш Баннофи,0.0,БЛУМ,Saturday,Выпечка,
2025-07-20,Даниш Баннофи,0.0,БЛУМ,Sunday,Выпечка,
2025-07-21,Даниш Баннофи,0.0,БЛУМ,Monday,Выпечка,
2025-07-22,Даниш Баннофи,0.0,БЛУМ,Tuesday,Выпечка,
2025-07-23,Даниш Баннофи,0.0,БЛУМ,Wednesday,Выпечка,
2025-07-24,Даниш Баннофи,0.0,БЛУМ,Thursday,Выпечка,
2025-07-25,Даниш Баннофи,0.0,БЛУМ,Friday,Выпечка,
2025-07-26,Даниш Баннофи,0.0,БЛУМ,Saturday,Выпечка,
2025-07-27,Даниш Баннофи,0.0,БЛУМ,Sunday,Выпечка,
2025-07-28,Даниш Баннофи,0.0,БЛУМ,Monday,Выпечка,
2025-07-29,Даниш Баннофи,0.0,БЛУМ,Tuesday,Выпечка,
2025-07-30,Даниш Баннофи,0.0,БЛУМ,Wednesday,Выпечка,
2025-07-31,Даниш Баннофи,0.0,БЛУМ,Thursday,Выпечка,
2025-08-01,Даниш Баннофи,0.0,БЛУМ,Friday,Выпечка,
2025-08-02,Даниш Баннофи,0.0,БЛУМ,Saturday,Выпечка,
2025-08-03,Даниш Баннофи,0.0,БЛУМ,Sunday,Выпечка,
2025-08-04,Даниш Баннофи,0.0,БЛУМ,Monday,Выпечка,
2025-08-05,Даниш Баннофи,0.0,БЛУМ,Tuesday,Выпечка,
2025-08-06,Даниш Баннофи,0.0,БЛУМ,Wednesday,Выпечка,
2025-08-07,Даниш Баннофи,0.0,БЛУМ,Thursday,Выпечка,
2025-08-08,Даниш Баннофи,0.0,БЛУМ,Friday,Выпечка,
2025-08-09,Даниш Баннофи,0.0,БЛУМ,Saturday,Выпечка,
2025-08-10,Даниш Баннофи,0.0,БЛУМ,Sunday,Выпечка,
2025-08-11,Даниш Баннофи,0.0,БЛУМ,Monday,Выпечка,
2025-08-12,Даниш Баннофи,0.0,БЛУМ,Tuesday,Выпечка,
2025-08-13,Даниш Баннофи,0.0,БЛУМ,Wednesday,Выпечка,
2025-08-14,Даниш Баннофи,0.0,БЛУМ,Thursday,Выпечка,
2025-08-15,Даниш Баннофи,0.0,БЛУМ,Friday,Выпечка,
2025-08-16,Даниш Баннофи,0.0,БЛУМ,Saturday,Выпечка,
2025-08-17,Даниш Баннофи,0.0,БЛУМ,Sunday,Выпечка,
2025-08-18,Даниш Баннофи,0.0,БЛУМ,Monday,Выпечка,
2025-08-19,Даниш Баннофи,0.0,БЛУМ,Tuesday,Выпечка,
2025-08-20,Даниш Баннофи,0.0,БЛУМ,Wednesday,Выпечка,
2025-08-21,Даниш Баннофи,0.0,БЛУМ,Thursday,Выпечка,
2025-08-22,Даниш Баннофи,0.0,БЛУМ,Friday,Выпечка,
2025-08-23,Даниш Баннофи,0.0,БЛУМ,Saturday,Выпечка,
2025-08-24,Даниш Баннофи,0.0,БЛУМ,Sunday,Выпечка,
2025-08-25,Даниш Баннофи,0.0,БЛУМ,Monday,Выпечка,
2025-08-26,Даниш Баннофи,0.0,БЛУМ,Tuesday,Выпечка,
2025-08-27,Даниш Баннофи,0.0,БЛУМ,Wednesday,Выпечка,
2025-08-28,Даниш Баннофи,0.0,БЛУМ,Thursday,Выпечка,
2025-08-29,Даниш Баннофи,0.0,БЛУМ,Friday,Выпечка,
2025-08-30,Даниш Баннофи,0.0,БЛУМ,Saturday,Выпечка,
2025-08-31,Даниш Баннофи,0.0,БЛУМ,Sunday,Выпечка,
2025-06-01,Кекс лимон-малина,2.0,БЛУМ,Sunday,Десерты,
2025-06-02,Кекс лимон-малина,2.0,БЛУМ,Monday,Десерты,
2025-06-03,Кекс лимон-малина,2.0,БЛУМ,Tuesday,Десерты,
2025-06-04,Кекс лимон-малина,2.0,БЛУМ,Wednesday,Десерты,
2025-06-05,Кекс лимон-малина,2.0,БЛУМ,Thursday,Десерты,
2025-06-06,Кекс лимон-малина,2.0,БЛУМ,Friday,Десерты,
2025-06-07,Кекс лимон-малина,2.0,БЛУМ,Saturday,Десерты,
2025-06-08,Кекс лимон-малина,2.0,БЛУМ,Sunday,Десерты,
2025-06-09,Кекс лимон-малина,2.0,БЛУМ,Monday,Десерты,
2025-06-10,Кекс лимон-малина,2.0,БЛУМ,Tuesday,Десерты,
2025-06-11,Кекс лимон-малина,2.0,БЛУМ,Wednesday,Десерты,
2025-06-12,Кекс лимон-малина,2.0,БЛУМ,Thursday,Десерты,
2025-06-13,Кекс лимон-малина,2.0,БЛУМ,Friday,Десерты,
2025-06-14,Кекс лимон-малина,0.0,БЛУМ,Saturday,Десерты,
2025-06-15,Кекс лимон-малина,0.0,БЛУМ,Sunday,Десерты,
2025-06-16,Кекс лимон-малина,0.0,БЛУМ,Monday,Десерты,
2025-06-17,Кекс лимон-малина,0.0,БЛУМ,Tuesday,Десерты,
2025-06-18,Кекс лимон-малина,0.0,БЛУМ,Wednesday,Десерты,
2025-06-19,Кекс лимон-малина,0.0,БЛУМ,Thursday,Десерты,
2025-06-20,Кекс лимон-малина,0.0,БЛУМ,Friday,Десерты,
2025-06-21,Кекс лимон-малина,0.0,БЛУМ,Saturday,Десерты,
2025-06-22,Кекс лимон-малина,0.0,БЛУМ,Sunday,Десерты,
2025-06-23,Кекс лимон-малина,0.0,БЛУМ,Monday,Десерты,
2025-06-24,Кекс лимон-малина,0.0,БЛУМ,Tuesday,Десерты,
2025-06-25,Кекс лимон-малина,0.0,БЛУМ,Wednesday,Десерты,
2025-06-26,Кекс лимон-малина,0.0,БЛУМ,Thursday,Десерты,
2025-06-27,Кекс лимон-малина,0.0,БЛУМ,Friday,Десерты,
2025-06-28,Кекс лимон-малина,0.0,БЛУМ,Saturday,Десерты,
2025-06-29,Кекс лимон-малина,0.0,БЛУМ,Sunday,Десерты,
2025-06-30,Кекс лимон-малина,0.0,БЛУМ,Monday,Десерты,
2025-07-01,Кекс лимон-малина,0.0,БЛУМ,Tuesday,Десерты,
2025-07-02,Кекс лимон-малина,0.0,БЛУМ,Wednesday,Десерты,
2025-07-03,Кекс лимон-малина,0.0,БЛУМ,Thursday,Десерты,
2025-07-04,Кекс лимон-малина,0.0,БЛУМ,Friday,Десерты,
2025-07-05,Кекс лимон-малина,0.0,БЛУМ,Saturday,Десерты,
2025-07-06,Кекс лимон-малина,0.0,БЛУМ,Sunday,Десерты,
2025-07-07,Кекс лимон-малина,0.0,БЛУМ,Monday,Десерты,
2025-07-08,Кекс лимон-малина,0.0,БЛУМ,Tuesday,Десерты,
2025-07-09,Кекс лимон-малина,0.0,БЛУМ,Wednesday,Десерты,
2025-07-10,Кекс лимон-малина,0.0,БЛУМ,Thursday,Десерты,
2025-07-11,Кекс лимон-малина,0.0,БЛУМ,Friday,Десерты,
2025-07-12,Кекс лимон-малина,0.0,БЛУМ,Saturday,Десерты,
2025-07-13,Кекс лимон-малина,0.0,БЛУМ,Sunday,Десерты,
2025-07-14,Кекс лимон-малина,0.0,БЛУМ,Monday,Десерты,
2025-07-15,Кекс лимон-малина,0.0,БЛУМ,Tuesday,Десерты,
2025-07-16,Кекс лимон-малина,0.0,БЛУМ,Wednesday,Десерты,
2025-07-17,Кекс лимон-малина,0.0,БЛУМ,Thursday,Десерты,
2025-07-18,Кекс лимон-малина,0.0,БЛУМ,Friday,Десерты,
2025-07-19,Кекс лимон-малина,0.0,БЛУМ,Saturday,Десерты,
2025-07-20,Кекс лимон-малина,0.0,БЛУМ,Sunday,Десерты,
2025-07-21,Кекс лимон-малина,0.0,БЛУМ,Monday,Десерты,
2025-07-22,Кекс лимон-малина,0.0,БЛУМ,Tuesday,Десерты,
2025-07-23,Кекс лимон-малина,0.0,БЛУМ,Wednesday,Десерты,
2025-07-24,Кекс лимон-малина,0.0,БЛУМ,Thursday,Десерты,
2025-07-25,Кекс лимон-малина,0.0,БЛУМ,Friday,Десерты,
2025-07-26,Кекс лимон-малина,0.0,БЛУМ,Saturday,Десерты,
2025-07-27,Кекс лимон-малина,0.0,БЛУМ,Sunday,Десерты,
2025-07-28,Кекс лимон-малина,0.0,БЛУМ,Monday,Десерты,
2025-07-29,Кекс лимон-малина,0.0,БЛУМ,Tuesday,Десерты,
2025-07-30,Кекс лимон-малина,0.0,БЛУМ,Wednesday,Десерты,
2025-07-31,Кекс лимон-малина,0.0,БЛУМ,Thursday,Десерты,
2025-08-01,Кекс лимон-малина,0.0,БЛУМ,Friday,Десерты,
2025-08-02,Кекс лимон-малина,0.0,БЛУМ,Saturday,Десерты,
2025-08-03,Кекс лимон-малина,0.0,БЛУМ,Sunday,Десерты,
2025-08-04,Кекс лимон-малина,0.0,БЛУМ,Monday,Десерты,
2025-08-05,Кекс лимон-малина,0.0,БЛУМ,Tuesday,Десерты,
2025-08-06,Кекс лимон-малина,0.0,БЛУМ,Wednesday,Десерты,
2025-08-07,Кекс лимон-малина,0.0,БЛУМ,Thursday,Десерты,
2025-08-08,Кекс лимон-малина,0.0,БЛУМ,Friday,Десерты,
2025-08-09,Кекс лимон-малина,0.0,БЛУМ,Saturday,Десерты,
2025-08-10,Кекс лимон-малина,0.0,БЛУМ,Sunday,Десерты,
2025-08-11,Кекс лимон-малина,0.0,БЛУМ,Monday,Десерты,
2025-08-12,Кекс лимон-малина,0.0,БЛУМ,Tuesday,Десерты,
2025-08-13,Кекс лимон-малина,0.0,БЛУМ,Wednesday,Десерты,
2025-08-14,Кекс лимон-малина,0.0,БЛУМ,Thursday,Десерты,
2025-08-15,Кекс лимон-малина,0.0,БЛУМ,Friday,Десерты,
2025-08-16,Кекс лимон-малина,0.0,БЛУМ,Saturday,Десерты,
2025-08-17,Кекс лимон-малина,0.0,БЛУМ,Sunday,Десерты,
2025-08-18,Кекс лимон-малина,0.0,БЛУМ,Monday,Десерты,
2025-08-19,Кекс лимон-малина,0.0,БЛУМ,Tuesday,Десерты,
2025-08-20,Кекс лимон-малина,0.0,БЛУМ,Wednesday,Десерты,
2025-08-21,Кекс лимон-малина,0.0,БЛУМ,Thursday,Десерты,
2025-08-22,Кекс лимон-малина,0.0,БЛУМ,Friday,Десерты,
2025-08-23,Кекс лимон-малина,0.0,БЛУМ,Saturday,Десерты,
2025-08-24,Кекс лимон-малина,0.0,БЛУМ,Sunday,Десерты,
2025-08-25,Кекс лимон-малина,0.0,БЛУМ,Monday,Десерты,
2025-08-26,Кекс лимон-малина,0.0,БЛУМ,Tuesday,Десерты,
2025-08-27,Кекс лимон-малина,0.0,БЛУМ,Wednesday,Десерты,
2025-08-28,Кекс лимон-малина,0.0,БЛУМ,Thursday,Десерты,
2025-08-29,Кекс лимон-малина,0.0,БЛУМ,Friday,Десерты,
2025-08-30,Кекс лимон-малина,0.0,БЛУМ,Saturday,Десерты,
2025-08-31,Кекс лимон-малина,0.0,БЛУМ,Sunday,Десерты,
2025-06-01,Кекс мак-лимон с кремом,0.0,БЛУМ,Sunday,Выпечка,Активный
2025-06-02,Кекс мак-лимон с кремом,0.0,БЛУМ,Monday,Выпечка,Активный
2025-06-03,Кекс мак-лимон с кремом,0.0,БЛУМ,Tuesday,Выпечка,Активный
2025-06-04,Кекс мак-лимон с кремом,0.0,БЛУМ,Wednesday,Выпечка,Активный
2025-06-05,Кекс мак-лимон с кремом,0.0,БЛУМ,Thursday,Выпечка,Активный
2025-06-06,Кекс мак-лимон с кремом,0.0,БЛУМ,Friday,Выпечка,Активный
2025-06-07,Кекс мак-лимон с кремом,0.0,БЛУМ,Saturday,Выпечка,Активный
2025-06-08,Кекс мак-лимон с кремом,0.0,БЛУМ,Sunday,Выпечка,Активный
2025-06-09,Кекс мак-лимон с кремом,0.0,БЛУМ,Monday,Выпечка,Активный
2025-06-10,Кекс мак-лимон с кремом,0.0,БЛУМ,Tuesday,Выпечка,Активный
2025-06-11,Кекс мак-лимон с кремом,0.0,БЛУМ,Wednesday,Выпечка,Активный
2025-06-12,Кекс мак-лимон с кремом,0.0,БЛУМ,Thursday,Выпечка,Активный
2025-06-13,Кекс мак-лимон с кремом,0.0,БЛУМ,Friday,Выпечка,Активный
2025-06-14,Кекс мак-лимон с кремом,2.0,БЛУМ,Saturday,Выпечка,Активный
2025-06-15,Кекс мак-лимон с кремом,2.0,БЛУМ,Sunday,Выпечка,Активный
2025-06-16,Кекс мак-лимон с кремом,5.0,БЛУМ,Monday,Выпечка,Активный
2025-06-17,Кекс мак-лимон с кремом,2.0,БЛУМ,Tuesday,Выпечка,Активный
2025-06-18,Кекс мак-лимон с кремом,2.0,БЛУМ,Wednesday,Выпечка,Активный
2025-06-19,Кекс мак-лимон с кремом,2.0,БЛУМ,Thursday,Выпечка,Активный
2025-06-20,Кекс мак-лимон с кремом,5.0,БЛУМ,Friday,Выпечка,Активный
2025-06-21,Кекс мак-лимон с кремом,4.0,БЛУМ,Saturday,Выпечка,Активный
2025-06-22,Кекс мак-лимон с кремом,5.0,БЛУМ,Sunday,Выпечка,Активный
2025-06-23,Кекс мак-лимон с кремом,7.0,БЛУМ,Monday,Выпечка,Активный
2025-06-24,Кекс мак-лимон с кремом,4.0,БЛУМ,Tuesday,Выпечка,Активный
2025-06-25,Кекс мак-лимон с кремом,4.0,БЛУМ,Wednesday,Выпечка,Активный
2025-06-26,Кекс мак-лимон с кремом,2.0,БЛУМ,Thursday,Выпечка,Активный
2025-06-27,Кекс мак-лимон с кремом,5.0,БЛУМ,Friday,Выпечка,Активный
2025-06-28,Кекс мак-лимон с кремом,2.0,БЛУМ,Saturday,Выпечка,Активный
2025-06-29,Кекс мак-лимон с кремом,2.0,БЛУМ,Sunday,Выпечка,Активный
2025-06-30,Кекс мак-лимон с кремом,7.0,БЛУМ,Monday,Выпечка,Активный
2025-07-01,Кекс мак-лимон с кремом,4.0,БЛУМ,Tuesday,Выпечка,Активный
2025-07-02,Кекс мак-лимон с кремом,4.0,БЛУМ,Wednesday,Выпечка,Активный
2025-07-03,Кекс мак-лимон с кремом,3.0,БЛУМ,Thursday,Выпечка,Активный
2025-07-04,Кекс мак-лимон с кремом,6.0,БЛУМ,Friday,Выпечка,Активный
2025-07-05,Кекс мак-лимон с кремом,4.0,БЛУМ,Saturday,Выпечка,Активный
2025-07-06,Кекс мак-лимон с кремом,3.0,БЛУМ,Sunday,Выпечка,Активный
2025-07-07,Кекс мак-лимон с кремом,0.0,БЛУМ,Monday,Выпечка,Активный
2025-07-08,Кекс мак-лимон с кремом,6.0,БЛУМ,Tuesday,Выпечка,Активный
2025-07-09,Кекс мак-лимон с кремом,4.0,БЛУМ,Wednesday,Выпечка,Активный
2025-07-10,Кекс мак-лимон с кремом,4.0,БЛУМ,Thursday,Выпечка,Активный
2025-07-11,Кекс мак-лимон с кремом,7.0,БЛУМ,Friday,Выпечка,Активный
2025-07-12,Кекс мак-лимон с кремом,4.0,БЛУМ,Saturday,Выпечка,Активный
2025-07-13,Кекс мак-лимон с кремом,4.0,БЛУМ,Sunday,Выпечка,Активный
2025-07-14,Кекс мак-лимон с кремом,5.0,БЛУМ,Monday,Выпечка,Активный
2025-07-15,Кекс мак-лимон с кремом,3.0,БЛУМ,Tuesday,Выпечка,Активный
2025-07-16,Кекс мак-лимон с кремом,4.0,БЛУМ,Wednesday,Выпечка,Активный
2025-07-17,Кекс мак-лимон с кремом,4.0,БЛУМ,Thursday,Выпечка,Активный
2025-07-18,Кекс мак-лимон с кремом,7.0,БЛУМ,Friday,Выпечка,Активный
2025-07-19,Кекс мак-лимон с кремом,4.0,БЛУМ,Saturday,Выпечка,Активный
2025-07-20,Кекс мак-лимон с кремом,4.0,БЛУМ,Sunday,Выпечка,Активный
2025-07-21,Кекс мак-лимон с кремом,4.0,БЛУМ,Monday,Выпечка,Активный
2025-07-22,Кекс мак-лимон с кремом,4.0,БЛУМ,Tuesday,Выпечка,Активный
2025-07-23,Кекс мак-лимон с кремом,7.0,БЛУМ,Wednesday,Выпечка,Активный
2025-07-24,Кекс мак-лимон с кремом,4.0,БЛУМ,Thursday,Выпечка,Активный
2025-07-25,Кекс мак-лимон с кремом,4.0,БЛУМ,Friday,Выпечка,Активный
2025-07-26,Кекс мак-лимон с кремом,4.0,БЛУМ,Saturday,Выпечка,Активный
2025-07-27,Кекс мак-лимон с кремом,4.0,БЛУМ,Sunday,Выпечка,Активный
2025-07-28,Кекс мак-лимон с кремом,4.0,БЛУМ,Monday,Выпечка,Активный
2025-07-29,Кекс мак-лимон с кремом,4.0,БЛУМ,Tuesday,Выпечка,Активный
2025-07-30,Кекс мак-лимон с кремом,7.0,БЛУМ,Wednesday,Выпечка,Активный
2025-07-31,Кекс мак-лимон с кремом,4.0,БЛУМ,Thursday,Выпечка,Активный
2025-08-01,Кекс мак-лимон с кремом,4.0,БЛУМ,Friday,Выпечка,Активный
2025-08-02,Кекс мак-лимон с кремом,7.0,БЛУМ,Saturday,Выпечка,Активный
2025-08-03,Кекс мак-лимон с кремом,4.0,БЛУМ,Sunday,Выпечка,Активный
2025-08-04,Кекс мак-лимон с кремом,4.0,БЛУМ,Monday,Выпечка,Активный
2025-08-05,Кекс мак-лимон с кремом,7.0,БЛУМ,Tuesday,Выпечка,Активный
2025-08-06,Кекс мак-лимон с кремом,4.0,БЛУМ,Wednesday,Выпечка,Активный
2025-08-07,Кекс мак-лимон с кремом,4.0,БЛУМ,Thursday,Выпечка,Активный
2025-08-08,Кекс мак-лимон с кремом,7.0,БЛУМ,Friday,Выпечка,Активный
2025-08-09,Кекс мак-лимон с кремом,6.0,БЛУМ,Saturday,Выпечка,Активный
2025-08-10,Кекс мак-лимон с кремом,4.0,БЛУМ,Sunday,Выпечка,Активный
2025-08-11,Кекс мак-лимон с кремом,4.0,БЛУМ,Monday,Выпечка,Активный
2025-08-12,Кекс мак-лимон с кремом,7.0,БЛУМ,Tuesday,Выпечка,Активный
2025-08-13,Кекс мак-лимон с кремом,4.0,БЛУМ,Wednesday,Выпечка,Активный
2025-08-14,Кекс мак-лимон с кремом,6.0,БЛУМ,Thursday,Выпечка,Активный
2025-08-15,Кекс мак-лимон с кремом,4.0,БЛУМ,Friday,Выпечка,Активный
2025-08-16,Кекс мак-лимон с кремом,4.0,БЛУМ,Saturday,Выпечка,Активный
2025-08-17,Кекс мак-лимон с кремом,6.0,БЛУМ,Sunday,Выпечка,Активный
2025-08-18,Кекс мак-лимон с кремом,0.0,БЛУМ,Monday,Выпечка,Активный
2025-08-19,Кекс мак-лимон с кремом,6.0,БЛУМ,Tuesday,Выпечка,Активный
2025-08-20,Кекс мак-лимон с кремом,4.0,БЛУМ,Wednesday,Выпечка,Активный
2025-08-21,Кекс мак-лимон с кремом,6.0,БЛУМ,Thursday,Выпечка,Активный
2025-08-22,Кекс мак-лимон с кремом,4.0,БЛУМ,Friday,Выпечка,Активный
2025-08-23,Кекс мак-лимон с кремом,4.0,БЛУМ,Saturday,Выпечка,Активный
2025-08-24,Кекс мак-лимон с кремом,6.0,БЛУМ,Sunday,Выпечка,Активный
2025-08-25,Кекс мак-лимон с кремом,4.0,БЛУМ,Monday,Выпечка,Активный
2025-08-26,Кекс мак-лимон с кремом,4.0,БЛУМ,Tuesday,Выпечка,Активный
2025-08-27,Кекс мак-лимон с кремом,6.0,БЛУМ,Wednesday,Выпечка,Активный
2025-08-28,Кекс мак-лимон с кремом,4.0,БЛУМ,Thursday,Выпечка,Активный
2025-08-29,Кекс мак-лимон с кремом,6.0,БЛУМ,Friday,Выпечка,Активный
2025-08-30,Кекс мак-лимон с кремом,4.0,БЛУМ,Saturday,Выпечка,Активный
2025-08-31,Кекс мак-лимон с кремом,12.0,БЛУМ,Sunday,Выпечка,Активный
2025-06-01,Кекс шоколад с кремом вареная сгущенка,0.0,БЛУМ,Sunday,Выпечка,Активный
2025-06-02,Кекс шоколад с кремом вареная сгущенка,0.0,БЛУМ,Monday,Выпечка,Активный
2025-06-03,Кекс шоколад с кремом вареная сгущенка,0.0,БЛУМ,Tuesday,Выпечка,Активный
2025-06-04,Кекс шоколад с кремом вареная сгущенка,0.0,БЛУМ,Wednesday,Выпечка,Активный
2025-06-05,Кекс шоколад с кремом вареная сгущенка,0.0,БЛУМ,Thursday,Выпечка,Активный
2025-06-06,Кекс шоколад с кремом вареная сгущенка,0.0,БЛУМ,Friday,Выпечка,Активный
2025-06-07,Кекс шоколад с кремом вареная сгущенка,0.0,БЛУМ,Saturday,Выпечка,Активный
2025-06-08,Кекс шоколад с кремом вареная сгущенка,0.0,БЛУМ,Sunday,Выпечка,Активный
2025-06-09,Кекс шоколад с кремом вареная сгущенка,0.0,БЛУМ,Monday,Выпечка,Активный
2025-06-10,Кекс шоколад с кремом вареная сгущенка,0.0,БЛУМ,Tuesday,Выпечка,Активный
2025-06-11,Кекс шоколад с кремом вареная сгущенка,0.0,БЛУМ,Wednesday,Выпечка,Активный
2025-06-12,Кекс шоколад с кремом вареная сгущенка,0.0,БЛУМ,Thursday,Выпечка,Активный
2025-06-13,Кекс шоколад с кремом вареная сгущенка,0.0,БЛУМ,Friday,Выпечка,Активный
2025-06-14,Кекс шоколад с кремом вареная сгущенка,0.0,БЛУМ,Saturday,Выпечка,Активный
2025-06-15,Кекс шоколад с кремом вареная сгущенка,0.0,БЛУМ,Sunday,Выпечка,Активный
2025-06-16,Кекс шоколад с кремом вареная сгущенка,0.0,БЛУМ,Monday,Выпечка,Активный
2025-06-17,Кекс шоколад с кремом вареная сгущенка,0.0,БЛУМ,Tuesday,Выпечка,Активный
2025-06-18,Кекс шоколад с кремом вареная сгущенка,0.0,БЛУМ,Wednesday,Выпечка,Активный
2025-06-19,Кекс шоколад с кремом вареная сгущенка,0.0,БЛУМ,Thursday,Выпечка,Активный
2025-06-20,Кекс шоколад с кремом вареная сгущенка,0.0,БЛУМ,Friday,Выпечка,Активный
2025-06-21,Кекс шоколад с кремом вареная сгущенка,0.0,БЛУМ,Saturday,Выпечка,Активный
2025-06-22,Кекс шоколад с кремом вареная сгущенка,0.0,БЛУМ,Sunday,Выпечка,Активный
2025-06-23,Кекс шоколад с кремом вареная сгущенка,0.0,БЛУМ,Monday,Выпечка,Активный
2025-06-24,Кекс шоколад с кремом вареная сгущенка,0.0,БЛУМ,Tuesday,Выпечка,Активный
2025-06-25,Кекс шоколад с кремом вареная сгущенка,0.0,БЛУМ,Wednesday,Выпечка,Активный
2025-06-26,Кекс шоколад с кремом вареная сгущенка,0.0,БЛУМ,Thursday,Выпечка,Активный
2025-06-27,Кекс шоколад с кремом вареная сгущенка,0.0,БЛУМ,Friday,Выпечка,Активный
2025-06-28,Кекс шоколад с кремом вареная сгущенка,0.0,БЛУМ,Saturday,Выпечка,Активный
2025-06-29,Кекс шоколад с кремом вареная сгущенка,0.0,БЛУМ,Sunday,Выпечка,Активный
2025-06-30,Кекс шоколад с кремом вареная сгущенка,0.0,БЛУМ,Monday,Выпечка,Активный
2025-07-01,Кекс шоколад с кремом вареная сгущенка,0.0,БЛУМ,Tuesday,Выпечка,Активный
2025-07-02,Кекс шоколад с кремом вареная сгущенка,0.0,БЛУМ,Wednesday,Выпечка,Активный
2025-07-03,Кекс шоколад с кремом вареная сгущенка,0.0,БЛУМ,Thursday,Выпечка,Активный
2025-07-04,Кекс шоколад с кремом вареная сгущенка,0.0,БЛУМ,Friday,Выпечка,Активный
2025-07-05,Кекс шоколад с кремом вареная сгущенка,0.0,БЛУМ,Saturday,Выпечка,Активный
2025-07-06,Кекс шоколад с кремом вареная сгущенка,0.0,БЛУМ,Sunday,Выпечка,Активный
2025-07-07,Кекс шоколад с кремом вареная сгущенка,0.0,БЛУМ,Monday,Выпечка,Активный
2025-07-08,Кекс шоколад с кремом вареная сгущенка,0.0,БЛУМ,Tuesday,Выпечка,Активный
2025-07-09,Кекс шоколад с кремом вареная сгущенка,0.0,БЛУМ,Wednesday,Выпечка,Активный
2025-07-10,Кекс шоколад с кремом вареная сгущенка,0.0,БЛУМ,Thursday,Выпечка,Активный
2025-07-11,Кекс шоколад с кремом вареная сгущенка,0.0,БЛУМ,Friday,Выпечка,Активный
2025-07-12,Кекс шоколад с кремом вареная сгущенка,0.0,БЛУМ,Saturday,Выпечка,Активный
2025-07-13,Кекс шоколад с кремом вареная сгущенка,0.0,БЛУМ,Sunday,Выпечка,Активный
2025-07-14,Кекс шоколад с кремом вареная сгущенка,0.0,БЛУМ,Monday,Выпечка,Активный
2025-07-15,Кекс шоколад с кремом вареная сгущенка,0.0,БЛУМ,Tuesday,Выпечка,Активный
2025-07-16,Кекс шоколад с кремом вареная сгущенка,0.0,БЛУМ,Wednesday,Выпечка,Активный
2025-07-17,Кекс шоколад с кремом вареная сгущенка,0.0,БЛУМ,Thursday,Выпечка,Активный
2025-07-18,Кекс шоколад с кремом вареная сгущенка,0.0,БЛУМ,Friday,Выпечка,Активный
2025-07-19,Кекс шоколад с кремом вареная сгущенка,0.0,БЛУМ,Saturday,Выпечка,Активный
2025-07-20,Кекс шоколад с кремом вареная сгущенка,0.0,БЛУМ,Sunday,Выпечка,Активный
2025-07-21,Кекс шоколад с кремом вареная сгущенка,0.0,БЛУМ,Monday,Выпечка,Активный
2025-07-22,Кекс шоколад с кремом вареная сгущенка,0.0,БЛУМ,Tuesday,Выпечка,Активный
2025-07-23,Кекс шоколад с кремом вареная сгущенка,0.0,БЛУМ,Wednesday,Выпечка,Активный
2025-07-24,Кекс шоколад с кремом вареная сгущенка,0.0,БЛУМ,Thursday,Выпечка,Активный
2025-07-25,Кекс шоколад с кремом вареная сгущенка,0.0,БЛУМ,Friday,Выпечка,Активный
2025-07-26,Кекс шоколад с кремом вареная сгущенка,0.0,БЛУМ,Saturday,Выпечка,Активный
2025-07-27,Кекс шоколад с кремом вареная сгущенка,0.0,БЛУМ,Sunday,Выпечка,Активный
2025-07-28,Кекс шоколад с кремом вареная сгущенка,0.0,БЛУМ,Monday,Выпечка,Активный
2025-07-29,Кекс шоколад с кремом вареная сгущенка,0.0,БЛУМ,Tuesday,Выпечка,Активный
2025-07-30,Кекс шоколад с кремом вареная сгущенка,0.0,БЛУМ,Wednesday,Выпечка,Активный
2025-07-31,Кекс шоколад с кремом вареная сгущенка,0.0,БЛУМ,Thursday,Выпечка,Активный
2025-08-01,Кекс шоколад с кремом вареная сгущенка,0.0,БЛУМ,Friday,Выпечка,Активный
2025-08-02,Кекс шоколад с кремом вареная сгущенка,0.0,БЛУМ,Saturday,Выпечка,Активный
2025-08-03,Кекс шоколад с кремом вареная сгущенка,0.0,БЛУМ,Sunday,Выпечка,Активный
2025-08-04,Кекс шоколад с кремом вареная сгущенка,0.0,БЛУМ,Monday,Выпечка,Активный
2025-08-05,Кекс шоколад с кремом вареная сгущенка,0.0,БЛУМ,Tuesday,Выпечка,Активный
2025-08-06,Кекс шоколад с кремом вареная сгущенка,0.0,БЛУМ,Wednesday,Выпечка,Активный
2025-08-07,Кекс шоколад с кремом вареная сгущенка,0.0,БЛУМ,Thursday,Выпечка,Активный
2025-08-08,Кекс шоколад с кремом вареная сгущенка,0.0,БЛУМ,Friday,Выпечка,Активный
2025-08-09,Кекс шоколад с кремом вареная сгущенка,0.0,БЛУМ,Saturday,Выпечка,Активный
2025-08-10,Кекс шоколад с кремом вареная сгущенка,0.0,БЛУМ,Sunday,Выпечка,Активный
2025-08-11,Кекс шоколад с кремом вареная сгущенка,0.0,БЛУМ,Monday,Выпечка,Активный
2025-08-12,Кекс шоколад с кремом вареная сгущенка,0.0,БЛУМ,Tuesday,Выпечка,Активный
2025-08-13,Кекс шоколад с кремом вареная сгущенка,0.0,БЛУМ,Wednesday,Выпечка,Активный
2025-08-14,Кекс шоколад с кремом вареная сгущенка,0.0,БЛУМ,Thursday,Выпечка,Активный
2025-08-15,Кекс шоколад с кремом вареная сгущенка,0.0,БЛУМ,Friday,Выпечка,Активный
2025-08-16,Кекс шоколад с кремом вареная сгущенка,0.0,БЛУМ,Saturday,Выпечка,Активный
2025-08-17,Кекс шоколад с кремом вареная сгущенка,0.0,БЛУМ,Sunday,Выпечка,Активный
2025-08-18,Кекс шоколад с кремом вареная сгущенка,0.0,БЛУМ,Monday,Выпечка,Активный
2025-08-19,Кекс шоколад с кремом вареная сгущенка,0.0,БЛУМ,Tuesday,Выпечка,Активный
2025-08-20,Кекс шоколад с кремом вареная сгущенка,0.0,БЛУМ,Wednesday,Выпечка,Активный
2025-08-21,Кекс шоколад с кремом вареная сгущенка,0.0,БЛУМ,Thursday,Выпечка,Активный
2025-08-22,Кекс шоколад с кремом вареная сгущенка,0.0,БЛУМ,Friday,Выпечка,Активный
2025-08-23,Кекс шоколад с кремом вареная сгущенка,0.0,БЛУМ,Saturday,Выпечка,Активный
2025-08-24,Кекс шоколад с кремом вареная сгущенка,0.0,БЛУМ,Sunday,Выпечка,Активный
2025-08-25,Кекс шоколад с кремом вареная сгущенка,0.0,БЛУМ,Monday,Выпечка,Активный
2025-08-26,Кекс шоколад с кремом вареная сгущенка,0.0,БЛУМ,Tuesday,Выпечка,Активный
2025-08-27,Кекс шоколад с кремом вареная сгущенка,0.0,БЛУМ,Wednesday,Выпечка,Активный
2025-08-28,Кекс шоколад с кремом вареная сгущенка,0.0,БЛУМ,Thursday,Выпечка,Активный
2025-08-29,Кекс шоколад с кремом вареная сгущенка,0.0,БЛУМ,Friday,Выпечка,Активный
2025-08-30,Кекс шоколад с кремом вареная сгущенка,0.0,БЛУМ,Saturday,Выпечка,Активный
2025-08-31,Кекс шоколад с кремом вареная сгущенка,0.0,БЛУМ,Sunday,Выпечка,Активный
2025-06-01,"Киш с курицей, брокколи и цветной капустой",0.0,БЛУМ,Sunday,,
2025-06-02,"Киш с курицей, брокколи и цветной капустой",0.0,БЛУМ,Monday,,
2025-06-03,"Киш с курицей, брокколи и цветной капустой",0.0,БЛУМ,Tuesday,,
2025-06-04,"Киш с курицей, брокколи и цветной капустой",0.0,БЛУМ,Wednesday,,
2025-06-05,"Киш с курицей, брокколи и цветной капустой",0.0,БЛУМ,Thursday,,
2025-06-06,"Киш с курицей, брокколи и цветной капустой",0.0,БЛУМ,Friday,,
2025-06-07,"Киш с курицей, брокколи и цветной капустой",0.0,БЛУМ,Saturday,,
2025-06-08,"Киш с курицей, брокколи и цветной капустой",0.0,БЛУМ,Sunday,,
2025-06-09,"Киш с курицей, брокколи и цветной капустой",0.0,БЛУМ,Monday,,
2025-06-10,"Киш с курицей, брокколи и цветной капустой",0.0,БЛУМ,Tuesday,,
2025-06-11,"Киш с курицей, брокколи и цветной капустой",0.0,БЛУМ,Wednesday,,
2025-06-12,"Киш с курицей, брокколи и цветной капустой",0.0,БЛУМ,Thursday,,
2025-06-13,"Киш с курицей, брокколи и цветной капустой",0.0,БЛУМ,Friday,,
2025-06-14,"Киш с курицей, брокколи и цветной капустой",0.0,БЛУМ,Saturday,,
2025-06-15,"Киш с курицей, брокколи и цветной капустой",0.0,БЛУМ,Sunday,,
2025-06-16,"Киш с курицей, брокколи и цветной капустой",0.0,БЛУМ,Monday,,
2025-06-17,"Киш с курицей, брокколи и цветной капустой",0.0,БЛУМ,Tuesday,,
2025-06-18,"Киш с курицей, брокколи и цветной капустой",0.0,БЛУМ,Wednesday,,
2025-06-19,"Киш с курицей, брокколи и цветной капустой",0.0,БЛУМ,Thursday,,
2025-06-20,"Киш с курицей, брокколи и цветной капустой",0.0,БЛУМ,Friday,,
2025-06-21,"Киш с курицей, брокколи и цветной капустой",0.0,БЛУМ,Saturday,,
2025-06-22,"Киш с курицей, брокколи и цветной капустой",0.0,БЛУМ,Sunday,,
2025-06-23,"Киш с курицей, брокколи и цветной капустой",0.0,БЛУМ,Monday,,
2025-06-24,"Киш с курицей, брокколи и цветной капустой",0.0,БЛУМ,Tuesday,,
2025-06-25,"Киш с курицей, брокколи и цветной капустой",0.0,БЛУМ,Wednesday,,
2025-06-26,"Киш с курицей, брокколи и цветной капустой",0.0,БЛУМ,Thursday,,
2025-06-27,"Киш с курицей, брокколи и цветной капустой",0.0,БЛУМ,Friday,,
2025-06-28,"Киш с курицей, брокколи и цветной капустой",0.0,БЛУМ,Saturday,,
2025-06-29,"Киш с курицей, брокколи и цветной капустой",0.0,БЛУМ,Sunday,,
2025-06-30,"Киш с курицей, брокколи и цветной капустой",0.0,БЛУМ,Monday,,
2025-07-01,"Киш с курицей, брокколи и цветной капустой",0.0,БЛУМ,Tuesday,,
2025-07-02,"Киш с курицей, брокколи и цветной капустой",0.0,БЛУМ,Wednesday,,
2025-07-03,"Киш с курицей, брокколи и цветной капустой",0.0,БЛУМ,Thursday,,
2025-07-04,"Киш с курицей, брокколи и цветной капустой",0.0,БЛУМ,Friday,,
2025-07-05,"Киш с курицей, брокколи и цветной капустой",0.0,БЛУМ,Saturday,,
2025-07-06,"Киш с курицей, брокколи и цветной капустой",0.0,БЛУМ,Sunday,,
2025-07-07,"Киш с курицей, брокколи и цветной капустой",0.0,БЛУМ,Monday,,
2025-07-08,"Киш с курицей, брокколи и цветной капустой",0.0,БЛУМ,Tuesday,,
2025-07-09,"Киш с курицей, брокколи и цветной капустой",0.0,БЛУМ,Wednesday,,
2025-07-10,"Киш с курицей, брокколи и цветной капустой",0.0,БЛУМ,Thursday,,
2025-07-11,"Киш с курицей, брокколи и цветной капустой",0.0,БЛУМ,Friday,,
2025-07-12,"Киш с курицей, брокколи и цветной капустой",0.0,БЛУМ,Saturday,,
2025-07-13,"Киш с курицей, брокколи и цветной капустой",0.0,БЛУМ,Sunday,,
2025-07-14,"Киш с курицей, брокколи и цветной капустой",0.0,БЛУМ,Monday,,
2025-07-15,"Киш с курицей, брокколи и цветной капустой",0.0,БЛУМ,Tuesday,,
2025-07-16,"Киш с курицей, брокколи и цветной капустой",0.0,БЛУМ,Wednesday,,
2025-07-17,"Киш с курицей, брокколи и цветной капустой",0.0,БЛУМ,Thursday,,
2025-07-18,"Киш с курицей, брокколи и цветной капустой",0.0,БЛУМ,Friday,,
2025-07-19,"Киш с курицей, брокколи и цветной капустой",0.0,БЛУМ,Saturday,,
2025-07-20,"Киш с курицей, брокколи и цветной капустой",0.0,БЛУМ,Sunday,,
2025-07-21,"Киш с курицей, брокколи и цветной капустой",0.0,БЛУМ,Monday,,
2025-07-22,"Киш с курицей, брокколи и цветной капустой",0.0,БЛУМ,Tuesday,,
2025-07-23,"Киш с курицей, брокколи и цветной капустой",0.0,БЛУМ,Wednesday,,
2025-07-24,"Киш с курицей, брокколи и цветной капустой",0.0,БЛУМ,Thursday,,
2025-07-25,"Киш с курицей, брокколи и цветной капустой",0.0,БЛУМ,Friday,,
2025-07-26,"Киш с курицей, брокколи и цветной капустой",0.0,БЛУМ,Saturday,,
2025-07-27,"Киш с курицей, брокколи и цветной капустой",0.0,БЛУМ,Sunday,,
2025-07-28,"Киш с курицей, брокколи и цветной капустой",0.0,БЛУМ,Monday,,
2025-07-29,"Киш с курицей, брокколи и цветной капустой",0.0,БЛУМ,Tuesday,,
2025-07-30,"Киш с курицей, брокколи и цветной капустой",0.0,БЛУМ,Wednesday,,
2025-07-31,"Киш с курицей, брокколи и цветной капустой",0.0,БЛУМ,Thursday,,
2025-08-01,"Киш с курицей, брокколи и цветной капустой",0.0,БЛУМ,Friday,,
2025-08-02,"Киш с курицей, брокколи и цветной капустой",0.0,БЛУМ,Saturday,,
2025-08-03,"Киш с курицей, брокколи и цветной капустой",0.0,БЛУМ,Sunday,,
2025-08-04,"Киш с курицей, брокколи и цветной капустой",0.0,БЛУМ,Monday,,
2025-08-05,"Киш с курицей, брокколи и цветной капустой",0.0,БЛУМ,Tuesday,,
2025-08-06,"Киш с курицей, брокколи и цветной капустой",0.0,БЛУМ,Wednesday,,
2025-08-07,"Киш с курицей, брокколи и цветной капустой",0.0,БЛУМ,Thursday,,
2025-08-08,"Киш с курицей, брокколи и цветной капустой",0.0,БЛУМ,Friday,,
2025-08-09,"Киш с курицей, брокколи и цветной капустой",0.0,БЛУМ,Saturday,,
2025-08-10,"Киш с курицей, брокколи и цветной капустой",0.0,БЛУМ,Sunday,,
2025-08-11,"Киш с курицей, брокколи и цветной капустой",0.0,БЛУМ,Monday,,
2025-08-12,"Киш с курицей, брокколи и цветной капустой",0.0,БЛУМ,Tuesday,,
2025-08-13,"Киш с курицей, брокколи и цветной капустой",0.0,БЛУМ,Wednesday,,
2025-08-14,"Киш с курицей, брокколи и цветной капустой",0.0,БЛУМ,Thursday,,
2025-08-15,"Киш с курицей, брокколи и цветной капустой",0.0,БЛУМ,Friday,,
2025-08-16,"Киш с курицей, брокколи и цветной капустой",0.0,БЛУМ,Saturday,,
2025-08-17,"Киш с курицей, брокколи и цветной капустой",0.0,БЛУМ,Sunday,,
2025-08-18,"Киш с курицей, брокколи и цветной капустой",0.0,БЛУМ,Monday,,
2025-08-19,"Киш с курицей, брокколи и цветной капустой",0.0,БЛУМ,Tuesday,,
2025-08-20,"Киш с курицей, брокколи и цветной капустой",0.0,БЛУМ,Wednesday,,
2025-08-21,"Киш с курицей, брокколи и цветной капустой",0.0,БЛУМ,Thursday,,
2025-08-22,"Киш с курицей, брокколи и цветной капустой",0.0,БЛУМ,Friday,,
2025-08-23,"Киш с курицей, брокколи и цветной капустой",0.0,БЛУМ,Saturday,,
2025-08-24,"Киш с курицей, брокколи и цветной капустой",0.0,БЛУМ,Sunday,,
2025-08-25,"Киш с курицей, брокколи и цветной капустой",0.0,БЛУМ,Monday,,
2025-08-26,"Киш с курицей, брокколи и цветной капустой",0.0,БЛУМ,Tuesday,,
2025-08-27,"Киш с курицей, брокколи и цветной капустой",0.0,БЛУМ,Wednesday,,
2025-08-28,"Киш с курицей, брокколи и цветной капустой",0.0,БЛУМ,Thursday,,
2025-08-29,"Киш с курицей, брокколи и цветной капустой",0.0,БЛУМ,Friday,,
2025-08-30,"Киш с курицей, брокколи и цветной капустой",0.0,БЛУМ,Saturday,,
2025-08-31,"Киш с курицей, брокколи и цветной капустой",0.0,БЛУМ,Sunday,,
2025-06-01,Круассан 75г,3.0,БЛУМ,Sunday,Выпечка,Активный
2025-06-02,Круассан 75г,0.0,БЛУМ,Monday,Выпечка,Активный
2025-06-03,Круассан 75г,0.0,БЛУМ,Tuesday,Выпечка,Активный
2025-06-04,Круассан 75г,0.0,БЛУМ,Wednesday,Выпечка,Активный
2025-06-05,Круассан 75г,3.0,БЛУМ,Thursday,Выпечка,Активный
2025-06-06,Круассан 75г,0.0,БЛУМ,Friday,Выпечка,Активный
2025-06-07,Круассан 75г,3.0,БЛУМ,Saturday,Выпечка,Активный
2025-06-08,Круассан 75г,3.0,БЛУМ,Sunday,Выпечка,Активный
2025-06-09,Круассан 75г,0.0,БЛУМ,Monday,Выпечка,Активный
2025-06-10,Круассан 75г,0.0,БЛУМ,Tuesday,Выпечка,Активный
2025-06-11,Круассан 75г,0.0,БЛУМ,Wednesday,Выпечка,Активный
2025-06-12,Круассан 75г,3.0,БЛУМ,Thursday,Выпечка,Активный
2025-06-13,Круассан 75г,0.0,БЛУМ,Friday,Выпечка,Активный
2025-06-14,Круассан 75г,0.0,БЛУМ,Saturday,Выпечка,Активный
2025-06-15,Круассан 75г,3.0,БЛУМ,Sunday,Выпечка,Активный
2025-06-16,Круассан 75г,0.0,БЛУМ,Monday,Выпечка,Активный
2025-06-17,Круассан 75г,0.0,БЛУМ,Tuesday,Выпечка,Активный
2025-06-18,Круассан 75г,0.0,БЛУМ,Wednesday,Выпечка,Активный
2025-06-19,Круассан 75г,3.0,БЛУМ,Thursday,Выпечка,Активный
2025-06-20,Круассан 75г,0.0,БЛУМ,Friday,Выпечка,Активный
2025-06-21,Круассан 75г,0.0,БЛУМ,Saturday,Выпечка,Активный
2025-06-22,Круассан 75г,3.0,БЛУМ,Sunday,Выпечка,Активный
2025-06-23,Круассан 75г,0.0,БЛУМ,Monday,Выпечка,Активный
2025-06-24,Круассан 75г,0.0,БЛУМ,Tuesday,Выпечка,Активный
2025-06-25,Круассан 75г,0.0,БЛУМ,Wednesday,Выпечка,Активный
2025-06-26,Круассан 75г,3.0,БЛУМ,Thursday,Выпечка,Активный
2025-06-27,Круассан 75г,0.0,БЛУМ,Friday,Выпечка,Активный
2025-06-28,Круассан 75г,0.0,БЛУМ,Saturday,Выпечка,Активный
2025-06-29,Круассан 75г,3.0,БЛУМ,Sunday,Выпечка,Активный
2025-06-30,Круассан 75г,0.0,БЛУМ,Monday,Выпечка,Активный
2025-07-01,Круассан 75г,0.0,БЛУМ,Tuesday,Выпечка,Активный
2025-07-02,Круассан 75г,0.0,БЛУМ,Wednesday,Выпечка,Активный
2025-07-03,Круассан 75г,0.0,БЛУМ,Thursday,Выпечка,Активный
2025-07-04,Круассан 75г,0.0,БЛУМ,Friday,Выпечка,Активный
2025-07-05,Круассан 75г,0.0,БЛУМ,Saturday,Выпечка,Активный
2025-07-06,Круассан 75г,0.0,БЛУМ,Sunday,Выпечка,Активный
2025-07-07,Круассан 75г,0.0,БЛУМ,Monday,Выпечка,Активный
2025-07-08,Круассан 75г,0.0,БЛУМ,Tuesday,Выпечка,Активный
2025-07-09,Круассан 75г,0.0,БЛУМ,Wednesday,Выпечка,Активный
2025-07-10,Круассан 75г,0.0,БЛУМ,Thursday,Выпечка,Активный
2025-07-11,Круассан 75г,0.0,БЛУМ,Friday,Выпечка,Активный
2025-07-12,Круассан 75г,0.0,БЛУМ,Saturday,Выпечка,Активный
2025-07-13,Круассан 75г,0.0,БЛУМ,Sunday,Выпечка,Активный
2025-07-14,Круассан 75г,0.0,БЛУМ,Monday,Выпечка,Активный
2025-07-15,Круассан 75г,0.0,БЛУМ,Tuesday,Выпечка,Активный
2025-07-16,Круассан 75г,0.0,БЛУМ,Wednesday,Выпечка,Активный
2025-07-17,Круассан 75г,0.0,БЛУМ,Thursday,Выпечка,Активный
2025-07-18,Круассан 75г,0.0,БЛУМ,Friday,Выпечка,Активный
2025-07-19,Круассан 75г,0.0,БЛУМ,Saturday,Выпечка,Активный
2025-07-20,Круассан 75г,0.0,БЛУМ,Sunday,Выпечка,Активный
2025-07-21,Круассан 75г,0.0,БЛУМ,Monday,Выпечка,Активный
2025-07-22,Круассан 75г,0.0,БЛУМ,Tuesday,Выпечка,Активный
2025-07-23,Круассан 75г,0.0,БЛУМ,Wednesday,Выпечка,Активный
2025-07-24,Круассан 75г,0.0,БЛУМ,Thursday,Выпечка,Активный
2025-07-25,Круассан 75г,0.0,БЛУМ,Friday,Выпечка,Активный
2025-07-26,Круассан 75г,0.0,БЛУМ,Saturday,Выпечка,Активный
2025-07-27,Круассан 75г,0.0,БЛУМ,Sunday,Выпечка,Активный
2025-07-28,Круассан 75г,0.0,БЛУМ,Monday,Выпечка,Активный
2025-07-29,Круассан 75г,0.0,БЛУМ,Tuesday,Выпечка,Активный
2025-07-30,Круассан 75г,0.0,БЛУМ,Wednesday,Выпечка,Активный
2025-07-31,Круассан 75г,0.0,БЛУМ,Thursday,Выпечка,Активный
2025-08-01,Круассан 75г,0.0,БЛУМ,Friday,Выпечка,Активный
2025-08-02,Круассан 75г,0.0,БЛУМ,Saturday,Выпечка,Активный
2025-08-03,Круассан 75г,0.0,БЛУМ,Sunday,Выпечка,Активный
2025-08-04,Круассан 75г,0.0,БЛУМ,Monday,Выпечка,Активный
2025-08-05,Круассан 75г,0.0,БЛУМ,Tuesday,Выпечка,Активный
2025-08-06,Круассан 75г,0.0,БЛУМ,Wednesday,Выпечка,Активный
2025-08-07,Круассан 75г,0.0,БЛУМ,Thursday,Выпечка,Активный
2025-08-08,Круассан 75г,0.0,БЛУМ,Friday,Выпечка,Активный
2025-08-09,Круассан 75г,0.0,БЛУМ,Saturday,Выпечка,Активный
2025-08-10,Круассан 75г,0.0,БЛУМ,Sunday,Выпечка,Активный
2025-08-11,Круассан 75г,0.0,БЛУМ,Monday,Выпечка,Активный
2025-08-12,Круассан 75г,0.0,БЛУМ,Tuesday,Выпечка,Активный
2025-08-13,Круассан 75г,0.0,БЛУМ,Wednesday,Выпечка,Активный
2025-08-14,Круассан 75г,0.0,БЛУМ,Thursday,Выпечка,Активный
2025-08-15,Круассан 75г,0.0,БЛУМ,Friday,Выпечка,Активный
2025-08-16,Круассан 75г,0.0,БЛУМ,Saturday,Выпечка,Активный
2025-08-17,Круассан 75г,0.0,БЛУМ,Sunday,Выпечка,Активный
2025-08-18,Круассан 75г,0.0,БЛУМ,Monday,Выпечка,Активный
2025-08-19,Круассан 75г,0.0,БЛУМ,Tuesday,Выпечка,Активный
2025-08-20,Круассан 75г,0.0,БЛУМ,Wednesday,Выпечка,Активный
2025-08-21,Круассан 75г,0.0,БЛУМ,Thursday,Выпечка,Активный
2025-08-22,Круассан 75г,0.0,БЛУМ,Friday,Выпечка,Активный
2025-08-23,Круассан 75г,0.0,БЛУМ,Saturday,Выпечка,Активный
2025-08-24,Круассан 75г,0.0,БЛУМ,Sunday,Выпечка,Активный
2025-08-25,Круассан 75г,0.0,БЛУМ,Monday,Выпечка,Активный
2025-08-26,Круассан 75г,0.0,БЛУМ,Tuesday,Выпечка,Активный
2025-08-27,Круассан 75г,0.0,БЛУМ,Wednesday,Выпечка,Активный
2025-08-28,Круассан 75г,0.0,БЛУМ,Thursday,Выпечка,Активный
2025-08-29,Круассан 75г,0.0,БЛУМ,Friday,Выпечка,Активный
2025-08-30,Круассан 75г,0.0,БЛУМ,Saturday,Выпечка,Активный
2025-08-31,Круассан 75г,0.0,БЛУМ,Sunday,Выпечка,Активный
2025-06-01,Круассан с кремом и компоте,0.0,БЛУМ,Sunday,Выпечка,
2025-06-02,Круассан с кремом и компоте,0.0,БЛУМ,Monday,Выпечка,
2025-06-03,Круассан с кремом и компоте,0.0,БЛУМ,Tuesday,Выпечка,
2025-06-04,Круассан с кремом и компоте,0.0,БЛУМ,Wednesday,Выпечка,
2025-06-05,Круассан с кремом и компоте,0.0,БЛУМ,Thursday,Выпечка,
2025-06-06,Круассан с кремом и компоте,0.0,БЛУМ,Friday,Выпечка,
2025-06-07,Круассан с кремом и компоте,0.0,БЛУМ,Saturday,Выпечка,
2025-06-08,Круассан с кремом и компоте,0.0,БЛУМ,Sunday,Выпечка,
2025-06-09,Круассан с кремом и компоте,0.0,БЛУМ,Monday,Выпечка,
2025-06-10,Круассан с кремом и компоте,0.0,БЛУМ,Tuesday,Выпечка,
2025-06-11,Круассан с кремом и компоте,0.0,БЛУМ,Wednesday,Выпечка,
2025-06-12,Круассан с кремом и компоте,0.0,БЛУМ,Thursday,Выпечка,
2025-06-13,Круассан с кремом и компоте,0.0,БЛУМ,Friday,Выпечка,
2025-06-14,Круассан с кремом и компоте,0.0,БЛУМ,Saturday,Выпечка,
2025-06-15,Круассан с кремом и компоте,0.0,БЛУМ,Sunday,Выпечка,
2025-06-16,Круассан с кремом и компоте,0.0,БЛУМ,Monday,Выпечка,
2025-06-17,Круассан с кремом и компоте,0.0,БЛУМ,Tuesday,Выпечка,
2025-06-18,Круассан с кремом и компоте,0.0,БЛУМ,Wednesday,Выпечка,
2025-06-19,Круассан с кремом и компоте,0.0,БЛУМ,Thursday,Выпечка,
2025-06-20,Круассан с кремом и компоте,0.0,БЛУМ,Friday,Выпечка,
2025-06-21,Круассан с кремом и компоте,0.0,БЛУМ,Saturday,Выпечка,
2025-06-22,Круассан с кремом и компоте,0.0,БЛУМ,Sunday,Выпечка,
2025-06-23,Круассан с кремом и компоте,0.0,БЛУМ,Monday,Выпечка,
2025-06-24,Круассан с кремом и компоте,0.0,БЛУМ,Tuesday,Выпечка,
2025-06-25,Круассан с кремом и компоте,0.0,БЛУМ,Wednesday,Выпечка,
2025-06-26,Круассан с кремом и компоте,0.0,БЛУМ,Thursday,Выпечка,
2025-06-27,Круассан с кремом и компоте,0.0,БЛУМ,Friday,Выпечка,
2025-06-28,Круассан с кремом и компоте,0.0,БЛУМ,Saturday,Выпечка,
2025-06-29,Круассан с кремом и компоте,0.0,БЛУМ,Sunday,Выпечка,
2025-06-30,Круассан с кремом и компоте,0.0,БЛУМ,Monday,Выпечка,
2025-07-01,Круассан с кремом и компоте,0.0,БЛУМ,Tuesday,Выпечка,
2025-07-02,Круассан с кремом и компоте,0.0,БЛУМ,Wednesday,Выпечка,
2025-07-03,Круассан с кремом и компоте,0.0,БЛУМ,Thursday,Выпечка,
2025-07-04,Круассан с кремом и компоте,0.0,БЛУМ,Friday,Выпечка,
2025-07-05,Круассан с кремом и компоте,0.0,БЛУМ,Saturday,Выпечка,
2025-07-06,Круассан с кремом и компоте,0.0,БЛУМ,Sunday,Выпечка,
2025-07-07,Круассан с кремом и компоте,0.0,БЛУМ,Monday,Выпечка,
2025-07-08,Круассан с кремом и компоте,0.0,БЛУМ,Tuesday,Выпечка,
2025-07-09,Круассан с кремом и компоте,0.0,БЛУМ,Wednesday,Выпечка,
2025-07-10,Круассан с кремом и компоте,0.0,БЛУМ,Thursday,Выпечка,
2025-07-11,Круассан с кремом и компоте,0.0,БЛУМ,Friday,Выпечка,
2025-07-12,Круассан с кремом и компоте,0.0,БЛУМ,Saturday,Выпечка,
2025-07-13,Круассан с кремом и компоте,0.0,БЛУМ,Sunday,Выпечка,
2025-07-14,Круассан с кремом и компоте,0.0,БЛУМ,Monday,Выпечка,
2025-07-15,Круассан с кремом и компоте,0.0,БЛУМ,Tuesday,Выпечка,
2025-07-16,Круассан с кремом и компоте,0.0,БЛУМ,Wednesday,Выпечка,
2025-07-17,Круассан с кремом и компоте,0.0,БЛУМ,Thursday,Выпечка,
2025-07-18,Круассан с кремом и компоте,0.0,БЛУМ,Friday,Выпечка,
2025-07-19,Круассан с кремом и компоте,0.0,БЛУМ,Saturday,Выпечка,
2025-07-20,Круассан с кремом и компоте,0.0,БЛУМ,Sunday,Выпечка,
2025-07-21,Круассан с кремом и компоте,0.0,БЛУМ,Monday,Выпечка,
2025-07-22,Круассан с кремом и компоте,0.0,БЛУМ,Tuesday,Выпечка,
2025-07-23,Круассан с кремом и компоте,0.0,БЛУМ,Wednesday,Выпечка,
2025-07-24,Круассан с кремом и компоте,0.0,БЛУМ,Thursday,Выпечка,
2025-07-25,Круассан с кремом и компоте,0.0,БЛУМ,Friday,Выпечка,
2025-07-26,Круассан с кремом и компоте,0.0,БЛУМ,Saturday,Выпечка,
2025-07-27,Круассан с кремом и компоте,0.0,БЛУМ,Sunday,Выпечка,
2025-07-28,Круассан с кремом и компоте,0.0,БЛУМ,Monday,Выпечка,
2025-07-29,Круассан с кремом и компоте,0.0,БЛУМ,Tuesday,Выпечка,
2025-07-30,Круассан с кремом и компоте,0.0,БЛУМ,Wednesday,Выпечка,
2025-07-31,Круассан с кремом и компоте,0.0,БЛУМ,Thursday,Выпечка,
2025-08-01,Круассан с кремом и компоте,0.0,БЛУМ,Friday,Выпечка,
2025-08-02,Круассан с кремом и компоте,0.0,БЛУМ,Saturday,Выпечка,
2025-08-03,Круассан с кремом и компоте,0.0,БЛУМ,Sunday,Выпечка,
2025-08-04,Круассан с кремом и компоте,0.0,БЛУМ,Monday,Выпечка,
2025-08-05,Круассан с кремом и компоте,0.0,БЛУМ,Tuesday,Выпечка,
2025-08-06,Круассан с кремом и компоте,0.0,БЛУМ,Wednesday,Выпечка,
2025-08-07,Круассан с кремом и компоте,0.0,БЛУМ,Thursday,Выпечка,
2025-08-08,Круассан с кремом и компоте,0.0,БЛУМ,Friday,Выпечка,
2025-08-09,Круассан с кремом и компоте,0.0,БЛУМ,Saturday,Выпечка,
2025-08-10,Круассан с кремом и компоте,0.0,БЛУМ,Sunday,Выпечка,
2025-08-11,Круассан с кремом и компоте,0.0,БЛУМ,Monday,Выпечка,
2025-08-12,Круассан с кремом и компоте,0.0,БЛУМ,Tuesday,Выпечка,
2025-08-13,Круассан с кремом и компоте,0.0,БЛУМ,Wednesday,Выпечка,
2025-08-14,Круассан с кремом и компоте,0.0,БЛУМ,Thursday,Выпечка,
2025-08-15,Круассан с кремом и компоте,0.0,БЛУМ,Friday,Выпечка,
2025-08-16,Круассан с кремом и компоте,0.0,БЛУМ,Saturday,Выпечка,
2025-08-17,Круассан с кремом и компоте,0.0,БЛУМ,Sunday,Выпечка,
2025-08-18,Круассан с кремом и компоте,0.0,БЛУМ,Monday,Выпечка,
2025-08-19,Круассан с кремом и компоте,0.0,БЛУМ,Tuesday,Выпечка,
2025-08-20,Круассан с кремом и компоте,0.0,БЛУМ,Wednesday,Выпечка,
2025-08-21,Круассан с кремом и компоте,0.0,БЛУМ,Thursday,Выпечка,
2025-08-22,Круассан с кремом и компоте,0.0,БЛУМ,Friday,Выпечка,
2025-08-23,Круассан с кремом и компоте,0.0,БЛУМ,Saturday,Выпечка,
2025-08-24,Круассан с кремом и компоте,0.0,БЛУМ,Sunday,Выпечка,
2025-08-25,Круассан с кремом и компоте,0.0,БЛУМ,Monday,Выпечка,
2025-08-26,Круассан с кремом и компоте,0.0,БЛУМ,Tuesday,Выпечка,
2025-08-27,Круассан с кремом и компоте,0.0,БЛУМ,Wednesday,Выпечка,
2025-08-28,Круассан с кремом и компоте,0.0,БЛУМ,Thursday,Выпечка,
2025-08-29,Круассан с кремом и компоте,0.0,БЛУМ,Friday,Выпечка,
2025-08-30,Круассан с кремом и компоте,0.0,БЛУМ,Saturday,Выпечка,
2025-08-31,Круассан с кремом и компоте,0.0,БЛУМ,Sunday,Выпечка,
2025-06-01,Мини даниш с курдом,0.0,БЛУМ,Sunday,Выпечка,
2025-06-02,Мини даниш с курдом,0.0,БЛУМ,Monday,Выпечка,
2025-06-03,Мини даниш с курдом,0.0,БЛУМ,Tuesday,Выпечка,
2025-06-04,Мини даниш с курдом,0.0,БЛУМ,Wednesday,Выпечка,
2025-06-05,Мини даниш с курдом,0.0,БЛУМ,Thursday,Выпечка,
2025-06-06,Мини даниш с курдом,0.0,БЛУМ,Friday,Выпечка,
2025-06-07,Мини даниш с курдом,0.0,БЛУМ,Saturday,Выпечка,
2025-06-08,Мини даниш с курдом,0.0,БЛУМ,Sunday,Выпечка,
2025-06-09,Мини даниш с курдом,0.0,БЛУМ,Monday,Выпечка,
2025-06-10,Мини даниш с курдом,0.0,БЛУМ,Tuesday,Выпечка,
2025-06-11,Мини даниш с курдом,0.0,БЛУМ,Wednesday,Выпечка,
2025-06-12,Мини даниш с курдом,0.0,БЛУМ,Thursday,Выпечка,
2025-06-13,Мини даниш с курдом,0.0,БЛУМ,Friday,Выпечка,
2025-06-14,Мини даниш с курдом,0.0,БЛУМ,Saturday,Выпечка,
2025-06-15,Мини даниш с курдом,0.0,БЛУМ,Sunday,Выпечка,
2025-06-16,Мини даниш с курдом,0.0,БЛУМ,Monday,Выпечка,
2025-06-17,Мини даниш с курдом,0.0,БЛУМ,Tuesday,Выпечка,
2025-06-18,Мини даниш с курдом,0.0,БЛУМ,Wednesday,Выпечка,
2025-06-19,Мини даниш с курдом,0.0,БЛУМ,Thursday,Выпечка,
2025-06-20,Мини даниш с курдом,0.0,БЛУМ,Friday,Выпечка,
2025-06-21,Мини даниш с курдом,0.0,БЛУМ,Saturday,Выпечка,
2025-06-22,Мини даниш с курдом,0.0,БЛУМ,Sunday,Выпечка,
2025-06-23,Мини даниш с курдом,0.0,БЛУМ,Monday,Выпечка,
2025-06-24,Мини даниш с курдом,0.0,БЛУМ,Tuesday,Выпечка,
2025-06-25,Мини даниш с курдом,0.0,БЛУМ,Wednesday,Выпечка,
2025-06-26,Мини даниш с курдом,0.0,БЛУМ,Thursday,Выпечка,
2025-06-27,Мини даниш с курдом,0.0,БЛУМ,Friday,Выпечка,
2025-06-28,Мини даниш с курдом,0.0,БЛУМ,Saturday,Выпечка,
2025-06-29,Мини даниш с курдом,0.0,БЛУМ,Sunday,Выпечка,
2025-06-30,Мини даниш с курдом,0.0,БЛУМ,Monday,Выпечка,
2025-07-01,Мини даниш с курдом,0.0,БЛУМ,Tuesday,Выпечка,
2025-07-02,Мини даниш с курдом,0.0,БЛУМ,Wednesday,Выпечка,
2025-07-03,Мини даниш с курдом,0.0,БЛУМ,Thursday,Выпечка,
2025-07-04,Мини даниш с курдом,0.0,БЛУМ,Friday,Выпечка,
2025-07-05,Мини даниш с курдом,0.0,БЛУМ,Saturday,Выпечка,
2025-07-06,Мини даниш с курдом,0.0,БЛУМ,Sunday,Выпечка,
2025-07-07,Мини даниш с курдом,0.0,БЛУМ,Monday,Выпечка,
2025-07-08,Мини даниш с курдом,0.0,БЛУМ,Tuesday,Выпечка,
2025-07-09,Мини даниш с курдом,0.0,БЛУМ,Wednesday,Выпечка,
2025-07-10,Мини даниш с курдом,0.0,БЛУМ,Thursday,Выпечка,
2025-07-11,Мини даниш с курдом,0.0,БЛУМ,Friday,Выпечка,
2025-07-12,Мини даниш с курдом,0.0,БЛУМ,Saturday,Выпечка,
2025-07-13,Мини даниш с курдом,0.0,БЛУМ,Sunday,Выпечка,
2025-07-14,Мини даниш с курдом,0.0,БЛУМ,Monday,Выпечка,
2025-07-15,Мини даниш с курдом,0.0,БЛУМ,Tuesday,Выпечка,
2025-07-16,Мини даниш с курдом,0.0,БЛУМ,Wednesday,Выпечка,
2025-07-17,Мини даниш с курдом,0.0,БЛУМ,Thursday,Выпечка,
2025-07-18,Мини даниш с курдом,0.0,БЛУМ,Friday,Выпечка,
2025-07-19,Мини даниш с курдом,0.0,БЛУМ,Saturday,Выпечка,
2025-07-20,Мини даниш с курдом,0.0,БЛУМ,Sunday,Выпечка,
2025-07-21,Мини даниш с курдом,0.0,БЛУМ,Monday,Выпечка,
2025-07-22,Мини даниш с курдом,0.0,БЛУМ,Tuesday,Выпечка,
2025-07-23,Мини даниш с курдом,0.0,БЛУМ,Wednesday,Выпечка,
2025-07-24,Мини даниш с курдом,0.0,БЛУМ,Thursday,Выпечка,
2025-07-25,Мини даниш с курдом,0.0,БЛУМ,Friday,Выпечка,
2025-07-26,Мини даниш с курдом,0.0,БЛУМ,Saturday,Выпечка,
2025-07-27,Мини даниш с курдом,0.0,БЛУМ,Sunday,Выпечка,
2025-07-28,Мини даниш с курдом,0.0,БЛУМ,Monday,Выпечка,
2025-07-29,Мини даниш с курдом,0.0,БЛУМ,Tuesday,Выпечка,
2025-07-30,Мини даниш с курдом,0.0,БЛУМ,Wednesday,Выпечка,
2025-07-31,Мини даниш с курдом,0.0,БЛУМ,Thursday,Выпечка,
2025-08-01,Мини даниш с курдом,0.0,БЛУМ,Friday,Выпечка,
2025-08-02,Мини даниш с курдом,0.0,БЛУМ,Saturday,Выпечка,
2025-08-03,Мини даниш с курдом,0.0,БЛУМ,Sunday,Выпечка,
2025-08-04,Мини даниш с курдом,0.0,БЛУМ,Monday,Выпечка,
2025-08-05,Мини даниш с курдом,0.0,БЛУМ,Tuesday,Выпечка,
2025-08-06,Мини даниш с курдом,0.0,БЛУМ,Wednesday,Выпечка,
2025-08-07,Мини даниш с курдом,0.0,БЛУМ,Thursday,Выпечка,
2025-08-08,Мини даниш с курдом,0.0,БЛУМ,Friday,Выпечка,
2025-08-09,Мини даниш с курдом,0.0,БЛУМ,Saturday,Выпечка,
2025-08-10,Мини даниш с курдом,0.0,БЛУМ,Sunday,Выпечка,
2025-08-11,Мини даниш с курдом,0.0,БЛУМ,Monday,Выпечка,
2025-08-12,Мини даниш с курдом,0.0,БЛУМ,Tuesday,Выпечка,
2025-08-13,Мини даниш с курдом,0.0,БЛУМ,Wednesday,Выпечка,
2025-08-14,Мини даниш с курдом,0.0,БЛУМ,Thursday,Выпечка,
2025-08-15,Мини даниш с курдом,0.0,БЛУМ,Friday,Выпечка,
2025-08-16,Мини даниш с курдом,0.0,БЛУМ,Saturday,Выпечка,
2025-08-17,Мини даниш с курдом,0.0,БЛУМ,Sunday,Выпечка,
2025-08-18,Мини даниш с курдом,0.0,БЛУМ,Monday,Выпечка,
2025-08-19,Мини даниш с курдом,0.0,БЛУМ,Tuesday,Выпечка,
2025-08-20,Мини даниш с курдом,0.0,БЛУМ,Wednesday,Выпечка,
2025-08-21,Мини даниш с курдом,0.0,БЛУМ,Thursday,Выпечка,
2025-08-22,Мини даниш с курдом,0.0,БЛУМ,Friday,Выпечка,
2025-08-23,Мини даниш с курдом,0.0,БЛУМ,Saturday,Выпечка,
2025-08-24,Мини даниш с курдом,0.0,БЛУМ,Sunday,Выпечка,
2025-08-25,Мини даниш с курдом,0.0,БЛУМ,Monday,Выпечка,
2025-08-26,Мини даниш с курдом,0.0,БЛУМ,Tuesday,Выпечка,
2025-08-27,Мини даниш с курдом,0.0,БЛУМ,Wednesday,Выпечка,
2025-08-28,Мини даниш с курдом,0.0,БЛУМ,Thursday,Выпечка,
2025-08-29,Мини даниш с курдом,0.0,БЛУМ,Friday,Выпечка,
2025-08-30,Мини даниш с курдом,0.0,БЛУМ,Saturday,Выпечка,
2025-08-31,Мини даниш с курдом,0.0,БЛУМ,Sunday,Выпечка,
2025-06-01,Печенье на закваске шоколад,0.0,БЛУМ,Sunday,Печенье,Снят
2025-06-02,Печенье на закваске шоколад,0.0,БЛУМ,Monday,Печенье,Снят
2025-06-03,Печенье на закваске шоколад,20.0,БЛУМ,Tuesday,Печенье,Снят
2025-06-04,Печенье на закваске шоколад,0.0,БЛУМ,Wednesday,Печенье,Снят
2025-06-05,Печенье на закваске шоколад,0.0,БЛУМ,Thursday,Печенье,Снят
2025-06-06,Печенье на закваске шоколад,0.0,БЛУМ,Friday,Печенье,Снят
2025-06-07,Печенье на закваске шоколад,20.0,БЛУМ,Saturday,Печенье,Снят
2025-06-08,Печенье на закваске шоколад,0.0,БЛУМ,Sunday,Печенье,Снят
2025-06-09,Печенье на закваске шоколад,15.0,БЛУМ,Monday,Печенье,Снят
2025-06-10,Печенье на закваске шоколад,0.0,БЛУМ,Tuesday,Печенье,Снят
2025-06-11,Печенье на закваске шоколад,25.0,БЛУМ,Wednesday,Печенье,Снят
2025-06-12,Печенье на закваске шоколад,0.0,БЛУМ,Thursday,Печенье,Снят
2025-06-13,Печенье на закваске шоколад,0.0,БЛУМ,Friday,Печенье,Снят
2025-06-14,Печенье на закваске шоколад,0.0,БЛУМ,Saturday,Печенье,Снят
2025-06-15,Печенье на закваске шоколад,25.0,БЛУМ,Sunday,Печенье,Снят
2025-06-16,Печенье на закваске шоколад,15.0,БЛУМ,Monday,Печенье,Снят
2025-06-17,Печенье на закваске шоколад,0.0,БЛУМ,Tuesday,Печенье,Снят
2025-06-18,Печенье на закваске шоколад,0.0,БЛУМ,Wednesday,Печенье,Снят
2025-06-19,Печенье на закваске шоколад,30.0,БЛУМ,Thursday,Печенье,Снят
2025-06-20,Печенье на закваске шоколад,0.0,БЛУМ,Friday,Печенье,Снят
2025-06-21,Печенье на закваске шоколад,0.0,БЛУМ,Saturday,Печенье,Снят
2025-06-22,Печенье на закваске шоколад,0.0,БЛУМ,Sunday,Печенье,Снят
2025-06-23,Печенье на закваске шоколад,50.0,БЛУМ,Monday,Печенье,Снят
2025-06-24,Печенье на закваске шоколад,0.0,БЛУМ,Tuesday,Печенье,Снят
2025-06-25,Печенье на закваске шоколад,0.0,БЛУМ,Wednesday,Печенье,Снят
2025-06-26,Печенье на закваске шоколад,0.0,БЛУМ,Thursday,Печенье,Снят
2025-06-27,Печенье на закваске шоколад,30.0,БЛУМ,Friday,Печенье,Снят
2025-06-28,Печенье на закваске шоколад,0.0,БЛУМ,Saturday,Печенье,Снят
2025-06-29,Печенье на закваске шоколад,0.0,БЛУМ,Sunday,Печенье,Снят
2025-06-30,Печенье на закваске шоколад,15.0,БЛУМ,Monday,Печенье,Снят
2025-07-01,Печенье на закваске шоколад,30.0,БЛУМ,Tuesday,Печенье,Снят
2025-07-02,Печенье на закваске шоколад,0.0,БЛУМ,Wednesday,Печенье,Снят
2025-07-03,Печенье на закваске шоколад,0.0,БЛУМ,Thursday,Печенье,Снят
2025-07-04,Печенье на закваске шоколад,0.0,БЛУМ,Friday,Печенье,Снят
2025-07-05,Печенье на закваске шоколад,15.0,БЛУМ,Saturday,Печенье,Снят
2025-07-06,Печенье на закваске шоколад,15.0,БЛУМ,Sunday,Печенье,Снят
2025-07-07,Печенье на закваске шоколад,0.0,БЛУМ,Monday,Печенье,Снят
2025-07-08,Печенье на закваске шоколад,0.0,БЛУМ,Tuesday,Печенье,Снят
2025-07-09,Печенье на закваске шоколад,15.0,БЛУМ,Wednesday,Печенье,Снят
2025-07-10,Печенье на закваске шоколад,0.0,БЛУМ,Thursday,Печенье,Снят
2025-07-11,Печенье на закваске шоколад,0.0,БЛУМ,Friday,Печенье,Снят
2025-07-12,Печенье на закваске шоколад,0.0,БЛУМ,Saturday,Печенье,Снят
2025-07-13,Печенье на закваске шоколад,15.0,БЛУМ,Sunday,Печенье,Снят
2025-07-14,Печенье на закваске шоколад,10.0,БЛУМ,Monday,Печенье,Снят
2025-07-15,Печенье на закваске шоколад,0.0,БЛУМ,Tuesday,Печенье,Снят
2025-07-16,Печенье на закваске шоколад,0.0,БЛУМ,Wednesday,Печенье,Снят
2025-07-17,Печенье на закваске шоколад,10.0,БЛУМ,Thursday,Печенье,Снят
2025-07-18,Печенье на закваске шоколад,0.0,БЛУМ,Friday,Печенье,Снят
2025-07-19,Печенье на закваске шоколад,5.0,БЛУМ,Saturday,Печенье,Снят
2025-07-20,Печенье на закваске шоколад,0.0,БЛУМ,Sunday,Печенье,Снят
2025-07-21,Печенье на закваске шоколад,30.0,БЛУМ,Monday,Печенье,Снят
2025-07-22,Печенье на закваске шоколад,0.0,БЛУМ,Tuesday,Печенье,Снят
2025-07-23,Печенье на закваске шоколад,10.0,БЛУМ,Wednesday,Печенье,Снят
2025-07-24,Печенье на закваске шоколад,0.0,БЛУМ,Thursday,Печенье,Снят
2025-07-25,Печенье на закваске шоколад,15.0,БЛУМ,Friday,Печенье,Снят
2025-07-26,Печенье на закваске шоколад,0.0,БЛУМ,Saturday,Печенье,Снят
2025-07-27,Печенье на закваске шоколад,0.0,БЛУМ,Sunday,Печенье,Снят
2025-07-28,Печенье на закваске шоколад,10.0,БЛУМ,Monday,Печенье,Снят
2025-07-29,Печенье на закваске шоколад,30.0,БЛУМ,Tuesday,Печенье,Снят
2025-07-30,Печенье на закваске шоколад,0.0,БЛУМ,Wednesday,Печенье,Снят
2025-07-31,Печенье на закваске шоколад,10.0,БЛУМ,Thursday,Печенье,Снят
2025-08-01,Печенье на закваске шоколад,0.0,БЛУМ,Friday,Печенье,Снят
2025-08-02,Печенье на закваске шоколад,0.0,БЛУМ,Saturday,Печенье,Снят
2025-08-03,Печенье на закваске шоколад,0.0,БЛУМ,Sunday,Печенье,Снят
2025-08-04,Печенье на закваске шоколад,10.0,БЛУМ,Monday,Печенье,Снят
2025-08-05,Печенье на закваске шоколад,0.0,БЛУМ,Tuesday,Печенье,Снят
2025-08-06,Печенье на закваске шоколад,0.0,БЛУМ,Wednesday,Печенье,Снят
2025-08-07,Печенье на закваске шоколад,0.0,БЛУМ,Thursday,Печенье,Снят
2025-08-08,Печенье на закваске шоколад,10.0,БЛУМ,Friday,Печенье,Снят
2025-08-09,Печенье на закваске шоколад,0.0,БЛУМ,Saturday,Печенье,Снят
2025-08-10,Печенье на закваске шоколад,0.0,БЛУМ,Sunday,Печенье,Снят
2025-08-11,Печенье на закваске шоколад,25.0,БЛУМ,Monday,Печенье,Снят
2025-08-12,Печенье на закваске шоколад,10.0,БЛУМ,Tuesday,Печенье,Снят
2025-08-13,Печенье на закваске шоколад,0.0,БЛУМ,Wednesday,Печенье,Снят
2025-08-14,Печенье на закваске шоколад,0.0,БЛУМ,Thursday,Печенье,Снят
2025-08-15,Печенье на закваске шоколад,0.0,БЛУМ,Friday,Печенье,Снят
2025-08-16,Печенье на закваске шоколад,0.0,БЛУМ,Saturday,Печенье,Снят
2025-08-17,Печенье на закваске шоколад,40.0,БЛУМ,Sunday,Печенье,Снят
2025-08-18,Печенье на закваске шоколад,0.0,БЛУМ,Monday,Печенье,Снят
2025-08-19,Печенье на закваске шоколад,0.0,БЛУМ,Tuesday,Печенье,Снят
2025-08-20,Печенье на закваске шоколад,0.0,БЛУМ,Wednesday,Печенье,Снят
2025-08-21,Печенье на закваске шоколад,0.0,БЛУМ,Thursday,Печенье,Снят
2025-08-22,Печенье на закваске шоколад,10.0,БЛУМ,Friday,Печенье,Снят
2025-08-23,Печенье на закваске шоколад,0.0,БЛУМ,Saturday,Печенье,Снят
2025-08-24,Печенье на закваске шоколад,0.0,БЛУМ,Sunday,Печенье,Снят
2025-08-25,Печенье на закваске шоколад,25.0,БЛУМ,Monday,Печенье,Снят
2025-08-26,Печенье на закваске шоколад,10.0,БЛУМ,Tuesday,Печенье,Снят
2025-08-27,Печенье на закваске шоколад,0.0,БЛУМ,Wednesday,Печенье,Снят
2025-08-28,Печенье на закваске шоколад,0.0,БЛУМ,Thursday,Печенье,Снят
2025-08-29,Печенье на закваске шоколад,10.0,БЛУМ,Friday,Печенье,Снят
2025-08-30,Печенье на закваске шоколад,0.0,БЛУМ,Saturday,Печенье,Снят
2025-08-31,Печенье на закваске шоколад,15.0,БЛУМ,Sunday,Печенье,Снят
2025-06-01,Печенье финик-пекан,0.0,БЛУМ,Sunday,Печенье,Активный
2025-06-02,Печенье финик-пекан,0.0,БЛУМ,Monday,Печенье,Активный
2025-06-03,Печенье финик-пекан,0.0,БЛУМ,Tuesday,Печенье,Активный
2025-06-04,Печенье финик-пекан,0.0,БЛУМ,Wednesday,Печенье,Активный
2025-06-05,Печенье финик-пекан,0.0,БЛУМ,Thursday,Печенье,Активный
2025-06-06,Печенье финик-пекан,0.0,БЛУМ,Friday,Печенье,Активный
2025-06-07,Печенье финик-пекан,0.0,БЛУМ,Saturday,Печенье,Активный
2025-06-08,Печенье финик-пекан,0.0,БЛУМ,Sunday,Печенье,Активный
2025-06-09,Печенье финик-пекан,0.0,БЛУМ,Monday,Печенье,Активный
2025-06-10,Печенье финик-пекан,0.0,БЛУМ,Tuesday,Печенье,Активный
2025-06-11,Печенье финик-пекан,0.0,БЛУМ,Wednesday,Печенье,Активный
2025-06-12,Печенье финик-пекан,0.0,БЛУМ,Thursday,Печенье,Активный
2025-06-13,Печенье финик-пекан,0.0,БЛУМ,Friday,Печенье,Активный
2025-06-14,Печенье финик-пекан,0.0,БЛУМ,Saturday,Печенье,Активный
2025-06-15,Печенье финик-пекан,0.0,БЛУМ,Sunday,Печенье,Активный
2025-06-16,Печенье финик-пекан,0.0,БЛУМ,Monday,Печенье,Активный
2025-06-17,Печенье финик-пекан,0.0,БЛУМ,Tuesday,Печенье,Активный
2025-06-18,Печенье финик-пекан,0.0,БЛУМ,Wednesday,Печенье,Активный
2025-06-19,Печенье финик-пекан,0.0,БЛУМ,Thursday,Печенье,Активный
2025-06-20,Печенье финик-пекан,0.0,БЛУМ,Friday,Печенье,Активный
2025-06-21,Печенье финик-пекан,0.0,БЛУМ,Saturday,Печенье,Активный
2025-06-22,Печенье финик-пекан,0.0,БЛУМ,Sunday,Печенье,Активный
2025-06-23,Печенье финик-пекан,0.0,БЛУМ,Monday,Печенье,Активный
2025-06-24,Печенье финик-пекан,0.0,БЛУМ,Tuesday,Печенье,Активный
2025-06-25,Печенье финик-пекан,0.0,БЛУМ,Wednesday,Печенье,Активный
2025-06-26,Печенье финик-пекан,0.0,БЛУМ,Thursday,Печенье,Активный
2025-06-27,Печенье финик-пекан,0.0,БЛУМ,Friday,Печенье,Активный
2025-06-28,Печенье финик-пекан,0.0,БЛУМ,Saturday,Печенье,Активный
2025-06-29,Печенье финик-пекан,0.0,БЛУМ,Sunday,Печенье,Активный
2025-06-30,Печенье финик-пекан,0.0,БЛУМ,Monday,Печенье,Активный
2025-07-01,Печенье финик-пекан,0.0,БЛУМ,Tuesday,Печенье,Активный
2025-07-02,Печенье финик-пекан,0.0,БЛУМ,Wednesday,Печенье,Активный
2025-07-03,Печенье финик-пекан,0.0,БЛУМ,Thursday,Печенье,Активный
2025-07-04,Печенье финик-пекан,0.0,БЛУМ,Friday,Печенье,Активный
2025-07-05,Печенье финик-пекан,0.0,БЛУМ,Saturday,Печенье,Активный
2025-07-06,Печенье финик-пекан,0.0,БЛУМ,Sunday,Печенье,Активный
2025-07-07,Печенье финик-пекан,0.0,БЛУМ,Monday,Печенье,Активный
2025-07-08,Печенье финик-пекан,0.0,БЛУМ,Tuesday,Печенье,Активный
2025-07-09,Печенье финик-пекан,0.0,БЛУМ,Wednesday,Печенье,Активный
2025-07-10,Печенье финик-пекан,0.0,БЛУМ,Thursday,Печенье,Активный
2025-07-11,Печенье финик-пекан,0.0,БЛУМ,Friday,Печенье,Активный
2025-07-12,Печенье финик-пекан,0.0,БЛУМ,Saturday,Печенье,Активный
2025-07-13,Печенье финик-пекан,0.0,БЛУМ,Sunday,Печенье,Активный
2025-07-14,Печенье финик-пекан,0.0,БЛУМ,Monday,Печенье,Активный
2025-07-15,Печенье финик-пекан,0.0,БЛУМ,Tuesday,Печенье,Активный
2025-07-16,Печенье финик-пекан,0.0,БЛУМ,Wednesday,Печенье,Активный
2025-07-17,Печенье финик-пекан,0.0,БЛУМ,Thursday,Печенье,Активный
2025-07-18,Печенье финик-пекан,0.0,БЛУМ,Friday,Печенье,Активный
2025-07-19,Печенье финик-пекан,0.0,БЛУМ,Saturday,Печенье,Активный
2025-07-20,Печенье финик-пекан,0.0,БЛУМ,Sunday,Печенье,Активный
2025-07-21,Печенье финик-пекан,0.0,БЛУМ,Monday,Печенье,Активный
2025-07-22,Печенье финик-пекан,0.0,БЛУМ,Tuesday,Печенье,Активный
2025-07-23,Печенье финик-пекан,0.0,БЛУМ,Wednesday,Печенье,Активный
2025-07-24,Печенье финик-пекан,0.0,БЛУМ,Thursday,Печенье,Активный
2025-07-25,Печенье финик-пекан,0.0,БЛУМ,Friday,Печенье,Активный
2025-07-26,Печенье финик-пекан,0.0,БЛУМ,Saturday,Печенье,Активный
2025-07-27,Печенье финик-пекан,0.0,БЛУМ,Sunday,Печенье,Активный
2025-07-28,Печенье финик-пекан,0.0,БЛУМ,Monday,Печенье,Активный
2025-07-29,Печенье финик-пекан,0.0,БЛУМ,Tuesday,Печенье,Активный
2025-07-30,Печенье финик-пекан,0.0,БЛУМ,Wednesday,Печенье,Активный
2025-07-31,Печенье финик-пекан,0.0,БЛУМ,Thursday,Печенье,Активный
2025-08-01,Печенье финик-пекан,0.0,БЛУМ,Friday,Печенье,Активный
2025-08-02,Печенье финик-пекан,0.0,БЛУМ,Saturday,Печенье,Активный
2025-08-03,Печенье финик-пекан,0.0,БЛУМ,Sunday,Печенье,Активный
2025-08-04,Печенье финик-пекан,0.0,БЛУМ,Monday,Печенье,Активный
2025-08-05,Печенье финик-пекан,0.0,БЛУМ,Tuesday,Печенье,Активный
2025-08-06,Печенье финик-пекан,0.0,БЛУМ,Wednesday,Печенье,Активный
2025-08-07,Печенье финик-пекан,0.0,БЛУМ,Thursday,Печенье,Активный
2025-08-08,Печенье финик-пекан,0.0,БЛУМ,Friday,Печенье,Активный
2025-08-09,Печенье финик-пекан,0.0,БЛУМ,Saturday,Печенье,Активный
2025-08-10,Печенье финик-пекан,0.0,БЛУМ,Sunday,Печенье,Активный
2025-08-11,Печенье финик-пекан,0.0,БЛУМ,Monday,Печенье,Активный
2025-08-12,Печенье финик-пекан,0.0,БЛУМ,Tuesday,Печенье,Активный
2025-08-13,Печенье финик-пекан,0.0,БЛУМ,Wednesday,Печенье,Активный
2025-08-14,Печенье финик-пекан,0.0,БЛУМ,Thursday,Печенье,Активный
2025-08-15,Печенье финик-пекан,0.0,БЛУМ,Friday,Печенье,Активный
2025-08-16,Печенье финик-пекан,0.0,БЛУМ,Saturday,Печенье,Активный
2025-08-17,Печенье финик-пекан,0.0,БЛУМ,Sunday,Печенье,Активный
2025-08-18,Печенье финик-пекан,0.0,БЛУМ,Monday,Печенье,Активный
2025-08-19,Печенье финик-пекан,0.0,БЛУМ,Tuesday,Печенье,Активный
2025-08-20,Печенье финик-пекан,0.0,БЛУМ,Wednesday,Печенье,Активный
2025-08-21,Печенье финик-пекан,0.0,БЛУМ,Thursday,Печенье,Активный
2025-08-22,Печенье финик-пекан,0.0,БЛУМ,Friday,Печенье,Активный
2025-08-23,Печенье финик-пекан,0.0,БЛУМ,Saturday,Печенье,Активный
2025-08-24,Печенье финик-пекан,0.0,БЛУМ,Sunday,Печенье,Активный
2025-08-25,Печенье финик-пекан,0.0,БЛУМ,Monday,Печенье,Активный
2025-08-26,Печенье финик-пекан,0.0,БЛУМ,Tuesday,Печенье,Активный
2025-08-27,Печенье финик-пекан,0.0,БЛУМ,Wednesday,Печенье,Активный
2025-08-28,Печенье финик-пекан,0.0,БЛУМ,Thursday,Печенье,Активный
2025-08-29,Печенье финик-пекан,0.0,БЛУМ,Friday,Печенье,Активный
2025-08-30,Печенье финик-пекан,0.0,БЛУМ,Saturday,Печенье,Активный
2025-08-31,Печенье финик-пекан,0.0,БЛУМ,Sunday,Печенье,Активный
2025-06-01,Печенье шоколадное с солью,0.0,БЛУМ,Sunday,Печенье,Активный
2025-06-02,Печенье шоколадное с солью,0.0,БЛУМ,Monday,Печенье,Активный
2025-06-03,Печенье шоколадное с солью,0.0,БЛУМ,Tuesday,Печенье,Активный
2025-06-04,Печенье шоколадное с солью,0.0,БЛУМ,Wednesday,Печенье,Активный
2025-06-05,Печенье шоколадное с солью,0.0,БЛУМ,Thursday,Печенье,Активный
2025-06-06,Печенье шоколадное с солью,0.0,БЛУМ,Friday,Печенье,Активный
2025-06-07,Печенье шоколадное с солью,0.0,БЛУМ,Saturday,Печенье,Активный
2025-06-08,Печенье шоколадное с солью,0.0,БЛУМ,Sunday,Печенье,Активный
2025-06-09,Печенье шоколадное с солью,0.0,БЛУМ,Monday,Печенье,Активный
2025-06-10,Печенье шоколадное с солью,0.0,БЛУМ,Tuesday,Печенье,Активный
2025-06-11,Печенье шоколадное с солью,0.0,БЛУМ,Wednesday,Печенье,Активный
2025-06-12,Печенье шоколадное с солью,0.0,БЛУМ,Thursday,Печенье,Активный
2025-06-13,Печенье шоколадное с солью,0.0,БЛУМ,Friday,Печенье,Активный
2025-06-14,Печенье шоколадное с солью,0.0,БЛУМ,Saturday,Печенье,Активный
2025-06-15,Печенье шоколадное с солью,0.0,БЛУМ,Sunday,Печенье,Активный
2025-06-16,Печенье шоколадное с солью,0.0,БЛУМ,Monday,Печенье,Активный
2025-06-17,Печенье шоколадное с солью,0.0,БЛУМ,Tuesday,Печенье,Активный
2025-06-18,Печенье шоколадное с солью,0.0,БЛУМ,Wednesday,Печенье,Активный
2025-06-19,Печенье шоколадное с солью,0.0,БЛУМ,Thursday,Печенье,Активный
2025-06-20,Печенье шоколадное с солью,0.0,БЛУМ,Friday,Печенье,Активный
2025-06-21,Печенье шоколадное с солью,0.0,БЛУМ,Saturday,Печенье,Активный
2025-06-22,Печенье шоколадное с солью,0.0,БЛУМ,Sunday,Печенье,Активный
2025-06-23,Печенье шоколадное с солью,0.0,БЛУМ,Monday,Печенье,Активный
2025-06-24,Печенье шоколадное с солью,0.0,БЛУМ,Tuesday,Печенье,Активный
2025-06-25,Печенье шоколадное с солью,0.0,БЛУМ,Wednesday,Печенье,Активный
2025-06-26,Печенье шоколадное с солью,0.0,БЛУМ,Thursday,Печенье,Активный
2025-06-27,Печенье шоколадное с солью,0.0,БЛУМ,Friday,Печенье,Активный
2025-06-28,Печенье шоколадное с солью,0.0,БЛУМ,Saturday,Печенье,Активный
2025-06-29,Печенье шоколадное с солью,0.0,БЛУМ,Sunday,Печенье,Активный
2025-06-30,Печенье шоколадное с солью,0.0,БЛУМ,Monday,Печенье,Активный
2025-07-01,Печенье шоколадное с солью,0.0,БЛУМ,Tuesday,Печенье,Активный
2025-07-02,Печенье шоколадное с солью,0.0,БЛУМ,Wednesday,Печенье,Активный
2025-07-03,Печенье шоколадное с солью,0.0,БЛУМ,Thursday,Печенье,Активный
2025-07-04,Печенье шоколадное с солью,0.0,БЛУМ,Friday,Печенье,Активный
2025-07-05,Печенье шоколадное с солью,0.0,БЛУМ,Saturday,Печенье,Активный
2025-07-06,Печенье шоколадное с солью,0.0,БЛУМ,Sunday,Печенье,Активный
2025-07-07,Печенье шоколадное с солью,0.0,БЛУМ,Monday,Печенье,Активный
2025-07-08,Печенье шоколадное с солью,0.0,БЛУМ,Tuesday,Печенье,Активный
2025-07-09,Печенье шоколадное с солью,0.0,БЛУМ,Wednesday,Печенье,Активный
2025-07-10,Печенье шоколадное с солью,0.0,БЛУМ,Thursday,Печенье,Активный
2025-07-11,Печенье шоколадное с солью,0.0,БЛУМ,Friday,Печенье,Активный
2025-07-12,Печенье шоколадное с солью,0.0,БЛУМ,Saturday,Печенье,Активный
2025-07-13,Печенье шоколадное с солью,0.0,БЛУМ,Sunday,Печенье,Активный
2025-07-14,Печенье шоколадное с солью,0.0,БЛУМ,Monday,Печенье,Активный
2025-07-15,Печенье шоколадное с солью,0.0,БЛУМ,Tuesday,Печенье,Активный
2025-07-16,Печенье шоколадное с солью,0.0,БЛУМ,Wednesday,Печенье,Активный
2025-07-17,Печенье шоколадное с солью,0.0,БЛУМ,Thursday,Печенье,Активный
2025-07-18,Печенье шоколадное с солью,0.0,БЛУМ,Friday,Печенье,Активный
2025-07-19,Печенье шоколадное с солью,0.0,БЛУМ,Saturday,Печенье,Активный
2025-07-20,Печенье шоколадное с солью,0.0,БЛУМ,Sunday,Печенье,Активный
2025-07-21,Печенье шоколадное с солью,0.0,БЛУМ,Monday,Печенье,Активный
2025-07-22,Печенье шоколадное с солью,0.0,БЛУМ,Tuesday,Печенье,Активный
2025-07-23,Печенье шоколадное с солью,0.0,БЛУМ,Wednesday,Печенье,Активный
2025-07-24,Печенье шоколадное с солью,0.0,БЛУМ,Thursday,Печенье,Активный
2025-07-25,Печенье шоколадное с солью,0.0,БЛУМ,Friday,Печенье,Активный
2025-07-26,Печенье шоколадное с солью,0.0,БЛУМ,Saturday,Печенье,Активный
2025-07-27,Печенье шоколадное с солью,0.0,БЛУМ,Sunday,Печенье,Активный
2025-07-28,Печенье шоколадное с солью,0.0,БЛУМ,Monday,Печенье,Активный
2025-07-29,Печенье шоколадное с солью,0.0,БЛУМ,Tuesday,Печенье,Активный
2025-07-30,Печенье шоколадное с солью,0.0,БЛУМ,Wednesday,Печенье,Активный
2025-07-31,Печенье шоколадное с солью,0.0,БЛУМ,Thursday,Печенье,Активный
2025-08-01,Печенье шоколадное с солью,0.0,БЛУМ,Friday,Печенье,Активный
2025-08-02,Печенье шоколадное с солью,0.0,БЛУМ,Saturday,Печенье,Активный
2025-08-03,Печенье шоколадное с солью,0.0,БЛУМ,Sunday,Печенье,Активный
2025-08-04,Печенье шоколадное с солью,0.0,БЛУМ,Monday,Печенье,Активный
2025-08-05,Печенье шоколадное с солью,0.0,БЛУМ,Tuesday,Печенье,Активный
2025-08-06,Печенье шоколадное с солью,0.0,БЛУМ,Wednesday,Печенье,Активный
2025-08-07,Печенье шоколадное с солью,0.0,БЛУМ,Thursday,Печенье,Активный
2025-08-08,Печенье шоколадное с солью,0.0,БЛУМ,Friday,Печенье,Активный
2025-08-09,Печенье шоколадное с солью,0.0,БЛУМ,Saturday,Печенье,Активный
2025-08-10,Печенье шоколадное с солью,0.0,БЛУМ,Sunday,Печенье,Активный
2025-08-11,Печенье шоколадное с солью,0.0,БЛУМ,Monday,Печенье,Активный
2025-08-12,Печенье шоколадное с солью,0.0,БЛУМ,Tuesday,Печенье,Активный
2025-08-13,Печенье шоколадное с солью,0.0,БЛУМ,Wednesday,Печенье,Активный
2025-08-14,Печенье шоколадное с солью,0.0,БЛУМ,Thursday,Печенье,Активный
2025-08-15,Печенье шоколадное с солью,0.0,БЛУМ,Friday,Печенье,Активный
2025-08-16,Печенье шоколадное с солью,0.0,БЛУМ,Saturday,Печенье,Активный
2025-08-17,Печенье шоколадное с солью,0.0,БЛУМ,Sunday,Печенье,Активный
2025-08-18,Печенье шоколадное с солью,0.0,БЛУМ,Monday,Печенье,Активный
2025-08-19,Печенье шоколадное с солью,0.0,БЛУМ,Tuesday,Печенье,Активный
2025-08-20,Печенье шоколадное с солью,0.0,БЛУМ,Wednesday,Печенье,Активный
2025-08-21,Печенье шоколадное с солью,0.0,БЛУМ,Thursday,Печенье,Активный
2025-08-22,Печенье шоколадное с солью,0.0,БЛУМ,Friday,Печенье,Активный
2025-08-23,Печенье шоколадное с солью,0.0,БЛУМ,Saturday,Печенье,Активный
2025-08-24,Печенье шоколадное с солью,0.0,БЛУМ,Sunday,Печенье,Активный
2025-08-25,Печенье шоколадное с солью,0.0,БЛУМ,Monday,Печенье,Активный
2025-08-26,Печенье шоколадное с солью,0.0,БЛУМ,Tuesday,Печенье,Активный
2025-08-27,Печенье шоколадное с солью,0.0,БЛУМ,Wednesday,Печенье,Активный
2025-08-28,Печенье шоколадное с солью,0.0,БЛУМ,Thursday,Печенье,Активный
2025-08-29,Печенье шоколадное с солью,0.0,БЛУМ,Friday,Печенье,Активный
2025-08-30,Печенье шоколадное с солью,0.0,БЛУМ,Saturday,Печенье,Активный
2025-08-31,Печенье шоколадное с солью,0.0,БЛУМ,Sunday,Печенье,Активный
2025-06-01,Пуддинг с корицей целый,0.0,БЛУМ,Sunday,Десерты,пф
2025-06-02,Пуддинг с корицей целый,0.0,БЛУМ,Monday,Десерты,пф
2025-06-03,Пуддинг с корицей целый,0.0,БЛУМ,Tuesday,Десерты,пф
2025-06-04,Пуддинг с корицей целый,0.0,БЛУМ,Wednesday,Десерты,пф
2025-06-05,Пуддинг с корицей целый,0.0,БЛУМ,Thursday,Десерты,пф
2025-06-06,Пуддинг с корицей целый,0.0,БЛУМ,Friday,Десерты,пф
2025-06-07,Пуддинг с корицей целый,0.0,БЛУМ,Saturday,Десерты,пф
2025-06-08,Пуддинг с корицей целый,0.0,БЛУМ,Sunday,Десерты,пф
2025-06-09,Пуддинг с корицей целый,0.0,БЛУМ,Monday,Десерты,пф
2025-06-10,Пуддинг с корицей целый,0.0,БЛУМ,Tuesday,Десерты,пф
2025-06-11,Пуддинг с корицей целый,0.0,БЛУМ,Wednesday,Десерты,пф
2025-06-12,Пуддинг с корицей целый,0.0,БЛУМ,Thursday,Десерты,пф
2025-06-13,Пуддинг с корицей целый,0.0,БЛУМ,Friday,Десерты,пф
2025-06-14,Пуддинг с корицей целый,0.0,БЛУМ,Saturday,Десерты,пф
2025-06-15,Пуддинг с корицей целый,0.0,БЛУМ,Sunday,Десерты,пф
2025-06-16,Пуддинг с корицей целый,0.0,БЛУМ,Monday,Десерты,пф
2025-06-17,Пуддинг с корицей целый,0.0,БЛУМ,Tuesday,Десерты,пф
2025-06-18,Пуддинг с корицей целый,0.0,БЛУМ,Wednesday,Десерты,пф
2025-06-19,Пуддинг с корицей целый,0.0,БЛУМ,Thursday,Десерты,пф
2025-06-20,Пуддинг с корицей целый,0.0,БЛУМ,Friday,Десерты,пф
2025-06-21,Пуддинг с корицей целый,0.0,БЛУМ,Saturday,Десерты,пф
2025-06-22,Пуддинг с корицей целый,0.0,БЛУМ,Sunday,Десерты,пф
2025-06-23,Пуддинг с корицей целый,0.0,БЛУМ,Monday,Десерты,пф
2025-06-24,Пуддинг с корицей целый,0.0,БЛУМ,Tuesday,Десерты,пф
2025-06-25,Пуддинг с корицей целый,0.0,БЛУМ,Wednesday,Десерты,пф
2025-06-26,Пуддинг с корицей целый,0.0,БЛУМ,Thursday,Десерты,пф
2025-06-27,Пуддинг с корицей целый,0.0,БЛУМ,Friday,Десерты,пф
2025-06-28,Пуддинг с корицей целый,0.0,БЛУМ,Saturday,Десерты,пф
2025-06-29,Пуддинг с корицей целый,0.0,БЛУМ,Sunday,Десерты,пф
2025-06-30,Пуддинг с корицей целый,0.0,БЛУМ,Monday,Десерты,пф
2025-07-01,Пуддинг с корицей целый,0.0,БЛУМ,Tuesday,Десерты,пф
2025-07-02,Пуддинг с корицей целый,0.0,БЛУМ,Wednesday,Десерты,пф
2025-07-03,Пуддинг с корицей целый,0.0,БЛУМ,Thursday,Десерты,пф
2025-07-04,Пуддинг с корицей целый,0.0,БЛУМ,Friday,Десерты,пф
2025-07-05,Пуддинг с корицей целый,0.0,БЛУМ,Saturday,Десерты,пф
2025-07-06,Пуддинг с корицей целый,0.0,БЛУМ,Sunday,Десерты,пф
2025-07-07,Пуддинг с корицей целый,0.0,БЛУМ,Monday,Десерты,пф
2025-07-08,Пуддинг с корицей целый,0.0,БЛУМ,Tuesday,Десерты,пф
2025-07-09,Пуддинг с корицей целый,0.0,БЛУМ,Wednesday,Десерты,пф
2025-07-10,Пуддинг с корицей целый,0.0,БЛУМ,Thursday,Десерты,пф
2025-07-11,Пуддинг с корицей целый,0.0,БЛУМ,Friday,Десерты,пф
2025-07-12,Пуддинг с корицей целый,0.0,БЛУМ,Saturday,Десерты,пф
2025-07-13,Пуддинг с корицей целый,0.0,БЛУМ,Sunday,Десерты,пф
2025-07-14,Пуддинг с корицей целый,0.0,БЛУМ,Monday,Десерты,пф
2025-07-15,Пуддинг с корицей целый,0.0,БЛУМ,Tuesday,Десерты,пф
2025-07-16,Пуддинг с корицей целый,0.0,БЛУМ,Wednesday,Десерты,пф
2025-07-17,Пуддинг с корицей целый,0.0,БЛУМ,Thursday,Десерты,пф
2025-07-18,Пуддинг с корицей целый,0.0,БЛУМ,Friday,Десерты,пф
2025-07-19,Пуддинг с корицей целый,0.0,БЛУМ,Saturday,Десерты,пф
2025-07-20,Пуддинг с корицей целый,0.0,БЛУМ,Sunday,Десерты,пф
2025-07-21,Пуддинг с корицей целый,0.0,БЛУМ,Monday,Десерты,пф
2025-07-22,Пуддинг с корицей целый,0.0,БЛУМ,Tuesday,Десерты,пф
2025-07-23,Пуддинг с корицей целый,0.0,БЛУМ,Wednesday,Десерты,пф
2025-07-24,Пуддинг с корицей целый,0.0,БЛУМ,Thursday,Десерты,пф
2025-07-25,Пуддинг с корицей целый,0.0,БЛУМ,Friday,Десерты,пф
2025-07-26,Пуддинг с корицей целый,0.0,БЛУМ,Saturday,Десерты,пф
2025-07-27,Пуддинг с корицей целый,0.0,БЛУМ,Sunday,Десерты,пф
2025-07-28,Пуддинг с корицей целый,0.0,БЛУМ,Monday,Десерты,пф
2025-07-29,Пуддинг с корицей целый,0.0,БЛУМ,Tuesday,Десерты,пф
2025-07-30,Пуддинг с корицей целый,0.0,БЛУМ,Wednesday,Десерты,пф
2025-07-31,Пуддинг с корицей целый,0.0,БЛУМ,Thursday,Десерты,пф
2025-08-01,Пуддинг с корицей целый,0.0,БЛУМ,Friday,Десерты,пф
2025-08-02,Пуддинг с корицей целый,0.0,БЛУМ,Saturday,Десерты,пф
2025-08-03,Пуддинг с корицей целый,0.0,БЛУМ,Sunday,Десерты,пф
2025-08-04,Пуддинг с корицей целый,0.0,БЛУМ,Monday,Десерты,пф
2025-08-05,Пуддинг с корицей целый,0.0,БЛУМ,Tuesday,Десерты,пф
2025-08-06,Пуддинг с корицей целый,0.0,БЛУМ,Wednesday,Десерты,пф
2025-08-07,Пуддинг с корицей целый,0.0,БЛУМ,Thursday,Десерты,пф
2025-08-08,Пуддинг с корицей целый,0.0,БЛУМ,Friday,Десерты,пф
2025-08-09,Пуддинг с корицей целый,0.0,БЛУМ,Saturday,Десерты,пф
2025-08-10,Пуддинг с корицей целый,0.0,БЛУМ,Sunday,Десерты,пф
2025-08-11,Пуддинг с корицей целый,0.0,БЛУМ,Monday,Десерты,пф
2025-08-12,Пуддинг с корицей целый,0.0,БЛУМ,Tuesday,Десерты,пф
2025-08-13,Пуддинг с корицей целый,0.0,БЛУМ,Wednesday,Десерты,пф
2025-08-14,Пуддинг с корицей целый,0.0,БЛУМ,Thursday,Десерты,пф
2025-08-15,Пуддинг с корицей целый,0.0,БЛУМ,Friday,Десерты,пф
2025-08-16,Пуддинг с корицей целый,0.0,БЛУМ,Saturday,Десерты,пф
2025-08-17,Пуддинг с корицей целый,0.0,БЛУМ,Sunday,Десерты,пф
2025-08-18,Пуддинг с корицей целый,0.0,БЛУМ,Monday,Десерты,пф
2025-08-19,Пуддинг с корицей целый,0.0,БЛУМ,Tuesday,Десерты,пф
2025-08-20,Пуддинг с корицей целый,0.0,БЛУМ,Wednesday,Десерты,пф
2025-08-21,Пуддинг с корицей целый,0.0,БЛУМ,Thursday,Десерты,пф
2025-08-22,Пуддинг с корицей целый,0.0,БЛУМ,Friday,Десерты,пф
2025-08-23,Пуддинг с корицей целый,0.0,БЛУМ,Saturday,Десерты,пф
2025-08-24,Пуддинг с корицей целый,0.0,БЛУМ,Sunday,Десерты,пф
2025-08-25,Пуддинг с корицей целый,0.0,БЛУМ,Monday,Десерты,пф
2025-08-26,Пуддинг с корицей целый,0.0,БЛУМ,Tuesday,Десерты,пф
2025-08-27,Пуддинг с корицей целый,0.0,БЛУМ,Wednesday,Десерты,пф
2025-08-28,Пуддинг с корицей целый,0.0,БЛУМ,Thursday,Десерты,пф
2025-08-29,Пуддинг с корицей целый,0.0,БЛУМ,Friday,Десерты,пф
2025-08-30,Пуддинг с корицей целый,0.0,БЛУМ,Saturday,Десерты,пф
2025-08-31,Пуддинг с корицей целый,0.0,БЛУМ,Sunday,Десерты,пф
2025-06-01,Пудинг шоколадный целый,0.0,БЛУМ,Sunday,Десерты,пф
2025-06-02,Пудинг шоколадный целый,0.0,БЛУМ,Monday,Десерты,пф
2025-06-03,Пудинг шоколадный целый,0.0,БЛУМ,Tuesday,Десерты,пф
2025-06-04,Пудинг шоколадный целый,0.0,БЛУМ,Wednesday,Десерты,пф
2025-06-05,Пудинг шоколадный целый,0.0,БЛУМ,Thursday,Десерты,пф
2025-06-06,Пудинг шоколадный целый,0.0,БЛУМ,Friday,Десерты,пф
2025-06-07,Пудинг шоколадный целый,0.0,БЛУМ,Saturday,Десерты,пф
2025-06-08,Пудинг шоколадный целый,0.0,БЛУМ,Sunday,Десерты,пф
2025-06-09,Пудинг шоколадный целый,0.0,БЛУМ,Monday,Десерты,пф
2025-06-10,Пудинг шоколадный целый,0.0,БЛУМ,Tuesday,Десерты,пф
2025-06-11,Пудинг шоколадный целый,0.0,БЛУМ,Wednesday,Десерты,пф
2025-06-12,Пудинг шоколадный целый,0.0,БЛУМ,Thursday,Десерты,пф
2025-06-13,Пудинг шоколадный целый,0.0,БЛУМ,Friday,Десерты,пф
2025-06-14,Пудинг шоколадный целый,0.0,БЛУМ,Saturday,Десерты,пф
2025-06-15,Пудинг шоколадный целый,0.0,БЛУМ,Sunday,Десерты,пф
2025-06-16,Пудинг шоколадный целый,0.0,БЛУМ,Monday,Десерты,пф
2025-06-17,Пудинг шоколадный целый,0.0,БЛУМ,Tuesday,Десерты,пф
2025-06-18,Пудинг шоколадный целый,0.0,БЛУМ,Wednesday,Десерты,пф
2025-06-19,Пудинг шоколадный целый,0.0,БЛУМ,Thursday,Десерты,пф
2025-06-20,Пудинг шоколадный целый,0.0,БЛУМ,Friday,Десерты,пф
2025-06-21,Пудинг шоколадный целый,0.0,БЛУМ,Saturday,Десерты,пф
2025-06-22,Пудинг шоколадный целый,0.0,БЛУМ,Sunday,Десерты,пф
2025-06-23,Пудинг шоколадный целый,0.0,БЛУМ,Monday,Десерты,пф
2025-06-24,Пудинг шоколадный целый,0.0,БЛУМ,Tuesday,Десерты,пф
2025-06-25,Пудинг шоколадный целый,0.0,БЛУМ,Wednesday,Десерты,пф
2025-06-26,Пудинг шоколадный целый,0.0,БЛУМ,Thursday,Десерты,пф
2025-06-27,Пудинг шоколадный целый,0.0,БЛУМ,Friday,Десерты,пф
2025-06-28,Пудинг шоколадный целый,0.0,БЛУМ,Saturday,Десерты,пф
2025-06-29,Пудинг шоколадный целый,0.0,БЛУМ,Sunday,Десерты,пф
2025-06-30,Пудинг шоколадный целый,0.0,БЛУМ,Monday,Десерты,пф
2025-07-01,Пудинг шоколадный целый,0.0,БЛУМ,Tuesday,Десерты,пф
2025-07-02,Пудинг шоколадный целый,0.0,БЛУМ,Wednesday,Десерты,пф
2025-07-03,Пудинг шоколадный целый,0.0,БЛУМ,Thursday,Десерты,пф
2025-07-04,Пудинг шоколадный целый,0.0,БЛУМ,Friday,Десерты,пф
2025-07-05,Пудинг шоколадный целый,0.0,БЛУМ,Saturday,Десерты,пф
2025-07-06,Пудинг шоколадный целый,0.0,БЛУМ,Sunday,Десерты,пф
2025-07-07,Пудинг шоколадный целый,0.0,БЛУМ,Monday,Десерты,пф
2025-07-08,Пудинг шоколадный целый,0.0,БЛУМ,Tuesday,Десерты,пф
2025-07-09,Пудинг шоколадный целый,0.0,БЛУМ,Wednesday,Десерты,пф
2025-07-10,Пудинг шоколадный целый,0.0,БЛУМ,Thursday,Десерты,пф
2025-07-11,Пудинг шоколадный целый,0.0,БЛУМ,Friday,Десерты,пф
2025-07-12,Пудинг шоколадный целый,0.0,БЛУМ,Saturday,Десерты,пф
2025-07-13,Пудинг шоколадный целый,0.0,БЛУМ,Sunday,Десерты,пф
2025-07-14,Пудинг шоколадный целый,0.0,БЛУМ,Monday,Десерты,пф
2025-07-15,Пудинг шоколадный целый,0.0,БЛУМ,Tuesday,Десерты,пф
2025-07-16,Пудинг шоколадный целый,0.0,БЛУМ,Wednesday,Десерты,пф
2025-07-17,Пудинг шоколадный целый,0.0,БЛУМ,Thursday,Десерты,пф
2025-07-18,Пудинг шоколадный целый,0.0,БЛУМ,Friday,Десерты,пф
2025-07-19,Пудинг шоколадный целый,0.0,БЛУМ,Saturday,Десерты,пф
2025-07-20,Пудинг шоколадный целый,0.0,БЛУМ,Sunday,Десерты,пф
2025-07-21,Пудинг шоколадный целый,0.0,БЛУМ,Monday,Десерты,пф
2025-07-22,Пудинг шоколадный целый,0.0,БЛУМ,Tuesday,Десерты,пф
2025-07-23,Пудинг шоколадный целый,0.0,БЛУМ,Wednesday,Десерты,пф
2025-07-24,Пудинг шоколадный целый,0.0,БЛУМ,Thursday,Десерты,пф
2025-07-25,Пудинг шоколадный целый,0.0,БЛУМ,Friday,Десерты,пф
2025-07-26,Пудинг шоколадный целый,0.0,БЛУМ,Saturday,Десерты,пф
2025-07-27,Пудинг шоколадный целый,0.0,БЛУМ,Sunday,Десерты,пф
2025-07-28,Пудинг шоколадный целый,0.0,БЛУМ,Monday,Десерты,пф
2025-07-29,Пудинг шоколадный целый,0.0,БЛУМ,Tuesday,Десерты,пф
2025-07-30,Пудинг шоколадный целый,0.0,БЛУМ,Wednesday,Десерты,пф
2025-07-31,Пудинг шоколадный целый,0.0,БЛУМ,Thursday,Десерты,пф
2025-08-01,Пудинг шоколадный целый,0.0,БЛУМ,Friday,Десерты,пф
2025-08-02,Пудинг шоколадный целый,0.0,БЛУМ,Saturday,Десерты,пф
2025-08-03,Пудинг шоколадный целый,0.0,БЛУМ,Sunday,Десерты,пф
2025-08-04,Пудинг шоколадный целый,0.0,БЛУМ,Monday,Десерты,пф
2025-08-05,Пудинг шоколадный целый,0.0,БЛУМ,Tuesday,Десерты,пф
2025-08-06,Пудинг шоколадный целый,0.0,БЛУМ,Wednesday,Десерты,пф
2025-08-07,Пудинг шоколадный целый,0.0,БЛУМ,Thursday,Десерты,пф
2025-08-08,Пудинг шоколадный целый,0.0,БЛУМ,Friday,Десерты,пф
2025-08-09,Пудинг шоколадный целый,0.0,БЛУМ,Saturday,Десерты,пф
2025-08-10,Пудинг шоколадный целый,0.0,БЛУМ,Sunday,Десерты,пф
2025-08-11,Пудинг шоколадный целый,0.0,БЛУМ,Monday,Десерты,пф
2025-08-12,Пудинг шоколадный целый,0.0,БЛУМ,Tuesday,Десерты,пф
2025-08-13,Пудинг шоколадный целый,0.0,БЛУМ,Wednesday,Десерты,пф
2025-08-14,Пудинг шоколадный целый,0.0,БЛУМ,Thursday,Десерты,пф
2025-08-15,Пудинг шоколадный целый,0.0,БЛУМ,Friday,Десерты,пф
2025-08-16,Пудинг шоколадный целый,0.0,БЛУМ,Saturday,Десерты,пф
2025-08-17,Пудинг шоколадный целый,0.0,БЛУМ,Sunday,Десерты,пф
2025-08-18,Пудинг шоколадный целый,0.0,БЛУМ,Monday,Десерты,пф
2025-08-19,Пудинг шоколадный целый,0.0,БЛУМ,Tuesday,Десерты,пф
2025-08-20,Пудинг шоколадный целый,0.0,БЛУМ,Wednesday,Десерты,пф
2025-08-21,Пудинг шоколадный целый,0.0,БЛУМ,Thursday,Десерты,пф
2025-08-22,Пудинг шоколадный целый,0.0,БЛУМ,Friday,Десерты,пф
2025-08-23,Пудинг шоколадный целый,0.0,БЛУМ,Saturday,Десерты,пф
2025-08-24,Пудинг шоколадный целый,0.0,БЛУМ,Sunday,Десерты,пф
2025-08-25,Пудинг шоколадный целый,0.0,БЛУМ,Monday,Десерты,пф
2025-08-26,Пудинг шоколадный целый,0.0,БЛУМ,Tuesday,Десерты,пф
2025-08-27,Пудинг шоколадный целый,0.0,БЛУМ,Wednesday,Десерты,пф
2025-08-28,Пудинг шоколадный целый,0.0,БЛУМ,Thursday,Десерты,пф
2025-08-29,Пудинг шоколадный целый,0.0,БЛУМ,Friday,Десерты,пф
2025-08-30,Пудинг шоколадный целый,0.0,БЛУМ,Saturday,Десерты,пф
2025-08-31,Пудинг шоколадный целый,0.0,БЛУМ,Sunday,Десерты,пф
2025-06-01,"Пшеничный 1,5",1.0,БЛУМ,Sunday,Хлеб,Снят
2025-06-02,"Пшеничный 1,5",0.0,БЛУМ,Monday,Хлеб,Снят
2025-06-03,"Пшеничный 1,5",1.0,БЛУМ,Tuesday,Хлеб,Снят
2025-06-04,"Пшеничный 1,5",0.0,БЛУМ,Wednesday,Хлеб,Снят
2025-06-05,"Пшеничный 1,5",0.0,БЛУМ,Thursday,Хлеб,Снят
2025-06-06,"Пшеничный 1,5",0.0,БЛУМ,Friday,Хлеб,Снят
2025-06-07,"Пшеничный 1,5",0.0,БЛУМ,Saturday,Хлеб,Снят
2025-06-08,"Пшеничный 1,5",1.0,БЛУМ,Sunday,Хлеб,Снят
2025-06-09,"Пшеничный 1,5",0.0,БЛУМ,Monday,Хлеб,Снят
2025-06-10,"Пшеничный 1,5",0.0,БЛУМ,Tuesday,Хлеб,Снят
2025-06-11,"Пшеничный 1,5",0.0,БЛУМ,Wednesday,Хлеб,Снят
2025-06-12,"Пшеничный 1,5",0.0,БЛУМ,Thursday,Хлеб,Снят
2025-06-13,"Пшеничный 1,5",0.0,БЛУМ,Friday,Хлеб,Снят
2025-06-14,"Пшеничный 1,5",0.0,БЛУМ,Saturday,Хлеб,Снят
2025-06-15,"Пшеничный 1,5",0.0,БЛУМ,Sunday,Хлеб,Снят
2025-06-16,"Пшеничный 1,5",0.0,БЛУМ,Monday,Хлеб,Снят
2025-06-17,"Пшеничный 1,5",0.0,БЛУМ,Tuesday,Хлеб,Снят
2025-06-18,"Пшеничный 1,5",0.0,БЛУМ,Wednesday,Хлеб,Снят
2025-06-19,"Пшеничный 1,5",0.0,БЛУМ,Thursday,Хлеб,Снят
2025-06-20,"Пшеничный 1,5",0.0,БЛУМ,Friday,Хлеб,Снят
2025-06-21,"Пшеничный 1,5",0.0,БЛУМ,Saturday,Хлеб,Снят
2025-06-22,"Пшеничный 1,5",0.0,БЛУМ,Sunday,Хлеб,Снят
2025-06-23,"Пшеничный 1,5",0.0,БЛУМ,Monday,Хлеб,Снят
2025-06-24,"Пшеничный 1,5",0.0,БЛУМ,Tuesday,Хлеб,Снят
2025-06-25,"Пшеничный 1,5",0.0,БЛУМ,Wednesday,Хлеб,Снят
2025-06-26,"Пшеничный 1,5",0.0,БЛУМ,Thursday,Хлеб,Снят
2025-06-27,"Пшеничный 1,5",0.0,БЛУМ,Friday,Хлеб,Снят
2025-06-28,"Пшеничный 1,5",0.0,БЛУМ,Saturday,Хлеб,Снят
2025-06-29,"Пшеничный 1,5",0.0,БЛУМ,Sunday,Хлеб,Снят
2025-06-30,"Пшеничный 1,5",0.0,БЛУМ,Monday,Хлеб,Снят
2025-07-01,"Пшеничный 1,5",0.0,БЛУМ,Tuesday,Хлеб,Снят
2025-07-02,"Пшеничный 1,5",0.0,БЛУМ,Wednesday,Хлеб,Снят
2025-07-03,"Пшеничный 1,5",0.0,БЛУМ,Thursday,Хлеб,Снят
2025-07-04,"Пшеничный 1,5",0.0,БЛУМ,Friday,Хлеб,Снят
2025-07-05,"Пшеничный 1,5",0.0,БЛУМ,Saturday,Хлеб,Снят
2025-07-06,"Пшеничный 1,5",0.0,БЛУМ,Sunday,Хлеб,Снят
2025-07-07,"Пшеничный 1,5",0.0,БЛУМ,Monday,Хлеб,Снят
2025-07-08,"Пшеничный 1,5",0.0,БЛУМ,Tuesday,Хлеб,Снят
2025-07-09,"Пшеничный 1,5",0.0,БЛУМ,Wednesday,Хлеб,Снят
2025-07-10,"Пшеничный 1,5",0.0,БЛУМ,Thursday,Хлеб,Снят
2025-07-11,"Пшеничный 1,5",0.0,БЛУМ,Friday,Хлеб,Снят
2025-07-12,"Пшеничный 1,5",0.0,БЛУМ,Saturday,Хлеб,Снят
2025-07-13,"Пшеничный 1,5",0.0,БЛУМ,Sunday,Хлеб,Снят
2025-07-14,"Пшеничный 1,5",0.0,БЛУМ,Monday,Хлеб,Снят
2025-07-15,"Пшеничный 1,5",0.0,БЛУМ,Tuesday,Хлеб,Снят
2025-07-16,"Пшеничный 1,5",0.0,БЛУМ,Wednesday,Хлеб,Снят
2025-07-17,"Пшеничный 1,5",0.0,БЛУМ,Thursday,Хлеб,Снят
2025-07-18,"Пшеничный 1,5",0.0,БЛУМ,Friday,Хлеб,Снят
2025-07-19,"Пшеничный 1,5",0.0,БЛУМ,Saturday,Хлеб,Снят
2025-07-20,"Пшеничный 1,5",0.0,БЛУМ,Sunday,Хлеб,Снят
2025-07-21,"Пшеничный 1,5",0.0,БЛУМ,Monday,Хлеб,Снят
2025-07-22,"Пшеничный 1,5",0.0,БЛУМ,Tuesday,Хлеб,Снят
2025-07-23,"Пшеничный 1,5",0.0,БЛУМ,Wednesday,Хлеб,Снят
2025-07-24,"Пшеничный 1,5",0.0,БЛУМ,Thursday,Хлеб,Снят
2025-07-25,"Пшеничный 1,5",0.0,БЛУМ,Friday,Хлеб,Снят
2025-07-26,"Пшеничный 1,5",0.0,БЛУМ,Saturday,Хлеб,Снят
2025-07-27,"Пшеничный 1,5",0.0,БЛУМ,Sunday,Хлеб,Снят
2025-07-28,"Пшеничный 1,5",0.0,БЛУМ,Monday,Хлеб,Снят
2025-07-29,"Пшеничный 1,5",0.0,БЛУМ,Tuesday,Хлеб,Снят
2025-07-30,"Пшеничный 1,5",0.0,БЛУМ,Wednesday,Хлеб,Снят
2025-07-31,"Пшеничный 1,5",0.0,БЛУМ,Thursday,Хлеб,Снят
2025-08-01,"Пшеничный 1,5",0.0,БЛУМ,Friday,Хлеб,Снят
2025-08-02,"Пшеничный 1,5",0.0,БЛУМ,Saturday,Хлеб,Снят
2025-08-03,"Пшеничный 1,5",0.0,БЛУМ,Sunday,Хлеб,Снят
2025-08-04,"Пшеничный 1,5",0.0,БЛУМ,Monday,Хлеб,Снят
2025-08-05,"Пшеничный 1,5",0.0,БЛУМ,Tuesday,Хлеб,Снят
2025-08-06,"Пшеничный 1,5",0.0,БЛУМ,Wednesday,Хлеб,Снят
2025-08-07,"Пшеничный 1,5",0.0,БЛУМ,Thursday,Хлеб,Снят
2025-08-08,"Пшеничный 1,5",0.0,БЛУМ,Friday,Хлеб,Снят
2025-08-09,"Пшеничный 1,5",0.0,БЛУМ,Saturday,Хлеб,Снят
2025-08-10,"Пшеничный 1,5",0.0,БЛУМ,Sunday,Хлеб,Снят
2025-08-11,"Пшеничный 1,5",0.0,БЛУМ,Monday,Хлеб,Снят
2025-08-12,"Пшеничный 1,5",0.0,БЛУМ,Tuesday,Хлеб,Снят
2025-08-13,"Пшеничный 1,5",0.0,БЛУМ,Wednesday,Хлеб,Снят
2025-08-14,"Пшеничный 1,5",0.0,БЛУМ,Thursday,Хлеб,Снят
2025-08-15,"Пшеничный 1,5",0.0,БЛУМ,Friday,Хлеб,Снят
2025-08-16,"Пшеничный 1,5",0.0,БЛУМ,Saturday,Хлеб,Снят
2025-08-17,"Пшеничный 1,5",0.0,БЛУМ,Sunday,Хлеб,Снят
2025-08-18,"Пшеничный 1,5",0.0,БЛУМ,Monday,Хлеб,Снят
2025-08-19,"Пшеничный 1,5",0.0,БЛУМ,Tuesday,Хлеб,Снят
2025-08-20,"Пшеничный 1,5",0.0,БЛУМ,Wednesday,Хлеб,Снят
2025-08-21,"Пшеничный 1,5",0.0,БЛУМ,Thursday,Хлеб,Снят
2025-08-22,"Пшеничный 1,5",0.0,БЛУМ,Friday,Хлеб,Снят
2025-08-23,"Пшеничный 1,5",0.0,БЛУМ,Saturday,Хлеб,Снят
2025-08-24,"Пшеничный 1,5",0.0,БЛУМ,Sunday,Хлеб,Снят
2025-08-25,"Пшеничный 1,5",0.0,БЛУМ,Monday,Хлеб,Снят
2025-08-26,"Пшеничный 1,5",0.0,БЛУМ,Tuesday,Хлеб,Снят
2025-08-27,"Пшеничный 1,5",0.0,БЛУМ,Wednesday,Хлеб,Снят
2025-08-28,"Пшеничный 1,5",0.0,БЛУМ,Thursday,Хлеб,Снят
2025-08-29,"Пшеничный 1,5",0.0,БЛУМ,Friday,Хлеб,Снят
2025-08-30,"Пшеничный 1,5",1.0,БЛУМ,Saturday,Хлеб,Снят
2025-08-31,"Пшеничный 1,5",0.0,БЛУМ,Sunday,Хлеб,Снят
2025-06-01,"Тартин 0,75",2.0,БЛУМ,Sunday,Хлеб,Активный
2025-06-02,"Тартин 0,75",0.0,БЛУМ,Monday,Хлеб,Активный
2025-06-03,"Тартин 0,75",0.0,БЛУМ,Tuesday,Хлеб,Активный
2025-06-04,"Тартин 0,75",0.0,БЛУМ,Wednesday,Хлеб,Активный
2025-06-05,"Тартин 0,75",0.0,БЛУМ,Thursday,Хлеб,Активный
2025-06-06,"Тартин 0,75",0.0,БЛУМ,Friday,Хлеб,Активный
2025-06-07,"Тартин 0,75",0.0,БЛУМ,Saturday,Хлеб,Активный
2025-06-08,"Тартин 0,75",2.0,БЛУМ,Sunday,Хлеб,Активный
2025-06-09,"Тартин 0,75",0.0,БЛУМ,Monday,Хлеб,Активный
2025-06-10,"Тартин 0,75",1.0,БЛУМ,Tuesday,Хлеб,Активный
2025-06-11,"Тартин 0,75",0.0,БЛУМ,Wednesday,Хлеб,Активный
2025-06-12,"Тартин 0,75",2.0,БЛУМ,Thursday,Хлеб,Активный
2025-06-13,"Тартин 0,75",1.0,БЛУМ,Friday,Хлеб,Активный
2025-06-14,"Тартин 0,75",1.0,БЛУМ,Saturday,Хлеб,Активный
2025-06-15,"Тартин 0,75",1.0,БЛУМ,Sunday,Хлеб,Активный
2025-06-16,"Тартин 0,75",1.0,БЛУМ,Monday,Хлеб,Активный
2025-06-17,"Тартин 0,75",0.0,БЛУМ,Tuesday,Хлеб,Активный
2025-06-18,"Тартин 0,75",0.0,БЛУМ,Wednesday,Хлеб,Активный
2025-06-19,"Тартин 0,75",0.0,БЛУМ,Thursday,Хлеб,Активный
2025-06-20,"Тартин 0,75",2.0,БЛУМ,Friday,Хлеб,Активный
2025-06-21,"Тартин 0,75",0.0,БЛУМ,Saturday,Хлеб,Активный
2025-06-22,"Тартин 0,75",1.0,БЛУМ,Sunday,Хлеб,Активный
2025-06-23,"Тартин 0,75",0.0,БЛУМ,Monday,Хлеб,Активный
2025-06-24,"Тартин 0,75",1.0,БЛУМ,Tuesday,Хлеб,Активный
2025-06-25,"Тартин 0,75",1.0,БЛУМ,Wednesday,Хлеб,Активный
2025-06-26,"Тартин 0,75",0.0,БЛУМ,Thursday,Хлеб,Активный
2025-06-27,"Тартин 0,75",1.0,БЛУМ,Friday,Хлеб,Активный
2025-06-28,"Тартин 0,75",2.0,БЛУМ,Saturday,Хлеб,Активный
2025-06-29,"Тартин 0,75",2.0,БЛУМ,Sunday,Хлеб,Активный
2025-06-30,"Тартин 0,75",0.0,БЛУМ,Monday,Хлеб,Активный
2025-07-01,"Тартин 0,75",0.0,БЛУМ,Tuesday,Хлеб,Активный
2025-07-02,"Тартин 0,75",0.0,БЛУМ,Wednesday,Хлеб,Активный
2025-07-03,"Тартин 0,75",2.0,БЛУМ,Thursday,Хлеб,Активный
2025-07-04,"Тартин 0,75",0.0,БЛУМ,Friday,Хлеб,Активный
2025-07-05,"Тартин 0,75",2.0,БЛУМ,Saturday,Хлеб,Активный
2025-07-06,"Тартин 0,75",0.0,БЛУМ,Sunday,Хлеб,Активный
2025-07-07,"Тартин 0,75",0.0,БЛУМ,Monday,Хлеб,Активный
2025-07-08,"Тартин 0,75",0.0,БЛУМ,Tuesday,Хлеб,Активный
2025-07-09,"Тартин 0,75",0.0,БЛУМ,Wednesday,Хлеб,Активный
2025-07-10,"Тартин 0,75",0.0,БЛУМ,Thursday,Хлеб,Активный
2025-07-11,"Тартин 0,75",0.0,БЛУМ,Friday,Хлеб,Активный
2025-07-12,"Тартин 0,75",0.0,БЛУМ,Saturday,Хлеб,Активный
2025-07-13,"Тартин 0,75",0.0,БЛУМ,Sunday,Хлеб,Активный
2025-07-14,"Тартин 0,75",0.0,БЛУМ,Monday,Хлеб,Активный
2025-07-15,"Тартин 0,75",0.0,БЛУМ,Tuesday,Хлеб,Активный
2025-07-16,"Тартин 0,75",0.0,БЛУМ,Wednesday,Хлеб,Активный
2025-07-17,"Тартин 0,75",2.0,БЛУМ,Thursday,Хлеб,Активный
2025-07-18,"Тартин 0,75",1.0,БЛУМ,Friday,Хлеб,Активный
2025-07-19,"Тартин 0,75",0.0,БЛУМ,Saturday,Хлеб,Активный
2025-07-20,"Тартин 0,75",0.0,БЛУМ,Sunday,Хлеб,Активный
2025-07-21,"Тартин 0,75",1.0,БЛУМ,Monday,Хлеб,Активный
2025-07-22,"Тартин 0,75",0.0,БЛУМ,Tuesday,Хлеб,Активный
2025-07-23,"Тартин 0,75",0.0,БЛУМ,Wednesday,Хлеб,Активный
2025-07-24,"Тартин 0,75",3.0,БЛУМ,Thursday,Хлеб,Активный
2025-07-25,"Тартин 0,75",0.0,БЛУМ,Friday,Хлеб,Активный
2025-07-26,"Тартин 0,75",1.0,БЛУМ,Saturday,Хлеб,Активный
2025-07-27,"Тартин 0,75",0.0,БЛУМ,Sunday,Хлеб,Активный
2025-07-28,"Тартин 0,75",0.0,БЛУМ,Monday,Хлеб,Активный
2025-07-29,"Тартин 0,75",0.0,БЛУМ,Tuesday,Хлеб,Активный
2025-07-30,"Тартин 0,75",0.0,БЛУМ,Wednesday,Хлеб,Активный
2025-07-31,"Тартин 0,75",0.0,БЛУМ,Thursday,Хлеб,Активный
2025-08-01,"Тартин 0,75",2.0,БЛУМ,Friday,Хлеб,Активный
2025-08-02,"Тартин 0,75",0.0,БЛУМ,Saturday,Хлеб,Активный
2025-08-03,"Тартин 0,75",0.0,БЛУМ,Sunday,Хлеб,Активный
2025-08-04,"Тартин 0,75",1.0,БЛУМ,Monday,Хлеб,Активный
2025-08-05,"Тартин 0,75",0.0,БЛУМ,Tuesday,Хлеб,Активный
2025-08-06,"Тартин 0,75",0.0,БЛУМ,Wednesday,Хлеб,Активный
2025-08-07,"Тартин 0,75",0.0,БЛУМ,Thursday,Хлеб,Активный
2025-08-08,"Тартин 0,75",0.0,БЛУМ,Friday,Хлеб,Активный
2025-08-09,"Тартин 0,75",0.0,БЛУМ,Saturday,Хлеб,Активный
2025-08-10,"Тартин 0,75",0.0,БЛУМ,Sunday,Хлеб,Активный
2025-08-11,"Тартин 0,75",2.0,БЛУМ,Monday,Хлеб,Активный
2025-08-12,"Тартин 0,75",1.0,БЛУМ,Tuesday,Хлеб,Активный
2025-08-13,"Тартин 0,75",1.0,БЛУМ,Wednesday,Хлеб,Активный
2025-08-14,"Тартин 0,75",0.0,БЛУМ,Thursday,Хлеб,Активный
2025-08-15,"Тартин 0,75",0.0,БЛУМ,Friday,Хлеб,Активный
2025-08-16,"Тартин 0,75",2.0,БЛУМ,Saturday,Хлеб,Активный
2025-08-17,"Тартин 0,75",1.0,БЛУМ,Sunday,Хлеб,Активный
2025-08-18,"Тартин 0,75",0.0,БЛУМ,Monday,Хлеб,Активный
2025-08-19,"Тартин 0,75",0.0,БЛУМ,Tuesday,Хлеб,Активный
2025-08-20,"Тартин 0,75",0.0,БЛУМ,Wednesday,Хлеб,Активный
2025-08-21,"Тартин 0,75",2.0,БЛУМ,Thursday,Хлеб,Активный
2025-08-22,"Тартин 0,75",1.0,БЛУМ,Friday,Хлеб,Активный
2025-08-23,"Тартин 0,75",1.0,БЛУМ,Saturday,Хлеб,Активный
2025-08-24,"Тартин 0,75",0.0,БЛУМ,Sunday,Хлеб,Активный
2025-08-25,"Тартин 0,75",0.0,БЛУМ,Monday,Хлеб,Активный
2025-08-26,"Тартин 0,75",0.0,БЛУМ,Tuesday,Хлеб,Активный
2025-08-27,"Тартин 0,75",0.0,БЛУМ,Wednesday,Хлеб,Активный
2025-08-28,"Тартин 0,75",1.0,БЛУМ,Thursday,Хлеб,Активный
2025-08-29,"Тартин 0,75",0.0,БЛУМ,Friday,Хлеб,Активный
2025-08-30,"Тартин 0,75",1.0,БЛУМ,Saturday,Хлеб,Активный
2025-08-31,"Тартин 0,75",0.0,БЛУМ,Sunday,Хлеб,Активный
2025-06-01,Фокачча 400х600,0.0,БЛУМ,Sunday,Хлеб,пф
2025-06-02,Фокачча 400х600,0.0,БЛУМ,Monday,Хлеб,пф
2025-06-03,Фокачча 400х600,0.0,БЛУМ,Tuesday,Хлеб,пф
2025-06-04,Фокачча 400х600,0.0,БЛУМ,Wednesday,Хлеб,пф
2025-06-05,Фокачча 400х600,0.0,БЛУМ,Thursday,Хлеб,пф
2025-06-06,Фокачча 400х600,0.0,БЛУМ,Friday,Хлеб,пф
2025-06-07,Фокачча 400х600,0.0,БЛУМ,Saturday,Хлеб,пф
2025-06-08,Фокачча 400х600,0.0,БЛУМ,Sunday,Хлеб,пф
2025-06-09,Фокачча 400х600,0.0,БЛУМ,Monday,Хлеб,пф
2025-06-10,Фокачча 400х600,0.0,БЛУМ,Tuesday,Хлеб,пф
2025-06-11,Фокачча 400х600,0.0,БЛУМ,Wednesday,Хлеб,пф
2025-06-12,Фокачча 400х600,0.0,БЛУМ,Thursday,Хлеб,пф
2025-06-13,Фокачча 400х600,0.0,БЛУМ,Friday,Хлеб,пф
2025-06-14,Фокачча 400х600,0.0,БЛУМ,Saturday,Хлеб,пф
2025-06-15,Фокачча 400х600,0.0,БЛУМ,Sunday,Хлеб,пф
2025-06-16,Фокачча 400х600,0.0,БЛУМ,Monday,Хлеб,пф
2025-06-17,Фокачча 400х600,0.0,БЛУМ,Tuesday,Хлеб,пф
2025-06-18,Фокачча 400х600,0.0,БЛУМ,Wednesday,Хлеб,пф
2025-06-19,Фокачча 400х600,0.0,БЛУМ,Thursday,Хлеб,пф
2025-06-20,Фокачча 400х600,0.0,БЛУМ,Friday,Хлеб,пф
2025-06-21,Фокачча 400х600,0.0,БЛУМ,Saturday,Хлеб,пф
2025-06-22,Фокачча 400х600,0.0,БЛУМ,Sunday,Хлеб,пф
2025-06-23,Фокачча 400х600,0.0,БЛУМ,Monday,Хлеб,пф
2025-06-24,Фокачча 400х600,0.0,БЛУМ,Tuesday,Хлеб,пф
2025-06-25,Фокачча 400х600,0.0,БЛУМ,Wednesday,Хлеб,пф
2025-06-26,Фокачча 400х600,0.0,БЛУМ,Thursday,Хлеб,пф
2025-06-27,Фокачча 400х600,0.0,БЛУМ,Friday,Хлеб,пф
2025-06-28,Фокачча 400х600,0.0,БЛУМ,Saturday,Хлеб,пф
2025-06-29,Фокачча 400х600,0.0,БЛУМ,Sunday,Хлеб,пф
2025-06-30,Фокачча 400х600,0.0,БЛУМ,Monday,Хлеб,пф
2025-07-01,Фокачча 400х600,0.0,БЛУМ,Tuesday,Хлеб,пф
2025-07-02,Фокачча 400х600,0.0,БЛУМ,Wednesday,Хлеб,пф
2025-07-03,Фокачча 400х600,0.0,БЛУМ,Thursday,Хлеб,пф
2025-07-04,Фокачча 400х600,0.0,БЛУМ,Friday,Хлеб,пф
2025-07-05,Фокачча 400х600,0.0,БЛУМ,Saturday,Хлеб,пф
2025-07-06,Фокачча 400х600,0.0,БЛУМ,Sunday,Хлеб,пф
2025-07-07,Фокачча 400х600,0.0,БЛУМ,Monday,Хлеб,пф
2025-07-08,Фокачча 400х600,0.0,БЛУМ,Tuesday,Хлеб,пф
2025-07-09,Фокачча 400х600,0.0,БЛУМ,Wednesday,Хлеб,пф
2025-07-10,Фокачча 400х600,0.0,БЛУМ,Thursday,Хлеб,пф
2025-07-11,Фокачча 400х600,0.0,БЛУМ,Friday,Хлеб,пф
2025-07-12,Фокачча 400х600,0.0,БЛУМ,Saturday,Хлеб,пф
2025-07-13,Фокачча 400х600,0.0,БЛУМ,Sunday,Хлеб,пф
2025-07-14,Фокачча 400х600,0.0,БЛУМ,Monday,Хлеб,пф
2025-07-15,Фокачча 400х600,0.0,БЛУМ,Tuesday,Хлеб,пф
2025-07-16,Фокачча 400х600,0.0,БЛУМ,Wednesday,Хлеб,пф
2025-07-17,Фокачча 400х600,0.0,БЛУМ,Thursday,Хлеб,пф
2025-07-18,Фокачча 400х600,0.0,БЛУМ,Friday,Хлеб,пф
2025-07-19,Фокачча 400х600,0.0,БЛУМ,Saturday,Хлеб,пф
2025-07-20,Фокачча 400х600,0.0,БЛУМ,Sunday,Хлеб,пф
2025-07-21,Фокачча 400х600,0.0,БЛУМ,Monday,Хлеб,пф
2025-07-22,Фокачча 400х600,0.0,БЛУМ,Tuesday,Хлеб,пф
2025-07-23,Фокачча 400х600,0.0,БЛУМ,Wednesday,Хлеб,пф
2025-07-24,Фокачча 400х600,0.0,БЛУМ,Thursday,Хлеб,пф
2025-07-25,Фокачча 400х600,0.0,БЛУМ,Friday,Хлеб,пф
2025-07-26,Фокачча 400х600,0.0,БЛУМ,Saturday,Хлеб,пф
2025-07-27,Фокачча 400х600,0.0,БЛУМ,Sunday,Хлеб,пф
2025-07-28,Фокачча 400х600,0.0,БЛУМ,Monday,Хлеб,пф
2025-07-29,Фокачча 400х600,0.0,БЛУМ,Tuesday,Хлеб,пф
2025-07-30,Фокачча 400х600,0.0,БЛУМ,Wednesday,Хлеб,пф
2025-07-31,Фокачча 400х600,0.0,БЛУМ,Thursday,Хлеб,пф
2025-08-01,Фокачча 400х600,0.0,БЛУМ,Friday,Хлеб,пф
2025-08-02,Фокачча 400х600,0.0,БЛУМ,Saturday,Хлеб,пф
2025-08-03,Фокачча 400х600,0.0,БЛУМ,Sunday,Хлеб,пф
2025-08-04,Фокачча 400х600,0.0,БЛУМ,Monday,Хлеб,пф
2025-08-05,Фокачча 400х600,0.0,БЛУМ,Tuesday,Хлеб,пф
2025-08-06,Фокачча 400х600,0.0,БЛУМ,Wednesday,Хлеб,пф
2025-08-07,Фокачча 400х600,0.0,БЛУМ,Thursday,Хлеб,пф
2025-08-08,Фокачча 400х600,0.0,БЛУМ,Friday,Хлеб,пф
2025-08-09,Фокачча 400х600,0.0,БЛУМ,Saturday,Хлеб,пф
2025-08-10,Фокачча 400х600,0.0,БЛУМ,Sunday,Хлеб,пф
2025-08-11,Фокачча 400х600,0.0,БЛУМ,Monday,Хлеб,пф
2025-08-12,Фокачча 400х600,0.0,БЛУМ,Tuesday,Хлеб,пф
2025-08-13,Фокачча 400х600,0.0,БЛУМ,Wednesday,Хлеб,пф
2025-08-14,Фокачча 400х600,0.0,БЛУМ,Thursday,Хлеб,пф
2025-08-15,Фокачча 400х600,0.0,БЛУМ,Friday,Хлеб,пф
2025-08-16,Фокачча 400х600,0.0,БЛУМ,Saturday,Хлеб,пф
2025-08-17,Фокачча 400х600,0.0,БЛУМ,Sunday,Хлеб,пф
2025-08-18,Фокачча 400х600,0.0,БЛУМ,Monday,Хлеб,пф
2025-08-19,Фокачча 400х600,0.0,БЛУМ,Tuesday,Хлеб,пф
2025-08-20,Фокачча 400х600,0.0,БЛУМ,Wednesday,Хлеб,пф
2025-08-21,Фокачча 400х600,0.0,БЛУМ,Thursday,Хлеб,пф
2025-08-22,Фокачча 400х600,0.0,БЛУМ,Friday,Хлеб,пф
2025-08-23,Фокачча 400х600,0.0,БЛУМ,Saturday,Хлеб,пф
2025-08-24,Фокачча 400х600,0.0,БЛУМ,Sunday,Хлеб,пф
2025-08-25,Фокачча 400х600,0.0,БЛУМ,Monday,Хлеб,пф
2025-08-26,Фокачча 400х600,0.0,БЛУМ,Tuesday,Хлеб,пф
2025-08-27,Фокачча 400х600,0.0,БЛУМ,Wednesday,Хлеб,пф
2025-08-28,Фокачча 400х600,0.0,БЛУМ,Thursday,Хлеб,пф
2025-08-29,Фокачча 400х600,0.0,БЛУМ,Friday,Хлеб,пф
2025-08-30,Фокачча 400х600,0.0,БЛУМ,Saturday,Хлеб,пф
2025-08-31,Фокачча 400х600,0.0,БЛУМ,Sunday,Хлеб,пф
2025-06-01,Фокачча GN 2/3,0.0,БЛУМ,Sunday,Хлеб,Снят
2025-06-02,Фокачча GN 2/3,0.0,БЛУМ,Monday,Хлеб,Снят
2025-06-03,Фокачча GN 2/3,0.0,БЛУМ,Tuesday,Хлеб,Снят
2025-06-04,Фокачча GN 2/3,0.0,БЛУМ,Wednesday,Хлеб,Снят
2025-06-05,Фокачча GN 2/3,0.0,БЛУМ,Thursday,Хлеб,Снят
2025-06-06,Фокачча GN 2/3,0.0,БЛУМ,Friday,Хлеб,Снят
2025-06-07,Фокачча GN 2/3,0.0,БЛУМ,Saturday,Хлеб,Снят
2025-06-08,Фокачча GN 2/3,0.0,БЛУМ,Sunday,Хлеб,Снят
2025-06-09,Фокачча GN 2/3,0.0,БЛУМ,Monday,Хлеб,Снят
2025-06-10,Фокачча GN 2/3,0.0,БЛУМ,Tuesday,Хлеб,Снят
2025-06-11,Фокачча GN 2/3,0.0,БЛУМ,Wednesday,Хлеб,Снят
2025-06-12,Фокачча GN 2/3,0.0,БЛУМ,Thursday,Хлеб,Снят
2025-06-13,Фокачча GN 2/3,0.0,БЛУМ,Friday,Хлеб,Снят
2025-06-14,Фокачча GN 2/3,0.0,БЛУМ,Saturday,Хлеб,Снят
2025-06-15,Фокачча GN 2/3,0.0,БЛУМ,Sunday,Хлеб,Снят
2025-06-16,Фокачча GN 2/3,0.0,БЛУМ,Monday,Хлеб,Снят
2025-06-17,Фокачча GN 2/3,0.0,БЛУМ,Tuesday,Хлеб,Снят
2025-06-18,Фокачча GN 2/3,0.0,БЛУМ,Wednesday,Хлеб,Снят
2025-06-19,Фокачча GN 2/3,0.0,БЛУМ,Thursday,Хлеб,Снят
2025-06-20,Фокачча GN 2/3,0.0,БЛУМ,Friday,Хлеб,Снят
2025-06-21,Фокачча GN 2/3,0.0,БЛУМ,Saturday,Хлеб,Снят
2025-06-22,Фокачча GN 2/3,0.0,БЛУМ,Sunday,Хлеб,Снят
2025-06-23,Фокачча GN 2/3,0.0,БЛУМ,Monday,Хлеб,Снят
2025-06-24,Фокачча GN 2/3,0.0,БЛУМ,Tuesday,Хлеб,Снят
2025-06-25,Фокачча GN 2/3,0.0,БЛУМ,Wednesday,Хлеб,Снят
2025-06-26,Фокачча GN 2/3,0.0,БЛУМ,Thursday,Хлеб,Снят
2025-06-27,Фокачча GN 2/3,0.0,БЛУМ,Friday,Хлеб,Снят
2025-06-28,Фокачча GN 2/3,0.0,БЛУМ,Saturday,Хлеб,Снят
2025-06-29,Фокачча GN 2/3,0.0,БЛУМ,Sunday,Хлеб,Снят
2025-06-30,Фокачча GN 2/3,0.0,БЛУМ,Monday,Хлеб,Снят
2025-07-01,Фокачча GN 2/3,0.0,БЛУМ,Tuesday,Хлеб,Снят
2025-07-02,Фокачча GN 2/3,0.0,БЛУМ,Wednesday,Хлеб,Снят
2025-07-03,Фокачча GN 2/3,0.0,БЛУМ,Thursday,Хлеб,Снят
2025-07-04,Фокачча GN 2/3,0.0,БЛУМ,Friday,Хлеб,Снят
2025-07-05,Фокачча GN 2/3,0.0,БЛУМ,Saturday,Хлеб,Снят
2025-07-06,Фокачча GN 2/3,0.0,БЛУМ,Sunday,Хлеб,Снят
2025-07-07,Фокачча GN 2/3,0.0,БЛУМ,Monday,Хлеб,Снят
2025-07-08,Фокачча GN 2/3,0.0,БЛУМ,Tuesday,Хлеб,Снят
2025-07-09,Фокачча GN 2/3,0.0,БЛУМ,Wednesday,Хлеб,Снят
2025-07-10,Фокачча GN 2/3,0.0,БЛУМ,Thursday,Хлеб,Снят
2025-07-11,Фокачча GN 2/3,0.0,БЛУМ,Friday,Хлеб,Снят
2025-07-12,Фокачча GN 2/3,0.0,БЛУМ,Saturday,Хлеб,Снят
2025-07-13,Фокачча GN 2/3,0.0,БЛУМ,Sunday,Хлеб,Снят
2025-07-14,Фокачча GN 2/3,0.0,БЛУМ,Monday,Хлеб,Снят
2025-07-15,Фокачча GN 2/3,0.0,БЛУМ,Tuesday,Хлеб,Снят
2025-07-16,Фокачча GN 2/3,0.0,БЛУМ,Wednesday,Хлеб,Снят
2025-07-17,Фокачча GN 2/3,0.0,БЛУМ,Thursday,Хлеб,Снят
2025-07-18,Фокачча GN 2/3,0.0,БЛУМ,Friday,Хлеб,Снят
2025-07-19,Фокачча GN 2/3,0.0,БЛУМ,Saturday,Хлеб,Снят
2025-07-20,Фокачча GN 2/3,0.0,БЛУМ,Sunday,Хлеб,Снят
2025-07-21,Фокачча GN 2/3,0.0,БЛУМ,Monday,Хлеб,Снят
2025-07-22,Фокачча GN 2/3,0.0,БЛУМ,Tuesday,Хлеб,Снят
2025-07-23,Фокачча GN 2/3,0.0,БЛУМ,Wednesday,Хлеб,Снят
2025-07-24,Фокачча GN 2/3,0.0,БЛУМ,Thursday,Хлеб,Снят
2025-07-25,Фокачча GN 2/3,0.0,БЛУМ,Friday,Хлеб,Снят
2025-07-26,Фокачча GN 2/3,0.0,БЛУМ,Saturday,Хлеб,Снят
2025-07-27,Фокачча GN 2/3,0.0,БЛУМ,Sunday,Хлеб,Снят
2025-07-28,Фокачча GN 2/3,0.0,БЛУМ,Monday,Хлеб,Снят
2025-07-29,Фокачча GN 2/3,0.0,БЛУМ,Tuesday,Хлеб,Снят
2025-07-30,Фокачча GN 2/3,0.0,БЛУМ,Wednesday,Хлеб,Снят
2025-07-31,Фокачча GN 2/3,0.0,БЛУМ,Thursday,Хлеб,Снят
2025-08-01,Фокачча GN 2/3,0.0,БЛУМ,Friday,Хлеб,Снят
2025-08-02,Фокачча GN 2/3,0.0,БЛУМ,Saturday,Хлеб,Снят
2025-08-03,Фокачча GN 2/3,0.0,БЛУМ,Sunday,Хлеб,Снят
2025-08-04,Фокачча GN 2/3,0.0,БЛУМ,Monday,Хлеб,Снят
2025-08-05,Фокачча GN 2/3,0.0,БЛУМ,Tuesday,Хлеб,Снят
2025-08-06,Фокачча GN 2/3,0.0,БЛУМ,Wednesday,Хлеб,Снят
2025-08-07,Фокачча GN 2/3,0.0,БЛУМ,Thursday,Хлеб,Снят
2025-08-08,Фокачча GN 2/3,0.0,БЛУМ,Friday,Хлеб,Снят
2025-08-09,Фокачча GN 2/3,0.0,БЛУМ,Saturday,Хлеб,Снят
2025-08-10,Фокачча GN 2/3,0.0,БЛУМ,Sunday,Хлеб,Снят
2025-08-11,Фокачча GN 2/3,0.0,БЛУМ,Monday,Хлеб,Снят
2025-08-12,Фокачча GN 2/3,0.0,БЛУМ,Tuesday,Хлеб,Снят
2025-08-13,Фокачча GN 2/3,0.0,БЛУМ,Wednesday,Хлеб,Снят
2025-08-14,Фокачча GN 2/3,0.0,БЛУМ,Thursday,Хлеб,Снят
2025-08-15,Фокачча GN 2/3,0.0,БЛУМ,Friday,Хлеб,Снят
2025-08-16,Фокачча GN 2/3,0.0,БЛУМ,Saturday,Хлеб,Снят
2025-08-17,Фокачча GN 2/3,0.0,БЛУМ,Sunday,Хлеб,Снят
2025-08-18,Фокачча GN 2/3,0.0,БЛУМ,Monday,Хлеб,Снят
2025-08-19,Фокачча GN 2/3,0.0,БЛУМ,Tuesday,Хлеб,Снят
2025-08-20,Фокачча GN 2/3,0.0,БЛУМ,Wednesday,Хлеб,Снят
2025-08-21,Фокачча GN 2/3,0.0,БЛУМ,Thursday,Хлеб,Снят
2025-08-22,Фокачча GN 2/3,0.0,БЛУМ,Friday,Хлеб,Снят
2025-08-23,Фокачча GN 2/3,0.0,БЛУМ,Saturday,Хлеб,Снят
2025-08-24,Фокачча GN 2/3,0.0,БЛУМ,Sunday,Хлеб,Снят
2025-08-25,Фокачча GN 2/3,0.0,БЛУМ,Monday,Хлеб,Снят
2025-08-26,Фокачча GN 2/3,0.0,БЛУМ,Tuesday,Хлеб,Снят
2025-08-27,Фокачча GN 2/3,0.0,БЛУМ,Wednesday,Хлеб,Снят
2025-08-28,Фокачча GN 2/3,0.0,БЛУМ,Thursday,Хлеб,Снят
2025-08-29,Фокачча GN 2/3,0.0,БЛУМ,Friday,Хлеб,Снят
2025-08-30,Фокачча GN 2/3,0.0,БЛУМ,Saturday,Хлеб,Снят
2025-08-31,Фокачча GN 2/3,0.0,БЛУМ,Sunday,Хлеб,Снят
2025-06-01,Шу мини ваниль,0.0,БЛУМ,Sunday,Десерты,Снят
2025-06-02,Шу мини ваниль,0.0,БЛУМ,Monday,Десерты,Снят
2025-06-03,Шу мини ваниль,0.0,БЛУМ,Tuesday,Десерты,Снят
2025-06-04,Шу мини ваниль,0.0,БЛУМ,Wednesday,Десерты,Снят
2025-06-05,Шу мини ваниль,0.0,БЛУМ,Thursday,Десерты,Снят
2025-06-06,Шу мини ваниль,0.0,БЛУМ,Friday,Десерты,Снят
2025-06-07,Шу мини ваниль,0.0,БЛУМ,Saturday,Десерты,Снят
2025-06-08,Шу мини ваниль,0.0,БЛУМ,Sunday,Десерты,Снят
2025-06-09,Шу мини ваниль,0.0,БЛУМ,Monday,Десерты,Снят
2025-06-10,Шу мини ваниль,0.0,БЛУМ,Tuesday,Десерты,Снят
2025-06-11,Шу мини ваниль,0.0,БЛУМ,Wednesday,Десерты,Снят
2025-06-12,Шу мини ваниль,0.0,БЛУМ,Thursday,Десерты,Снят
2025-06-13,Шу мини ваниль,0.0,БЛУМ,Friday,Десерты,Снят
2025-06-14,Шу мини ваниль,0.0,БЛУМ,Saturday,Десерты,Снят
2025-06-15,Шу мини ваниль,0.0,БЛУМ,Sunday,Десерты,Снят
2025-06-16,Шу мини ваниль,0.0,БЛУМ,Monday,Десерты,Снят
2025-06-17,Шу мини ваниль,0.0,БЛУМ,Tuesday,Десерты,Снят
2025-06-18,Шу мини ваниль,0.0,БЛУМ,Wednesday,Десерты,Снят
2025-06-19,Шу мини ваниль,0.0,БЛУМ,Thursday,Десерты,Снят
2025-06-20,Шу мини ваниль,0.0,БЛУМ,Friday,Десерты,Снят
2025-06-21,Шу мини ваниль,0.0,БЛУМ,Saturday,Десерты,Снят
2025-06-22,Шу мини ваниль,0.0,БЛУМ,Sunday,Десерты,Снят
2025-06-23,Шу мини ваниль,0.0,БЛУМ,Monday,Десерты,Снят
2025-06-24,Шу мини ваниль,0.0,БЛУМ,Tuesday,Десерты,Снят
2025-06-25,Шу мини ваниль,0.0,БЛУМ,Wednesday,Десерты,Снят
2025-06-26,Шу мини ваниль,0.0,БЛУМ,Thursday,Десерты,Снят
2025-06-27,Шу мини ваниль,0.0,БЛУМ,Friday,Десерты,Снят
2025-06-28,Шу мини ваниль,0.0,БЛУМ,Saturday,Десерты,Снят
2025-06-29,Шу мини ваниль,0.0,БЛУМ,Sunday,Десерты,Снят
2025-06-30,Шу мини ваниль,0.0,БЛУМ,Monday,Десерты,Снят
2025-07-01,Шу мини ваниль,0.0,БЛУМ,Tuesday,Десерты,Снят
2025-07-02,Шу мини ваниль,0.0,БЛУМ,Wednesday,Десерты,Снят
2025-07-03,Шу мини ваниль,0.0,БЛУМ,Thursday,Десерты,Снят
2025-07-04,Шу мини ваниль,0.0,БЛУМ,Friday,Десерты,Снят
2025-07-05,Шу мини ваниль,0.0,БЛУМ,Saturday,Десерты,Снят
2025-07-06,Шу мини ваниль,0.0,БЛУМ,Sunday,Десерты,Снят
2025-07-07,Шу мини ваниль,0.0,БЛУМ,Monday,Десерты,Снят
2025-07-08,Шу мини ваниль,0.0,БЛУМ,Tuesday,Десерты,Снят
2025-07-09,Шу мини ваниль,0.0,БЛУМ,Wednesday,Десерты,Снят
2025-07-10,Шу мини ваниль,0.0,БЛУМ,Thursday,Десерты,Снят
2025-07-11,Шу мини ваниль,0.0,БЛУМ,Friday,Десерты,Снят
2025-07-12,Шу мини ваниль,0.0,БЛУМ,Saturday,Десерты,Снят
2025-07-13,Шу мини ваниль,0.0,БЛУМ,Sunday,Десерты,Снят
2025-07-14,Шу мини ваниль,0.0,БЛУМ,Monday,Десерты,Снят
2025-07-15,Шу мини ваниль,0.0,БЛУМ,Tuesday,Десерты,Снят
2025-07-16,Шу мини ваниль,0.0,БЛУМ,Wednesday,Десерты,Снят
2025-07-17,Шу мини ваниль,0.0,БЛУМ,Thursday,Десерты,Снят
2025-07-18,Шу мини ваниль,0.0,БЛУМ,Friday,Десерты,Снят
2025-07-19,Шу мини ваниль,0.0,БЛУМ,Saturday,Десерты,Снят
2025-07-20,Шу мини ваниль,0.0,БЛУМ,Sunday,Десерты,Снят
2025-07-21,Шу мини ваниль,0.0,БЛУМ,Monday,Десерты,Снят
2025-07-22,Шу мини ваниль,0.0,БЛУМ,Tuesday,Десерты,Снят
2025-07-23,Шу мини ваниль,0.0,БЛУМ,Wednesday,Десерты,Снят
2025-07-24,Шу мини ваниль,0.0,БЛУМ,Thursday,Десерты,Снят
2025-07-25,Шу мини ваниль,0.0,БЛУМ,Friday,Десерты,Снят
2025-07-26,Шу мини ваниль,0.0,БЛУМ,Saturday,Десерты,Снят
2025-07-27,Шу мини ваниль,0.0,БЛУМ,Sunday,Десерты,Снят
2025-07-28,Шу мини ваниль,0.0,БЛУМ,Monday,Десерты,Снят
2025-07-29,Шу мини ваниль,0.0,БЛУМ,Tuesday,Десерты,Снят
2025-07-30,Шу мини ваниль,0.0,БЛУМ,Wednesday,Десерты,Снят
2025-07-31,Шу мини ваниль,0.0,БЛУМ,Thursday,Десерты,Снят
2025-08-01,Шу мини ваниль,0.0,БЛУМ,Friday,Десерты,Снят
2025-08-02,Шу мини ваниль,0.0,БЛУМ,Saturday,Десерты,Снят
2025-08-03,Шу мини ваниль,0.0,БЛУМ,Sunday,Десерты,Снят
2025-08-04,Шу мини ваниль,0.0,БЛУМ,Monday,Десерты,Снят
2025-08-05,Шу мини ваниль,0.0,БЛУМ,Tuesday,Десерты,Снят
2025-08-06,Шу мини ваниль,0.0,БЛУМ,Wednesday,Десерты,Снят
2025-08-07,Шу мини ваниль,0.0,БЛУМ,Thursday,Десерты,Снят
2025-08-08,Шу мини ваниль,0.0,БЛУМ,Friday,Десерты,Снят
2025-08-09,Шу мини ваниль,0.0,БЛУМ,Saturday,Десерты,Снят
2025-08-10,Шу мини ваниль,0.0,БЛУМ,Sunday,Десерты,Снят
2025-08-11,Шу мини ваниль,0.0,БЛУМ,Monday,Десерты,Снят
2025-08-12,Шу мини ваниль,0.0,БЛУМ,Tuesday,Десерты,Снят
2025-08-13,Шу мини ваниль,0.0,БЛУМ,Wednesday,Десерты,Снят
2025-08-14,Шу мини ваниль,0.0,БЛУМ,Thursday,Десерты,Снят
2025-08-15,Шу мини ваниль,0.0,БЛУМ,Friday,Десерты,Снят
2025-08-16,Шу мини ваниль,0.0,БЛУМ,Saturday,Десерты,Снят
2025-08-17,Шу мини ваниль,0.0,БЛУМ,Sunday,Десерты,Снят
2025-08-18,Шу мини ваниль,0.0,БЛУМ,Monday,Десерты,Снят
2025-08-19,Шу мини ваниль,0.0,БЛУМ,Tuesday,Десерты,Снят
2025-08-20,Шу мини ваниль,0.0,БЛУМ,Wednesday,Десерты,Снят
2025-08-21,Шу мини ваниль,0.0,БЛУМ,Thursday,Десерты,Снят
2025-08-22,Шу мини ваниль,0.0,БЛУМ,Friday,Десерты,Снят
2025-08-23,Шу мини ваниль,0.0,БЛУМ,Saturday,Десерты,Снят
2025-08-24,Шу мини ваниль,0.0,БЛУМ,Sunday,Десерты,Снят
2025-08-25,Шу мини ваниль,0.0,БЛУМ,Monday,Десерты,Снят
2025-08-26,Шу мини ваниль,0.0,БЛУМ,Tuesday,Десерты,Снят
2025-08-27,Шу мини ваниль,0.0,БЛУМ,Wednesday,Десерты,Снят
2025-08-28,Шу мини ваниль,0.0,БЛУМ,Thursday,Десерты,Снят
2025-08-29,Шу мини ваниль,0.0,БЛУМ,Friday,Десерты,Снят
2025-08-30,Шу мини ваниль,0.0,БЛУМ,Saturday,Десерты,Снят
2025-08-31,Шу мини ваниль,0.0,БЛУМ,Sunday,Десерты,Снят
2025-06-01,Шу мини жасмин,12.0,БЛУМ,Sunday,Десерты,
2025-06-02,Шу мини жасмин,4.0,БЛУМ,Monday,Десерты,
2025-06-03,Шу мини жасмин,4.0,БЛУМ,Tuesday,Десерты,
2025-06-04,Шу мини жасмин,4.0,БЛУМ,Wednesday,Десерты,
2025-06-05,Шу мини жасмин,4.0,БЛУМ,Thursday,Десерты,
2025-06-06,Шу мини жасмин,4.0,БЛУМ,Friday,Десерты,
2025-06-07,Шу мини жасмин,4.0,БЛУМ,Saturday,Десерты,
2025-06-08,Шу мини жасмин,4.0,БЛУМ,Sunday,Десерты,
2025-06-09,Шу мини жасмин,4.0,БЛУМ,Monday,Десерты,
2025-06-10,Шу мини жасмин,4.0,БЛУМ,Tuesday,Десерты,
2025-06-11,Шу мини жасмин,4.0,БЛУМ,Wednesday,Десерты,
2025-06-12,Шу мини жасмин,4.0,БЛУМ,Thursday,Десерты,
2025-06-13,Шу мини жасмин,4.0,БЛУМ,Friday,Десерты,
2025-06-14,Шу мини жасмин,4.0,БЛУМ,Saturday,Десерты,
2025-06-15,Шу мини жасмин,4.0,БЛУМ,Sunday,Десерты,
2025-06-16,Шу мини жасмин,4.0,БЛУМ,Monday,Десерты,
2025-06-17,Шу мини жасмин,4.0,БЛУМ,Tuesday,Десерты,
2025-06-18,Шу мини жасмин,4.0,БЛУМ,Wednesday,Десерты,
2025-06-19,Шу мини жасмин,4.0,БЛУМ,Thursday,Десерты,
2025-06-20,Шу мини жасмин,4.0,БЛУМ,Friday,Десерты,
2025-06-21,Шу мини жасмин,6.0,БЛУМ,Saturday,Десерты,
2025-06-22,Шу мини жасмин,6.0,БЛУМ,Sunday,Десерты,
2025-06-23,Шу мини жасмин,4.0,БЛУМ,Monday,Десерты,
2025-06-24,Шу мини жасмин,4.0,БЛУМ,Tuesday,Десерты,
2025-06-25,Шу мини жасмин,4.0,БЛУМ,Wednesday,Десерты,
2025-06-26,Шу мини жасмин,4.0,БЛУМ,Thursday,Десерты,
2025-06-27,Шу мини жасмин,4.0,БЛУМ,Friday,Десерты,
2025-06-28,Шу мини жасмин,4.0,БЛУМ,Saturday,Десерты,
2025-06-29,Шу мини жасмин,4.0,БЛУМ,Sunday,Десерты,
2025-06-30,Шу мини жасмин,4.0,БЛУМ,Monday,Десерты,
2025-07-01,Шу мини жасмин,4.0,БЛУМ,Tuesday,Десерты,
2025-07-02,Шу мини жасмин,4.0,БЛУМ,Wednesday,Десерты,
2025-07-03,Шу мини жасмин,4.0,БЛУМ,Thursday,Десерты,
2025-07-04,Шу мини жасмин,4.0,БЛУМ,Friday,Десерты,
2025-07-05,Шу мини жасмин,6.0,БЛУМ,Saturday,Десерты,
2025-07-06,Шу мини жасмин,6.0,БЛУМ,Sunday,Десерты,
2025-07-07,Шу мини жасмин,0.0,БЛУМ,Monday,Десерты,
2025-07-08,Шу мини жасмин,4.0,БЛУМ,Tuesday,Десерты,
2025-07-09,Шу мини жасмин,4.0,БЛУМ,Wednesday,Десерты,
2025-07-10,Шу мини жасмин,4.0,БЛУМ,Thursday,Десерты,
2025-07-11,Шу мини жасмин,4.0,БЛУМ,Friday,Десерты,
2025-07-12,Шу мини жасмин,4.0,БЛУМ,Saturday,Десерты,
2025-07-13,Шу мини жасмин,4.0,БЛУМ,Sunday,Десерты,
2025-07-14,Шу мини жасмин,4.0,БЛУМ,Monday,Десерты,
2025-07-15,Шу мини жасмин,4.0,БЛУМ,Tuesday,Десерты,
2025-07-16,Шу мини жасмин,4.0,БЛУМ,Wednesday,Десерты,
2025-07-17,Шу мини жасмин,4.0,БЛУМ,Thursday,Десерты,
2025-07-18,Шу мини жасмин,4.0,БЛУМ,Friday,Десерты,
2025-07-19,Шу мини жасмин,4.0,БЛУМ,Saturday,Десерты,
2025-07-20,Шу мини жасмин,4.0,БЛУМ,Sunday,Десерты,
2025-07-21,Шу мини жасмин,4.0,БЛУМ,Monday,Десерты,
2025-07-22,Шу мини жасмин,4.0,БЛУМ,Tuesday,Десерты,
2025-07-23,Шу мини жасмин,4.0,БЛУМ,Wednesday,Десерты,
2025-07-24,Шу мини жасмин,4.0,БЛУМ,Thursday,Десерты,
2025-07-25,Шу мини жасмин,4.0,БЛУМ,Friday,Десерты,
2025-07-26,Шу мини жасмин,4.0,БЛУМ,Saturday,Десерты,
2025-07-27,Шу мини жасмин,4.0,БЛУМ,Sunday,Десерты,
2025-07-28,Шу мини жасмин,4.0,БЛУМ,Monday,Десерты,
2025-07-29,Шу мини жасмин,4.0,БЛУМ,Tuesday,Десерты,
2025-07-30,Шу мини жасмин,4.0,БЛУМ,Wednesday,Десерты,
2025-07-31,Шу мини жасмин,4.0,БЛУМ,Thursday,Десерты,
2025-08-01,Шу мини жасмин,4.0,БЛУМ,Friday,Десерты,
2025-08-02,Шу мини жасмин,6.0,БЛУМ,Saturday,Десерты,
2025-08-03,Шу мини жасмин,6.0,БЛУМ,Sunday,Десерты,
2025-08-04,Шу мини жасмин,4.0,БЛУМ,Monday,Десерты,
2025-08-05,Шу мини жасмин,4.0,БЛУМ,Tuesday,Десерты,
2025-08-06,Шу мини жасмин,4.0,БЛУМ,Wednesday,Десерты,
2025-08-07,Шу мини жасмин,4.0,БЛУМ,Thursday,Десерты,
2025-08-08,Шу мини жасмин,4.0,БЛУМ,Friday,Десерты,
2025-08-09,Шу мини жасмин,6.0,БЛУМ,Saturday,Десерты,
2025-08-10,Шу мини жасмин,6.0,БЛУМ,Sunday,Десерты,
2025-08-11,Шу мини жасмин,4.0,БЛУМ,Monday,Десерты,
2025-08-12,Шу мини жасмин,4.0,БЛУМ,Tuesday,Десерты,
2025-08-13,Шу мини жасмин,4.0,БЛУМ,Wednesday,Десерты,
2025-08-14,Шу мини жасмин,4.0,БЛУМ,Thursday,Десерты,
2025-08-15,Шу мини жасмин,4.0,БЛУМ,Friday,Десерты,
2025-08-16,Шу мини жасмин,6.0,БЛУМ,Saturday,Десерты,
2025-08-17,Шу мини жасмин,6.0,БЛУМ,Sunday,Десерты,
2025-08-18,Шу мини жасмин,0.0,БЛУМ,Monday,Десерты,
2025-08-19,Шу мини жасмин,4.0,БЛУМ,Tuesday,Десерты,
2025-08-20,Шу мини жасмин,4.0,БЛУМ,Wednesday,Десерты,
2025-08-21,Шу мини жасмин,4.0,БЛУМ,Thursday,Десерты,
2025-08-22,Шу мини жасмин,4.0,БЛУМ,Friday,Десерты,
2025-08-23,Шу мини жасмин,6.0,БЛУМ,Saturday,Десерты,
2025-08-24,Шу мини жасмин,6.0,БЛУМ,Sunday,Десерты,
2025-08-25,Шу мини жасмин,4.0,БЛУМ,Monday,Десерты,
2025-08-26,Шу мини жасмин,4.0,БЛУМ,Tuesday,Десерты,
2025-08-27,Шу мини жасмин,4.0,БЛУМ,Wednesday,Десерты,
2025-08-28,Шу мини жасмин,4.0,БЛУМ,Thursday,Десерты,
2025-08-29,Шу мини жасмин,4.0,БЛУМ,Friday,Десерты,
2025-08-30,Шу мини жасмин,6.0,БЛУМ,Saturday,Десерты,
2025-08-31,Шу мини жасмин,8.0,БЛУМ,Sunday,Десерты,
2025-06-01,Шу мини малина-ваниль,0.0,БЛУМ,Sunday,Десерты,
2025-06-02,Шу мини малина-ваниль,0.0,БЛУМ,Monday,Десерты,
2025-06-03,Шу мини малина-ваниль,0.0,БЛУМ,Tuesday,Десерты,
2025-06-04,Шу мини малина-ваниль,0.0,БЛУМ,Wednesday,Десерты,
2025-06-05,Шу мини малина-ваниль,0.0,БЛУМ,Thursday,Десерты,
2025-06-06,Шу мини малина-ваниль,0.0,БЛУМ,Friday,Десерты,
2025-06-07,Шу мини малина-ваниль,0.0,БЛУМ,Saturday,Десерты,
2025-06-08,Шу мини малина-ваниль,0.0,БЛУМ,Sunday,Десерты,
2025-06-09,Шу мини малина-ваниль,0.0,БЛУМ,Monday,Десерты,
2025-06-10,Шу мини малина-ваниль,0.0,БЛУМ,Tuesday,Десерты,
2025-06-11,Шу мини малина-ваниль,0.0,БЛУМ,Wednesday,Десерты,
2025-06-12,Шу мини малина-ваниль,0.0,БЛУМ,Thursday,Десерты,
2025-06-13,Шу мини малина-ваниль,0.0,БЛУМ,Friday,Десерты,
2025-06-14,Шу мини малина-ваниль,0.0,БЛУМ,Saturday,Десерты,
2025-06-15,Шу мини малина-ваниль,0.0,БЛУМ,Sunday,Десерты,
2025-06-16,Шу мини малина-ваниль,0.0,БЛУМ,Monday,Десерты,
2025-06-17,Шу мини малина-ваниль,0.0,БЛУМ,Tuesday,Десерты,
2025-06-18,Шу мини малина-ваниль,0.0,БЛУМ,Wednesday,Десерты,
2025-06-19,Шу мини малина-ваниль,0.0,БЛУМ,Thursday,Десерты,
2025-06-20,Шу мини малина-ваниль,0.0,БЛУМ,Friday,Десерты,
2025-06-21,Шу мини малина-ваниль,0.0,БЛУМ,Saturday,Десерты,
2025-06-22,Шу мини малина-ваниль,0.0,БЛУМ,Sunday,Десерты,
2025-06-23,Шу мини малина-ваниль,0.0,БЛУМ,Monday,Десерты,
2025-06-24,Шу мини малина-ваниль,0.0,БЛУМ,Tuesday,Десерты,
2025-06-25,Шу мини малина-ваниль,0.0,БЛУМ,Wednesday,Десерты,
2025-06-26,Шу мини малина-ваниль,0.0,БЛУМ,Thursday,Десерты,
2025-06-27,Шу мини малина-ваниль,0.0,БЛУМ,Friday,Десерты,
2025-06-28,Шу мини малина-ваниль,0.0,БЛУМ,Saturday,Десерты,
2025-06-29,Шу мини малина-ваниль,0.0,БЛУМ,Sunday,Десерты,
2025-06-30,Шу мини малина-ваниль,0.0,БЛУМ,Monday,Десерты,
2025-07-01,Шу мини малина-ваниль,0.0,БЛУМ,Tuesday,Десерты,
2025-07-02,Шу мини малина-ваниль,0.0,БЛУМ,Wednesday,Десерты,
2025-07-03,Шу мини малина-ваниль,0.0,БЛУМ,Thursday,Десерты,
2025-07-04,Шу мини малина-ваниль,0.0,БЛУМ,Friday,Десерты,
2025-07-05,Шу мини малина-ваниль,0.0,БЛУМ,Saturday,Десерты,
2025-07-06,Шу мини малина-ваниль,0.0,БЛУМ,Sunday,Десерты,
2025-07-07,Шу мини малина-ваниль,0.0,БЛУМ,Monday,Десерты,
2025-07-08,Шу мини малина-ваниль,0.0,БЛУМ,Tuesday,Десерты,
2025-07-09,Шу мини малина-ваниль,0.0,БЛУМ,Wednesday,Десерты,
2025-07-10,Шу мини малина-ваниль,0.0,БЛУМ,Thursday,Десерты,
2025-07-11,Шу мини малина-ваниль,0.0,БЛУМ,Friday,Десерты,
2025-07-12,Шу мини малина-ваниль,0.0,БЛУМ,Saturday,Десерты,
2025-07-13,Шу мини малина-ваниль,0.0,БЛУМ,Sunday,Десерты,
2025-07-14,Шу мини малина-ваниль,0.0,БЛУМ,Monday,Десерты,
2025-07-15,Шу мини малина-ваниль,0.0,БЛУМ,Tuesday,Десерты,
2025-07-16,Шу мини малина-ваниль,0.0,БЛУМ,Wednesday,Десерты,
2025-07-17,Шу мини малина-ваниль,0.0,БЛУМ,Thursday,Десерты,
2025-07-18,Шу мини малина-ваниль,0.0,БЛУМ,Friday,Десерты,
2025-07-19,Шу мини малина-ваниль,0.0,БЛУМ,Saturday,Десерты,
2025-07-20,Шу мини малина-ваниль,0.0,БЛУМ,Sunday,Десерты,
2025-07-21,Шу мини малина-ваниль,0.0,БЛУМ,Monday,Десерты,
2025-07-22,Шу мини малина-ваниль,0.0,БЛУМ,Tuesday,Десерты,
2025-07-23,Шу мини малина-ваниль,0.0,БЛУМ,Wednesday,Десерты,
2025-07-24,Шу мини малина-ваниль,0.0,БЛУМ,Thursday,Десерты,
2025-07-25,Шу мини малина-ваниль,0.0,БЛУМ,Friday,Десерты,
2025-07-26,Шу мини малина-ваниль,0.0,БЛУМ,Saturday,Десерты,
2025-07-27,Шу мини малина-ваниль,0.0,БЛУМ,Sunday,Десерты,
2025-07-28,Шу мини малина-ваниль,0.0,БЛУМ,Monday,Десерты,
2025-07-29,Шу мини малина-ваниль,0.0,БЛУМ,Tuesday,Десерты,
2025-07-30,Шу мини малина-ваниль,0.0,БЛУМ,Wednesday,Десерты,
2025-07-31,Шу мини малина-ваниль,0.0,БЛУМ,Thursday,Десерты,
2025-08-01,Шу мини малина-ваниль,0.0,БЛУМ,Friday,Десерты,
2025-08-02,Шу мини малина-ваниль,0.0,БЛУМ,Saturday,Десерты,
2025-08-03,Шу мини малина-ваниль,0.0,БЛУМ,Sunday,Десерты,
2025-08-04,Шу мини малина-ваниль,0.0,БЛУМ,Monday,Десерты,
2025-08-05,Шу мини малина-ваниль,0.0,БЛУМ,Tuesday,Десерты,
2025-08-06,Шу мини малина-ваниль,0.0,БЛУМ,Wednesday,Десерты,
2025-08-07,Шу мини малина-ваниль,0.0,БЛУМ,Thursday,Десерты,
2025-08-08,Шу мини малина-ваниль,0.0,БЛУМ,Friday,Десерты,
2025-08-09,Шу мини малина-ваниль,0.0,БЛУМ,Saturday,Десерты,
2025-08-10,Шу мини малина-ваниль,0.0,БЛУМ,Sunday,Десерты,
2025-08-11,Шу мини малина-ваниль,0.0,БЛУМ,Monday,Десерты,
2025-08-12,Шу мини малина-ваниль,0.0,БЛУМ,Tuesday,Десерты,
2025-08-13,Шу мини малина-ваниль,0.0,БЛУМ,Wednesday,Десерты,
2025-08-14,Шу мини малина-ваниль,0.0,БЛУМ,Thursday,Десерты,
2025-08-15,Шу мини малина-ваниль,0.0,БЛУМ,Friday,Десерты,
2025-08-16,Шу мини малина-ваниль,0.0,БЛУМ,Saturday,Десерты,
2025-08-17,Шу мини малина-ваниль,0.0,БЛУМ,Sunday,Десерты,
2025-08-18,Шу мини малина-ваниль,0.0,БЛУМ,Monday,Десерты,
2025-08-19,Шу мини малина-ваниль,0.0,БЛУМ,Tuesday,Десерты,
2025-08-20,Шу мини малина-ваниль,0.0,БЛУМ,Wednesday,Десерты,
2025-08-21,Шу мини малина-ваниль,0.0,БЛУМ,Thursday,Десерты,
2025-08-22,Шу мини малина-ваниль,0.0,БЛУМ,Friday,Десерты,
2025-08-23,Шу мини малина-ваниль,0.0,БЛУМ,Saturday,Десерты,
2025-08-24,Шу мини малина-ваниль,0.0,БЛУМ,Sunday,Десерты,
2025-08-25,Шу мини малина-ваниль,0.0,БЛУМ,Monday,Десерты,
2025-08-26,Шу мини малина-ваниль,0.0,БЛУМ,Tuesday,Десерты,
2025-08-27,Шу мини малина-ваниль,0.0,БЛУМ,Wednesday,Десерты,
2025-08-28,Шу мини малина-ваниль,0.0,БЛУМ,Thursday,Десерты,
2025-08-29,Шу мини малина-ваниль,0.0,БЛУМ,Friday,Десерты,
2025-08-30,Шу мини малина-ваниль,0.0,БЛУМ,Saturday,Десерты,
2025-08-31,Шу мини малина-ваниль,0.0,БЛУМ,Sunday,Десерты,
2025-06-01,Шу мини earl grey,0.0,БЛУМ,Sunday,Десерты,
2025-06-02,Шу мини earl grey,0.0,БЛУМ,Monday,Десерты,
2025-06-03,Шу мини earl grey,0.0,БЛУМ,Tuesday,Десерты,
2025-06-04,Шу мини earl grey,0.0,БЛУМ,Wednesday,Десерты,
2025-06-05,Шу мини earl grey,0.0,БЛУМ,Thursday,Десерты,
2025-06-06,Шу мини earl grey,0.0,БЛУМ,Friday,Десерты,
2025-06-07,Шу мини earl grey,0.0,БЛУМ,Saturday,Десерты,
2025-06-08,Шу мини earl grey,0.0,БЛУМ,Sunday,Десерты,
2025-06-09,Шу мини earl grey,0.0,БЛУМ,Monday,Десерты,
2025-06-10,Шу мини earl grey,0.0,БЛУМ,Tuesday,Десерты,
2025-06-11,Шу мини earl grey,0.0,БЛУМ,Wednesday,Десерты,
2025-06-12,Шу мини earl grey,0.0,БЛУМ,Thursday,Десерты,
2025-06-13,Шу мини earl grey,0.0,БЛУМ,Friday,Десерты,
2025-06-14,Шу мини earl grey,0.0,БЛУМ,Saturday,Десерты,
2025-06-15,Шу мини earl grey,0.0,БЛУМ,Sunday,Десерты,
2025-06-16,Шу мини earl grey,0.0,БЛУМ,Monday,Десерты,
2025-06-17,Шу мини earl grey,0.0,БЛУМ,Tuesday,Десерты,
2025-06-18,Шу мини earl grey,0.0,БЛУМ,Wednesday,Десерты,
2025-06-19,Шу мини earl grey,0.0,БЛУМ,Thursday,Десерты,
2025-06-20,Шу мини earl grey,0.0,БЛУМ,Friday,Десерты,
2025-06-21,Шу мини earl grey,0.0,БЛУМ,Saturday,Десерты,
2025-06-22,Шу мини earl grey,0.0,БЛУМ,Sunday,Десерты,
2025-06-23,Шу мини earl grey,0.0,БЛУМ,Monday,Десерты,
2025-06-24,Шу мини earl grey,0.0,БЛУМ,Tuesday,Десерты,
2025-06-25,Шу мини earl grey,0.0,БЛУМ,Wednesday,Десерты,
2025-06-26,Шу мини earl grey,0.0,БЛУМ,Thursday,Десерты,
2025-06-27,Шу мини earl grey,0.0,БЛУМ,Friday,Десерты,
2025-06-28,Шу мини earl grey,0.0,БЛУМ,Saturday,Десерты,
2025-06-29,Шу мини earl grey,0.0,БЛУМ,Sunday,Десерты,
2025-06-30,Шу мини earl grey,0.0,БЛУМ,Monday,Десерты,
2025-07-01,Шу мини earl grey,0.0,БЛУМ,Tuesday,Десерты,
2025-07-02,Шу мини earl grey,0.0,БЛУМ,Wednesday,Десерты,
2025-07-03,Шу мини earl grey,0.0,БЛУМ,Thursday,Десерты,
2025-07-04,Шу мини earl grey,0.0,БЛУМ,Friday,Десерты,
2025-07-05,Шу мини earl grey,0.0,БЛУМ,Saturday,Десерты,
2025-07-06,Шу мини earl grey,0.0,БЛУМ,Sunday,Десерты,
2025-07-07,Шу мини earl grey,0.0,БЛУМ,Monday,Десерты,
2025-07-08,Шу мини earl grey,0.0,БЛУМ,Tuesday,Десерты,
2025-07-09,Шу мини earl grey,0.0,БЛУМ,Wednesday,Десерты,
2025-07-10,Шу мини earl grey,0.0,БЛУМ,Thursday,Десерты,
2025-07-11,Шу мини earl grey,0.0,БЛУМ,Friday,Десерты,
2025-07-12,Шу мини earl grey,0.0,БЛУМ,Saturday,Десерты,
2025-07-13,Шу мини earl grey,0.0,БЛУМ,Sunday,Десерты,
2025-07-14,Шу мини earl grey,0.0,БЛУМ,Monday,Десерты,
2025-07-15,Шу мини earl grey,0.0,БЛУМ,Tuesday,Десерты,
2025-07-16,Шу мини earl grey,0.0,БЛУМ,Wednesday,Десерты,
2025-07-17,Шу мини earl grey,0.0,БЛУМ,Thursday,Десерты,
2025-07-18,Шу мини earl grey,0.0,БЛУМ,Friday,Десерты,
2025-07-19,Шу мини earl grey,0.0,БЛУМ,Saturday,Десерты,
2025-07-20,Шу мини earl grey,0.0,БЛУМ,Sunday,Десерты,
2025-07-21,Шу мини earl grey,0.0,БЛУМ,Monday,Десерты,
2025-07-22,Шу мини earl grey,0.0,БЛУМ,Tuesday,Десерты,
2025-07-23,Шу мини earl grey,0.0,БЛУМ,Wednesday,Десерты,
2025-07-24,Шу мини earl grey,0.0,БЛУМ,Thursday,Десерты,
2025-07-25,Шу мини earl grey,0.0,БЛУМ,Friday,Десерты,
2025-07-26,Шу мини earl grey,0.0,БЛУМ,Saturday,Десерты,
2025-07-27,Шу мини earl grey,0.0,БЛУМ,Sunday,Десерты,
2025-07-28,Шу мини earl grey,0.0,БЛУМ,Monday,Десерты,
2025-07-29,Шу мини earl grey,0.0,БЛУМ,Tuesday,Десерты,
2025-07-30,Шу мини earl grey,0.0,БЛУМ,Wednesday,Десерты,
2025-07-31,Шу мини earl grey,0.0,БЛУМ,Thursday,Десерты,
2025-08-01,Шу мини earl grey,0.0,БЛУМ,Friday,Десерты,
2025-08-02,Шу мини earl grey,0.0,БЛУМ,Saturday,Десерты,
2025-08-03,Шу мини earl grey,0.0,БЛУМ,Sunday,Десерты,
2025-08-04,Шу мини earl grey,0.0,БЛУМ,Monday,Десерты,
2025-08-05,Шу мини earl grey,0.0,БЛУМ,Tuesday,Десерты,
2025-08-06,Шу мини earl grey,0.0,БЛУМ,Wednesday,Десерты,
2025-08-07,Шу мини earl grey,0.0,БЛУМ,Thursday,Десерты,
2025-08-08,Шу мини earl grey,0.0,БЛУМ,Friday,Десерты,
2025-08-09,Шу мини earl grey,0.0,БЛУМ,Saturday,Десерты,
2025-08-10,Шу мини earl grey,0.0,БЛУМ,Sunday,Десерты,
2025-08-11,Шу мини earl grey,0.0,БЛУМ,Monday,Десерты,
2025-08-12,Шу мини earl grey,0.0,БЛУМ,Tuesday,Десерты,
2025-08-13,Шу мини earl grey,0.0,БЛУМ,Wednesday,Десерты,
2025-08-14,Шу мини earl grey,0.0,БЛУМ,Thursday,Десерты,
2025-08-15,Шу мини earl grey,0.0,БЛУМ,Friday,Десерты,
2025-08-16,Шу мини earl grey,0.0,БЛУМ,Saturday,Десерты,
2025-08-17,Шу мини earl grey,0.0,БЛУМ,Sunday,Десерты,
2025-08-18,Шу мини earl grey,0.0,БЛУМ,Monday,Десерты,
2025-08-19,Шу мини earl grey,0.0,БЛУМ,Tuesday,Десерты,
2025-08-20,Шу мини earl grey,0.0,БЛУМ,Wednesday,Десерты,
2025-08-21,Шу мини earl grey,0.0,БЛУМ,Thursday,Десерты,
2025-08-22,Шу мини earl grey,0.0,БЛУМ,Friday,Десерты,
2025-08-23,Шу мини earl grey,0.0,БЛУМ,Saturday,Десерты,
2025-08-24,Шу мини earl grey,0.0,БЛУМ,Sunday,Десерты,
2025-08-25,Шу мини earl grey,0.0,БЛУМ,Monday,Десерты,
2025-08-26,Шу мини earl grey,0.0,БЛУМ,Tuesday,Десерты,
2025-08-27,Шу мини earl grey,0.0,БЛУМ,Wednesday,Десерты,
2025-08-28,Шу мини earl grey,0.0,БЛУМ,Thursday,Десерты,
2025-08-29,Шу мини earl grey,0.0,БЛУМ,Friday,Десерты,
2025-08-30,Шу мини earl grey,0.0,БЛУМ,Saturday,Десерты,
2025-08-31,Шу мини earl grey,0.0,БЛУМ,Sunday,Десерты,
2025-06-01,"Тартин 1,5",8.0,Тото,Sunday,Хлеб,Активный
2025-06-02,"Тартин 1,5",6.0,Тото,Monday,Хлеб,Активный
2025-06-03,"Тартин 1,5",6.0,Тото,Tuesday,Хлеб,Активный
2025-06-04,"Тартин 1,5",6.0,Тото,Wednesday,Хлеб,Активный
2025-06-05,"Тартин 1,5",7.0,Тото,Thursday,Хлеб,Активный
2025-06-06,"Тартин 1,5",8.0,Тото,Friday,Хлеб,Активный
2025-06-07,"Тартин 1,5",9.0,Тото,Saturday,Хлеб,Активный
2025-06-08,"Тартин 1,5",7.0,Тото,Sunday,Хлеб,Активный
2025-06-09,"Тартин 1,5",7.0,Тото,Monday,Хлеб,Активный
2025-06-10,"Тартин 1,5",7.0,Тото,Tuesday,Хлеб,Активный
2025-06-11,"Тартин 1,5",7.0,Тото,Wednesday,Хлеб,Активный
2025-06-12,"Тартин 1,5",7.0,Тото,Thursday,Хлеб,Активный
2025-06-13,"Тартин 1,5",8.0,Тото,Friday,Хлеб,Активный
2025-06-14,"Тартин 1,5",9.0,Тото,Saturday,Хлеб,Активный
2025-06-15,"Тартин 1,5",8.0,Тото,Sunday,Хлеб,Активный
2025-06-17,"Тартин 1,5",7.0,Тото,Tuesday,Хлеб,Активный
2025-06-18,"Тартин 1,5",3.0,Тото,Wednesday,Хлеб,Активный
2025-06-19,"Тартин 1,5",7.0,Тото,Thursday,Хлеб,Активный
2025-06-20,"Тартин 1,5",9.0,Тото,Friday,Хлеб,Активный
2025-06-21,"Тартин 1,5",9.0,Тото,Saturday,Хлеб,Активный
2025-06-22,"Тартин 1,5",9.0,Тото,Sunday,Хлеб,Активный
2025-06-23,"Тартин 1,5",7.0,Тото,Monday,Хлеб,Активный
2025-06-26,"Тартин 1,5",7.0,Тото,Thursday,Хлеб,Активный
2025-06-27,"Тартин 1,5",9.0,Тото,Friday,Хлеб,Активный
2025-06-28,"Тартин 1,5",9.0,Тото,Saturday,Хлеб,Активный
2025-06-29,"Тартин 1,5",8.0,Тото,Sunday,Хлеб,Активный
2025-06-30,"Тартин 1,5",7.0,Тото,Monday,Хлеб,Активный
2025-07-03,"Тартин 1,5",6.0,Тото,Thursday,Хлеб,Активный
2025-07-04,"Тартин 1,5",7.0,Тото,Friday,Хлеб,Активный
2025-07-05,"Тартин 1,5",7.0,Тото,Saturday,Хлеб,Активный
2025-07-06,"Тартин 1,5",5.0,Тото,Sunday,Хлеб,Активный
2025-07-08,"Тартин 1,5",6.0,Тото,Tuesday,Хлеб,Активный
2025-07-09,"Тартин 1,5",6.0,Тото,Wednesday,Хлеб,Активный
2025-07-10,"Тартин 1,5",6.0,Тото,Thursday,Хлеб,Активный
2025-07-11,"Тартин 1,5",7.0,Тото,Friday,Хлеб,Активный
2025-07-12,"Тартин 1,5",8.0,Тото,Saturday,Хлеб,Активный
2025-07-13,"Тартин 1,5",9.0,Тото,Sunday,Хлеб,Активный
2025-07-14,"Тартин 1,5",6.0,Тото,Monday,Хлеб,Активный
2025-07-15,"Тартин 1,5",6.0,Тото,Tuesday,Хлеб,Активный
2025-07-16,"Тартин 1,5",6.0,Тото,Wednesday,Хлеб,Активный
2025-07-17,"Тартин 1,5",6.0,Тото,Thursday,Хлеб,Активный
2025-07-18,"Тартин 1,5",7.0,Тото,Friday,Хлеб,Активный
2025-07-19,"Тартин 1,5",8.0,Тото,Saturday,Хлеб,Активный
2025-07-20,"Тартин 1,5",8.0,Тото,Sunday,Хлеб,Активный
2025-07-21,"Тартин 1,5",6.0,Тото,Monday,Хлеб,Активный
2025-07-22,"Тартин 1,5",6.0,Тото,Tuesday,Хлеб,Активный
2025-07-23,"Тартин 1,5",6.0,Тото,Wednesday,Хлеб,Активный
2025-07-24,"Тартин 1,5",6.0,Тото,Thursday,Хлеб,Активный
2025-07-25,"Тартин 1,5",8.0,Тото,Friday,Хлеб,Активный
2025-07-26,"Тартин 1,5",8.0,Тото,Saturday,Хлеб,Активный
2025-07-27,"Тартин 1,5",6.0,Тото,Sunday,Хлеб,Активный
2025-07-28,"Тартин 1,5",6.0,Тото,Monday,Хлеб,Активный
2025-07-29,"Тартин 1,5",6.0,Тото,Tuesday,Хлеб,Активный
2025-07-30,"Тартин 1,5",6.0,Тото,Wednesday,Хлеб,Активный
2025-07-31,"Тартин 1,5",6.0,Тото,Thursday,Хлеб,Активный
2025-08-01,"Тартин 1,5",5.0,Тото,Friday,Хлеб,Активный
2025-08-02,"Тартин 1,5",8.0,Тото,Saturday,Хлеб,Активный
2025-08-03,"Тартин 1,5",8.0,Тото,Sunday,Хлеб,Активный
2025-08-04,"Тартин 1,5",6.0,Тото,Monday,Хлеб,Активный
2025-08-05,"Тартин 1,5",6.0,Тото,Tuesday,Хлеб,Активный
2025-08-06,"Тартин 1,5",6.0,Тото,Wednesday,Хлеб,Активный
2025-08-07,"Тартин 1,5",6.0,Тото,Thursday,Хлеб,Активный
2025-08-08,"Тартин 1,5",8.0,Тото,Friday,Хлеб,Активный
2025-08-09,"Тартин 1,5",8.0,Тото,Saturday,Хлеб,Активный
2025-08-10,"Тартин 1,5",6.0,Тото,Sunday,Хлеб,Активный
2025-08-11,"Тартин 1,5",6.0,Тото,Monday,Хлеб,Активный
2025-08-12,"Тартин 1,5",6.0,Тото,Tuesday,Хлеб,Активный
2025-08-13,"Тартин 1,5",6.0,Тото,Wednesday,Хлеб,Активный
2025-08-14,"Тартин 1,5",6.0,Тото,Thursday,Хлеб,Активный
2025-08-16,"Тартин 1,5",6.0,Тото,Saturday,Хлеб,Активный
2025-08-17,"Тартин 1,5",6.0,Тото,Sunday,Хлеб,Активный
2025-08-19,"Тартин 1,5",6.0,Тото,Tuesday,Хлеб,Активный
2025-08-20,"Тартин 1,5",6.0,Тото,Wednesday,Хлеб,Активный
2025-08-21,"Тартин 1,5",6.0,Тото,Thursday,Хлеб,Активный
2025-08-22,"Тартин 1,5",6.0,Тото,Friday,Хлеб,Активный
2025-08-23,"Тартин 1,5",10.0,Тото,Saturday,Хлеб,Активный
2025-08-24,"Тартин 1,5",6.0,Тото,Sunday,Хлеб,Активный
2025-08-25,"Тартин 1,5",6.0,Тото,Monday,Хлеб,Активный
2025-08-26,"Тартин 1,5",6.0,Тото,Tuesday,Хлеб,Активный
2025-08-27,"Тартин 1,5",6.0,Тото,Wednesday,Хлеб,Активный
2025-08-29,"Тартин 1,5",6.0,Тото,Friday,Хлеб,Активный
2025-08-30,"Тартин 1,5",6.0,Тото,Saturday,Хлеб,Активный
2025-08-31,"Тартин 1,5",6.0,Тото,Sunday,Хлеб,Активный
2025-06-01,Бриошь с шапкой,3.0,Тото,Sunday,Хлеб,Снят
2025-06-02,Бриошь с шапкой,2.0,Тото,Monday,Хлеб,Снят
2025-06-03,Бриошь с шапкой,2.0,Тото,Tuesday,Хлеб,Снят
2025-06-04,Бриошь с шапкой,2.0,Тото,Wednesday,Хлеб,Снят
2025-06-05,Бриошь с шапкой,2.0,Тото,Thursday,Хлеб,Снят
2025-06-06,Бриошь с шапкой,3.0,Тото,Friday,Хлеб,Снят
2025-06-07,Бриошь с шапкой,8.0,Тото,Saturday,Хлеб,Снят
2025-06-08,Бриошь с шапкой,2.0,Тото,Sunday,Хлеб,Снят
2025-06-09,Бриошь с шапкой,2.0,Тото,Monday,Хлеб,Снят
2025-06-10,Бриошь с шапкой,2.0,Тото,Tuesday,Хлеб,Снят
2025-06-11,Бриошь с шапкой,2.0,Тото,Wednesday,Хлеб,Снят
2025-06-12,Бриошь с шапкой,2.0,Тото,Thursday,Хлеб,Снят
2025-06-13,Бриошь с шапкой,5.0,Тото,Friday,Хлеб,Снят
2025-06-14,Бриошь с шапкой,5.0,Тото,Saturday,Хлеб,Снят
2025-06-15,Бриошь с шапкой,4.0,Тото,Sunday,Хлеб,Снят
2025-06-17,Бриошь с шапкой,3.0,Тото,Tuesday,Хлеб,Снят
2025-06-19,Бриошь с шапкой,3.0,Тото,Thursday,Хлеб,Снят
2025-06-20,Бриошь с шапкой,4.0,Тото,Friday,Хлеб,Снят
2025-06-21,Бриошь с шапкой,4.0,Тото,Saturday,Хлеб,Снят
2025-06-22,Бриошь с шапкой,3.0,Тото,Sunday,Хлеб,Снят
2025-06-23,Бриошь с шапкой,2.0,Тото,Monday,Хлеб,Снят
2025-06-26,Бриошь с шапкой,2.0,Тото,Thursday,Хлеб,Снят
2025-06-27,Бриошь с шапкой,3.0,Тото,Friday,Хлеб,Снят
2025-06-28,Бриошь с шапкой,3.0,Тото,Saturday,Хлеб,Снят
2025-06-29,Бриошь с шапкой,3.0,Тото,Sunday,Хлеб,Снят
2025-06-30,Бриошь с шапкой,2.0,Тото,Monday,Хлеб,Снят
2025-07-03,Бриошь с шапкой,2.0,Тото,Thursday,Хлеб,Снят
2025-07-04,Бриошь с шапкой,2.0,Тото,Friday,Хлеб,Снят
2025-07-05,Бриошь с шапкой,2.0,Тото,Saturday,Хлеб,Снят
2025-07-06,Бриошь с шапкой,2.0,Тото,Sunday,Хлеб,Снят
2025-07-08,Бриошь с шапкой,2.0,Тото,Tuesday,Хлеб,Снят
2025-07-09,Бриошь с шапкой,2.0,Тото,Wednesday,Хлеб,Снят
2025-07-10,Бриошь с шапкой,2.0,Тото,Thursday,Хлеб,Снят
2025-07-11,Бриошь с шапкой,3.0,Тото,Friday,Хлеб,Снят
2025-07-12,Бриошь с шапкой,3.0,Тото,Saturday,Хлеб,Снят
2025-07-13,Бриошь с шапкой,3.0,Тото,Sunday,Хлеб,Снят
2025-07-14,Бриошь с шапкой,2.0,Тото,Monday,Хлеб,Снят
2025-07-15,Бриошь с шапкой,2.0,Тото,Tuesday,Хлеб,Снят
2025-07-16,Бриошь с шапкой,2.0,Тото,Wednesday,Хлеб,Снят
2025-07-17,Бриошь с шапкой,2.0,Тото,Thursday,Хлеб,Снят
2025-07-18,Бриошь с шапкой,2.0,Тото,Friday,Хлеб,Снят
2025-07-19,Бриошь с шапкой,2.0,Тото,Saturday,Хлеб,Снят
2025-07-20,Бриошь с шапкой,2.0,Тото,Sunday,Хлеб,Снят
2025-07-21,Бриошь с шапкой,2.0,Тото,Monday,Хлеб,Снят
2025-07-22,Бриошь с шапкой,2.0,Тото,Tuesday,Хлеб,Снят
2025-07-23,Бриошь с шапкой,2.0,Тото,Wednesday,Хлеб,Снят
2025-07-24,Бриошь с шапкой,2.0,Тото,Thursday,Хлеб,Снят
2025-07-25,Бриошь с шапкой,2.0,Тото,Friday,Хлеб,Снят
2025-07-26,Бриошь с шапкой,2.0,Тото,Saturday,Хлеб,Снят
2025-07-27,Бриошь с шапкой,2.0,Тото,Sunday,Хлеб,Снят
2025-07-28,Бриошь с шапкой,2.0,Тото,Monday,Хлеб,Снят
2025-07-29,Бриошь с шапкой,2.0,Тото,Tuesday,Хлеб,Снят
2025-07-30,Бриошь с шапкой,2.0,Тото,Wednesday,Хлеб,Снят
2025-07-31,Бриошь с шапкой,2.0,Тото,Thursday,Хлеб,Снят
2025-08-01,Бриошь с шапкой,2.0,Тото,Friday,Хлеб,Снят
2025-08-02,Бриошь с шапкой,2.0,Тото,Saturday,Хлеб,Снят
2025-08-03,Бриошь с шапкой,2.0,Тото,Sunday,Хлеб,Снят
2025-08-04,Бриошь с шапкой,2.0,Тото,Monday,Хлеб,Снят
2025-08-05,Бриошь с шапкой,2.0,Тото,Tuesday,Хлеб,Снят
2025-08-06,Бриошь с шапкой,2.0,Тото,Wednesday,Хлеб,Снят
2025-08-07,Бриошь с шапкой,2.0,Тото,Thursday,Хлеб,Снят
2025-08-08,Бриошь с шапкой,2.0,Тото,Friday,Хлеб,Снят
2025-08-09,Бриошь с шапкой,2.0,Тото,Saturday,Хлеб,Снят
2025-08-10,Бриошь с шапкой,2.0,Тото,Sunday,Хлеб,Снят
2025-08-11,Бриошь с шапкой,2.0,Тото,Monday,Хлеб,Снят
2025-08-12,Бриошь с шапкой,2.0,Тото,Tuesday,Хлеб,Снят
2025-08-13,Бриошь с шапкой,2.0,Тото,Wednesday,Хлеб,Снят
2025-08-14,Бриошь с шапкой,2.0,Тото,Thursday,Хлеб,Снят
2025-08-16,Бриошь с шапкой,2.0,Тото,Saturday,Хлеб,Снят
2025-08-17,Бриошь с шапкой,2.0,Тото,Sunday,Хлеб,Снят
2025-08-19,Бриошь с шапкой,2.0,Тото,Tuesday,Хлеб,Снят
2025-08-20,Бриошь с шапкой,2.0,Тото,Wednesday,Хлеб,Снят
2025-08-21,Бриошь с шапкой,2.0,Тото,Thursday,Хлеб,Снят
2025-08-22,Бриошь с шапкой,2.0,Тото,Friday,Хлеб,Снят
2025-08-23,Бриошь с шапкой,2.0,Тото,Saturday,Хлеб,Снят
2025-08-24,Бриошь с шапкой,2.0,Тото,Sunday,Хлеб,Снят
2025-08-25,Бриошь с шапкой,2.0,Тото,Monday,Хлеб,Снят
2025-08-26,Бриошь с шапкой,2.0,Тото,Tuesday,Хлеб,Снят
2025-08-27,Бриошь с шапкой,2.0,Тото,Wednesday,Хлеб,Снят
2025-08-29,Бриошь с шапкой,2.0,Тото,Friday,Хлеб,Снят
2025-08-30,Бриошь с шапкой,2.0,Тото,Saturday,Хлеб,Снят
2025-08-31,Бриошь с шапкой,2.0,Тото,Sunday,Хлеб,Снят
2025-06-01,Багет,2.0,Тото,Sunday,Хлеб,Активный
2025-06-04,Багет,2.0,Тото,Wednesday,Хлеб,Активный
2025-06-05,Багет,2.0,Тото,Thursday,Хлеб,Активный
2025-06-09,Багет,3.0,Тото,Monday,Хлеб,Активный
2025-06-11,Багет,2.0,Тото,Wednesday,Хлеб,Активный
2025-06-13,Багет,3.0,Тото,Friday,Хлеб,Активный
2025-06-14,Багет,2.0,Тото,Saturday,Хлеб,Активный
2025-06-19,Багет,3.0,Тото,Thursday,Хлеб,Активный
2025-06-20,Багет,3.0,Тото,Friday,Хлеб,Активный
2025-07-04,Багет,2.0,Тото,Friday,Хлеб,Активный
2025-07-09,Багет,2.0,Тото,Wednesday,Хлеб,Активный
2025-07-11,Багет,2.0,Тото,Friday,Хлеб,Активный
2025-07-12,Багет,2.0,Тото,Saturday,Хлеб,Активный
2025-07-13,Багет,3.0,Тото,Sunday,Хлеб,Активный
2025-07-15,Багет,3.0,Тото,Tuesday,Хлеб,Активный
2025-07-16,Багет,3.0,Тото,Wednesday,Хлеб,Активный
2025-07-17,Багет,3.0,Тото,Thursday,Хлеб,Активный
2025-07-18,Багет,3.0,Тото,Friday,Хлеб,Активный
2025-07-19,Багет,3.0,Тото,Saturday,Хлеб,Активный
2025-07-20,Багет,3.0,Тото,Sunday,Хлеб,Активный
2025-07-22,Багет,3.0,Тото,Tuesday,Хлеб,Активный
2025-07-23,Багет,3.0,Тото,Wednesday,Хлеб,Активный
2025-07-24,Багет,3.0,Тото,Thursday,Хлеб,Активный
2025-07-25,Багет,3.0,Тото,Friday,Хлеб,Активный
2025-07-26,Багет,3.0,Тото,Saturday,Хлеб,Активный
2025-07-27,Багет,3.0,Тото,Sunday,Хлеб,Активный
2025-07-29,Багет,3.0,Тото,Tuesday,Хлеб,Активный
2025-07-30,Багет,3.0,Тото,Wednesday,Хлеб,Активный
2025-07-31,Багет,3.0,Тото,Thursday,Хлеб,Активный
2025-08-01,Багет,3.0,Тото,Friday,Хлеб,Активный
2025-08-02,Багет,3.0,Тото,Saturday,Хлеб,Активный
2025-08-03,Багет,3.0,Тото,Sunday,Хлеб,Активный
2025-08-05,Багет,3.0,Тото,Tuesday,Хлеб,Активный
2025-08-06,Багет,3.0,Тото,Wednesday,Хлеб,Активный
2025-08-07,Багет,3.0,Тото,Thursday,Хлеб,Активный
2025-08-08,Багет,3.0,Тото,Friday,Хлеб,Активный
2025-08-09,Багет,3.0,Тото,Saturday,Хлеб,Активный
2025-08-12,Багет,3.0,Тото,Tuesday,Хлеб,Активный
2025-08-13,Багет,3.0,Тото,Wednesday,Хлеб,Активный
2025-08-14,Багет,3.0,Тото,Thursday,Хлеб,Активный
2025-08-16,Багет,3.0,Тото,Saturday,Хлеб,Активный
2025-08-17,Багет,3.0,Тото,Sunday,Хлеб,Активный
2025-08-19,Багет,3.0,Тото,Tuesday,Хлеб,Активный
2025-08-20,Багет,3.0,Тото,Wednesday,Хлеб,Активный
2025-08-21,Багет,3.0,Тото,Thursday,Хлеб,Активный
2025-08-22,Багет,3.0,Тото,Friday,Хлеб,Активный
2025-08-23,Багет,3.0,Тото,Saturday,Хлеб,Активный
2025-08-24,Багет,3.0,Тото,Sunday,Хлеб,Активный
2025-08-25,Багет,3.0,Тото,Monday,Хлеб,Активный
2025-08-26,Багет,3.0,Тото,Tuesday,Хлеб,Активный
2025-08-27,Багет,3.0,Тото,Wednesday,Хлеб,Активный
2025-08-29,Багет,3.0,Тото,Friday,Хлеб,Активный
2025-08-30,Багет,3.0,Тото,Saturday,Хлеб,Активный
2025-08-31,Багет,3.0,Тото,Sunday,Хлеб,Активный
2025-06-23,Бриошь для бургера,3.0,Тото,Monday,Хлеб,пф
2025-06-26,Бриошь для бургера,10.0,Тото,Thursday,Хлеб,пф
2025-06-27,Бриошь для бургера,20.0,Тото,Friday,Хлеб,пф
2025-06-28,Бриошь для бургера,10.0,Тото,Saturday,Хлеб,пф
2025-06-30,Бриошь для бургера,10.0,Тото,Monday,Хлеб,пф
2025-07-01,Бриошь для бургера,10.0,Тото,Tuesday,Хлеб,пф
2025-07-03,Бриошь для бургера,10.0,Тото,Thursday,Хлеб,пф
2025-07-04,Бриошь для бургера,15.0,Тото,Friday,Хлеб,пф
2025-07-05,Бриошь для бургера,15.0,Тото,Saturday,Хлеб,пф
2025-07-06,Бриошь для бургера,10.0,Тото,Sunday,Хлеб,пф
2025-07-09,Бриошь для бургера,10.0,Тото,Wednesday,Хлеб,пф
2025-07-10,Бриошь для бургера,10.0,Тото,Thursday,Хлеб,пф
2025-07-11,Бриошь для бургера,15.0,Тото,Friday,Хлеб,пф
2025-07-12,Бриошь для бургера,15.0,Тото,Saturday,Хлеб,пф
2025-07-13,Бриошь для бургера,15.0,Тото,Sunday,Хлеб,пф
2025-07-14,Бриошь для бургера,10.0,Тото,Monday,Хлеб,пф
2025-07-15,Бриошь для бургера,10.0,Тото,Tuesday,Хлеб,пф
2025-07-16,Бриошь для бургера,10.0,Тото,Wednesday,Хлеб,пф
2025-07-17,Бриошь для бургера,10.0,Тото,Thursday,Хлеб,пф
2025-07-18,Бриошь для бургера,15.0,Тото,Friday,Хлеб,пф
2025-07-19,Бриошь для бургера,15.0,Тото,Saturday,Хлеб,пф
2025-07-23,Бриошь для бургера,10.0,Тото,Wednesday,Хлеб,пф
2025-07-24,Бриошь для бургера,10.0,Тото,Thursday,Хлеб,пф
2025-07-25,Бриошь для бургера,15.0,Тото,Friday,Хлеб,пф
2025-07-26,Бриошь для бургера,15.0,Тото,Saturday,Хлеб,пф
2025-07-27,Бриошь для бургера,10.0,Тото,Sunday,Хлеб,пф
2025-07-28,Бриошь для бургера,10.0,Тото,Monday,Хлеб,пф
2025-07-29,Бриошь для бургера,10.0,Тото,Tuesday,Хлеб,пф
2025-07-30,Бриошь для бургера,10.0,Тото,Wednesday,Хлеб,пф
2025-07-31,Бриошь для бургера,10.0,Тото,Thursday,Хлеб,пф
2025-08-01,Бриошь для бургера,10.0,Тото,Friday,Хлеб,пф
2025-08-02,Бриошь для бургера,15.0,Тото,Saturday,Хлеб,пф
2025-08-03,Бриошь для бургера,15.0,Тото,Sunday,Хлеб,пф
2025-08-04,Бриошь для бургера,10.0,Тото,Monday,Хлеб,пф
2025-08-05,Бриошь для бургера,10.0,Тото,Tuesday,Хлеб,пф
2025-08-06,Бриошь для бургера,10.0,Тото,Wednesday,Хлеб,пф
2025-08-07,Бриошь для бургера,10.0,Тото,Thursday,Хлеб,пф
2025-08-08,Бриошь для бургера,10.0,Тото,Friday,Хлеб,пф
2025-08-09,Бриошь для бургера,10.0,Тото,Saturday,Хлеб,пф
2025-06-01,"Тартин 1,5",5.0,Эрна,Sunday,Хлеб,Активный
2025-06-02,"Тартин 1,5",4.0,Эрна,Monday,Хлеб,Активный
2025-06-03,"Тартин 1,5",4.0,Эрна,Tuesday,Хлеб,Активный
2025-06-04,"Тартин 1,5",5.0,Эрна,Wednesday,Хлеб,Активный
2025-06-05,"Тартин 1,5",5.0,Эрна,Thursday,Хлеб,Активный
2025-06-06,"Тартин 1,5",5.0,Эрна,Friday,Хлеб,Активный
2025-06-07,"Тартин 1,5",5.0,Эрна,Saturday,Хлеб,Активный
2025-06-08,"Тартин 1,5",5.0,Эрна,Sunday,Хлеб,Активный
2025-06-09,"Тартин 1,5",4.0,Эрна,Monday,Хлеб,Активный
2025-06-10,"Тартин 1,5",4.0,Эрна,Tuesday,Хлеб,Активный
2025-06-11,"Тартин 1,5",2.0,Эрна,Wednesday,Хлеб,Активный
2025-06-12,"Тартин 1,5",4.0,Эрна,Thursday,Хлеб,Активный
2025-06-13,"Тартин 1,5",4.0,Эрна,Friday,Хлеб,Активный
2025-06-14,"Тартин 1,5",4.0,Эрна,Saturday,Хлеб,Активный
2025-06-15,"Тартин 1,5",4.0,Эрна,Sunday,Хлеб,Активный
2025-06-16,"Тартин 1,5",3.0,Эрна,Monday,Хлеб,Активный
2025-06-17,"Тартин 1,5",3.0,Эрна,Tuesday,Хлеб,Активный
2025-06-18,"Тартин 1,5",4.0,Эрна,Wednesday,Хлеб,Активный
2025-06-19,"Тартин 1,5",3.0,Эрна,Thursday,Хлеб,Активный
2025-06-20,"Тартин 1,5",4.0,Эрна,Friday,Хлеб,Активный
2025-06-21,"Тартин 1,5",4.0,Эрна,Saturday,Хлеб,Активный
2025-06-22,"Тартин 1,5",5.0,Эрна,Sunday,Хлеб,Активный
2025-06-23,"Тартин 1,5",4.0,Эрна,Monday,Хлеб,Активный
2025-06-24,"Тартин 1,5",5.0,Эрна,Tuesday,Хлеб,Активный
2025-06-25,"Тартин 1,5",4.0,Эрна,Wednesday,Хлеб,Активный
2025-06-26,"Тартин 1,5",5.0,Эрна,Thursday,Хлеб,Активный
2025-06-27,"Тартин 1,5",5.0,Эрна,Friday,Хлеб,Активный
2025-06-28,"Тартин 1,5",5.0,Эрна,Saturday,Хлеб,Активный
2025-06-29,"Тартин 1,5",4.0,Эрна,Sunday,Хлеб,Активный
2025-06-30,"Тартин 1,5",3.0,Эрна,Monday,Хлеб,Активный
2025-07-01,"Тартин 1,5",5.0,Эрна,Tuesday,Хлеб,Активный
2025-07-02,"Тартин 1,5",5.0,Эрна,Wednesday,Хлеб,Активный
2025-07-03,"Тартин 1,5",5.0,Эрна,Thursday,Хлеб,Активный
2025-07-04,"Тартин 1,5",6.0,Эрна,Friday,Хлеб,Активный
2025-07-05,"Тартин 1,5",7.0,Эрна,Saturday,Хлеб,Активный
2025-07-06,"Тартин 1,5",9.0,Эрна,Sunday,Хлеб,Активный
2025-07-08,"Тартин 1,5",5.0,Эрна,Tuesday,Хлеб,Активный
2025-07-09,"Тартин 1,5",6.0,Эрна,Wednesday,Хлеб,Активный
2025-07-10,"Тартин 1,5",5.0,Эрна,Thursday,Хлеб,Активный
2025-07-11,"Тартин 1,5",6.0,Эрна,Friday,Хлеб,Активный
2025-07-12,"Тартин 1,5",7.0,Эрна,Saturday,Хлеб,Активный
2025-07-13,"Тартин 1,5",7.0,Эрна,Sunday,Хлеб,Активный
2025-07-14,"Тартин 1,5",3.0,Эрна,Monday,Хлеб,Активный
2025-07-16,"Тартин 1,5",5.0,Эрна,Wednesday,Хлеб,Активный
2025-07-17,"Тартин 1,5",6.0,Эрна,Thursday,Хлеб,Активный
2025-07-18,"Тартин 1,5",6.0,Эрна,Friday,Хлеб,Активный
2025-07-20,"Тартин 1,5",4.0,Эрна,Sunday,Хлеб,Активный
2025-07-21,"Тартин 1,5",3.0,Эрна,Monday,Хлеб,Активный
2025-07-22,"Тартин 1,5",3.0,Эрна,Tuesday,Хлеб,Активный
2025-07-23,"Тартин 1,5",3.0,Эрна,Wednesday,Хлеб,Активный
2025-07-24,"Тартин 1,5",4.0,Эрна,Thursday,Хлеб,Активный
2025-07-25,"Тартин 1,5",5.0,Эрна,Friday,Хлеб,Активный
2025-07-26,"Тартин 1,5",6.0,Эрна,Saturday,Хлеб,Активный
2025-07-27,"Тартин 1,5",4.0,Эрна,Sunday,Хлеб,Активный
2025-07-28,"Тартин 1,5",3.0,Эрна,Monday,Хлеб,Активный
2025-07-29,"Тартин 1,5",4.0,Эрна,Tuesday,Хлеб,Активный
2025-07-30,"Тартин 1,5",3.0,Эрна,Wednesday,Хлеб,Активный
2025-07-31,"Тартин 1,5",4.0,Эрна,Thursday,Хлеб,Активный
2025-08-01,"Тартин 1,5",4.0,Эрна,Friday,Хлеб,Активный
2025-08-02,"Тартин 1,5",5.0,Эрна,Saturday,Хлеб,Активный
2025-08-03,"Тартин 1,5",4.0,Эрна,Sunday,Хлеб,Активный
2025-08-04,"Тартин 1,5",3.0,Эрна,Monday,Хлеб,Активный
2025-08-06,"Тартин 1,5",5.0,Эрна,Wednesday,Хлеб,Активный
2025-08-07,"Тартин 1,5",3.0,Эрна,Thursday,Хлеб,Активный
2025-08-08,"Тартин 1,5",5.0,Эрна,Friday,Хлеб,Активный
2025-08-09,"Тартин 1,5",5.0,Эрна,Saturday,Хлеб,Активный
2025-08-10,"Тартин 1,5",5.0,Эрна,Sunday,Хлеб,Активный
2025-08-11,"Тартин 1,5",3.0,Эрна,Monday,Хлеб,Активный
2025-08-12,"Тартин 1,5",4.0,Эрна,Tuesday,Хлеб,Активный
2025-08-13,"Тартин 1,5",4.0,Эрна,Wednesday,Хлеб,Активный
2025-08-14,"Тартин 1,5",5.0,Эрна,Thursday,Хлеб,Активный
2025-08-15,"Тартин 1,5",5.0,Эрна,Friday,Хлеб,Активный
2025-08-16,"Тартин 1,5",5.0,Эрна,Saturday,Хлеб,Активный
2025-08-17,"Тартин 1,5",5.0,Эрна,Sunday,Хлеб,Активный
2025-08-19,"Тартин 1,5",4.0,Эрна,Tuesday,Хлеб,Активный
2025-08-20,"Тартин 1,5",4.0,Эрна,Wednesday,Хлеб,Активный
2025-08-21,"Тартин 1,5",4.0,Эрна,Thursday,Хлеб,Активный
2025-08-22,"Тартин 1,5",6.0,Эрна,Friday,Хлеб,Активный
2025-08-23,"Тартин 1,5",6.0,Эрна,Saturday,Хлеб,Активный
2025-08-24,"Тартин 1,5",6.0,Эрна,Sunday,Хлеб,Активный
2025-08-25,"Тартин 1,5",3.0,Эрна,Monday,Хлеб,Активный
2025-08-26,"Тартин 1,5",4.0,Эрна,Tuesday,Хлеб,Активный
2025-08-27,"Тартин 1,5",4.0,Эрна,Wednesday,Хлеб,Активный
2025-08-28,"Тартин 1,5",4.0,Эрна,Thursday,Хлеб,Активный
2025-08-29,"Тартин 1,5",5.0,Эрна,Friday,Хлеб,Активный
2025-08-30,"Тартин 1,5",6.0,Эрна,Saturday,Хлеб,Активный
2025-08-31,"Тартин 1,5",5.0,Эрна,Sunday,Хлеб,Активный
2025-06-01,Булка с корицей,16.0,Эрна,Sunday,Булки,Активный
2025-06-02,Булка с корицей,10.0,Эрна,Monday,Булки,Активный
2025-06-03,Булка с корицей,12.0,Эрна,Tuesday,Булки,Активный
2025-06-04,Булка с корицей,12.0,Эрна,Wednesday,Булки,Активный
2025-06-05,Булка с корицей,12.0,Эрна,Thursday,Булки,Активный
2025-06-06,Булка с корицей,12.0,Эрна,Friday,Булки,Активный
2025-06-07,Булка с корицей,16.0,Эрна,Saturday,Булки,Активный
2025-06-08,Булка с корицей,16.0,Эрна,Sunday,Булки,Активный
2025-06-09,Булка с корицей,10.0,Эрна,Monday,Булки,Активный
2025-06-10,Булка с корицей,10.0,Эрна,Tuesday,Булки,Активный
2025-06-11,Булка с корицей,10.0,Эрна,Wednesday,Булки,Активный
2025-06-12,Булка с корицей,12.0,Эрна,Thursday,Булки,Активный
2025-06-13,Булка с корицей,13.0,Эрна,Friday,Булки,Активный
2025-06-14,Булка с корицей,15.0,Эрна,Saturday,Булки,Активный
2025-06-15,Булка с корицей,15.0,Эрна,Sunday,Булки,Активный
2025-06-16,Булка с корицей,10.0,Эрна,Monday,Булки,Активный
2025-06-17,Булка с корицей,12.0,Эрна,Tuesday,Булки,Активный
2025-06-18,Булка с корицей,12.0,Эрна,Wednesday,Булки,Активный
2025-06-19,Булка с корицей,12.0,Эрна,Thursday,Булки,Активный
2025-06-20,Булка с корицей,13.0,Эрна,Friday,Булки,Активный
2025-06-21,Булка с корицей,15.0,Эрна,Saturday,Булки,Активный
2025-06-22,Булка с корицей,15.0,Эрна,Sunday,Булки,Активный
2025-06-23,Булка с корицей,10.0,Эрна,Monday,Булки,Активный
2025-06-24,Булка с корицей,12.0,Эрна,Tuesday,Булки,Активный
2025-06-25,Булка с корицей,12.0,Эрна,Wednesday,Булки,Активный
2025-06-26,Булка с корицей,12.0,Эрна,Thursday,Булки,Активный
2025-06-27,Булка с корицей,13.0,Эрна,Friday,Булки,Активный
2025-06-28,Булка с корицей,15.0,Эрна,Saturday,Булки,Активный
2025-06-29,Булка с корицей,15.0,Эрна,Sunday,Булки,Активный
2025-06-30,Булка с корицей,10.0,Эрна,Monday,Булки,Активный
2025-07-01,Булка с корицей,12.0,Эрна,Tuesday,Булки,Активный
2025-07-02,Булка с корицей,14.0,Эрна,Wednesday,Булки,Активный
2025-07-03,Булка с корицей,14.0,Эрна,Thursday,Булки,Активный
2025-07-04,Булка с корицей,15.0,Эрна,Friday,Булки,Активный
2025-07-05,Булка с корицей,17.0,Эрна,Saturday,Булки,Активный
2025-07-06,Булка с корицей,17.0,Эрна,Sunday,Булки,Активный
2025-07-08,Булка с корицей,12.0,Эрна,Tuesday,Булки,Активный
2025-07-09,Булка с корицей,12.0,Эрна,Wednesday,Булки,Активный
2025-07-10,Булка с корицей,14.0,Эрна,Thursday,Булки,Активный
2025-07-11,Булка с корицей,15.0,Эрна,Friday,Булки,Активный
2025-07-12,Булка с корицей,15.0,Эрна,Saturday,Булки,Активный
2025-07-13,Булка с корицей,15.0,Эрна,Sunday,Булки,Активный
2025-07-14,Булка с корицей,10.0,Эрна,Monday,Булки,Активный
2025-07-15,Булка с корицей,12.0,Эрна,Tuesday,Булки,Активный
2025-07-16,Булка с корицей,12.0,Эрна,Wednesday,Булки,Активный
2025-07-17,Булка с корицей,12.0,Эрна,Thursday,Булки,Активный
2025-07-18,Булка с корицей,12.0,Эрна,Friday,Булки,Активный
2025-07-20,Булка с корицей,14.0,Эрна,Sunday,Булки,Активный
2025-07-21,Булка с корицей,10.0,Эрна,Monday,Булки,Активный
2025-07-22,Булка с корицей,12.0,Эрна,Tuesday,Булки,Активный
2025-07-23,Булка с корицей,12.0,Эрна,Wednesday,Булки,Активный
2025-07-24,Булка с корицей,12.0,Эрна,Thursday,Булки,Активный
2025-07-25,Булка с корицей,13.0,Эрна,Friday,Булки,Активный
2025-07-26,Булка с корицей,15.0,Эрна,Saturday,Булки,Активный
2025-07-27,Булка с корицей,15.0,Эрна,Sunday,Булки,Активный
2025-07-28,Булка с корицей,10.0,Эрна,Monday,Булки,Активный
2025-07-29,Булка с корицей,10.0,Эрна,Tuesday,Булки,Активный
2025-07-30,Булка с корицей,12.0,Эрна,Wednesday,Булки,Активный
2025-07-31,Булка с корицей,12.0,Эрна,Thursday,Булки,Активный
2025-08-01,Булка с корицей,13.0,Эрна,Friday,Булки,Активный
2025-08-02,Булка с корицей,15.0,Эрна,Saturday,Булки,Активный
2025-08-04,Булка с корицей,8.0,Эрна,Monday,Булки,Активный
2025-08-06,Булка с корицей,10.0,Эрна,Wednesday,Булки,Активный
2025-08-07,Булка с корицей,11.0,Эрна,Thursday,Булки,Активный
2025-08-08,Булка с корицей,12.0,Эрна,Friday,Булки,Активный
2025-08-09,Булка с корицей,14.0,Эрна,Saturday,Булки,Активный
2025-08-10,Булка с корицей,14.0,Эрна,Sunday,Булки,Активный
2025-08-11,Булка с корицей,8.0,Эрна,Monday,Булки,Активный
2025-08-12,Булка с корицей,10.0,Эрна,Tuesday,Булки,Активный
2025-08-13,Булка с корицей,11.0,Эрна,Wednesday,Булки,Активный
2025-08-14,Булка с корицей,12.0,Эрна,Thursday,Булки,Активный
2025-08-15,Булка с корицей,13.0,Эрна,Friday,Булки,Активный
2025-08-16,Булка с корицей,14.0,Эрна,Saturday,Булки,Активный
2025-08-17,Булка с корицей,14.0,Эрна,Sunday,Булки,Активный
2025-08-19,Булка с корицей,12.0,Эрна,Tuesday,Булки,Активный
2025-08-20,Булка с корицей,12.0,Эрна,Wednesday,Булки,Активный
2025-08-21,Булка с корицей,13.0,Эрна,Thursday,Булки,Активный
2025-08-22,Булка с корицей,13.0,Эрна,Friday,Булки,Активный
2025-08-23,Булка с корицей,15.0,Эрна,Saturday,Булки,Активный
2025-08-24,Булка с корицей,15.0,Эрна,Sunday,Булки,Активный
2025-08-25,Булка с корицей,10.0,Эрна,Monday,Булки,Активный
2025-08-26,Булка с корицей,12.0,Эрна,Tuesday,Булки,Активный
2025-08-27,Булка с корицей,13.0,Эрна,Wednesday,Булки,Активный
2025-08-28,Булка с корицей,13.0,Эрна,Thursday,Булки,Активный
2025-08-29,Булка с корицей,13.0,Эрна,Friday,Булки,Активный
2025-08-30,Булка с корицей,13.0,Эрна,Saturday,Булки,Активный
2025-08-31,Булка с корицей,13.0,Эрна,Sunday,Булки,Активный
2025-06-01,Круассан 75г,7.0,Эрна,Sunday,Выпечка,Активный
2025-06-02,Круассан 75г,4.0,Эрна,Monday,Выпечка,Активный
2025-06-03,Круассан 75г,5.0,Эрна,Tuesday,Выпечка,Активный
2025-06-04,Круассан 75г,5.0,Эрна,Wednesday,Выпечка,Активный
2025-06-05,Круассан 75г,5.0,Эрна,Thursday,Выпечка,Активный
2025-06-06,Круассан 75г,5.0,Эрна,Friday,Выпечка,Активный
2025-06-07,Круассан 75г,7.0,Эрна,Saturday,Выпечка,Активный
2025-06-08,Круассан 75г,7.0,Эрна,Sunday,Выпечка,Активный
2025-06-09,Круассан 75г,5.0,Эрна,Monday,Выпечка,Активный
2025-06-10,Круассан 75г,5.0,Эрна,Tuesday,Выпечка,Активный
2025-06-11,Круассан 75г,5.0,Эрна,Wednesday,Выпечка,Активный
2025-06-12,Круассан 75г,5.0,Эрна,Thursday,Выпечка,Активный
2025-06-13,Круассан 75г,6.0,Эрна,Friday,Выпечка,Активный
2025-06-14,Круассан 75г,8.0,Эрна,Saturday,Выпечка,Активный
2025-06-15,Круассан 75г,8.0,Эрна,Sunday,Выпечка,Активный
2025-06-16,Круассан 75г,5.0,Эрна,Monday,Выпечка,Активный
2025-06-17,Круассан 75г,6.0,Эрна,Tuesday,Выпечка,Активный
2025-06-18,Круассан 75г,5.0,Эрна,Wednesday,Выпечка,Активный
2025-06-19,Круассан 75г,6.0,Эрна,Thursday,Выпечка,Активный
2025-06-20,Круассан 75г,6.0,Эрна,Friday,Выпечка,Активный
2025-06-21,Круассан 75г,8.0,Эрна,Saturday,Выпечка,Активный
2025-06-22,Круассан 75г,15.0,Эрна,Sunday,Выпечка,Активный
2025-06-23,Круассан 75г,7.0,Эрна,Monday,Выпечка,Активный
2025-06-24,Круассан 75г,8.0,Эрна,Tuesday,Выпечка,Активный
2025-06-25,Круассан 75г,8.0,Эрна,Wednesday,Выпечка,Активный
2025-06-26,Круассан 75г,8.0,Эрна,Thursday,Выпечка,Активный
2025-06-27,Круассан 75г,8.0,Эрна,Friday,Выпечка,Активный
2025-06-28,Круассан 75г,20.0,Эрна,Saturday,Выпечка,Активный
2025-06-29,Круассан 75г,20.0,Эрна,Sunday,Выпечка,Активный
2025-06-30,Круассан 75г,6.0,Эрна,Monday,Выпечка,Активный
2025-07-01,Круассан 75г,7.0,Эрна,Tuesday,Выпечка,Активный
2025-07-02,Круассан 75г,8.0,Эрна,Wednesday,Выпечка,Активный
2025-07-03,Круассан 75г,8.0,Эрна,Thursday,Выпечка,Активный
2025-07-04,Круассан 75г,10.0,Эрна,Friday,Выпечка,Активный
2025-07-05,Круассан 75г,23.0,Эрна,Saturday,Выпечка,Активный
2025-07-06,Круассан 75г,23.0,Эрна,Sunday,Выпечка,Активный
2025-07-08,Круассан 75г,8.0,Эрна,Tuesday,Выпечка,Активный
2025-07-09,Круассан 75г,8.0,Эрна,Wednesday,Выпечка,Активный
2025-07-10,Круассан 75г,8.0,Эрна,Thursday,Выпечка,Активный
2025-07-11,Круассан 75г,10.0,Эрна,Friday,Выпечка,Активный
2025-07-12,Круассан 75г,23.0,Эрна,Saturday,Выпечка,Активный
2025-07-13,Круассан 75г,23.0,Эрна,Sunday,Выпечка,Активный
2025-07-14,Круассан 75г,7.0,Эрна,Monday,Выпечка,Активный
2025-07-15,Круассан 75г,8.0,Эрна,Tuesday,Выпечка,Активный
2025-07-16,Круассан 75г,8.0,Эрна,Wednesday,Выпечка,Активный
2025-07-17,Круассан 75г,8.0,Эрна,Thursday,Выпечка,Активный
2025-07-18,Круассан 75г,8.0,Эрна,Friday,Выпечка,Активный
2025-07-20,Круассан 75г,16.0,Эрна,Sunday,Выпечка,Активный
2025-07-21,Круассан 75г,7.0,Эрна,Monday,Выпечка,Активный
2025-07-22,Круассан 75г,8.0,Эрна,Tuesday,Выпечка,Активный
2025-07-23,Круассан 75г,8.0,Эрна,Wednesday,Выпечка,Активный
2025-07-24,Круассан 75г,8.0,Эрна,Thursday,Выпечка,Активный
2025-07-25,Круассан 75г,8.0,Эрна,Friday,Выпечка,Активный
2025-07-26,Круассан 75г,16.0,Эрна,Saturday,Выпечка,Активный
2025-07-27,Круассан 75г,16.0,Эрна,Sunday,Выпечка,Активный
2025-07-28,Круассан 75г,7.0,Эрна,Monday,Выпечка,Активный
2025-07-29,Круассан 75г,7.0,Эрна,Tuesday,Выпечка,Активный
2025-07-30,Круассан 75г,7.0,Эрна,Wednesday,Выпечка,Активный
2025-07-31,Круассан 75г,7.0,Эрна,Thursday,Выпечка,Активный
2025-08-01,Круассан 75г,7.0,Эрна,Friday,Выпечка,Активный
2025-08-02,Круассан 75г,15.0,Эрна,Saturday,Выпечка,Активный
2025-08-03,Круассан 75г,15.0,Эрна,Sunday,Выпечка,Активный
2025-08-04,Круассан 75г,6.0,Эрна,Monday,Выпечка,Активный
2025-08-06,Круассан 75г,7.0,Эрна,Wednesday,Выпечка,Активный
2025-08-07,Круассан 75г,8.0,Эрна,Thursday,Выпечка,Активный
2025-08-08,Круассан 75г,8.0,Эрна,Friday,Выпечка,Активный
2025-08-09,Круассан 75г,15.0,Эрна,Saturday,Выпечка,Активный
2025-08-10,Круассан 75г,15.0,Эрна,Sunday,Выпечка,Активный
2025-08-11,Круассан 75г,6.0,Эрна,Monday,Выпечка,Активный
2025-08-12,Круассан 75г,7.0,Эрна,Tuesday,Выпечка,Активный
2025-08-13,Круассан 75г,8.0,Эрна,Wednesday,Выпечка,Активный
2025-08-14,Круассан 75г,8.0,Эрна,Thursday,Выпечка,Активный
2025-08-15,Круассан 75г,8.0,Эрна,Friday,Выпечка,Активный
2025-08-16,Круассан 75г,15.0,Эрна,Saturday,Выпечка,Активный
2025-08-17,Круассан 75г,15.0,Эрна,Sunday,Выпечка,Активный
2025-08-19,Круассан 75г,7.0,Эрна,Tuesday,Выпечка,Активный
2025-08-20,Круассан 75г,8.0,Эрна,Wednesday,Выпечка,Активный
2025-08-21,Круассан 75г,8.0,Эрна,Thursday,Выпечка,Активный
2025-08-22,Круассан 75г,8.0,Эрна,Friday,Выпечка,Активный
2025-08-23,Круассан 75г,15.0,Эрна,Saturday,Выпечка,Активный
2025-08-24,Круассан 75г,15.0,Эрна,Sunday,Выпечка,Активный
2025-08-25,Круассан 75г,6.0,Эрна,Monday,Выпечка,Активный
2025-08-26,Круассан 75г,7.0,Эрна,Tuesday,Выпечка,Активный
2025-08-27,Круассан 75г,7.0,Эрна,Wednesday,Выпечка,Активный
2025-08-28,Круассан 75г,7.0,Эрна,Thursday,Выпечка,Активный
2025-08-29,Круассан 75г,7.0,Эрна,Friday,Выпечка,Активный
2025-08-30,Круассан 75г,13.0,Эрна,Saturday,Выпечка,Активный
2025-08-31,Круассан 75г,13.0,Эрна,Sunday,Выпечка,Активный
2025-06-01,Фокачча GN 2/3,1.0,Эрна,Sunday,Хлеб,Снят
2025-06-07,Фокачча GN 2/3,2.0,Эрна,Saturday,Хлеб,Снят
2025-06-08,Фокачча GN 2/3,1.0,Эрна,Sunday,Хлеб,Снят
2025-06-12,Фокачча GN 2/3,1.0,Эрна,Thursday,Хлеб,Снят
2025-06-13,Фокачча GN 2/3,1.0,Эрна,Friday,Хлеб,Снят
2025-06-14,Фокачча GN 2/3,2.0,Эрна,Saturday,Хлеб,Снят
2025-06-15,Фокачча GN 2/3,1.0,Эрна,Sunday,Хлеб,Снят
2025-06-01,Гранола грецкий орех-клюква,7.0,Эрна,Sunday,Полуфабрикаты,
2025-06-04,Гранола грецкий орех-клюква,7.0,Эрна,Wednesday,Полуфабрикаты,
2025-06-07,Гранола грецкий орех-клюква,7.0,Эрна,Saturday,Полуфабрикаты,
2025-06-10,Гранола грецкий орех-клюква,7.0,Эрна,Tuesday,Полуфабрикаты,
2025-06-14,Гранола грецкий орех-клюква,7.0,Эрна,Saturday,Полуфабрикаты,
2025-06-17,Гранола грецкий орех-клюква,7.0,Эрна,Tuesday,Полуфабрикаты,
2025-06-20,Гранола грецкий орех-клюква,7.0,Эрна,Friday,Полуфабрикаты,
2025-06-23,Гранола грецкий орех-клюква,7.0,Эрна,Monday,Полуфабрикаты,
2025-06-26,Гранола грецкий орех-клюква,7.0,Эрна,Thursday,Полуфабрикаты,
2025-06-29,Гранола грецкий орех-клюква,7.0,Эрна,Sunday,Полуфабрикаты,
2025-07-01,Гранола грецкий орех-клюква,7.0,Эрна,Tuesday,Полуфабрикаты,
2025-07-03,Гранола грецкий орех-клюква,7.0,Эрна,Thursday,Полуфабрикаты,
2025-07-05,Гранола грецкий орех-клюква,8.0,Эрна,Saturday,Полуфабрикаты,
2025-07-08,Гранола грецкий орех-клюква,7.0,Эрна,Tuesday,Полуфабрикаты,
2025-07-11,Гранола грецкий орех-клюква,8.0,Эрна,Friday,Полуфабрикаты,
2025-07-14,Гранола грецкий орех-клюква,6.0,Эрна,Monday,Полуфабрикаты,
2025-07-17,Гранола грецкий орех-клюква,6.0,Эрна,Thursday,Полуфабрикаты,
2025-07-20,Гранола грецкий орех-клюква,5.0,Эрна,Sunday,Полуфабрикаты,
2025-07-23,Гранола грецкий орех-клюква,6.0,Эрна,Wednesday,Полуфабрикаты,
2025-07-27,Гранола грецкий орех-клюква,7.0,Эрна,Sunday,Полуфабрикаты,
2025-07-30,Гранола грецкий орех-клюква,7.0,Эрна,Wednesday,Полуфабрикаты,
2025-08-02,Гранола грецкий орех-клюква,7.0,Эрна,Saturday,Полуфабрикаты,
2025-08-06,Гранола грецкий орех-клюква,7.0,Эрна,Wednesday,Полуфабрикаты,
2025-08-08,Гранола грецкий орех-клюква,7.0,Эрна,Friday,Полуфабрикаты,
2025-08-11,Гранола грецкий орех-клюква,7.0,Эрна,Monday,Полуфабрикаты,
2025-08-13,Гранола грецкий орех-клюква,7.0,Эрна,Wednesday,Полуфабрикаты,
2025-08-15,Гранола грецкий орех-клюква,8.0,Эрна,Friday,Полуфабрикаты,
2025-08-17,Гранола грецкий орех-клюква,8.0,Эрна,Sunday,Полуфабрикаты,
2025-08-19,Гранола грецкий орех-клюква,8.0,Эрна,Tuesday,Полуфабрикаты,
2025-08-21,Гранола грецкий орех-клюква,9.0,Эрна,Thursday,Полуфабрикаты,
2025-08-23,Гранола грецкий орех-клюква,9.0,Эрна,Saturday,Полуфабрикаты,
2025-08-25,Гранола грецкий орех-клюква,7.0,Эрна,Monday,Полуфабрикаты,
2025-08-27,Гранола грецкий орех-клюква,7.0,Эрна,Wednesday,Полуфабрикаты,
2025-08-30,Гранола грецкий орех-клюква,5.0,Эрна,Saturday,Полуфабрикаты,
2025-06-01,Запеканка на рисовой муке без сахара в форме,5.0,Эрна,Sunday,Полуфабрикаты,Снят
2025-06-03,Запеканка на рисовой муке без сахара в форме,5.0,Эрна,Tuesday,Полуфабрикаты,Снят
2025-06-06,Запеканка на рисовой муке без сахара в форме,5.0,Эрна,Friday,Полуфабрикаты,Снят
2025-06-08,Запеканка на рисовой муке без сахара в форме,5.0,Эрна,Sunday,Полуфабрикаты,Снят
2025-06-11,Запеканка на рисовой муке без сахара в форме,5.0,Эрна,Wednesday,Полуфабрикаты,Снят
2025-06-16,Запеканка на рисовой муке без сахара в форме,6.0,Эрна,Monday,Полуфабрикаты,Снят
2025-06-19,Запеканка на рисовой муке без сахара в форме,6.0,Эрна,Thursday,Полуфабрикаты,Снят
2025-06-22,Запеканка на рисовой муке без сахара в форме,6.0,Эрна,Sunday,Полуфабрикаты,Снят
2025-06-01,Morning bun цедра - кардамон,6.0,Эрна,Sunday,Выпечка,Снят
2025-06-07,Morning bun цедра - кардамон,6.0,Эрна,Saturday,Выпечка,Снят
2025-06-08,Morning bun цедра - кардамон,6.0,Эрна,Sunday,Выпечка,Снят
2025-06-14,Morning bun цедра - кардамон,9.0,Эрна,Saturday,Выпечка,Снят
2025-06-15,Morning bun цедра - кардамон,9.0,Эрна,Sunday,Выпечка,Снят
2025-06-21,Morning bun цедра - кардамон,18.0,Эрна,Saturday,Выпечка,Снят
2025-06-22,Morning bun цедра - кардамон,9.0,Эрна,Sunday,Выпечка,Снят
2025-06-28,Morning bun цедра - кардамон,9.0,Эрна,Saturday,Выпечка,Снят
2025-06-29,Morning bun цедра - кардамон,9.0,Эрна,Sunday,Выпечка,Снят
2025-07-05,Morning bun цедра - кардамон,12.0,Эрна,Saturday,Выпечка,Снят
2025-07-06,Morning bun цедра - кардамон,12.0,Эрна,Sunday,Выпечка,Снят
2025-07-12,Morning bun цедра - кардамон,12.0,Эрна,Saturday,Выпечка,Снят
2025-07-13,Morning bun цедра - кардамон,12.0,Эрна,Sunday,Выпечка,Снят
2025-07-20,Morning bun цедра - кардамон,12.0,Эрна,Sunday,Выпечка,Снят
2025-07-26,Morning bun цедра - кардамон,12.0,Эрна,Saturday,Выпечка,Снят
2025-07-27,Morning bun цедра - кардамон,12.0,Эрна,Sunday,Выпечка,Снят
2025-08-02,Morning bun цедра - кардамон,13.0,Эрна,Saturday,Выпечка,Снят
2025-08-03,Morning bun цедра - кардамон,13.0,Эрна,Sunday,Выпечка,Снят
2025-08-09,Morning bun цедра - кардамон,12.0,Эрна,Saturday,Выпечка,Снят
2025-08-10,Morning bun цедра - кардамон,12.0,Эрна,Sunday,Выпечка,Снят
2025-08-16,Morning bun цедра - кардамон,12.0,Эрна,Saturday,Выпечка,Снят
2025-08-17,Morning bun цедра - кардамон,12.0,Эрна,Sunday,Выпечка,Снят
2025-08-23,Morning bun цедра - кардамон,12.0,Эрна,Saturday,Выпечка,Снят
2025-08-24,Morning bun цедра - кардамон,12.0,Эрна,Sunday,Выпечка,Снят
2025-08-30,Morning bun цедра - кардамон,12.0,Эрна,Saturday,Выпечка,Снят
2025-08-31,Morning bun цедра - кардамон,12.0,Эрна,Sunday,Выпечка,Снят
2025-06-01,Шу мини ваниль,10.0,Эрна,Sunday,Десерты,Снят
2025-06-07,Шу мини ваниль,10.0,Эрна,Saturday,Десерты,Снят
2025-06-08,Шу мини ваниль,10.0,Эрна,Sunday,Десерты,Снят
2025-06-14,Шу мини ваниль,10.0,Эрна,Saturday,Десерты,Снят
2025-06-15,Шу мини ваниль,15.0,Эрна,Sunday,Десерты,Снят
2025-06-21,Шу мини ваниль,10.0,Эрна,Saturday,Десерты,Снят
2025-06-22,Шу мини ваниль,10.0,Эрна,Sunday,Десерты,Снят
2025-06-28,Шу мини ваниль,10.0,Эрна,Saturday,Десерты,Снят
2025-06-29,Шу мини ваниль,10.0,Эрна,Sunday,Десерты,Снят
2025-07-05,Шу мини ваниль,12.0,Эрна,Saturday,Десерты,Снят
2025-07-06,Шу мини ваниль,12.0,Эрна,Sunday,Десерты,Снят
2025-07-12,Шу мини ваниль,12.0,Эрна,Saturday,Десерты,Снят
2025-07-13,Шу мини ваниль,12.0,Эрна,Sunday,Десерты,Снят
2025-07-20,Шу мини ваниль,12.0,Эрна,Sunday,Десерты,Снят
2025-07-26,Шу мини ваниль,12.0,Эрна,Saturday,Десерты,Снят
2025-07-27,Шу мини ваниль,12.0,Эрна,Sunday,Десерты,Снят
2025-08-02,Шу мини ваниль,13.0,Эрна,Saturday,Десерты,Снят
2025-08-03,Шу мини ваниль,13.0,Эрна,Sunday,Десерты,Снят
2025-08-09,Шу мини ваниль,12.0,Эрна,Saturday,Десерты,Снят
2025-08-10,Шу мини ваниль,12.0,Эрна,Sunday,Десерты,Снят
2025-08-16,Шу мини ваниль,12.0,Эрна,Saturday,Десерты,Снят
2025-08-17,Шу мини ваниль,12.0,Эрна,Sunday,Десерты,Снят
2025-08-23,Шу мини ваниль,12.0,Эрна,Saturday,Десерты,Снят
2025-08-24,Шу мини ваниль,12.0,Эрна,Sunday,Десерты,Снят
2025-08-30,Шу мини ваниль,12.0,Эрна,Saturday,Десерты,Снят
2025-08-31,Шу мини ваниль,12.0,Эрна,Sunday,Десерты,Снят
2025-06-01,Амман с цедрой лайма,0.0,Салют,Sunday,Выпечка,
2025-06-02,Амман с цедрой лайма,0.0,Салют,Monday,Выпечка,
2025-06-03,Амман с цедрой лайма,0.0,Салют,Tuesday,Выпечка,
2025-06-04,Амман с цедрой лайма,0.0,Салют,Wednesday,Выпечка,
2025-06-05,Амман с цедрой лайма,0.0,Салют,Thursday,Выпечка,
2025-06-06,Амман с цедрой лайма,0.0,Салют,Friday,Выпечка,
2025-06-07,Амман с цедрой лайма,0.0,Салют,Saturday,Выпечка,
2025-06-08,Амман с цедрой лайма,0.0,Салют,Sunday,Выпечка,
2025-06-09,Амман с цедрой лайма,0.0,Салют,Monday,Выпечка,
2025-06-10,Амман с цедрой лайма,0.0,Салют,Tuesday,Выпечка,
2025-06-11,Амман с цедрой лайма,0.0,Салют,Wednesday,Выпечка,
2025-06-12,Амман с цедрой лайма,0.0,Салют,Thursday,Выпечка,
2025-06-13,Амман с цедрой лайма,0.0,Салют,Friday,Выпечка,
2025-06-14,Амман с цедрой лайма,0.0,Салют,Saturday,Выпечка,
2025-06-15,Амман с цедрой лайма,0.0,Салют,Sunday,Выпечка,
2025-06-16,Амман с цедрой лайма,0.0,Салют,Monday,Выпечка,
2025-06-17,Амман с цедрой лайма,0.0,Салют,Tuesday,Выпечка,
2025-06-18,Амман с цедрой лайма,0.0,Салют,Wednesday,Выпечка,
2025-06-19,Амман с цедрой лайма,0.0,Салют,Thursday,Выпечка,
2025-06-20,Амман с цедрой лайма,0.0,Салют,Friday,Выпечка,
2025-06-21,Амман с цедрой лайма,0.0,Салют,Saturday,Выпечка,
2025-06-22,Амман с цедрой лайма,0.0,Салют,Sunday,Выпечка,
2025-06-23,Амман с цедрой лайма,0.0,Салют,Monday,Выпечка,
2025-06-24,Амман с цедрой лайма,0.0,Салют,Tuesday,Выпечка,
2025-06-25,Амман с цедрой лайма,0.0,Салют,Wednesday,Выпечка,
2025-06-26,Амман с цедрой лайма,0.0,Салют,Thursday,Выпечка,
2025-06-27,Амман с цедрой лайма,0.0,Салют,Friday,Выпечка,
2025-06-28,Амман с цедрой лайма,0.0,Салют,Saturday,Выпечка,
2025-06-29,Амман с цедрой лайма,0.0,Салют,Sunday,Выпечка,
2025-06-30,Амман с цедрой лайма,0.0,Салют,Monday,Выпечка,
2025-07-01,Амман с цедрой лайма,0.0,Салют,Tuesday,Выпечка,
2025-07-02,Амман с цедрой лайма,0.0,Салют,Wednesday,Выпечка,
2025-07-03,Амман с цедрой лайма,0.0,Салют,Thursday,Выпечка,
2025-07-04,Амман с цедрой лайма,0.0,Салют,Friday,Выпечка,
2025-07-05,Амман с цедрой лайма,0.0,Салют,Saturday,Выпечка,
2025-07-06,Амман с цедрой лайма,0.0,Салют,Sunday,Выпечка,
2025-07-07,Амман с цедрой лайма,0.0,Салют,Monday,Выпечка,
2025-07-08,Амман с цедрой лайма,0.0,Салют,Tuesday,Выпечка,
2025-07-09,Амман с цедрой лайма,0.0,Салют,Wednesday,Выпечка,
2025-07-10,Амман с цедрой лайма,0.0,Салют,Thursday,Выпечка,
2025-07-11,Амман с цедрой лайма,0.0,Салют,Friday,Выпечка,
2025-07-12,Амман с цедрой лайма,0.0,Салют,Saturday,Выпечка,
2025-07-13,Амман с цедрой лайма,0.0,Салют,Sunday,Выпечка,
2025-07-14,Амман с цедрой лайма,0.0,Салют,Monday,Выпечка,
2025-07-15,Амман с цедрой лайма,0.0,Салют,Tuesday,Выпечка,
2025-07-16,Амман с цедрой лайма,0.0,Салют,Wednesday,Выпечка,
2025-07-17,Амман с цедрой лайма,0.0,Салют,Thursday,Выпечка,
2025-07-18,Амман с цедрой лайма,0.0,Салют,Friday,Выпечка,
2025-07-19,Амман с цедрой лайма,0.0,Салют,Saturday,Выпечка,
2025-07-20,Амман с цедрой лайма,0.0,Салют,Sunday,Выпечка,
2025-07-21,Амман с цедрой лайма,0.0,Салют,Monday,Выпечка,
2025-07-22,Амман с цедрой лайма,0.0,Салют,Tuesday,Выпечка,
2025-07-23,Амман с цедрой лайма,0.0,Салют,Wednesday,Выпечка,
2025-07-24,Амман с цедрой лайма,0.0,Салют,Thursday,Выпечка,
2025-07-25,Амман с цедрой лайма,0.0,Салют,Friday,Выпечка,
2025-07-26,Амман с цедрой лайма,0.0,Салют,Saturday,Выпечка,
2025-07-27,Амман с цедрой лайма,0.0,Салют,Sunday,Выпечка,
2025-07-28,Амман с цедрой лайма,0.0,Салют,Monday,Выпечка,
2025-07-29,Амман с цедрой лайма,0.0,Салют,Tuesday,Выпечка,
2025-07-30,Амман с цедрой лайма,0.0,Салют,Wednesday,Выпечка,
2025-07-31,Амман с цедрой лайма,0.0,Салют,Thursday,Выпечка,
2025-08-01,Амман с цедрой лайма,0.0,Салют,Friday,Выпечка,
2025-08-02,Амман с цедрой лайма,0.0,Салют,Saturday,Выпечка,
2025-08-03,Амман с цедрой лайма,0.0,Салют,Sunday,Выпечка,
2025-08-04,Амман с цедрой лайма,0.0,Салют,Monday,Выпечка,
2025-08-05,Амман с цедрой лайма,0.0,Салют,Tuesday,Выпечка,
2025-08-06,Амман с цедрой лайма,0.0,Салют,Wednesday,Выпечка,
2025-08-07,Амман с цедрой лайма,0.0,Салют,Thursday,Выпечка,
2025-08-08,Амман с цедрой лайма,0.0,Салют,Friday,Выпечка,
2025-08-09,Амман с цедрой лайма,0.0,Салют,Saturday,Выпечка,
2025-08-10,Амман с цедрой лайма,0.0,Салют,Sunday,Выпечка,
2025-08-11,Амман с цедрой лайма,0.0,Салют,Monday,Выпечка,
2025-08-12,Амман с цедрой лайма,0.0,Салют,Tuesday,Выпечка,
2025-08-13,Амман с цедрой лайма,0.0,Салют,Wednesday,Выпечка,
2025-08-14,Амман с цедрой лайма,0.0,Салют,Thursday,Выпечка,
2025-08-15,Амман с цедрой лайма,0.0,Салют,Friday,Выпечка,
2025-08-16,Амман с цедрой лайма,0.0,Салют,Saturday,Выпечка,
2025-08-17,Амман с цедрой лайма,0.0,Салют,Sunday,Выпечка,
2025-08-18,Амман с цедрой лайма,0.0,Салют,Monday,Выпечка,
2025-08-19,Амман с цедрой лайма,0.0,Салют,Tuesday,Выпечка,
2025-08-20,Амман с цедрой лайма,0.0,Салют,Wednesday,Выпечка,
2025-08-21,Амман с цедрой лайма,0.0,Салют,Thursday,Выпечка,
2025-08-22,Амман с цедрой лайма,0.0,Салют,Friday,Выпечка,
2025-08-23,Амман с цедрой лайма,0.0,Салют,Saturday,Выпечка,
2025-08-24,Амман с цедрой лайма,0.0,Салют,Sunday,Выпечка,
2025-08-25,Амман с цедрой лайма,0.0,Салют,Monday,Выпечка,
2025-08-26,Амман с цедрой лайма,0.0,Салют,Tuesday,Выпечка,
2025-08-27,Амман с цедрой лайма,0.0,Салют,Wednesday,Выпечка,
2025-08-28,Амман с цедрой лайма,0.0,Салют,Thursday,Выпечка,
2025-08-29,Амман с цедрой лайма,0.0,Салют,Friday,Выпечка,
2025-08-30,Амман с цедрой лайма,0.0,Салют,Saturday,Выпечка,
2025-08-31,Амман с цедрой лайма,0.0,Салют,Sunday,Выпечка,
2025-06-01,Бабка Корица,2.0,Салют,Sunday,Выпечка,Снят
2025-06-02,Бабка Корица,0.0,Салют,Monday,Выпечка,Снят
2025-06-03,Бабка Корица,0.0,Салют,Tuesday,Выпечка,Снят
2025-06-04,Бабка Корица,0.0,Салют,Wednesday,Выпечка,Снят
2025-06-05,Бабка Корица,0.0,Салют,Thursday,Выпечка,Снят
2025-06-06,Бабка Корица,0.0,Салют,Friday,Выпечка,Снят
2025-06-07,Бабка Корица,2.0,Салют,Saturday,Выпечка,Снят
2025-06-08,Бабка Корица,2.0,Салют,Sunday,Выпечка,Снят
2025-06-09,Бабка Корица,0.0,Салют,Monday,Выпечка,Снят
2025-06-10,Бабка Корица,0.0,Салют,Tuesday,Выпечка,Снят
2025-06-11,Бабка Корица,0.0,Салют,Wednesday,Выпечка,Снят
2025-06-12,Бабка Корица,0.0,Салют,Thursday,Выпечка,Снят
2025-06-13,Бабка Корица,0.0,Салют,Friday,Выпечка,Снят
2025-06-14,Бабка Корица,0.0,Салют,Saturday,Выпечка,Снят
2025-06-15,Бабка Корица,0.0,Салют,Sunday,Выпечка,Снят
2025-06-16,Бабка Корица,0.0,Салют,Monday,Выпечка,Снят
2025-06-17,Бабка Корица,0.0,Салют,Tuesday,Выпечка,Снят
2025-06-18,Бабка Корица,0.0,Салют,Wednesday,Выпечка,Снят
2025-06-19,Бабка Корица,0.0,Салют,Thursday,Выпечка,Снят
2025-06-20,Бабка Корица,0.0,Салют,Friday,Выпечка,Снят
2025-06-21,Бабка Корица,0.0,Салют,Saturday,Выпечка,Снят
2025-06-22,Бабка Корица,0.0,Салют,Sunday,Выпечка,Снят
2025-06-23,Бабка Корица,0.0,Салют,Monday,Выпечка,Снят
2025-06-24,Бабка Корица,0.0,Салют,Tuesday,Выпечка,Снят
2025-06-25,Бабка Корица,0.0,Салют,Wednesday,Выпечка,Снят
2025-06-26,Бабка Корица,0.0,Салют,Thursday,Выпечка,Снят
2025-06-27,Бабка Корица,0.0,Салют,Friday,Выпечка,Снят
2025-06-28,Бабка Корица,1.0,Салют,Saturday,Выпечка,Снят
2025-06-29,Бабка Корица,1.0,Салют,Sunday,Выпечка,Снят
2025-06-30,Бабка Корица,0.0,Салют,Monday,Выпечка,Снят
2025-07-01,Бабка Корица,0.0,Салют,Tuesday,Выпечка,Снят
2025-07-02,Бабка Корица,3.0,Салют,Wednesday,Выпечка,Снят
2025-07-03,Бабка Корица,0.0,Салют,Thursday,Выпечка,Снят
2025-07-04,Бабка Корица,0.0,Салют,Friday,Выпечка,Снят
2025-07-05,Бабка Корица,4.0,Салют,Saturday,Выпечка,Снят
2025-07-06,Бабка Корица,1.0,Салют,Sunday,Выпечка,Снят
2025-07-07,Бабка Корица,0.0,Салют,Monday,Выпечка,Снят
2025-07-08,Бабка Корица,0.0,Салют,Tuesday,Выпечка,Снят
2025-07-09,Бабка Корица,0.0,Салют,Wednesday,Выпечка,Снят
2025-07-10,Бабка Корица,0.0,Салют,Thursday,Выпечка,Снят
2025-07-11,Бабка Корица,0.0,Салют,Friday,Выпечка,Снят
2025-07-12,Бабка Корица,1.0,Салют,Saturday,Выпечка,Снят
2025-07-13,Бабка Корица,1.0,Салют,Sunday,Выпечка,Снят
2025-07-14,Бабка Корица,1.0,Салют,Monday,Выпечка,Снят
2025-07-15,Бабка Корица,0.0,Салют,Tuesday,Выпечка,Снят
2025-07-16,Бабка Корица,0.0,Салют,Wednesday,Выпечка,Снят
2025-07-17,Бабка Корица,0.0,Салют,Thursday,Выпечка,Снят
2025-07-18,Бабка Корица,0.0,Салют,Friday,Выпечка,Снят
2025-07-19,Бабка Корица,1.0,Салют,Saturday,Выпечка,Снят
2025-07-20,Бабка Корица,2.0,Салют,Sunday,Выпечка,Снят
2025-07-21,Бабка Корица,0.0,Салют,Monday,Выпечка,Снят
2025-07-22,Бабка Корица,0.0,Салют,Tuesday,Выпечка,Снят
2025-07-23,Бабка Корица,0.0,Салют,Wednesday,Выпечка,Снят
2025-07-24,Бабка Корица,0.0,Салют,Thursday,Выпечка,Снят
2025-07-25,Бабка Корица,0.0,Салют,Friday,Выпечка,Снят
2025-07-26,Бабка Корица,2.0,Салют,Saturday,Выпечка,Снят
2025-07-27,Бабка Корица,1.0,Салют,Sunday,Выпечка,Снят
2025-07-28,Бабка Корица,0.0,Салют,Monday,Выпечка,Снят
2025-07-29,Бабка Корица,0.0,Салют,Tuesday,Выпечка,Снят
2025-07-30,Бабка Корица,0.0,Салют,Wednesday,Выпечка,Снят
2025-07-31,Бабка Корица,0.0,Салют,Thursday,Выпечка,Снят
2025-08-01,Бабка Корица,0.0,Салют,Friday,Выпечка,Снят
2025-08-02,Бабка Корица,1.0,Салют,Saturday,Выпечка,Снят
2025-08-03,Бабка Корица,1.0,Салют,Sunday,Выпечка,Снят
2025-08-04,Бабка Корица,1.0,Салют,Monday,Выпечка,Снят
2025-08-05,Бабка Корица,0.0,Салют,Tuesday,Выпечка,Снят
2025-08-06,Бабка Корица,0.0,Салют,Wednesday,Выпечка,Снят
2025-08-07,Бабка Корица,0.0,Салют,Thursday,Выпечка,Снят
2025-08-08,Бабка Корица,1.0,Салют,Friday,Выпечка,Снят
2025-08-09,Бабка Корица,0.0,Салют,Saturday,Выпечка,Снят
2025-08-10,Бабка Корица,1.0,Салют,Sunday,Выпечка,Снят
2025-08-11,Бабка Корица,0.0,Салют,Monday,Выпечка,Снят
2025-08-12,Бабка Корица,1.0,Салют,Tuesday,Выпечка,Снят
2025-08-13,Бабка Корица,0.0,Салют,Wednesday,Выпечка,Снят
2025-08-14,Бабка Корица,0.0,Салют,Thursday,Выпечка,Снят
2025-08-15,Бабка Корица,0.0,Салют,Friday,Выпечка,Снят
2025-08-16,Бабка Корица,1.0,Салют,Saturday,Выпечка,Снят
2025-08-17,Бабка Корица,0.0,Салют,Sunday,Выпечка,Снят
2025-08-18,Бабка Корица,0.0,Салют,Monday,Выпечка,Снят
2025-08-19,Бабка Корица,1.0,Салют,Tuesday,Выпечка,Снят
2025-08-20,Бабка Корица,0.0,Салют,Wednesday,Выпечка,Снят
2025-08-21,Бабка Корица,0.0,Салют,Thursday,Выпечка,Снят
2025-08-22,Бабка Корица,0.0,Салют,Friday,Выпечка,Снят
2025-08-23,Бабка Корица,1.0,Салют,Saturday,Выпечка,Снят
2025-08-24,Бабка Корица,1.0,Салют,Sunday,Выпечка,Снят
2025-08-25,Бабка Корица,0.0,Салют,Monday,Выпечка,Снят
2025-08-26,Бабка Корица,0.0,Салют,Tuesday,Выпечка,Снят
2025-08-27,Бабка Корица,0.0,Салют,Wednesday,Выпечка,Снят
2025-08-28,Бабка Корица,0.0,Салют,Thursday,Выпечка,Снят
2025-08-29,Бабка Корица,0.0,Салют,Friday,Выпечка,Снят
2025-08-30,Бабка Корица,1.0,Салют,Saturday,Выпечка,Снят
2025-08-31,Бабка Корица,1.0,Салют,Sunday,Выпечка,Снят
2025-06-01,Бабка корица и карамель,0.0,Салют,Sunday,Выпечка,Активный
2025-06-02,Бабка корица и карамель,0.0,Салют,Monday,Выпечка,Активный
2025-06-03,Бабка корица и карамель,0.0,Салют,Tuesday,Выпечка,Активный
2025-06-04,Бабка корица и карамель,0.0,Салют,Wednesday,Выпечка,Активный
2025-06-05,Бабка корица и карамель,0.0,Салют,Thursday,Выпечка,Активный
2025-06-06,Бабка корица и карамель,0.0,Салют,Friday,Выпечка,Активный
2025-06-07,Бабка корица и карамель,0.0,Салют,Saturday,Выпечка,Активный
2025-06-08,Бабка корица и карамель,0.0,Салют,Sunday,Выпечка,Активный
2025-06-09,Бабка корица и карамель,0.0,Салют,Monday,Выпечка,Активный
2025-06-10,Бабка корица и карамель,0.0,Салют,Tuesday,Выпечка,Активный
2025-06-11,Бабка корица и карамель,0.0,Салют,Wednesday,Выпечка,Активный
2025-06-12,Бабка корица и карамель,0.0,Салют,Thursday,Выпечка,Активный
2025-06-13,Бабка корица и карамель,0.0,Салют,Friday,Выпечка,Активный
2025-06-14,Бабка корица и карамель,0.0,Салют,Saturday,Выпечка,Активный
2025-06-15,Бабка корица и карамель,0.0,Салют,Sunday,Выпечка,Активный
2025-06-16,Бабка корица и карамель,0.0,Салют,Monday,Выпечка,Активный
2025-06-17,Бабка корица и карамель,0.0,Салют,Tuesday,Выпечка,Активный
2025-06-18,Бабка корица и карамель,0.0,Салют,Wednesday,Выпечка,Активный
2025-06-19,Бабка корица и карамель,0.0,Салют,Thursday,Выпечка,Активный
2025-06-20,Бабка корица и карамель,0.0,Салют,Friday,Выпечка,Активный
2025-06-21,Бабка корица и карамель,0.0,Салют,Saturday,Выпечка,Активный
2025-06-22,Бабка корица и карамель,0.0,Салют,Sunday,Выпечка,Активный
2025-06-23,Бабка корица и карамель,0.0,Салют,Monday,Выпечка,Активный
2025-06-24,Бабка корица и карамель,0.0,Салют,Tuesday,Выпечка,Активный
2025-06-25,Бабка корица и карамель,0.0,Салют,Wednesday,Выпечка,Активный
2025-06-26,Бабка корица и карамель,0.0,Салют,Thursday,Выпечка,Активный
2025-06-27,Бабка корица и карамель,0.0,Салют,Friday,Выпечка,Активный
2025-06-28,Бабка корица и карамель,0.0,Салют,Saturday,Выпечка,Активный
2025-06-29,Бабка корица и карамель,0.0,Салют,Sunday,Выпечка,Активный
2025-06-30,Бабка корица и карамель,0.0,Салют,Monday,Выпечка,Активный
2025-07-01,Бабка корица и карамель,0.0,Салют,Tuesday,Выпечка,Активный
2025-07-02,Бабка корица и карамель,0.0,Салют,Wednesday,Выпечка,Активный
2025-07-03,Бабка корица и карамель,0.0,Салют,Thursday,Выпечка,Активный
2025-07-04,Бабка корица и карамель,0.0,Салют,Friday,Выпечка,Активный
2025-07-05,Бабка корица и карамель,0.0,Салют,Saturday,Выпечка,Активный
2025-07-06,Бабка корица и карамель,0.0,Салют,Sunday,Выпечка,Активный
2025-07-07,Бабка корица и карамель,0.0,Салют,Monday,Выпечка,Активный
2025-07-08,Бабка корица и карамель,0.0,Салют,Tuesday,Выпечка,Активный
2025-07-09,Бабка корица и карамель,0.0,Салют,Wednesday,Выпечка,Активный
2025-07-10,Бабка корица и карамель,0.0,Салют,Thursday,Выпечка,Активный
2025-07-11,Бабка корица и карамель,0.0,Салют,Friday,Выпечка,Активный
2025-07-12,Бабка корица и карамель,0.0,Салют,Saturday,Выпечка,Активный
2025-07-13,Бабка корица и карамель,0.0,Салют,Sunday,Выпечка,Активный
2025-07-14,Бабка корица и карамель,0.0,Салют,Monday,Выпечка,Активный
2025-07-15,Бабка корица и карамель,0.0,Салют,Tuesday,Выпечка,Активный
2025-07-16,Бабка корица и карамель,0.0,Салют,Wednesday,Выпечка,Активный
2025-07-17,Бабка корица и карамель,0.0,Салют,Thursday,Выпечка,Активный
2025-07-18,Бабка корица и карамель,0.0,Салют,Friday,Выпечка,Активный
2025-07-19,Бабка корица и карамель,0.0,Салют,Saturday,Выпечка,Активный
2025-07-20,Бабка корица и карамель,0.0,Салют,Sunday,Выпечка,Активный
2025-07-21,Бабка корица и карамель,0.0,Салют,Monday,Выпечка,Активный
2025-07-22,Бабка корица и карамель,0.0,Салют,Tuesday,Выпечка,Активный
2025-07-23,Бабка корица и карамель,0.0,Салют,Wednesday,Выпечка,Активный
2025-07-24,Бабка корица и карамель,0.0,Салют,Thursday,Выпечка,Активный
2025-07-25,Бабка корица и карамель,0.0,Салют,Friday,Выпечка,Активный
2025-07-26,Бабка корица и карамель,0.0,Салют,Saturday,Выпечка,Активный
2025-07-27,Бабка корица и карамель,0.0,Салют,Sunday,Выпечка,Активный
2025-07-28,Бабка корица и карамель,0.0,Салют,Monday,Выпечка,Активный
2025-07-29,Бабка корица и карамель,0.0,Салют,Tuesday,Выпечка,Активный
2025-07-30,Бабка корица и карамель,0.0,Салют,Wednesday,Выпечка,Активный
2025-07-31,Бабка корица и карамель,0.0,Салют,Thursday,Выпечка,Активный
2025-08-01,Бабка корица и карамель,0.0,Салют,Friday,Выпечка,Активный
2025-08-02,Бабка корица и карамель,0.0,Салют,Saturday,Выпечка,Активный
2025-08-03,Бабка корица и карамель,0.0,Салют,Sunday,Выпечка,Активный
2025-08-04,Бабка корица и карамель,0.0,Салют,Monday,Выпечка,Активный
2025-08-05,Бабка корица и карамель,0.0,Салют,Tuesday,Выпечка,Активный
2025-08-06,Бабка корица и карамель,0.0,Салют,Wednesday,Выпечка,Активный
2025-08-07,Бабка корица и карамель,0.0,Салют,Thursday,Выпечка,Активный
2025-08-08,Бабка корица и карамель,0.0,Салют,Friday,Выпечка,Активный
2025-08-09,Бабка корица и карамель,0.0,Салют,Saturday,Выпечка,Активный
2025-08-10,Бабка корица и карамель,0.0,Салют,Sunday,Выпечка,Активный
2025-08-11,Бабка корица и карамель,0.0,Салют,Monday,Выпечка,Активный
2025-08-12,Бабка корица и карамель,0.0,Салют,Tuesday,Выпечка,Активный
2025-08-13,Бабка корица и карамель,0.0,Салют,Wednesday,Выпечка,Активный
2025-08-14,Бабка корица и карамель,0.0,Салют,Thursday,Выпечка,Активный
2025-08-15,Бабка корица и карамель,0.0,Салют,Friday,Выпечка,Активный
2025-08-16,Бабка корица и карамель,0.0,Салют,Saturday,Выпечка,Активный
2025-08-17,Бабка корица и карамель,0.0,Салют,Sunday,Выпечка,Активный
2025-08-18,Бабка корица и карамель,0.0,Салют,Monday,Выпечка,Активный
2025-08-19,Бабка корица и карамель,0.0,Салют,Tuesday,Выпечка,Активный
2025-08-20,Бабка корица и карамель,0.0,Салют,Wednesday,Выпечка,Активный
2025-08-21,Бабка корица и карамель,0.0,Салют,Thursday,Выпечка,Активный
2025-08-22,Бабка корица и карамель,0.0,Салют,Friday,Выпечка,Активный
2025-08-23,Бабка корица и карамель,0.0,Салют,Saturday,Выпечка,Активный
2025-08-24,Бабка корица и карамель,0.0,Салют,Sunday,Выпечка,Активный
2025-08-25,Бабка корица и карамель,0.0,Салют,Monday,Выпечка,Активный
2025-08-26,Бабка корица и карамель,0.0,Салют,Tuesday,Выпечка,Активный
2025-08-27,Бабка корица и карамель,0.0,Салют,Wednesday,Выпечка,Активный
2025-08-28,Бабка корица и карамель,0.0,Салют,Thursday,Выпечка,Активный
2025-08-29,Бабка корица и карамель,0.0,Салют,Friday,Выпечка,Активный
2025-08-30,Бабка корица и карамель,0.0,Салют,Saturday,Выпечка,Активный
2025-08-31,Бабка корица и карамель,0.0,Салют,Sunday,Выпечка,Активный
2025-06-01,Бабка Мак,0.0,Салют,Sunday,Выпечка,Активный
2025-06-02,Бабка Мак,0.0,Салют,Monday,Выпечка,Активный
2025-06-03,Бабка Мак,0.0,Салют,Tuesday,Выпечка,Активный
2025-06-04,Бабка Мак,0.0,Салют,Wednesday,Выпечка,Активный
2025-06-05,Бабка Мак,0.0,Салют,Thursday,Выпечка,Активный
2025-06-06,Бабка Мак,0.0,Салют,Friday,Выпечка,Активный
2025-06-07,Бабка Мак,0.0,Салют,Saturday,Выпечка,Активный
2025-06-08,Бабка Мак,0.0,Салют,Sunday,Выпечка,Активный
2025-06-09,Бабка Мак,0.0,Салют,Monday,Выпечка,Активный
2025-06-10,Бабка Мак,0.0,Салют,Tuesday,Выпечка,Активный
2025-06-11,Бабка Мак,0.0,Салют,Wednesday,Выпечка,Активный
2025-06-12,Бабка Мак,0.0,Салют,Thursday,Выпечка,Активный
2025-06-13,Бабка Мак,0.0,Салют,Friday,Выпечка,Активный
2025-06-14,Бабка Мак,0.0,Салют,Saturday,Выпечка,Активный
2025-06-15,Бабка Мак,0.0,Салют,Sunday,Выпечка,Активный
2025-06-16,Бабка Мак,0.0,Салют,Monday,Выпечка,Активный
2025-06-17,Бабка Мак,0.0,Салют,Tuesday,Выпечка,Активный
2025-06-18,Бабка Мак,0.0,Салют,Wednesday,Выпечка,Активный
2025-06-19,Бабка Мак,0.0,Салют,Thursday,Выпечка,Активный
2025-06-20,Бабка Мак,0.0,Салют,Friday,Выпечка,Активный
2025-06-21,Бабка Мак,0.0,Салют,Saturday,Выпечка,Активный
2025-06-22,Бабка Мак,0.0,Салют,Sunday,Выпечка,Активный
2025-06-23,Бабка Мак,0.0,Салют,Monday,Выпечка,Активный
2025-06-24,Бабка Мак,0.0,Салют,Tuesday,Выпечка,Активный
2025-06-25,Бабка Мак,0.0,Салют,Wednesday,Выпечка,Активный
2025-06-26,Бабка Мак,0.0,Салют,Thursday,Выпечка,Активный
2025-06-27,Бабка Мак,0.0,Салют,Friday,Выпечка,Активный
2025-06-28,Бабка Мак,0.0,Салют,Saturday,Выпечка,Активный
2025-06-29,Бабка Мак,0.0,Салют,Sunday,Выпечка,Активный
2025-06-30,Бабка Мак,0.0,Салют,Monday,Выпечка,Активный
2025-07-01,Бабка Мак,0.0,Салют,Tuesday,Выпечка,Активный
2025-07-02,Бабка Мак,0.0,Салют,Wednesday,Выпечка,Активный
2025-07-03,Бабка Мак,0.0,Салют,Thursday,Выпечка,Активный
2025-07-04,Бабка Мак,0.0,Салют,Friday,Выпечка,Активный
2025-07-05,Бабка Мак,0.0,Салют,Saturday,Выпечка,Активный
2025-07-06,Бабка Мак,0.0,Салют,Sunday,Выпечка,Активный
2025-07-07,Бабка Мак,0.0,Салют,Monday,Выпечка,Активный
2025-07-08,Бабка Мак,0.0,Салют,Tuesday,Выпечка,Активный
2025-07-09,Бабка Мак,0.0,Салют,Wednesday,Выпечка,Активный
2025-07-10,Бабка Мак,0.0,Салют,Thursday,Выпечка,Активный
2025-07-11,Бабка Мак,0.0,Салют,Friday,Выпечка,Активный
2025-07-12,Бабка Мак,0.0,Салют,Saturday,Выпечка,Активный
2025-07-13,Бабка Мак,0.0,Салют,Sunday,Выпечка,Активный
2025-07-14,Бабка Мак,0.0,Салют,Monday,Выпечка,Активный
2025-07-15,Бабка Мак,0.0,Салют,Tuesday,Выпечка,Активный
2025-07-16,Бабка Мак,0.0,Салют,Wednesday,Выпечка,Активный
2025-07-17,Бабка Мак,0.0,Салют,Thursday,Выпечка,Активный
2025-07-18,Бабка Мак,0.0,Салют,Friday,Выпечка,Активный
2025-07-19,Бабка Мак,0.0,Салют,Saturday,Выпечка,Активный
2025-07-20,Бабка Мак,0.0,Салют,Sunday,Выпечка,Активный
2025-07-21,Бабка Мак,0.0,Салют,Monday,Выпечка,Активный
2025-07-22,Бабка Мак,0.0,Салют,Tuesday,Выпечка,Активный
2025-07-23,Бабка Мак,0.0,Салют,Wednesday,Выпечка,Активный
2025-07-24,Бабка Мак,0.0,Салют,Thursday,Выпечка,Активный
2025-07-25,Бабка Мак,0.0,Салют,Friday,Выпечка,Активный
2025-07-26,Бабка Мак,0.0,Салют,Saturday,Выпечка,Активный
2025-07-27,Бабка Мак,0.0,Салют,Sunday,Выпечка,Активный
2025-07-28,Бабка Мак,0.0,Салют,Monday,Выпечка,Активный
2025-07-29,Бабка Мак,0.0,Салют,Tuesday,Выпечка,Активный
2025-07-30,Бабка Мак,0.0,Салют,Wednesday,Выпечка,Активный
2025-07-31,Бабка Мак,0.0,Салют,Thursday,Выпечка,Активный
2025-08-01,Бабка Мак,0.0,Салют,Friday,Выпечка,Активный
2025-08-02,Бабка Мак,0.0,Салют,Saturday,Выпечка,Активный
2025-08-03,Бабка Мак,0.0,Салют,Sunday,Выпечка,Активный
2025-08-04,Бабка Мак,0.0,Салют,Monday,Выпечка,Активный
2025-08-05,Бабка Мак,0.0,Салют,Tuesday,Выпечка,Активный
2025-08-06,Бабка Мак,0.0,Салют,Wednesday,Выпечка,Активный
2025-08-07,Бабка Мак,0.0,Салют,Thursday,Выпечка,Активный
2025-08-08,Бабка Мак,0.0,Салют,Friday,Выпечка,Активный
2025-08-09,Бабка Мак,0.0,Салют,Saturday,Выпечка,Активный
2025-08-10,Бабка Мак,0.0,Салют,Sunday,Выпечка,Активный
2025-08-11,Бабка Мак,0.0,Салют,Monday,Выпечка,Активный
2025-08-12,Бабка Мак,0.0,Салют,Tuesday,Выпечка,Активный
2025-08-13,Бабка Мак,0.0,Салют,Wednesday,Выпечка,Активный
2025-08-14,Бабка Мак,0.0,Салют,Thursday,Выпечка,Активный
2025-08-15,Бабка Мак,0.0,Салют,Friday,Выпечка,Активный
2025-08-16,Бабка Мак,0.0,Салют,Saturday,Выпечка,Активный
2025-08-17,Бабка Мак,0.0,Салют,Sunday,Выпечка,Активный
2025-08-18,Бабка Мак,0.0,Салют,Monday,Выпечка,Активный
2025-08-19,Бабка Мак,0.0,Салют,Tuesday,Выпечка,Активный
2025-08-20,Бабка Мак,0.0,Салют,Wednesday,Выпечка,Активный
2025-08-21,Бабка Мак,0.0,Салют,Thursday,Выпечка,Активный
2025-08-22,Бабка Мак,0.0,Салют,Friday,Выпечка,Активный
2025-08-23,Бабка Мак,0.0,Салют,Saturday,Выпечка,Активный
2025-08-24,Бабка Мак,0.0,Салют,Sunday,Выпечка,Активный
2025-08-25,Бабка Мак,0.0,Салют,Monday,Выпечка,Активный
2025-08-26,Бабка Мак,0.0,Салют,Tuesday,Выпечка,Активный
2025-08-27,Бабка Мак,0.0,Салют,Wednesday,Выпечка,Активный
2025-08-28,Бабка Мак,0.0,Салют,Thursday,Выпечка,Активный
2025-08-29,Бабка Мак,0.0,Салют,Friday,Выпечка,Активный
2025-08-30,Бабка Мак,0.0,Салют,Saturday,Выпечка,Активный
2025-08-31,Бабка Мак,0.0,Салют,Sunday,Выпечка,Активный
2025-06-01,Бейгл 100,0.0,Салют,Sunday,Булки,Активный
2025-06-02,Бейгл 100,0.0,Салют,Monday,Булки,Активный
2025-06-03,Бейгл 100,0.0,Салют,Tuesday,Булки,Активный
2025-06-04,Бейгл 100,0.0,Салют,Wednesday,Булки,Активный
2025-06-05,Бейгл 100,0.0,Салют,Thursday,Булки,Активный
2025-06-06,Бейгл 100,0.0,Салют,Friday,Булки,Активный
2025-06-07,Бейгл 100,0.0,Салют,Saturday,Булки,Активный
2025-06-08,Бейгл 100,0.0,Салют,Sunday,Булки,Активный
2025-06-09,Бейгл 100,0.0,Салют,Monday,Булки,Активный
2025-06-10,Бейгл 100,0.0,Салют,Tuesday,Булки,Активный
2025-06-11,Бейгл 100,0.0,Салют,Wednesday,Булки,Активный
2025-06-12,Бейгл 100,0.0,Салют,Thursday,Булки,Активный
2025-06-13,Бейгл 100,0.0,Салют,Friday,Булки,Активный
2025-06-14,Бейгл 100,0.0,Салют,Saturday,Булки,Активный
2025-06-15,Бейгл 100,0.0,Салют,Sunday,Булки,Активный
2025-06-16,Бейгл 100,0.0,Салют,Monday,Булки,Активный
2025-06-17,Бейгл 100,0.0,Салют,Tuesday,Булки,Активный
2025-06-18,Бейгл 100,0.0,Салют,Wednesday,Булки,Активный
2025-06-19,Бейгл 100,0.0,Салют,Thursday,Булки,Активный
2025-06-20,Бейгл 100,0.0,Салют,Friday,Булки,Активный
2025-06-21,Бейгл 100,0.0,Салют,Saturday,Булки,Активный
2025-06-22,Бейгл 100,0.0,Салют,Sunday,Булки,Активный
2025-06-23,Бейгл 100,0.0,Салют,Monday,Булки,Активный
2025-06-24,Бейгл 100,0.0,Салют,Tuesday,Булки,Активный
2025-06-25,Бейгл 100,0.0,Салют,Wednesday,Булки,Активный
2025-06-26,Бейгл 100,0.0,Салют,Thursday,Булки,Активный
2025-06-27,Бейгл 100,0.0,Салют,Friday,Булки,Активный
2025-06-28,Бейгл 100,2.0,Салют,Saturday,Булки,Активный
2025-06-29,Бейгл 100,0.0,Салют,Sunday,Булки,Активный
2025-06-30,Бейгл 100,0.0,Салют,Monday,Булки,Активный
2025-07-01,Бейгл 100,0.0,Салют,Tuesday,Булки,Активный
2025-07-02,Бейгл 100,0.0,Салют,Wednesday,Булки,Активный
2025-07-03,Бейгл 100,0.0,Салют,Thursday,Булки,Активный
2025-07-04,Бейгл 100,0.0,Салют,Friday,Булки,Активный
2025-07-05,Бейгл 100,0.0,Салют,Saturday,Булки,Активный
2025-07-06,Бейгл 100,0.0,Салют,Sunday,Булки,Активный
2025-07-07,Бейгл 100,0.0,Салют,Monday,Булки,Активный
2025-07-08,Бейгл 100,0.0,Салют,Tuesday,Булки,Активный
2025-07-09,Бейгл 100,0.0,Салют,Wednesday,Булки,Активный
2025-07-10,Бейгл 100,0.0,Салют,Thursday,Булки,Активный
2025-07-11,Бейгл 100,0.0,Салют,Friday,Булки,Активный
2025-07-12,Бейгл 100,0.0,Салют,Saturday,Булки,Активный
2025-07-13,Бейгл 100,0.0,Салют,Sunday,Булки,Активный
2025-07-14,Бейгл 100,0.0,Салют,Monday,Булки,Активный
2025-07-15,Бейгл 100,0.0,Салют,Tuesday,Булки,Активный
2025-07-16,Бейгл 100,0.0,Салют,Wednesday,Булки,Активный
2025-07-17,Бейгл 100,0.0,Салют,Thursday,Булки,Активный
2025-07-18,Бейгл 100,0.0,Салют,Friday,Булки,Активный
2025-07-19,Бейгл 100,0.0,Салют,Saturday,Булки,Активный
2025-07-20,Бейгл 100,0.0,Салют,Sunday,Булки,Активный
2025-07-21,Бейгл 100,0.0,Салют,Monday,Булки,Активный
2025-07-22,Бейгл 100,0.0,Салют,Tuesday,Булки,Активный
2025-07-23,Бейгл 100,0.0,Салют,Wednesday,Булки,Активный
2025-07-24,Бейгл 100,0.0,Салют,Thursday,Булки,Активный
2025-07-25,Бейгл 100,0.0,Салют,Friday,Булки,Активный
2025-07-26,Бейгл 100,0.0,Салют,Saturday,Булки,Активный
2025-07-27,Бейгл 100,0.0,Салют,Sunday,Булки,Активный
2025-07-28,Бейгл 100,0.0,Салют,Monday,Булки,Активный
2025-07-29,Бейгл 100,0.0,Салют,Tuesday,Булки,Активный
2025-07-30,Бейгл 100,0.0,Салют,Wednesday,Булки,Активный
2025-07-31,Бейгл 100,0.0,Салют,Thursday,Булки,Активный
2025-08-01,Бейгл 100,0.0,Салют,Friday,Булки,Активный
2025-08-02,Бейгл 100,0.0,Салют,Saturday,Булки,Активный
2025-08-03,Бейгл 100,0.0,Салют,Sunday,Булки,Активный
2025-08-04,Бейгл 100,0.0,Салют,Monday,Булки,Активный
2025-08-05,Бейгл 100,0.0,Салют,Tuesday,Булки,Активный
2025-08-06,Бейгл 100,0.0,Салют,Wednesday,Булки,Активный
2025-08-07,Бейгл 100,0.0,Салют,Thursday,Булки,Активный
2025-08-08,Бейгл 100,0.0,Салют,Friday,Булки,Активный
2025-08-09,Бейгл 100,0.0,Салют,Saturday,Булки,Активный
2025-08-10,Бейгл 100,0.0,Салют,Sunday,Булки,Активный
2025-08-11,Бейгл 100,0.0,Салют,Monday,Булки,Активный
2025-08-12,Бейгл 100,0.0,Салют,Tuesday,Булки,Активный
2025-08-13,Бейгл 100,0.0,Салют,Wednesday,Булки,Активный
2025-08-14,Бейгл 100,0.0,Салют,Thursday,Булки,Активный
2025-08-15,Бейгл 100,0.0,Салют,Friday,Булки,Активный
2025-08-16,Бейгл 100,0.0,Салют,Saturday,Булки,Активный
2025-08-17,Бейгл 100,0.0,Салют,Sunday,Булки,Активный
2025-08-18,Бейгл 100,0.0,Салют,Monday,Булки,Активный
2025-08-19,Бейгл 100,0.0,Салют,Tuesday,Булки,Активный
2025-08-20,Бейгл 100,0.0,Салют,Wednesday,Булки,Активный
2025-08-21,Бейгл 100,0.0,Салют,Thursday,Булки,Активный
2025-08-22,Бейгл 100,0.0,Салют,Friday,Булки,Активный
2025-08-23,Бейгл 100,0.0,Салют,Saturday,Булки,Активный
2025-08-24,Бейгл 100,0.0,Салют,Sunday,Булки,Активный
2025-08-25,Бейгл 100,0.0,Салют,Monday,Булки,Активный
2025-08-26,Бейгл 100,0.0,Салют,Tuesday,Булки,Активный
2025-08-27,Бейгл 100,0.0,Салют,Wednesday,Булки,Активный
2025-08-28,Бейгл 100,0.0,Салют,Thursday,Булки,Активный
2025-08-29,Бейгл 100,0.0,Салют,Friday,Булки,Активный
2025-08-30,Бейгл 100,0.0,Салют,Saturday,Булки,Активный
2025-08-31,Бейгл 100,0.0,Салют,Sunday,Булки,Активный
2025-06-01,Бриошь для бургера,0.0,Салют,Sunday,Хлеб,пф
2025-06-02,Бриошь для бургера,0.0,Салют,Monday,Хлеб,пф
2025-06-03,Бриошь для бургера,0.0,Салют,Tuesday,Хлеб,пф
2025-06-04,Бриошь для бургера,0.0,Салют,Wednesday,Хлеб,пф
2025-06-05,Бриошь для бургера,0.0,Салют,Thursday,Хлеб,пф
2025-06-06,Бриошь для бургера,0.0,Салют,Friday,Хлеб,пф
2025-06-07,Бриошь для бургера,0.0,Салют,Saturday,Хлеб,пф
2025-06-08,Бриошь для бургера,0.0,Салют,Sunday,Хлеб,пф
2025-06-09,Бриошь для бургера,0.0,Салют,Monday,Хлеб,пф
2025-06-10,Бриошь для бургера,0.0,Салют,Tuesday,Хлеб,пф
2025-06-11,Бриошь для бургера,0.0,Салют,Wednesday,Хлеб,пф
2025-06-12,Бриошь для бургера,0.0,Салют,Thursday,Хлеб,пф
2025-06-13,Бриошь для бургера,0.0,Салют,Friday,Хлеб,пф
2025-06-14,Бриошь для бургера,0.0,Салют,Saturday,Хлеб,пф
2025-06-15,Бриошь для бургера,0.0,Салют,Sunday,Хлеб,пф
2025-06-16,Бриошь для бургера,0.0,Салют,Monday,Хлеб,пф
2025-06-17,Бриошь для бургера,0.0,Салют,Tuesday,Хлеб,пф
2025-06-18,Бриошь для бургера,0.0,Салют,Wednesday,Хлеб,пф
2025-06-19,Бриошь для бургера,0.0,Салют,Thursday,Хлеб,пф
2025-06-20,Бриошь для бургера,0.0,Салют,Friday,Хлеб,пф
2025-06-21,Бриошь для бургера,0.0,Салют,Saturday,Хлеб,пф
2025-06-22,Бриошь для бургера,0.0,Салют,Sunday,Хлеб,пф
2025-06-23,Бриошь для бургера,0.0,Салют,Monday,Хлеб,пф
2025-06-24,Бриошь для бургера,0.0,Салют,Tuesday,Хлеб,пф
2025-06-25,Бриошь для бургера,0.0,Салют,Wednesday,Хлеб,пф
2025-06-26,Бриошь для бургера,0.0,Салют,Thursday,Хлеб,пф
2025-06-27,Бриошь для бургера,0.0,Салют,Friday,Хлеб,пф
2025-06-28,Бриошь для бургера,0.0,Салют,Saturday,Хлеб,пф
2025-06-29,Бриошь для бургера,0.0,Салют,Sunday,Хлеб,пф
2025-06-30,Бриошь для бургера,0.0,Салют,Monday,Хлеб,пф
2025-07-01,Бриошь для бургера,0.0,Салют,Tuesday,Хлеб,пф
2025-07-02,Бриошь для бургера,3.0,Салют,Wednesday,Хлеб,пф
2025-07-03,Бриошь для бургера,0.0,Салют,Thursday,Хлеб,пф
2025-07-04,Бриошь для бургера,0.0,Салют,Friday,Хлеб,пф
2025-07-05,Бриошь для бургера,0.0,Салют,Saturday,Хлеб,пф
2025-07-06,Бриошь для бургера,0.0,Салют,Sunday,Хлеб,пф
2025-07-07,Бриошь для бургера,0.0,Салют,Monday,Хлеб,пф
2025-07-08,Бриошь для бургера,3.0,Салют,Tuesday,Хлеб,пф
2025-07-09,Бриошь для бургера,0.0,Салют,Wednesday,Хлеб,пф
2025-07-10,Бриошь для бургера,0.0,Салют,Thursday,Хлеб,пф
2025-07-11,Бриошь для бургера,0.0,Салют,Friday,Хлеб,пф
2025-07-12,Бриошь для бургера,0.0,Салют,Saturday,Хлеб,пф
2025-07-13,Бриошь для бургера,0.0,Салют,Sunday,Хлеб,пф
2025-07-14,Бриошь для бургера,0.0,Салют,Monday,Хлеб,пф
2025-07-15,Бриошь для бургера,0.0,Салют,Tuesday,Хлеб,пф
2025-07-16,Бриошь для бургера,0.0,Салют,Wednesday,Хлеб,пф
2025-07-17,Бриошь для бургера,0.0,Салют,Thursday,Хлеб,пф
2025-07-18,Бриошь для бургера,0.0,Салют,Friday,Хлеб,пф
2025-07-19,Бриошь для бургера,0.0,Салют,Saturday,Хлеб,пф
2025-07-20,Бриошь для бургера,0.0,Салют,Sunday,Хлеб,пф
2025-07-21,Бриошь для бургера,0.0,Салют,Monday,Хлеб,пф
2025-07-22,Бриошь для бургера,0.0,Салют,Tuesday,Хлеб,пф
2025-07-23,Бриошь для бургера,0.0,Салют,Wednesday,Хлеб,пф
2025-07-24,Бриошь для бургера,0.0,Салют,Thursday,Хлеб,пф
2025-07-25,Бриошь для бургера,0.0,Салют,Friday,Хлеб,пф
2025-07-26,Бриошь для бургера,0.0,Салют,Saturday,Хлеб,пф
2025-07-27,Бриошь для бургера,0.0,Салют,Sunday,Хлеб,пф
2025-07-28,Бриошь для бургера,0.0,Салют,Monday,Хлеб,пф
2025-07-29,Бриошь для бургера,0.0,Салют,Tuesday,Хлеб,пф
2025-07-30,Бриошь для бургера,0.0,Салют,Wednesday,Хлеб,пф
2025-07-31,Бриошь для бургера,0.0,Салют,Thursday,Хлеб,пф
2025-08-01,Бриошь для бургера,0.0,Салют,Friday,Хлеб,пф
2025-08-02,Бриошь для бургера,0.0,Салют,Saturday,Хлеб,пф
2025-08-03,Бриошь для бургера,0.0,Салют,Sunday,Хлеб,пф
2025-08-04,Бриошь для бургера,0.0,Салют,Monday,Хлеб,пф
2025-08-05,Бриошь для бургера,0.0,Салют,Tuesday,Хлеб,пф
2025-08-06,Бриошь для бургера,0.0,Салют,Wednesday,Хлеб,пф
2025-08-07,Бриошь для бургера,0.0,Салют,Thursday,Хлеб,пф
2025-08-08,Бриошь для бургера,0.0,Салют,Friday,Хлеб,пф
2025-08-09,Бриошь для бургера,0.0,Салют,Saturday,Хлеб,пф
2025-08-10,Бриошь для бургера,0.0,Салют,Sunday,Хлеб,пф
2025-08-11,Бриошь для бургера,0.0,Салют,Monday,Хлеб,пф
2025-08-12,Бриошь для бургера,0.0,Салют,Tuesday,Хлеб,пф
2025-08-13,Бриошь для бургера,0.0,Салют,Wednesday,Хлеб,пф
2025-08-14,Бриошь для бургера,0.0,Салют,Thursday,Хлеб,пф
2025-08-15,Бриошь для бургера,0.0,Салют,Friday,Хлеб,пф
2025-08-16,Бриошь для бургера,0.0,Салют,Saturday,Хлеб,пф
2025-08-17,Бриошь для бургера,0.0,Салют,Sunday,Хлеб,пф
2025-08-18,Бриошь для бургера,0.0,Салют,Monday,Хлеб,пф
2025-08-19,Бриошь для бургера,0.0,Салют,Tuesday,Хлеб,пф
2025-08-20,Бриошь для бургера,0.0,Салют,Wednesday,Хлеб,пф
2025-08-21,Бриошь для бургера,0.0,Салют,Thursday,Хлеб,пф
2025-08-22,Бриошь для бургера,0.0,Салют,Friday,Хлеб,пф
2025-08-23,Бриошь для бургера,0.0,Салют,Saturday,Хлеб,пф
2025-08-24,Бриошь для бургера,0.0,Салют,Sunday,Хлеб,пф
2025-08-25,Бриошь для бургера,0.0,Салют,Monday,Хлеб,пф
2025-08-26,Бриошь для бургера,0.0,Салют,Tuesday,Хлеб,пф
2025-08-27,Бриошь для бургера,0.0,Салют,Wednesday,Хлеб,пф
2025-08-28,Бриошь для бургера,0.0,Салют,Thursday,Хлеб,пф
2025-08-29,Бриошь для бургера,0.0,Салют,Friday,Хлеб,пф
2025-08-30,Бриошь для бургера,0.0,Салют,Saturday,Хлеб,пф
2025-08-31,Бриошь для бургера,0.0,Салют,Sunday,Хлеб,пф
2025-06-01,Булка с корицей,0.0,Салют,Sunday,Булки,Активный
2025-06-02,Булка с корицей,0.0,Салют,Monday,Булки,Активный
2025-06-03,Булка с корицей,0.0,Салют,Tuesday,Булки,Активный
2025-06-04,Булка с корицей,0.0,Салют,Wednesday,Булки,Активный
2025-06-05,Булка с корицей,0.0,Салют,Thursday,Булки,Активный
2025-06-06,Булка с корицей,0.0,Салют,Friday,Булки,Активный
2025-06-07,Булка с корицей,0.0,Салют,Saturday,Булки,Активный
2025-06-08,Булка с корицей,0.0,Салют,Sunday,Булки,Активный
2025-06-09,Булка с корицей,0.0,Салют,Monday,Булки,Активный
2025-06-10,Булка с корицей,0.0,Салют,Tuesday,Булки,Активный
2025-06-11,Булка с корицей,0.0,Салют,Wednesday,Булки,Активный
2025-06-12,Булка с корицей,0.0,Салют,Thursday,Булки,Активный
2025-06-13,Булка с корицей,0.0,Салют,Friday,Булки,Активный
2025-06-14,Булка с корицей,0.0,Салют,Saturday,Булки,Активный
2025-06-15,Булка с корицей,0.0,Салют,Sunday,Булки,Активный
2025-06-16,Булка с корицей,0.0,Салют,Monday,Булки,Активный
2025-06-17,Булка с корицей,0.0,Салют,Tuesday,Булки,Активный
2025-06-18,Булка с корицей,0.0,Салют,Wednesday,Булки,Активный
2025-06-19,Булка с корицей,0.0,Салют,Thursday,Булки,Активный
2025-06-20,Булка с корицей,0.0,Салют,Friday,Булки,Активный
2025-06-21,Булка с корицей,0.0,Салют,Saturday,Булки,Активный
2025-06-22,Булка с корицей,0.0,Салют,Sunday,Булки,Активный
2025-06-23,Булка с корицей,0.0,Салют,Monday,Булки,Активный
2025-06-24,Булка с корицей,0.0,Салют,Tuesday,Булки,Активный
2025-06-25,Булка с корицей,0.0,Салют,Wednesday,Булки,Активный
2025-06-26,Булка с корицей,0.0,Салют,Thursday,Булки,Активный
2025-06-27,Булка с корицей,0.0,Салют,Friday,Булки,Активный
2025-06-28,Булка с корицей,0.0,Салют,Saturday,Булки,Активный
2025-06-29,Булка с корицей,0.0,Салют,Sunday,Булки,Активный
2025-06-30,Булка с корицей,0.0,Салют,Monday,Булки,Активный
2025-07-01,Булка с корицей,0.0,Салют,Tuesday,Булки,Активный
2025-07-02,Булка с корицей,0.0,Салют,Wednesday,Булки,Активный
2025-07-03,Булка с корицей,0.0,Салют,Thursday,Булки,Активный
2025-07-04,Булка с корицей,0.0,Салют,Friday,Булки,Активный
2025-07-05,Булка с корицей,0.0,Салют,Saturday,Булки,Активный
2025-07-06,Булка с корицей,0.0,Салют,Sunday,Булки,Активный
2025-07-07,Булка с корицей,0.0,Салют,Monday,Булки,Активный
2025-07-08,Булка с корицей,0.0,Салют,Tuesday,Булки,Активный
2025-07-09,Булка с корицей,0.0,Салют,Wednesday,Булки,Активный
2025-07-10,Булка с корицей,0.0,Салют,Thursday,Булки,Активный
2025-07-11,Булка с корицей,0.0,Салют,Friday,Булки,Активный
2025-07-12,Булка с корицей,0.0,Салют,Saturday,Булки,Активный
2025-07-13,Булка с корицей,0.0,Салют,Sunday,Булки,Активный
2025-07-14,Булка с корицей,0.0,Салют,Monday,Булки,Активный
2025-07-15,Булка с корицей,0.0,Салют,Tuesday,Булки,Активный
2025-07-16,Булка с корицей,0.0,Салют,Wednesday,Булки,Активный
2025-07-17,Булка с корицей,0.0,Салют,Thursday,Булки,Активный
2025-07-18,Булка с корицей,0.0,Салют,Friday,Булки,Активный
2025-07-19,Булка с корицей,0.0,Салют,Saturday,Булки,Активный
2025-07-20,Булка с корицей,0.0,Салют,Sunday,Булки,Активный
2025-07-21,Булка с корицей,0.0,Салют,Monday,Булки,Активный
2025-07-22,Булка с корицей,0.0,Салют,Tuesday,Булки,Активный
2025-07-23,Булка с корицей,0.0,Салют,Wednesday,Булки,Активный
2025-07-24,Булка с корицей,0.0,Салют,Thursday,Булки,Активный
2025-07-25,Булка с корицей,0.0,Салют,Friday,Булки,Активный
2025-07-26,Булка с корицей,0.0,Салют,Saturday,Булки,Активный
2025-07-27,Булка с корицей,0.0,Салют,Sunday,Булки,Активный
2025-07-28,Булка с корицей,0.0,Салют,Monday,Булки,Активный
2025-07-29,Булка с корицей,0.0,Салют,Tuesday,Булки,Активный
2025-07-30,Булка с корицей,0.0,Салют,Wednesday,Булки,Активный
2025-07-31,Булка с корицей,0.0,Салют,Thursday,Булки,Активный
2025-08-01,Булка с корицей,0.0,Салют,Friday,Булки,Активный
2025-08-02,Булка с корицей,0.0,Салют,Saturday,Булки,Активный
2025-08-03,Булка с корицей,0.0,Салют,Sunday,Булки,Активный
2025-08-04,Булка с корицей,0.0,Салют,Monday,Булки,Активный
2025-08-05,Булка с корицей,0.0,Салют,Tuesday,Булки,Активный
2025-08-06,Булка с корицей,0.0,Салют,Wednesday,Булки,Активный
2025-08-07,Булка с корицей,0.0,Салют,Thursday,Булки,Активный
2025-08-08,Булка с корицей,0.0,Салют,Friday,Булки,Активный
2025-08-09,Булка с корицей,0.0,Салют,Saturday,Булки,Активный
2025-08-10,Булка с корицей,0.0,Салют,Sunday,Булки,Активный
2025-08-11,Булка с корицей,0.0,Салют,Monday,Булки,Активный
2025-08-12,Булка с корицей,0.0,Салют,Tuesday,Булки,Активный
2025-08-13,Булка с корицей,0.0,Салют,Wednesday,Булки,Активный
2025-08-14,Булка с корицей,0.0,Салют,Thursday,Булки,Активный
2025-08-15,Булка с корицей,0.0,Салют,Friday,Булки,Активный
2025-08-16,Булка с корицей,0.0,Салют,Saturday,Булки,Активный
2025-08-17,Булка с корицей,0.0,Салют,Sunday,Булки,Активный
2025-08-18,Булка с корицей,0.0,Салют,Monday,Булки,Активный
2025-08-19,Булка с корицей,0.0,Салют,Tuesday,Булки,Активный
2025-08-20,Булка с корицей,0.0,Салют,Wednesday,Булки,Активный
2025-08-21,Булка с корицей,0.0,Салют,Thursday,Булки,Активный
2025-08-22,Булка с корицей,0.0,Салют,Friday,Булки,Активный
2025-08-23,Булка с корицей,0.0,Салют,Saturday,Булки,Активный
2025-08-24,Булка с корицей,0.0,Салют,Sunday,Булки,Активный
2025-08-25,Булка с корицей,0.0,Салют,Monday,Булки,Активный
2025-08-26,Булка с корицей,0.0,Салют,Tuesday,Булки,Активный
2025-08-27,Булка с корицей,0.0,Салют,Wednesday,Булки,Активный
2025-08-28,Булка с корицей,0.0,Салют,Thursday,Булки,Активный
2025-08-29,Булка с корицей,0.0,Салют,Friday,Булки,Активный
2025-08-30,Булка с корицей,0.0,Салют,Saturday,Булки,Активный
2025-08-31,Булка с корицей,0.0,Салют,Sunday,Булки,Активный
2025-06-01,Булка с тхиной,0.0,Салют,Sunday,Булки,Активный
2025-06-02,Булка с тхиной,0.0,Салют,Monday,Булки,Активный
2025-06-03,Булка с тхиной,0.0,Салют,Tuesday,Булки,Активный
2025-06-04,Булка с тхиной,0.0,Салют,Wednesday,Булки,Активный
2025-06-05,Булка с тхиной,0.0,Салют,Thursday,Булки,Активный
2025-06-06,Булка с тхиной,0.0,Салют,Friday,Булки,Активный
2025-06-07,Булка с тхиной,0.0,Салют,Saturday,Булки,Активный
2025-06-08,Булка с тхиной,0.0,Салют,Sunday,Булки,Активный
2025-06-09,Булка с тхиной,0.0,Салют,Monday,Булки,Активный
2025-06-10,Булка с тхиной,0.0,Салют,Tuesday,Булки,Активный
2025-06-11,Булка с тхиной,0.0,Салют,Wednesday,Булки,Активный
2025-06-12,Булка с тхиной,0.0,Салют,Thursday,Булки,Активный
2025-06-13,Булка с тхиной,0.0,Салют,Friday,Булки,Активный
2025-06-14,Булка с тхиной,0.0,Салют,Saturday,Булки,Активный
2025-06-15,Булка с тхиной,0.0,Салют,Sunday,Булки,Активный
2025-06-16,Булка с тхиной,0.0,Салют,Monday,Булки,Активный
2025-06-17,Булка с тхиной,0.0,Салют,Tuesday,Булки,Активный
2025-06-18,Булка с тхиной,0.0,Салют,Wednesday,Булки,Активный
2025-06-19,Булка с тхиной,0.0,Салют,Thursday,Булки,Активный
2025-06-20,Булка с тхиной,0.0,Салют,Friday,Булки,Активный
2025-06-21,Булка с тхиной,0.0,Салют,Saturday,Булки,Активный
2025-06-22,Булка с тхиной,0.0,Салют,Sunday,Булки,Активный
2025-06-23,Булка с тхиной,0.0,Салют,Monday,Булки,Активный
2025-06-24,Булка с тхиной,0.0,Салют,Tuesday,Булки,Активный
2025-06-25,Булка с тхиной,0.0,Салют,Wednesday,Булки,Активный
2025-06-26,Булка с тхиной,0.0,Салют,Thursday,Булки,Активный
2025-06-27,Булка с тхиной,0.0,Салют,Friday,Булки,Активный
2025-06-28,Булка с тхиной,0.0,Салют,Saturday,Булки,Активный
2025-06-29,Булка с тхиной,0.0,Салют,Sunday,Булки,Активный
2025-06-30,Булка с тхиной,0.0,Салют,Monday,Булки,Активный
2025-07-01,Булка с тхиной,0.0,Салют,Tuesday,Булки,Активный
2025-07-02,Булка с тхиной,0.0,Салют,Wednesday,Булки,Активный
2025-07-03,Булка с тхиной,0.0,Салют,Thursday,Булки,Активный
2025-07-04,Булка с тхиной,0.0,Салют,Friday,Булки,Активный
2025-07-05,Булка с тхиной,0.0,Салют,Saturday,Булки,Активный
2025-07-06,Булка с тхиной,0.0,Салют,Sunday,Булки,Активный
2025-07-07,Булка с тхиной,0.0,Салют,Monday,Булки,Активный
2025-07-08,Булка с тхиной,0.0,Салют,Tuesday,Булки,Активный
2025-07-09,Булка с тхиной,0.0,Салют,Wednesday,Булки,Активный
2025-07-10,Булка с тхиной,0.0,Салют,Thursday,Булки,Активный
2025-07-11,Булка с тхиной,0.0,Салют,Friday,Булки,Активный
2025-07-12,Булка с тхиной,0.0,Салют,Saturday,Булки,Активный
2025-07-13,Булка с тхиной,0.0,Салют,Sunday,Булки,Активный
2025-07-14,Булка с тхиной,0.0,Салют,Monday,Булки,Активный
2025-07-15,Булка с тхиной,0.0,Салют,Tuesday,Булки,Активный
2025-07-16,Булка с тхиной,0.0,Салют,Wednesday,Булки,Активный
2025-07-17,Булка с тхиной,0.0,Салют,Thursday,Булки,Активный
2025-07-18,Булка с тхиной,0.0,Салют,Friday,Булки,Активный
2025-07-19,Булка с тхиной,0.0,Салют,Saturday,Булки,Активный
2025-07-20,Булка с тхиной,0.0,Салют,Sunday,Булки,Активный
2025-07-21,Булка с тхиной,0.0,Салют,Monday,Булки,Активный
2025-07-22,Булка с тхиной,0.0,Салют,Tuesday,Булки,Активный
2025-07-23,Булка с тхиной,0.0,Салют,Wednesday,Булки,Активный
2025-07-24,Булка с тхиной,0.0,Салют,Thursday,Булки,Активный
2025-07-25,Булка с тхиной,0.0,Салют,Friday,Булки,Активный
2025-07-26,Булка с тхиной,0.0,Салют,Saturday,Булки,Активный
2025-07-27,Булка с тхиной,0.0,Салют,Sunday,Булки,Активный
2025-07-28,Булка с тхиной,0.0,Салют,Monday,Булки,Активный
2025-07-29,Булка с тхиной,0.0,Салют,Tuesday,Булки,Активный
2025-07-30,Булка с тхиной,0.0,Салют,Wednesday,Булки,Активный
2025-07-31,Булка с тхиной,0.0,Салют,Thursday,Булки,Активный
2025-08-01,Булка с тхиной,0.0,Салют,Friday,Булки,Активный
2025-08-02,Булка с тхиной,0.0,Салют,Saturday,Булки,Активный
2025-08-03,Булка с тхиной,0.0,Салют,Sunday,Булки,Активный
2025-08-04,Булка с тхиной,0.0,Салют,Monday,Булки,Активный
2025-08-05,Булка с тхиной,0.0,Салют,Tuesday,Булки,Активный
2025-08-06,Булка с тхиной,0.0,Салют,Wednesday,Булки,Активный
2025-08-07,Булка с тхиной,0.0,Салют,Thursday,Булки,Активный
2025-08-08,Булка с тхиной,0.0,Салют,Friday,Булки,Активный
2025-08-09,Булка с тхиной,0.0,Салют,Saturday,Булки,Активный
2025-08-10,Булка с тхиной,0.0,Салют,Sunday,Булки,Активный
2025-08-11,Булка с тхиной,0.0,Салют,Monday,Булки,Активный
2025-08-12,Булка с тхиной,0.0,Салют,Tuesday,Булки,Активный
2025-08-13,Булка с тхиной,0.0,Салют,Wednesday,Булки,Активный
2025-08-14,Булка с тхиной,0.0,Салют,Thursday,Булки,Активный
2025-08-15,Булка с тхиной,0.0,Салют,Friday,Булки,Активный
2025-08-16,Булка с тхиной,0.0,Салют,Saturday,Булки,Активный
2025-08-17,Булка с тхиной,0.0,Салют,Sunday,Булки,Активный
2025-08-18,Булка с тхиной,0.0,Салют,Monday,Булки,Активный
2025-08-19,Булка с тхиной,0.0,Салют,Tuesday,Булки,Активный
2025-08-20,Булка с тхиной,0.0,Салют,Wednesday,Булки,Активный
2025-08-21,Булка с тхиной,0.0,Салют,Thursday,Булки,Активный
2025-08-22,Булка с тхиной,0.0,Салют,Friday,Булки,Активный
2025-08-23,Булка с тхиной,0.0,Салют,Saturday,Булки,Активный
2025-08-24,Булка с тхиной,0.0,Салют,Sunday,Булки,Активный
2025-08-25,Булка с тхиной,0.0,Салют,Monday,Булки,Активный
2025-08-26,Булка с тхиной,0.0,Салют,Tuesday,Булки,Активный
2025-08-27,Булка с тхиной,0.0,Салют,Wednesday,Булки,Активный
2025-08-28,Булка с тхиной,0.0,Салют,Thursday,Булки,Активный
2025-08-29,Булка с тхиной,0.0,Салют,Friday,Булки,Активный
2025-08-30,Булка с тхиной,0.0,Салют,Saturday,Булки,Активный
2025-08-31,Булка с тхиной,0.0,Салют,Sunday,Булки,Активный
2025-06-01,Даниш яблочный пирог с заварным кремом,0.0,Салют,Sunday,Выпечка,Снят
2025-06-02,Даниш яблочный пирог с заварным кремом,0.0,Салют,Monday,Выпечка,Снят
2025-06-03,Даниш яблочный пирог с заварным кремом,0.0,Салют,Tuesday,Выпечка,Снят
2025-06-04,Даниш яблочный пирог с заварным кремом,0.0,Салют,Wednesday,Выпечка,Снят
2025-06-05,Даниш яблочный пирог с заварным кремом,0.0,Салют,Thursday,Выпечка,Снят
2025-06-06,Даниш яблочный пирог с заварным кремом,0.0,Салют,Friday,Выпечка,Снят
2025-06-07,Даниш яблочный пирог с заварным кремом,0.0,Салют,Saturday,Выпечка,Снят
2025-06-08,Даниш яблочный пирог с заварным кремом,0.0,Салют,Sunday,Выпечка,Снят
2025-06-09,Даниш яблочный пирог с заварным кремом,0.0,Салют,Monday,Выпечка,Снят
2025-06-10,Даниш яблочный пирог с заварным кремом,0.0,Салют,Tuesday,Выпечка,Снят
2025-06-11,Даниш яблочный пирог с заварным кремом,0.0,Салют,Wednesday,Выпечка,Снят
2025-06-12,Даниш яблочный пирог с заварным кремом,0.0,Салют,Thursday,Выпечка,Снят
2025-06-13,Даниш яблочный пирог с заварным кремом,0.0,Салют,Friday,Выпечка,Снят
2025-06-14,Даниш яблочный пирог с заварным кремом,0.0,Салют,Saturday,Выпечка,Снят
2025-06-15,Даниш яблочный пирог с заварным кремом,0.0,Салют,Sunday,Выпечка,Снят
2025-06-16,Даниш яблочный пирог с заварным кремом,0.0,Салют,Monday,Выпечка,Снят
2025-06-17,Даниш яблочный пирог с заварным кремом,0.0,Салют,Tuesday,Выпечка,Снят
2025-06-18,Даниш яблочный пирог с заварным кремом,0.0,Салют,Wednesday,Выпечка,Снят
2025-06-19,Даниш яблочный пирог с заварным кремом,0.0,Салют,Thursday,Выпечка,Снят
2025-06-20,Даниш яблочный пирог с заварным кремом,0.0,Салют,Friday,Выпечка,Снят
2025-06-21,Даниш яблочный пирог с заварным кремом,0.0,Салют,Saturday,Выпечка,Снят
2025-06-22,Даниш яблочный пирог с заварным кремом,0.0,Салют,Sunday,Выпечка,Снят
2025-06-23,Даниш яблочный пирог с заварным кремом,0.0,Салют,Monday,Выпечка,Снят
2025-06-24,Даниш яблочный пирог с заварным кремом,0.0,Салют,Tuesday,Выпечка,Снят
2025-06-25,Даниш яблочный пирог с заварным кремом,0.0,Салют,Wednesday,Выпечка,Снят
2025-06-26,Даниш яблочный пирог с заварным кремом,0.0,Салют,Thursday,Выпечка,Снят
2025-06-27,Даниш яблочный пирог с заварным кремом,0.0,Салют,Friday,Выпечка,Снят
2025-06-28,Даниш яблочный пирог с заварным кремом,0.0,Салют,Saturday,Выпечка,Снят
2025-06-29,Даниш яблочный пирог с заварным кремом,0.0,Салют,Sunday,Выпечка,Снят
2025-06-30,Даниш яблочный пирог с заварным кремом,0.0,Салют,Monday,Выпечка,Снят
2025-07-01,Даниш яблочный пирог с заварным кремом,0.0,Салют,Tuesday,Выпечка,Снят
2025-07-02,Даниш яблочный пирог с заварным кремом,0.0,Салют,Wednesday,Выпечка,Снят
2025-07-03,Даниш яблочный пирог с заварным кремом,0.0,Салют,Thursday,Выпечка,Снят
2025-07-04,Даниш яблочный пирог с заварным кремом,0.0,Салют,Friday,Выпечка,Снят
2025-07-05,Даниш яблочный пирог с заварным кремом,0.0,Салют,Saturday,Выпечка,Снят
2025-07-06,Даниш яблочный пирог с заварным кремом,0.0,Салют,Sunday,Выпечка,Снят
2025-07-07,Даниш яблочный пирог с заварным кремом,0.0,Салют,Monday,Выпечка,Снят
2025-07-08,Даниш яблочный пирог с заварным кремом,0.0,Салют,Tuesday,Выпечка,Снят
2025-07-09,Даниш яблочный пирог с заварным кремом,0.0,Салют,Wednesday,Выпечка,Снят
2025-07-10,Даниш яблочный пирог с заварным кремом,0.0,Салют,Thursday,Выпечка,Снят
2025-07-11,Даниш яблочный пирог с заварным кремом,0.0,Салют,Friday,Выпечка,Снят
2025-07-12,Даниш яблочный пирог с заварным кремом,0.0,Салют,Saturday,Выпечка,Снят
2025-07-13,Даниш яблочный пирог с заварным кремом,0.0,Салют,Sunday,Выпечка,Снят
2025-07-14,Даниш яблочный пирог с заварным кремом,0.0,Салют,Monday,Выпечка,Снят
2025-07-15,Даниш яблочный пирог с заварным кремом,0.0,Салют,Tuesday,Выпечка,Снят
2025-07-16,Даниш яблочный пирог с заварным кремом,0.0,Салют,Wednesday,Выпечка,Снят
2025-07-17,Даниш яблочный пирог с заварным кремом,0.0,Салют,Thursday,Выпечка,Снят
2025-07-18,Даниш яблочный пирог с заварным кремом,0.0,Салют,Friday,Выпечка,Снят
2025-07-19,Даниш яблочный пирог с заварным кремом,0.0,Салют,Saturday,Выпечка,Снят
2025-07-20,Даниш яблочный пирог с заварным кремом,0.0,Салют,Sunday,Выпечка,Снят
2025-07-21,Даниш яблочный пирог с заварным кремом,0.0,Салют,Monday,Выпечка,Снят
2025-07-22,Даниш яблочный пирог с заварным кремом,0.0,Салют,Tuesday,Выпечка,Снят
2025-07-23,Даниш яблочный пирог с заварным кремом,0.0,Салют,Wednesday,Выпечка,Снят
2025-07-24,Даниш яблочный пирог с заварным кремом,0.0,Салют,Thursday,Выпечка,Снят
2025-07-25,Даниш яблочный пирог с заварным кремом,0.0,Салют,Friday,Выпечка,Снят
2025-07-26,Даниш яблочный пирог с заварным кремом,0.0,Салют,Saturday,Выпечка,Снят
2025-07-27,Даниш яблочный пирог с заварным кремом,0.0,Салют,Sunday,Выпечка,Снят
2025-07-28,Даниш яблочный пирог с заварным кремом,0.0,Салют,Monday,Выпечка,Снят
2025-07-29,Даниш яблочный пирог с заварным кремом,0.0,Салют,Tuesday,Выпечка,Снят
2025-07-30,Даниш яблочный пирог с заварным кремом,0.0,Салют,Wednesday,Выпечка,Снят
2025-07-31,Даниш яблочный пирог с заварным кремом,0.0,Салют,Thursday,Выпечка,Снят
2025-08-01,Даниш яблочный пирог с заварным кремом,0.0,Салют,Friday,Выпечка,Снят
2025-08-02,Даниш яблочный пирог с заварным кремом,0.0,Салют,Saturday,Выпечка,Снят
2025-08-03,Даниш яблочный пирог с заварным кремом,0.0,Салют,Sunday,Выпечка,Снят
2025-08-04,Даниш яблочный пирог с заварным кремом,0.0,Салют,Monday,Выпечка,Снят
2025-08-05,Даниш яблочный пирог с заварным кремом,0.0,Салют,Tuesday,Выпечка,Снят
2025-08-06,Даниш яблочный пирог с заварным кремом,0.0,Салют,Wednesday,Выпечка,Снят
2025-08-07,Даниш яблочный пирог с заварным кремом,0.0,Салют,Thursday,Выпечка,Снят
2025-08-08,Даниш яблочный пирог с заварным кремом,0.0,Салют,Friday,Выпечка,Снят
2025-08-09,Даниш яблочный пирог с заварным кремом,0.0,Салют,Saturday,Выпечка,Снят
2025-08-10,Даниш яблочный пирог с заварным кремом,0.0,Салют,Sunday,Выпечка,Снят
2025-08-11,Даниш яблочный пирог с заварным кремом,0.0,Салют,Monday,Выпечка,Снят
2025-08-12,Даниш яблочный пирог с заварным кремом,0.0,Салют,Tuesday,Выпечка,Снят
2025-08-13,Даниш яблочный пирог с заварным кремом,0.0,Салют,Wednesday,Выпечка,Снят
2025-08-14,Даниш яблочный пирог с заварным кремом,0.0,Салют,Thursday,Выпечка,Снят
2025-08-15,Даниш яблочный пирог с заварным кремом,0.0,Салют,Friday,Выпечка,Снят
2025-08-16,Даниш яблочный пирог с заварным кремом,0.0,Салют,Saturday,Выпечка,Снят
2025-08-17,Даниш яблочный пирог с заварным кремом,0.0,Салют,Sunday,Выпечка,Снят
2025-08-18,Даниш яблочный пирог с заварным кремом,0.0,Салют,Monday,Выпечка,Снят
2025-08-19,Даниш яблочный пирог с заварным кремом,0.0,Салют,Tuesday,Выпечка,Снят
2025-08-20,Даниш яблочный пирог с заварным кремом,0.0,Салют,Wednesday,Выпечка,Снят
2025-08-21,Даниш яблочный пирог с заварным кремом,0.0,Салют,Thursday,Выпечка,Снят
2025-08-22,Даниш яблочный пирог с заварным кремом,0.0,Салют,Friday,Выпечка,Снят
2025-08-23,Даниш яблочный пирог с заварным кремом,0.0,Салют,Saturday,Выпечка,Снят
2025-08-24,Даниш яблочный пирог с заварным кремом,0.0,Салют,Sunday,Выпечка,Снят
2025-08-25,Даниш яблочный пирог с заварным кремом,0.0,Салют,Monday,Выпечка,Снят
2025-08-26,Даниш яблочный пирог с заварным кремом,0.0,Салют,Tuesday,Выпечка,Снят
2025-08-27,Даниш яблочный пирог с заварным кремом,0.0,Салют,Wednesday,Выпечка,Снят
2025-08-28,Даниш яблочный пирог с заварным кремом,0.0,Салют,Thursday,Выпечка,Снят
2025-08-29,Даниш яблочный пирог с заварным кремом,0.0,Салют,Friday,Выпечка,Снят
2025-08-30,Даниш яблочный пирог с заварным кремом,0.0,Салют,Saturday,Выпечка,Снят
2025-08-31,Даниш яблочный пирог с заварным кремом,0.0,Салют,Sunday,Выпечка,Снят
2025-06-01,Кекс мак-лимон с кремом,15.0,Салют,Sunday,Выпечка,Активный
2025-06-02,Кекс мак-лимон с кремом,7.0,Салют,Monday,Выпечка,Активный
2025-06-03,Кекс мак-лимон с кремом,7.0,Салют,Tuesday,Выпечка,Активный
2025-06-04,Кекс мак-лимон с кремом,7.0,Салют,Wednesday,Выпечка,Активный
2025-06-05,Кекс мак-лимон с кремом,7.0,Салют,Thursday,Выпечка,Активный
2025-06-06,Кекс мак-лимон с кремом,7.0,Салют,Friday,Выпечка,Активный
2025-06-07,Кекс мак-лимон с кремом,10.0,Салют,Saturday,Выпечка,Активный
2025-06-08,Кекс мак-лимон с кремом,10.0,Салют,Sunday,Выпечка,Активный
2025-06-09,Кекс мак-лимон с кремом,0.0,Салют,Monday,Выпечка,Активный
2025-06-10,Кекс мак-лимон с кремом,6.0,Салют,Tuesday,Выпечка,Активный
2025-06-11,Кекс мак-лимон с кремом,3.0,Салют,Wednesday,Выпечка,Активный
2025-06-12,Кекс мак-лимон с кремом,3.0,Салют,Thursday,Выпечка,Активный
2025-06-13,Кекс мак-лимон с кремом,7.0,Салют,Friday,Выпечка,Активный
2025-06-14,Кекс мак-лимон с кремом,3.0,Салют,Saturday,Выпечка,Активный
2025-06-15,Кекс мак-лимон с кремом,3.0,Салют,Sunday,Выпечка,Активный
2025-06-16,Кекс мак-лимон с кремом,6.0,Салют,Monday,Выпечка,Активный
2025-06-17,Кекс мак-лимон с кремом,3.0,Салют,Tuesday,Выпечка,Активный
2025-06-18,Кекс мак-лимон с кремом,3.0,Салют,Wednesday,Выпечка,Активный
2025-06-19,Кекс мак-лимон с кремом,3.0,Салют,Thursday,Выпечка,Активный
2025-06-20,Кекс мак-лимон с кремом,9.0,Салют,Friday,Выпечка,Активный
2025-06-21,Кекс мак-лимон с кремом,3.0,Салют,Saturday,Выпечка,Активный
2025-06-22,Кекс мак-лимон с кремом,3.0,Салют,Sunday,Выпечка,Активный
2025-06-23,Кекс мак-лимон с кремом,6.0,Салют,Monday,Выпечка,Активный
2025-06-24,Кекс мак-лимон с кремом,0.0,Салют,Tuesday,Выпечка,Активный
2025-06-25,Кекс мак-лимон с кремом,3.0,Салют,Wednesday,Выпечка,Активный
2025-06-26,Кекс мак-лимон с кремом,6.0,Салют,Thursday,Выпечка,Активный
2025-06-27,Кекс мак-лимон с кремом,0.0,Салют,Friday,Выпечка,Активный
2025-06-28,Кекс мак-лимон с кремом,6.0,Салют,Saturday,Выпечка,Активный
2025-06-29,Кекс мак-лимон с кремом,4.0,Салют,Sunday,Выпечка,Активный
2025-06-30,Кекс мак-лимон с кремом,0.0,Салют,Monday,Выпечка,Активный
2025-07-01,Кекс мак-лимон с кремом,0.0,Салют,Tuesday,Выпечка,Активный
2025-07-02,Кекс мак-лимон с кремом,13.0,Салют,Wednesday,Выпечка,Активный
2025-07-03,Кекс мак-лимон с кремом,0.0,Салют,Thursday,Выпечка,Активный
2025-07-04,Кекс мак-лимон с кремом,0.0,Салют,Friday,Выпечка,Активный
2025-07-05,Кекс мак-лимон с кремом,8.0,Салют,Saturday,Выпечка,Активный
2025-07-06,Кекс мак-лимон с кремом,8.0,Салют,Sunday,Выпечка,Активный
2025-07-07,Кекс мак-лимон с кремом,0.0,Салют,Monday,Выпечка,Активный
2025-07-08,Кекс мак-лимон с кремом,16.0,Салют,Tuesday,Выпечка,Активный
2025-07-09,Кекс мак-лимон с кремом,0.0,Салют,Wednesday,Выпечка,Активный
2025-07-10,Кекс мак-лимон с кремом,10.0,Салют,Thursday,Выпечка,Активный
2025-07-11,Кекс мак-лимон с кремом,0.0,Салют,Friday,Выпечка,Активный
2025-07-12,Кекс мак-лимон с кремом,5.0,Салют,Saturday,Выпечка,Активный
2025-07-13,Кекс мак-лимон с кремом,5.0,Салют,Sunday,Выпечка,Активный
2025-07-14,Кекс мак-лимон с кремом,13.0,Салют,Monday,Выпечка,Активный
2025-07-15,Кекс мак-лимон с кремом,0.0,Салют,Tuesday,Выпечка,Активный
2025-07-16,Кекс мак-лимон с кремом,10.0,Салют,Wednesday,Выпечка,Активный
2025-07-17,Кекс мак-лимон с кремом,3.0,Салют,Thursday,Выпечка,Активный
2025-07-18,Кекс мак-лимон с кремом,5.0,Салют,Friday,Выпечка,Активный
2025-07-19,Кекс мак-лимон с кремом,5.0,Салют,Saturday,Выпечка,Активный
2025-07-20,Кекс мак-лимон с кремом,13.0,Салют,Sunday,Выпечка,Активный
2025-07-21,Кекс мак-лимон с кремом,0.0,Салют,Monday,Выпечка,Активный
2025-07-22,Кекс мак-лимон с кремом,8.0,Салют,Tuesday,Выпечка,Активный
2025-07-23,Кекс мак-лимон с кремом,3.0,Салют,Wednesday,Выпечка,Активный
2025-07-24,Кекс мак-лимон с кремом,8.0,Салют,Thursday,Выпечка,Активный
2025-07-25,Кекс мак-лимон с кремом,0.0,Салют,Friday,Выпечка,Активный
2025-07-26,Кекс мак-лимон с кремом,8.0,Салют,Saturday,Выпечка,Активный
2025-07-27,Кекс мак-лимон с кремом,8.0,Салют,Sunday,Выпечка,Активный
2025-07-28,Кекс мак-лимон с кремом,0.0,Салют,Monday,Выпечка,Активный
2025-07-29,Кекс мак-лимон с кремом,8.0,Салют,Tuesday,Выпечка,Активный
2025-07-30,Кекс мак-лимон с кремом,0.0,Салют,Wednesday,Выпечка,Активный
2025-07-31,Кекс мак-лимон с кремом,8.0,Салют,Thursday,Выпечка,Активный
2025-08-01,Кекс мак-лимон с кремом,0.0,Салют,Friday,Выпечка,Активный
2025-08-02,Кекс мак-лимон с кремом,5.0,Салют,Saturday,Выпечка,Активный
2025-08-03,Кекс мак-лимон с кремом,5.0,Салют,Sunday,Выпечка,Активный
2025-08-04,Кекс мак-лимон с кремом,7.0,Салют,Monday,Выпечка,Активный
2025-08-05,Кекс мак-лимон с кремом,0.0,Салют,Tuesday,Выпечка,Активный
2025-08-06,Кекс мак-лимон с кремом,0.0,Салют,Wednesday,Выпечка,Активный
2025-08-07,Кекс мак-лимон с кремом,0.0,Салют,Thursday,Выпечка,Активный
2025-08-08,Кекс мак-лимон с кремом,4.0,Салют,Friday,Выпечка,Активный
2025-08-09,Кекс мак-лимон с кремом,0.0,Салют,Saturday,Выпечка,Активный
2025-08-10,Кекс мак-лимон с кремом,5.0,Салют,Sunday,Выпечка,Активный
2025-08-11,Кекс мак-лимон с кремом,0.0,Салют,Monday,Выпечка,Активный
2025-08-12,Кекс мак-лимон с кремом,4.0,Салют,Tuesday,Выпечка,Активный
2025-08-13,Кекс мак-лимон с кремом,0.0,Салют,Wednesday,Выпечка,Активный
2025-08-14,Кекс мак-лимон с кремом,0.0,Салют,Thursday,Выпечка,Активный
2025-08-15,Кекс мак-лимон с кремом,10.0,Салют,Friday,Выпечка,Активный
2025-08-16,Кекс мак-лимон с кремом,4.0,Салют,Saturday,Выпечка,Активный
2025-08-17,Кекс мак-лимон с кремом,0.0,Салют,Sunday,Выпечка,Активный
2025-08-18,Кекс мак-лимон с кремом,0.0,Салют,Monday,Выпечка,Активный
2025-08-19,Кекс мак-лимон с кремом,12.0,Салют,Tuesday,Выпечка,Активный
2025-08-20,Кекс мак-лимон с кремом,0.0,Салют,Wednesday,Выпечка,Активный
2025-08-21,Кекс мак-лимон с кремом,0.0,Салют,Thursday,Выпечка,Активный
2025-08-22,Кекс мак-лимон с кремом,0.0,Салют,Friday,Выпечка,Активный
2025-08-23,Кекс мак-лимон с кремом,5.0,Салют,Saturday,Выпечка,Активный
2025-08-24,Кекс мак-лимон с кремом,5.0,Салют,Sunday,Выпечка,Активный
2025-08-25,Кекс мак-лимон с кремом,0.0,Салют,Monday,Выпечка,Активный
2025-08-26,Кекс мак-лимон с кремом,5.0,Салют,Tuesday,Выпечка,Активный
2025-08-27,Кекс мак-лимон с кремом,0.0,Салют,Wednesday,Выпечка,Активный
2025-08-28,Кекс мак-лимон с кремом,0.0,Салют,Thursday,Выпечка,Активный
2025-08-29,Кекс мак-лимон с кремом,0.0,Салют,Friday,Выпечка,Активный
2025-08-30,Кекс мак-лимон с кремом,5.0,Салют,Saturday,Выпечка,Активный
2025-08-31,Кекс мак-лимон с кремом,5.0,Салют,Sunday,Выпечка,Активный
2025-06-01,Кекс морковный с карамельной глазурью,1.0,Салют,Sunday,Выпечка,Активный
2025-06-02,Кекс морковный с карамельной глазурью,2.0,Салют,Monday,Выпечка,Активный
2025-06-03,Кекс морковный с карамельной глазурью,0.0,Салют,Tuesday,Выпечка,Активный
2025-06-04,Кекс морковный с карамельной глазурью,0.0,Салют,Wednesday,Выпечка,Активный
2025-06-05,Кекс морковный с карамельной глазурью,1.0,Салют,Thursday,Выпечка,Активный
2025-06-06,Кекс морковный с карамельной глазурью,1.0,Салют,Friday,Выпечка,Активный
2025-06-07,Кекс морковный с карамельной глазурью,1.0,Салют,Saturday,Выпечка,Активный
2025-06-08,Кекс морковный с карамельной глазурью,0.0,Салют,Sunday,Выпечка,Активный
2025-06-09,Кекс морковный с карамельной глазурью,0.0,Салют,Monday,Выпечка,Активный
2025-06-10,Кекс морковный с карамельной глазурью,1.0,Салют,Tuesday,Выпечка,Активный
2025-06-11,Кекс морковный с карамельной глазурью,1.0,Салют,Wednesday,Выпечка,Активный
2025-06-12,Кекс морковный с карамельной глазурью,0.0,Салют,Thursday,Выпечка,Активный
2025-06-13,Кекс морковный с карамельной глазурью,1.0,Салют,Friday,Выпечка,Активный
2025-06-14,Кекс морковный с карамельной глазурью,1.0,Салют,Saturday,Выпечка,Активный
2025-06-15,Кекс морковный с карамельной глазурью,0.0,Салют,Sunday,Выпечка,Активный
2025-06-16,Кекс морковный с карамельной глазурью,1.0,Салют,Monday,Выпечка,Активный
2025-06-17,Кекс морковный с карамельной глазурью,1.0,Салют,Tuesday,Выпечка,Активный
2025-06-18,Кекс морковный с карамельной глазурью,0.0,Салют,Wednesday,Выпечка,Активный
2025-06-19,Кекс морковный с карамельной глазурью,0.0,Салют,Thursday,Выпечка,Активный
2025-06-20,Кекс морковный с карамельной глазурью,2.0,Салют,Friday,Выпечка,Активный
2025-06-21,Кекс морковный с карамельной глазурью,0.0,Салют,Saturday,Выпечка,Активный
2025-06-22,Кекс морковный с карамельной глазурью,0.0,Салют,Sunday,Выпечка,Активный
2025-06-23,Кекс морковный с карамельной глазурью,1.0,Салют,Monday,Выпечка,Активный
2025-06-24,Кекс морковный с карамельной глазурью,0.0,Салют,Tuesday,Выпечка,Активный
2025-06-25,Кекс морковный с карамельной глазурью,1.0,Салют,Wednesday,Выпечка,Активный
2025-06-26,Кекс морковный с карамельной глазурью,1.0,Салют,Thursday,Выпечка,Активный
2025-06-27,Кекс морковный с карамельной глазурью,0.0,Салют,Friday,Выпечка,Активный
2025-06-28,Кекс морковный с карамельной глазурью,2.0,Салют,Saturday,Выпечка,Активный
2025-06-29,Кекс морковный с карамельной глазурью,0.0,Салют,Sunday,Выпечка,Активный
2025-06-30,Кекс морковный с карамельной глазурью,0.0,Салют,Monday,Выпечка,Активный
2025-07-01,Кекс морковный с карамельной глазурью,0.0,Салют,Tuesday,Выпечка,Активный
2025-07-02,Кекс морковный с карамельной глазурью,2.0,Салют,Wednesday,Выпечка,Активный
2025-07-03,Кекс морковный с карамельной глазурью,0.0,Салют,Thursday,Выпечка,Активный
2025-07-04,Кекс морковный с карамельной глазурью,0.0,Салют,Friday,Выпечка,Активный
2025-07-05,Кекс морковный с карамельной глазурью,2.0,Салют,Saturday,Выпечка,Активный
2025-07-06,Кекс морковный с карамельной глазурью,0.0,Салют,Sunday,Выпечка,Активный
2025-07-07,Кекс морковный с карамельной глазурью,0.0,Салют,Monday,Выпечка,Активный
2025-07-08,Кекс морковный с карамельной глазурью,2.0,Салют,Tuesday,Выпечка,Активный
2025-07-09,Кекс морковный с карамельной глазурью,0.0,Салют,Wednesday,Выпечка,Активный
2025-07-10,Кекс морковный с карамельной глазурью,0.0,Салют,Thursday,Выпечка,Активный
2025-07-11,Кекс морковный с карамельной глазурью,0.0,Салют,Friday,Выпечка,Активный
2025-07-12,Кекс морковный с карамельной глазурью,2.0,Салют,Saturday,Выпечка,Активный
2025-07-13,Кекс морковный с карамельной глазурью,0.0,Салют,Sunday,Выпечка,Активный
2025-07-14,Кекс морковный с карамельной глазурью,1.0,Салют,Monday,Выпечка,Активный
2025-07-15,Кекс морковный с карамельной глазурью,0.0,Салют,Tuesday,Выпечка,Активный
2025-07-16,Кекс морковный с карамельной глазурью,1.0,Салют,Wednesday,Выпечка,Активный
2025-07-17,Кекс морковный с карамельной глазурью,0.0,Салют,Thursday,Выпечка,Активный
2025-07-18,Кекс морковный с карамельной глазурью,1.0,Салют,Friday,Выпечка,Активный
2025-07-19,Кекс морковный с карамельной глазурью,0.0,Салют,Saturday,Выпечка,Активный
2025-07-20,Кекс морковный с карамельной глазурью,2.0,Салют,Sunday,Выпечка,Активный
2025-07-21,Кекс морковный с карамельной глазурью,0.0,Салют,Monday,Выпечка,Активный
2025-07-22,Кекс морковный с карамельной глазурью,1.0,Салют,Tuesday,Выпечка,Активный
2025-07-23,Кекс морковный с карамельной глазурью,1.0,Салют,Wednesday,Выпечка,Активный
2025-07-24,Кекс морковный с карамельной глазурью,1.0,Салют,Thursday,Выпечка,Активный
2025-07-25,Кекс морковный с карамельной глазурью,0.0,Салют,Friday,Выпечка,Активный
2025-07-26,Кекс морковный с карамельной глазурью,1.0,Салют,Saturday,Выпечка,Активный
2025-07-27,Кекс морковный с карамельной глазурью,0.0,Салют,Sunday,Выпечка,Активный
2025-07-28,Кекс морковный с карамельной глазурью,0.0,Салют,Monday,Выпечка,Активный
2025-07-29,Кекс морковный с карамельной глазурью,1.0,Салют,Tuesday,Выпечка,Активный
2025-07-30,Кекс морковный с карамельной глазурью,0.0,Салют,Wednesday,Выпечка,Активный
2025-07-31,Кекс морковный с карамельной глазурью,1.0,Салют,Thursday,Выпечка,Активный
2025-08-01,Кекс морковный с карамельной глазурью,0.0,Салют,Friday,Выпечка,Активный
2025-08-02,Кекс морковный с карамельной глазурью,0.0,Салют,Saturday,Выпечка,Активный
2025-08-03,Кекс морковный с карамельной глазурью,0.0,Салют,Sunday,Выпечка,Активный
2025-08-04,Кекс морковный с карамельной глазурью,2.0,Салют,Monday,Выпечка,Активный
2025-08-05,Кекс морковный с карамельной глазурью,0.0,Салют,Tuesday,Выпечка,Активный
2025-08-06,Кекс морковный с карамельной глазурью,0.0,Салют,Wednesday,Выпечка,Активный
2025-08-07,Кекс морковный с карамельной глазурью,0.0,Салют,Thursday,Выпечка,Активный
2025-08-08,Кекс морковный с карамельной глазурью,1.0,Салют,Friday,Выпечка,Активный
2025-08-09,Кекс морковный с карамельной глазурью,0.0,Салют,Saturday,Выпечка,Активный
2025-08-10,Кекс морковный с карамельной глазурью,1.0,Салют,Sunday,Выпечка,Активный
2025-08-11,Кекс морковный с карамельной глазурью,0.0,Салют,Monday,Выпечка,Активный
2025-08-12,Кекс морковный с карамельной глазурью,1.0,Салют,Tuesday,Выпечка,Активный
2025-08-13,Кекс морковный с карамельной глазурью,0.0,Салют,Wednesday,Выпечка,Активный
2025-08-14,Кекс морковный с карамельной глазурью,0.0,Салют,Thursday,Выпечка,Активный
2025-08-15,Кекс морковный с карамельной глазурью,1.0,Салют,Friday,Выпечка,Активный
2025-08-16,Кекс морковный с карамельной глазурью,1.0,Салют,Saturday,Выпечка,Активный
2025-08-17,Кекс морковный с карамельной глазурью,0.0,Салют,Sunday,Выпечка,Активный
2025-08-18,Кекс морковный с карамельной глазурью,0.0,Салют,Monday,Выпечка,Активный
2025-08-19,Кекс морковный с карамельной глазурью,2.0,Салют,Tuesday,Выпечка,Активный
2025-08-20,Кекс морковный с карамельной глазурью,0.0,Салют,Wednesday,Выпечка,Активный
2025-08-21,Кекс морковный с карамельной глазурью,0.0,Салют,Thursday,Выпечка,Активный
2025-08-22,Кекс морковный с карамельной глазурью,0.0,Салют,Friday,Выпечка,Активный
2025-08-23,Кекс морковный с карамельной глазурью,1.0,Салют,Saturday,Выпечка,Активный
2025-08-24,Кекс морковный с карамельной глазурью,0.0,Салют,Sunday,Выпечка,Активный
2025-08-25,Кекс морковный с карамельной глазурью,0.0,Салют,Monday,Выпечка,Активный
2025-08-26,Кекс морковный с карамельной глазурью,1.0,Салют,Tuesday,Выпечка,Активный
2025-08-27,Кекс морковный с карамельной глазурью,0.0,Салют,Wednesday,Выпечка,Активный
2025-08-28,Кекс морковный с карамельной глазурью,0.0,Салют,Thursday,Выпечка,Активный
2025-08-29,Кекс морковный с карамельной глазурью,0.0,Салют,Friday,Выпечка,Активный
2025-08-30,Кекс морковный с карамельной глазурью,0.0,Салют,Saturday,Выпечка,Активный
2025-08-31,Кекс морковный с карамельной глазурью,0.0,Салют,Sunday,Выпечка,Активный
2025-06-01,Кекс шоколад с кремом вареная сгущенка,0.0,Салют,Sunday,Выпечка,Активный
2025-06-02,Кекс шоколад с кремом вареная сгущенка,0.0,Салют,Monday,Выпечка,Активный
2025-06-03,Кекс шоколад с кремом вареная сгущенка,0.0,Салют,Tuesday,Выпечка,Активный
2025-06-04,Кекс шоколад с кремом вареная сгущенка,0.0,Салют,Wednesday,Выпечка,Активный
2025-06-05,Кекс шоколад с кремом вареная сгущенка,0.0,Салют,Thursday,Выпечка,Активный
2025-06-06,Кекс шоколад с кремом вареная сгущенка,0.0,Салют,Friday,Выпечка,Активный
2025-06-07,Кекс шоколад с кремом вареная сгущенка,0.0,Салют,Saturday,Выпечка,Активный
2025-06-08,Кекс шоколад с кремом вареная сгущенка,0.0,Салют,Sunday,Выпечка,Активный
2025-06-09,Кекс шоколад с кремом вареная сгущенка,0.0,Салют,Monday,Выпечка,Активный
2025-06-10,Кекс шоколад с кремом вареная сгущенка,0.0,Салют,Tuesday,Выпечка,Активный
2025-06-11,Кекс шоколад с кремом вареная сгущенка,0.0,Салют,Wednesday,Выпечка,Активный
2025-06-12,Кекс шоколад с кремом вареная сгущенка,0.0,Салют,Thursday,Выпечка,Активный
2025-06-13,Кекс шоколад с кремом вареная сгущенка,0.0,Салют,Friday,Выпечка,Активный
2025-06-14,Кекс шоколад с кремом вареная сгущенка,0.0,Салют,Saturday,Выпечка,Активный
2025-06-15,Кекс шоколад с кремом вареная сгущенка,0.0,Салют,Sunday,Выпечка,Активный
2025-06-16,Кекс шоколад с кремом вареная сгущенка,0.0,Салют,Monday,Выпечка,Активный
2025-06-17,Кекс шоколад с кремом вареная сгущенка,0.0,Салют,Tuesday,Выпечка,Активный
2025-06-18,Кекс шоколад с кремом вареная сгущенка,0.0,Салют,Wednesday,Выпечка,Активный
2025-06-19,Кекс шоколад с кремом вареная сгущенка,0.0,Салют,Thursday,Выпечка,Активный
2025-06-20,Кекс шоколад с кремом вареная сгущенка,0.0,Салют,Friday,Выпечка,Активный
2025-06-21,Кекс шоколад с кремом вареная сгущенка,0.0,Салют,Saturday,Выпечка,Активный
2025-06-22,Кекс шоколад с кремом вареная сгущенка,0.0,Салют,Sunday,Выпечка,Активный
2025-06-23,Кекс шоколад с кремом вареная сгущенка,0.0,Салют,Monday,Выпечка,Активный
2025-06-24,Кекс шоколад с кремом вареная сгущенка,0.0,Салют,Tuesday,Выпечка,Активный
2025-06-25,Кекс шоколад с кремом вареная сгущенка,0.0,Салют,Wednesday,Выпечка,Активный
2025-06-26,Кекс шоколад с кремом вареная сгущенка,0.0,Салют,Thursday,Выпечка,Активный
2025-06-27,Кекс шоколад с кремом вареная сгущенка,0.0,Салют,Friday,Выпечка,Активный
2025-06-28,Кекс шоколад с кремом вареная сгущенка,0.0,Салют,Saturday,Выпечка,Активный
2025-06-29,Кекс шоколад с кремом вареная сгущенка,0.0,Салют,Sunday,Выпечка,Активный
2025-06-30,Кекс шоколад с кремом вареная сгущенка,0.0,Салют,Monday,Выпечка,Активный
2025-07-01,Кекс шоколад с кремом вареная сгущенка,0.0,Салют,Tuesday,Выпечка,Активный
2025-07-02,Кекс шоколад с кремом вареная сгущенка,0.0,Салют,Wednesday,Выпечка,Активный
2025-07-03,Кекс шоколад с кремом вареная сгущенка,0.0,Салют,Thursday,Выпечка,Активный
2025-07-04,Кекс шоколад с кремом вареная сгущенка,0.0,Салют,Friday,Выпечка,Активный
2025-07-05,Кекс шоколад с кремом вареная сгущенка,0.0,Салют,Saturday,Выпечка,Активный
2025-07-06,Кекс шоколад с кремом вареная сгущенка,0.0,Салют,Sunday,Выпечка,Активный
2025-07-07,Кекс шоколад с кремом вареная сгущенка,0.0,Салют,Monday,Выпечка,Активный
2025-07-08,Кекс шоколад с кремом вареная сгущенка,0.0,Салют,Tuesday,Выпечка,Активный
2025-07-09,Кекс шоколад с кремом вареная сгущенка,0.0,Салют,Wednesday,Выпечка,Активный
2025-07-10,Кекс шоколад с кремом вареная сгущенка,0.0,Салют,Thursday,Выпечка,Активный
2025-07-11,Кекс шоколад с кремом вареная сгущенка,0.0,Салют,Friday,Выпечка,Активный
2025-07-12,Кекс шоколад с кремом вареная сгущенка,0.0,Салют,Saturday,Выпечка,Активный
2025-07-13,Кекс шоколад с кремом вареная сгущенка,0.0,Салют,Sunday,Выпечка,Активный
2025-07-14,Кекс шоколад с кремом вареная сгущенка,0.0,Салют,Monday,Выпечка,Активный
2025-07-15,Кекс шоколад с кремом вареная сгущенка,0.0,Салют,Tuesday,Выпечка,Активный
2025-07-16,Кекс шоколад с кремом вареная сгущенка,0.0,Салют,Wednesday,Выпечка,Активный
2025-07-17,Кекс шоколад с кремом вареная сгущенка,0.0,Салют,Thursday,Выпечка,Активный
2025-07-18,Кекс шоколад с кремом вареная сгущенка,0.0,Салют,Friday,Выпечка,Активный
2025-07-19,Кекс шоколад с кремом вареная сгущенка,0.0,Салют,Saturday,Выпечка,Активный
2025-07-20,Кекс шоколад с кремом вареная сгущенка,0.0,Салют,Sunday,Выпечка,Активный
2025-07-21,Кекс шоколад с кремом вареная сгущенка,0.0,Салют,Monday,Выпечка,Активный
2025-07-22,Кекс шоколад с кремом вареная сгущенка,0.0,Салют,Tuesday,Выпечка,Активный
2025-07-23,Кекс шоколад с кремом вареная сгущенка,0.0,Салют,Wednesday,Выпечка,Активный
2025-07-24,Кекс шоколад с кремом вареная сгущенка,0.0,Салют,Thursday,Выпечка,Активный
2025-07-25,Кекс шоколад с кремом вареная сгущенка,0.0,Салют,Friday,Выпечка,Активный
2025-07-26,Кекс шоколад с кремом вареная сгущенка,0.0,Салют,Saturday,Выпечка,Активный
2025-07-27,Кекс шоколад с кремом вареная сгущенка,0.0,Салют,Sunday,Выпечка,Активный
2025-07-28,Кекс шоколад с кремом вареная сгущенка,0.0,Салют,Monday,Выпечка,Активный
2025-07-29,Кекс шоколад с кремом вареная сгущенка,0.0,Салют,Tuesday,Выпечка,Активный
2025-07-30,Кекс шоколад с кремом вареная сгущенка,0.0,Салют,Wednesday,Выпечка,Активный
2025-07-31,Кекс шоколад с кремом вареная сгущенка,0.0,Салют,Thursday,Выпечка,Активный
2025-08-01,Кекс шоколад с кремом вареная сгущенка,0.0,Салют,Friday,Выпечка,Активный
2025-08-02,Кекс шоколад с кремом вареная сгущенка,0.0,Салют,Saturday,Выпечка,Активный
2025-08-03,Кекс шоколад с кремом вареная сгущенка,0.0,Салют,Sunday,Выпечка,Активный
2025-08-04,Кекс шоколад с кремом вареная сгущенка,0.0,Салют,Monday,Выпечка,Активный
2025-08-05,Кекс шоколад с кремом вареная сгущенка,0.0,Салют,Tuesday,Выпечка,Активный
2025-08-06,Кекс шоколад с кремом вареная сгущенка,0.0,Салют,Wednesday,Выпечка,Активный
2025-08-07,Кекс шоколад с кремом вареная сгущенка,0.0,Салют,Thursday,Выпечка,Активный
2025-08-08,Кекс шоколад с кремом вареная сгущенка,0.0,Салют,Friday,Выпечка,Активный
2025-08-09,Кекс шоколад с кремом вареная сгущенка,0.0,Салют,Saturday,Выпечка,Активный
2025-08-10,Кекс шоколад с кремом вареная сгущенка,0.0,Салют,Sunday,Выпечка,Активный
2025-08-11,Кекс шоколад с кремом вареная сгущенка,0.0,Салют,Monday,Выпечка,Активный
2025-08-12,Кекс шоколад с кремом вареная сгущенка,0.0,Салют,Tuesday,Выпечка,Активный
2025-08-13,Кекс шоколад с кремом вареная сгущенка,0.0,Салют,Wednesday,Выпечка,Активный
2025-08-14,Кекс шоколад с кремом вареная сгущенка,0.0,Салют,Thursday,Выпечка,Активный
2025-08-15,Кекс шоколад с кремом вареная сгущенка,0.0,Салют,Friday,Выпечка,Активный
2025-08-16,Кекс шоколад с кремом вареная сгущенка,0.0,Салют,Saturday,Выпечка,Активный
2025-08-17,Кекс шоколад с кремом вареная сгущенка,0.0,Салют,Sunday,Выпечка,Активный
2025-08-18,Кекс шоколад с кремом вареная сгущенка,0.0,Салют,Monday,Выпечка,Активный
2025-08-19,Кекс шоколад с кремом вареная сгущенка,0.0,Салют,Tuesday,Выпечка,Активный
2025-08-20,Кекс шоколад с кремом вареная сгущенка,0.0,Салют,Wednesday,Выпечка,Активный
2025-08-21,Кекс шоколад с кремом вареная сгущенка,0.0,Салют,Thursday,Выпечка,Активный
2025-08-22,Кекс шоколад с кремом вареная сгущенка,0.0,Салют,Friday,Выпечка,Активный
2025-08-23,Кекс шоколад с кремом вареная сгущенка,0.0,Салют,Saturday,Выпечка,Активный
2025-08-24,Кекс шоколад с кремом вареная сгущенка,0.0,Салют,Sunday,Выпечка,Активный
2025-08-25,Кекс шоколад с кремом вареная сгущенка,0.0,Салют,Monday,Выпечка,Активный
2025-08-26,Кекс шоколад с кремом вареная сгущенка,0.0,Салют,Tuesday,Выпечка,Активный
2025-08-27,Кекс шоколад с кремом вареная сгущенка,0.0,Салют,Wednesday,Выпечка,Активный
2025-08-28,Кекс шоколад с кремом вареная сгущенка,0.0,Салют,Thursday,Выпечка,Активный
2025-08-29,Кекс шоколад с кремом вареная сгущенка,0.0,Салют,Friday,Выпечка,Активный
2025-08-30,Кекс шоколад с кремом вареная сгущенка,0.0,Салют,Saturday,Выпечка,Активный
2025-08-31,Кекс шоколад с кремом вареная сгущенка,0.0,Салют,Sunday,Выпечка,Активный
2025-06-01,Краффин кокос,0.0,Салют,Sunday,Выпечка,Снят
2025-06-02,Краффин кокос,0.0,Салют,Monday,Выпечка,Снят
2025-06-03,Краффин кокос,0.0,Салют,Tuesday,Выпечка,Снят
2025-06-04,Краффин кокос,0.0,Салют,Wednesday,Выпечка,Снят
2025-06-05,Краффин кокос,0.0,Салют,Thursday,Выпечка,Снят
2025-06-06,Краффин кокос,0.0,Салют,Friday,Выпечка,Снят
2025-06-07,Краффин кокос,0.0,Салют,Saturday,Выпечка,Снят
2025-06-08,Краффин кокос,0.0,Салют,Sunday,Выпечка,Снят
2025-06-09,Краффин кокос,0.0,Салют,Monday,Выпечка,Снят
2025-06-10,Краффин кокос,0.0,Салют,Tuesday,Выпечка,Снят
2025-06-11,Краффин кокос,0.0,Салют,Wednesday,Выпечка,Снят
2025-06-12,Краффин кокос,0.0,Салют,Thursday,Выпечка,Снят
2025-06-13,Краффин кокос,0.0,Салют,Friday,Выпечка,Снят
2025-06-14,Краффин кокос,0.0,Салют,Saturday,Выпечка,Снят
2025-06-15,Краффин кокос,0.0,Салют,Sunday,Выпечка,Снят
2025-06-16,Краффин кокос,0.0,Салют,Monday,Выпечка,Снят
2025-06-17,Краффин кокос,0.0,Салют,Tuesday,Выпечка,Снят
2025-06-18,Краффин кокос,0.0,Салют,Wednesday,Выпечка,Снят
2025-06-19,Краффин кокос,0.0,Салют,Thursday,Выпечка,Снят
2025-06-20,Краффин кокос,0.0,Салют,Friday,Выпечка,Снят
2025-06-21,Краффин кокос,0.0,Салют,Saturday,Выпечка,Снят
2025-06-22,Краффин кокос,0.0,Салют,Sunday,Выпечка,Снят
2025-06-23,Краффин кокос,0.0,Салют,Monday,Выпечка,Снят
2025-06-24,Краффин кокос,0.0,Салют,Tuesday,Выпечка,Снят
2025-06-25,Краффин кокос,0.0,Салют,Wednesday,Выпечка,Снят
2025-06-26,Краффин кокос,0.0,Салют,Thursday,Выпечка,Снят
2025-06-27,Краффин кокос,0.0,Салют,Friday,Выпечка,Снят
2025-06-28,Краффин кокос,0.0,Салют,Saturday,Выпечка,Снят
2025-06-29,Краффин кокос,0.0,Салют,Sunday,Выпечка,Снят
2025-06-30,Краффин кокос,0.0,Салют,Monday,Выпечка,Снят
2025-07-01,Краффин кокос,0.0,Салют,Tuesday,Выпечка,Снят
2025-07-02,Краффин кокос,0.0,Салют,Wednesday,Выпечка,Снят
2025-07-03,Краффин кокос,0.0,Салют,Thursday,Выпечка,Снят
2025-07-04,Краффин кокос,0.0,Салют,Friday,Выпечка,Снят
2025-07-05,Краффин кокос,0.0,Салют,Saturday,Выпечка,Снят
2025-07-06,Краффин кокос,0.0,Салют,Sunday,Выпечка,Снят
2025-07-07,Краффин кокос,0.0,Салют,Monday,Выпечка,Снят
2025-07-08,Краффин кокос,0.0,Салют,Tuesday,Выпечка,Снят
2025-07-09,Краффин кокос,0.0,Салют,Wednesday,Выпечка,Снят
2025-07-10,Краффин кокос,0.0,Салют,Thursday,Выпечка,Снят
2025-07-11,Краффин кокос,0.0,Салют,Friday,Выпечка,Снят
2025-07-12,Краффин кокос,0.0,Салют,Saturday,Выпечка,Снят
2025-07-13,Краффин кокос,0.0,Салют,Sunday,Выпечка,Снят
2025-07-14,Краффин кокос,0.0,Салют,Monday,Выпечка,Снят
2025-07-15,Краффин кокос,0.0,Салют,Tuesday,Выпечка,Снят
2025-07-16,Краффин кокос,0.0,Салют,Wednesday,Выпечка,Снят
2025-07-17,Краффин кокос,0.0,Салют,Thursday,Выпечка,Снят
2025-07-18,Краффин кокос,0.0,Салют,Friday,Выпечка,Снят
2025-07-19,Краффин кокос,0.0,Салют,Saturday,Выпечка,Снят
2025-07-20,Краффин кокос,0.0,Салют,Sunday,Выпечка,Снят
2025-07-21,Краффин кокос,0.0,Салют,Monday,Выпечка,Снят
2025-07-22,Краффин кокос,0.0,Салют,Tuesday,Выпечка,Снят
2025-07-23,Краффин кокос,0.0,Салют,Wednesday,Выпечка,Снят
2025-07-24,Краффин кокос,0.0,Салют,Thursday,Выпечка,Снят
2025-07-25,Краффин кокос,0.0,Салют,Friday,Выпечка,Снят
2025-07-26,Краффин кокос,0.0,Салют,Saturday,Выпечка,Снят
2025-07-27,Краффин кокос,0.0,Салют,Sunday,Выпечка,Снят
2025-07-28,Краффин кокос,0.0,Салют,Monday,Выпечка,Снят
2025-07-29,Краффин кокос,0.0,Салют,Tuesday,Выпечка,Снят
2025-07-30,Краффин кокос,0.0,Салют,Wednesday,Выпечка,Снят
2025-07-31,Краффин кокос,0.0,Салют,Thursday,Выпечка,Снят
2025-08-01,Краффин кокос,0.0,Салют,Friday,Выпечка,Снят
2025-08-02,Краффин кокос,0.0,Салют,Saturday,Выпечка,Снят
2025-08-03,Краффин кокос,0.0,Салют,Sunday,Выпечка,Снят
2025-08-04,Краффин кокос,0.0,Салют,Monday,Выпечка,Снят
2025-08-05,Краффин кокос,0.0,Салют,Tuesday,Выпечка,Снят
2025-08-06,Краффин кокос,0.0,Салют,Wednesday,Выпечка,Снят
2025-08-07,Краффин кокос,0.0,Салют,Thursday,Выпечка,Снят
2025-08-08,Краффин кокос,0.0,Салют,Friday,Выпечка,Снят
2025-08-09,Краффин кокос,0.0,Салют,Saturday,Выпечка,Снят
2025-08-10,Краффин кокос,0.0,Салют,Sunday,Выпечка,Снят
2025-08-11,Краффин кокос,0.0,Салют,Monday,Выпечка,Снят
2025-08-12,Краффин кокос,0.0,Салют,Tuesday,Выпечка,Снят
2025-08-13,Краффин кокос,0.0,Салют,Wednesday,Выпечка,Снят
2025-08-14,Краффин кокос,0.0,Салют,Thursday,Выпечка,Снят
2025-08-15,Краффин кокос,0.0,Салют,Friday,Выпечка,Снят
2025-08-16,Краффин кокос,0.0,Салют,Saturday,Выпечка,Снят
2025-08-17,Краффин кокос,0.0,Салют,Sunday,Выпечка,Снят
2025-08-18,Краффин кокос,0.0,Салют,Monday,Выпечка,Снят
2025-08-19,Краффин кокос,0.0,Салют,Tuesday,Выпечка,Снят
2025-08-20,Краффин кокос,0.0,Салют,Wednesday,Выпечка,Снят
2025-08-21,Краффин кокос,0.0,Салют,Thursday,Выпечка,Снят
2025-08-22,Краффин кокос,0.0,Салют,Friday,Выпечка,Снят
2025-08-23,Краффин кокос,0.0,Салют,Saturday,Выпечка,Снят
2025-08-24,Краффин кокос,0.0,Салют,Sunday,Выпечка,Снят
2025-08-25,Краффин кокос,0.0,Салют,Monday,Выпечка,Снят
2025-08-26,Краффин кокос,0.0,Салют,Tuesday,Выпечка,Снят
2025-08-27,Краффин кокос,0.0,Салют,Wednesday,Выпечка,Снят
2025-08-28,Краффин кокос,0.0,Салют,Thursday,Выпечка,Снят
2025-08-29,Краффин кокос,0.0,Салют,Friday,Выпечка,Снят
2025-08-30,Краффин кокос,0.0,Салют,Saturday,Выпечка,Снят
2025-08-31,Краффин кокос,0.0,Салют,Sunday,Выпечка,Снят
2025-06-01,Круассан 75г,5.0,Салют,Sunday,Выпечка,Активный
2025-06-02,Круассан 75г,5.0,Салют,Monday,Выпечка,Активный
2025-06-03,Круассан 75г,9.0,Салют,Tuesday,Выпечка,Активный
2025-06-04,Круассан 75г,9.0,Салют,Wednesday,Выпечка,Активный
2025-06-05,Круассан 75г,5.0,Салют,Thursday,Выпечка,Активный
2025-06-06,Круассан 75г,9.0,Салют,Friday,Выпечка,Активный
2025-06-07,Круассан 75г,0.0,Салют,Saturday,Выпечка,Активный
2025-06-08,Круассан 75г,5.0,Салют,Sunday,Выпечка,Активный
2025-06-09,Круассан 75г,0.0,Салют,Monday,Выпечка,Активный
2025-06-10,Круассан 75г,5.0,Салют,Tuesday,Выпечка,Активный
2025-06-11,Круассан 75г,5.0,Салют,Wednesday,Выпечка,Активный
2025-06-12,Круассан 75г,5.0,Салют,Thursday,Выпечка,Активный
2025-06-13,Круассан 75г,5.0,Салют,Friday,Выпечка,Активный
2025-06-14,Круассан 75г,5.0,Салют,Saturday,Выпечка,Активный
2025-06-15,Круассан 75г,5.0,Салют,Sunday,Выпечка,Активный
2025-06-16,Круассан 75г,0.0,Салют,Monday,Выпечка,Активный
2025-06-17,Круассан 75г,0.0,Салют,Tuesday,Выпечка,Активный
2025-06-18,Круассан 75г,5.0,Салют,Wednesday,Выпечка,Активный
2025-06-19,Круассан 75г,5.0,Салют,Thursday,Выпечка,Активный
2025-06-20,Круассан 75г,0.0,Салют,Friday,Выпечка,Активный
2025-06-21,Круассан 75г,5.0,Салют,Saturday,Выпечка,Активный
2025-06-22,Круассан 75г,5.0,Салют,Sunday,Выпечка,Активный
2025-06-23,Круассан 75г,0.0,Салют,Monday,Выпечка,Активный
2025-06-24,Круассан 75г,0.0,Салют,Tuesday,Выпечка,Активный
2025-06-25,Круассан 75г,5.0,Салют,Wednesday,Выпечка,Активный
2025-06-26,Круассан 75г,0.0,Салют,Thursday,Выпечка,Активный
2025-06-27,Круассан 75г,0.0,Салют,Friday,Выпечка,Активный
2025-06-28,Круассан 75г,5.0,Салют,Saturday,Выпечка,Активный
2025-06-29,Круассан 75г,0.0,Салют,Sunday,Выпечка,Активный
2025-06-30,Круассан 75г,0.0,Салют,Monday,Выпечка,Активный
2025-07-01,Круассан 75г,0.0,Салют,Tuesday,Выпечка,Активный
2025-07-02,Круассан 75г,0.0,Салют,Wednesday,Выпечка,Активный
2025-07-03,Круассан 75г,0.0,Салют,Thursday,Выпечка,Активный
2025-07-04,Круассан 75г,0.0,Салют,Friday,Выпечка,Активный
2025-07-05,Круассан 75г,0.0,Салют,Saturday,Выпечка,Активный
2025-07-06,Круассан 75г,0.0,Салют,Sunday,Выпечка,Активный
2025-07-07,Круассан 75г,0.0,Салют,Monday,Выпечка,Активный
2025-07-08,Круассан 75г,0.0,Салют,Tuesday,Выпечка,Активный
2025-07-09,Круассан 75г,0.0,Салют,Wednesday,Выпечка,Активный
2025-07-10,Круассан 75г,0.0,Салют,Thursday,Выпечка,Активный
2025-07-11,Круассан 75г,0.0,Салют,Friday,Выпечка,Активный
2025-07-12,Круассан 75г,0.0,Салют,Saturday,Выпечка,Активный
2025-07-13,Круассан 75г,0.0,Салют,Sunday,Выпечка,Активный
2025-07-14,Круассан 75г,0.0,Салют,Monday,Выпечка,Активный
2025-07-15,Круассан 75г,0.0,Салют,Tuesday,Выпечка,Активный
2025-07-16,Круассан 75г,0.0,Салют,Wednesday,Выпечка,Активный
2025-07-17,Круассан 75г,0.0,Салют,Thursday,Выпечка,Активный
2025-07-18,Круассан 75г,0.0,Салют,Friday,Выпечка,Активный
2025-07-19,Круассан 75г,0.0,Салют,Saturday,Выпечка,Активный
2025-07-20,Круассан 75г,0.0,Салют,Sunday,Выпечка,Активный
2025-07-21,Круассан 75г,0.0,Салют,Monday,Выпечка,Активный
2025-07-22,Круассан 75г,0.0,Салют,Tuesday,Выпечка,Активный
2025-07-23,Круассан 75г,0.0,Салют,Wednesday,Выпечка,Активный
2025-07-24,Круассан 75г,0.0,Салют,Thursday,Выпечка,Активный
2025-07-25,Круассан 75г,0.0,Салют,Friday,Выпечка,Активный
2025-07-26,Круассан 75г,0.0,Салют,Saturday,Выпечка,Активный
2025-07-27,Круассан 75г,0.0,Салют,Sunday,Выпечка,Активный
2025-07-28,Круассан 75г,0.0,Салют,Monday,Выпечка,Активный
2025-07-29,Круассан 75г,0.0,Салют,Tuesday,Выпечка,Активный
2025-07-30,Круассан 75г,0.0,Салют,Wednesday,Выпечка,Активный
2025-07-31,Круассан 75г,0.0,Салют,Thursday,Выпечка,Активный
2025-08-01,Круассан 75г,0.0,Салют,Friday,Выпечка,Активный
2025-08-02,Круассан 75г,3.0,Салют,Saturday,Выпечка,Активный
2025-08-03,Круассан 75г,3.0,Салют,Sunday,Выпечка,Активный
2025-08-04,Круассан 75г,0.0,Салют,Monday,Выпечка,Активный
2025-08-05,Круассан 75г,0.0,Салют,Tuesday,Выпечка,Активный
2025-08-06,Круассан 75г,0.0,Салют,Wednesday,Выпечка,Активный
2025-08-07,Круассан 75г,0.0,Салют,Thursday,Выпечка,Активный
2025-08-08,Круассан 75г,0.0,Салют,Friday,Выпечка,Активный
2025-08-09,Круассан 75г,0.0,Салют,Saturday,Выпечка,Активный
2025-08-10,Круассан 75г,0.0,Салют,Sunday,Выпечка,Активный
2025-08-11,Круассан 75г,0.0,Салют,Monday,Выпечка,Активный
2025-08-12,Круассан 75г,0.0,Салют,Tuesday,Выпечка,Активный
2025-08-13,Круассан 75г,0.0,Салют,Wednesday,Выпечка,Активный
2025-08-14,Круассан 75г,0.0,Салют,Thursday,Выпечка,Активный
2025-08-15,Круассан 75г,0.0,Салют,Friday,Выпечка,Активный
2025-08-16,Круассан 75г,0.0,Салют,Saturday,Выпечка,Активный
2025-08-17,Круассан 75г,0.0,Салют,Sunday,Выпечка,Активный
2025-08-18,Круассан 75г,0.0,Салют,Monday,Выпечка,Активный
2025-08-19,Круассан 75г,0.0,Салют,Tuesday,Выпечка,Активный
2025-08-20,Круассан 75г,0.0,Салют,Wednesday,Выпечка,Активный
2025-08-21,Круассан 75г,0.0,Салют,Thursday,Выпечка,Активный
2025-08-22,Круассан 75г,0.0,Салют,Friday,Выпечка,Активный
2025-08-23,Круассан 75г,0.0,Салют,Saturday,Выпечка,Активный
2025-08-24,Круассан 75г,3.0,Салют,Sunday,Выпечка,Активный
2025-08-25,Круассан 75г,0.0,Салют,Monday,Выпечка,Активный
2025-08-26,Круассан 75г,0.0,Салют,Tuesday,Выпечка,Активный
2025-08-27,Круассан 75г,0.0,Салют,Wednesday,Выпечка,Активный
2025-08-28,Круассан 75г,0.0,Салют,Thursday,Выпечка,Активный
2025-08-29,Круассан 75г,0.0,Салют,Friday,Выпечка,Активный
2025-08-30,Круассан 75г,0.0,Салют,Saturday,Выпечка,Активный
2025-08-31,Круассан 75г,0.0,Салют,Sunday,Выпечка,Активный
2025-06-01,Маритоццо ваниль-мисо карамель,10.0,Салют,Sunday,Выпечка,Активный
2025-06-02,Маритоццо ваниль-мисо карамель,10.0,Салют,Monday,Выпечка,Активный
2025-06-03,Маритоццо ваниль-мисо карамель,10.0,Салют,Tuesday,Выпечка,Активный
2025-06-04,Маритоццо ваниль-мисо карамель,10.0,Салют,Wednesday,Выпечка,Активный
2025-06-05,Маритоццо ваниль-мисо карамель,10.0,Салют,Thursday,Выпечка,Активный
2025-06-06,Маритоццо ваниль-мисо карамель,10.0,Салют,Friday,Выпечка,Активный
2025-06-07,Маритоццо ваниль-мисо карамель,5.0,Салют,Saturday,Выпечка,Активный
2025-06-08,Маритоццо ваниль-мисо карамель,5.0,Салют,Sunday,Выпечка,Активный
2025-06-09,Маритоццо ваниль-мисо карамель,0.0,Салют,Monday,Выпечка,Активный
2025-06-10,Маритоццо ваниль-мисо карамель,5.0,Салют,Tuesday,Выпечка,Активный
2025-06-11,Маритоццо ваниль-мисо карамель,5.0,Салют,Wednesday,Выпечка,Активный
2025-06-12,Маритоццо ваниль-мисо карамель,5.0,Салют,Thursday,Выпечка,Активный
2025-06-13,Маритоццо ваниль-мисо карамель,5.0,Салют,Friday,Выпечка,Активный
2025-06-14,Маритоццо ваниль-мисо карамель,5.0,Салют,Saturday,Выпечка,Активный
2025-06-15,Маритоццо ваниль-мисо карамель,5.0,Салют,Sunday,Выпечка,Активный
2025-06-16,Маритоццо ваниль-мисо карамель,0.0,Салют,Monday,Выпечка,Активный
2025-06-17,Маритоццо ваниль-мисо карамель,3.0,Салют,Tuesday,Выпечка,Активный
2025-06-18,Маритоццо ваниль-мисо карамель,5.0,Салют,Wednesday,Выпечка,Активный
2025-06-19,Маритоццо ваниль-мисо карамель,5.0,Салют,Thursday,Выпечка,Активный
2025-06-20,Маритоццо ваниль-мисо карамель,5.0,Салют,Friday,Выпечка,Активный
2025-06-21,Маритоццо ваниль-мисо карамель,5.0,Салют,Saturday,Выпечка,Активный
2025-06-22,Маритоццо ваниль-мисо карамель,5.0,Салют,Sunday,Выпечка,Активный
2025-06-23,Маритоццо ваниль-мисо карамель,0.0,Салют,Monday,Выпечка,Активный
2025-06-24,Маритоццо ваниль-мисо карамель,0.0,Салют,Tuesday,Выпечка,Активный
2025-06-25,Маритоццо ваниль-мисо карамель,5.0,Салют,Wednesday,Выпечка,Активный
2025-06-26,Маритоццо ваниль-мисо карамель,0.0,Салют,Thursday,Выпечка,Активный
2025-06-27,Маритоццо ваниль-мисо карамель,0.0,Салют,Friday,Выпечка,Активный
2025-06-28,Маритоццо ваниль-мисо карамель,10.0,Салют,Saturday,Выпечка,Активный
2025-06-29,Маритоццо ваниль-мисо карамель,5.0,Салют,Sunday,Выпечка,Активный
2025-06-30,Маритоццо ваниль-мисо карамель,0.0,Салют,Monday,Выпечка,Активный
2025-07-01,Маритоццо ваниль-мисо карамель,0.0,Салют,Tuesday,Выпечка,Активный
2025-07-02,Маритоццо ваниль-мисо карамель,4.0,Салют,Wednesday,Выпечка,Активный
2025-07-03,Маритоццо ваниль-мисо карамель,0.0,Салют,Thursday,Выпечка,Активный
2025-07-04,Маритоццо ваниль-мисо карамель,0.0,Салют,Friday,Выпечка,Активный
2025-07-05,Маритоццо ваниль-мисо карамель,9.0,Салют,Saturday,Выпечка,Активный
2025-07-06,Маритоццо ваниль-мисо карамель,9.0,Салют,Sunday,Выпечка,Активный
2025-07-07,Маритоццо ваниль-мисо карамель,0.0,Салют,Monday,Выпечка,Активный
2025-07-08,Маритоццо ваниль-мисо карамель,6.0,Салют,Tuesday,Выпечка,Активный
2025-07-09,Маритоццо ваниль-мисо карамель,0.0,Салют,Wednesday,Выпечка,Активный
2025-07-10,Маритоццо ваниль-мисо карамель,0.0,Салют,Thursday,Выпечка,Активный
2025-07-11,Маритоццо ваниль-мисо карамель,0.0,Салют,Friday,Выпечка,Активный
2025-07-12,Маритоццо ваниль-мисо карамель,5.0,Салют,Saturday,Выпечка,Активный
2025-07-13,Маритоццо ваниль-мисо карамель,5.0,Салют,Sunday,Выпечка,Активный
2025-07-14,Маритоццо ваниль-мисо карамель,4.0,Салют,Monday,Выпечка,Активный
2025-07-15,Маритоццо ваниль-мисо карамель,0.0,Салют,Tuesday,Выпечка,Активный
2025-07-16,Маритоццо ваниль-мисо карамель,0.0,Салют,Wednesday,Выпечка,Активный
2025-07-17,Маритоццо ваниль-мисо карамель,4.0,Салют,Thursday,Выпечка,Активный
2025-07-18,Маритоццо ваниль-мисо карамель,0.0,Салют,Friday,Выпечка,Активный
2025-07-19,Маритоццо ваниль-мисо карамель,5.0,Салют,Saturday,Выпечка,Активный
2025-07-20,Маритоццо ваниль-мисо карамель,9.0,Салют,Sunday,Выпечка,Активный
2025-07-21,Маритоццо ваниль-мисо карамель,0.0,Салют,Monday,Выпечка,Активный
2025-07-22,Маритоццо ваниль-мисо карамель,0.0,Салют,Tuesday,Выпечка,Активный
2025-07-23,Маритоццо ваниль-мисо карамель,4.0,Салют,Wednesday,Выпечка,Активный
2025-07-24,Маритоццо ваниль-мисо карамель,0.0,Салют,Thursday,Выпечка,Активный
2025-07-25,Маритоццо ваниль-мисо карамель,0.0,Салют,Friday,Выпечка,Активный
2025-07-26,Маритоццо ваниль-мисо карамель,9.0,Салют,Saturday,Выпечка,Активный
2025-07-27,Маритоццо ваниль-мисо карамель,5.0,Салют,Sunday,Выпечка,Активный
2025-07-28,Маритоццо ваниль-мисо карамель,0.0,Салют,Monday,Выпечка,Активный
2025-07-29,Маритоццо ваниль-мисо карамель,0.0,Салют,Tuesday,Выпечка,Активный
2025-07-30,Маритоццо ваниль-мисо карамель,0.0,Салют,Wednesday,Выпечка,Активный
2025-07-31,Маритоццо ваниль-мисо карамель,0.0,Салют,Thursday,Выпечка,Активный
2025-08-01,Маритоццо ваниль-мисо карамель,0.0,Салют,Friday,Выпечка,Активный
2025-08-02,Маритоццо ваниль-мисо карамель,0.0,Салют,Saturday,Выпечка,Активный
2025-08-03,Маритоццо ваниль-мисо карамель,0.0,Салют,Sunday,Выпечка,Активный
2025-08-04,Маритоццо ваниль-мисо карамель,4.0,Салют,Monday,Выпечка,Активный
2025-08-05,Маритоццо ваниль-мисо карамель,0.0,Салют,Tuesday,Выпечка,Активный
2025-08-06,Маритоццо ваниль-мисо карамель,0.0,Салют,Wednesday,Выпечка,Активный
2025-08-07,Маритоццо ваниль-мисо карамель,0.0,Салют,Thursday,Выпечка,Активный
2025-08-08,Маритоццо ваниль-мисо карамель,4.0,Салют,Friday,Выпечка,Активный
2025-08-09,Маритоццо ваниль-мисо карамель,0.0,Салют,Saturday,Выпечка,Активный
2025-08-10,Маритоццо ваниль-мисо карамель,0.0,Салют,Sunday,Выпечка,Активный
2025-08-11,Маритоццо ваниль-мисо карамель,0.0,Салют,Monday,Выпечка,Активный
2025-08-12,Маритоццо ваниль-мисо карамель,4.0,Салют,Tuesday,Выпечка,Активный
2025-08-13,Маритоццо ваниль-мисо карамель,0.0,Салют,Wednesday,Выпечка,Активный
2025-08-14,Маритоццо ваниль-мисо карамель,0.0,Салют,Thursday,Выпечка,Активный
2025-08-15,Маритоццо ваниль-мисо карамель,0.0,Салют,Friday,Выпечка,Активный
2025-08-16,Маритоццо ваниль-мисо карамель,4.0,Салют,Saturday,Выпечка,Активный
2025-08-17,Маритоццо ваниль-мисо карамель,0.0,Салют,Sunday,Выпечка,Активный
2025-08-18,Маритоццо ваниль-мисо карамель,0.0,Салют,Monday,Выпечка,Активный
2025-08-19,Маритоццо ваниль-мисо карамель,4.0,Салют,Tuesday,Выпечка,Активный
2025-08-20,Маритоццо ваниль-мисо карамель,0.0,Салют,Wednesday,Выпечка,Активный
2025-08-21,Маритоццо ваниль-мисо карамель,0.0,Салют,Thursday,Выпечка,Активный
2025-08-22,Маритоццо ваниль-мисо карамель,0.0,Салют,Friday,Выпечка,Активный
2025-08-23,Маритоццо ваниль-мисо карамель,0.0,Салют,Saturday,Выпечка,Активный
2025-08-24,Маритоццо ваниль-мисо карамель,0.0,Салют,Sunday,Выпечка,Активный
2025-08-25,Маритоццо ваниль-мисо карамель,0.0,Салют,Monday,Выпечка,Активный
2025-08-26,Маритоццо ваниль-мисо карамель,0.0,Салют,Tuesday,Выпечка,Активный
2025-08-27,Маритоццо ваниль-мисо карамель,0.0,Салют,Wednesday,Выпечка,Активный
2025-08-28,Маритоццо ваниль-мисо карамель,0.0,Салют,Thursday,Выпечка,Активный
2025-08-29,Маритоццо ваниль-мисо карамель,0.0,Салют,Friday,Выпечка,Активный
2025-08-30,Маритоццо ваниль-мисо карамель,5.0,Салют,Saturday,Выпечка,Активный
2025-08-31,Маритоццо ваниль-мисо карамель,5.0,Салют,Sunday,Выпечка,Активный
2025-06-01,Пуддинг с корицей с кремом  (кусок),0.0,Салют,Sunday,Десерты,Активный
2025-06-02,Пуддинг с корицей с кремом  (кусок),0.0,Салют,Monday,Десерты,Активный
2025-06-03,Пуддинг с корицей с кремом  (кусок),0.0,Салют,Tuesday,Десерты,Активный
2025-06-04,Пуддинг с корицей с кремом  (кусок),0.0,Салют,Wednesday,Десерты,Активный
2025-06-05,Пуддинг с корицей с кремом  (кусок),0.0,Салют,Thursday,Десерты,Активный
2025-06-06,Пуддинг с корицей с кремом  (кусок),0.0,Салют,Friday,Десерты,Активный
2025-06-07,Пуддинг с корицей с кремом  (кусок),0.0,Салют,Saturday,Десерты,Активный
2025-06-08,Пуддинг с корицей с кремом  (кусок),0.0,Салют,Sunday,Десерты,Активный
2025-06-09,Пуддинг с корицей с кремом  (кусок),0.0,Салют,Monday,Десерты,Активный
2025-06-10,Пуддинг с корицей с кремом  (кусок),0.0,Салют,Tuesday,Десерты,Активный
2025-06-11,Пуддинг с корицей с кремом  (кусок),0.0,Салют,Wednesday,Десерты,Активный
2025-06-12,Пуддинг с корицей с кремом  (кусок),0.0,Салют,Thursday,Десерты,Активный
2025-06-13,Пуддинг с корицей с кремом  (кусок),0.0,Салют,Friday,Десерты,Активный
2025-06-14,Пуддинг с корицей с кремом  (кусок),0.0,Салют,Saturday,Десерты,Активный
2025-06-15,Пуддинг с корицей с кремом  (кусок),0.0,Салют,Sunday,Десерты,Активный
2025-06-16,Пуддинг с корицей с кремом  (кусок),0.0,Салют,Monday,Десерты,Активный
2025-06-17,Пуддинг с корицей с кремом  (кусок),0.0,Салют,Tuesday,Десерты,Активный
2025-06-18,Пуддинг с корицей с кремом  (кусок),0.0,Салют,Wednesday,Десерты,Активный
2025-06-19,Пуддинг с корицей с кремом  (кусок),0.0,Салют,Thursday,Десерты,Активный
2025-06-20,Пуддинг с корицей с кремом  (кусок),0.0,Салют,Friday,Десерты,Активный
2025-06-21,Пуддинг с корицей с кремом  (кусок),0.0,Салют,Saturday,Десерты,Активный
2025-06-22,Пуддинг с корицей с кремом  (кусок),0.0,Салют,Sunday,Десерты,Активный
2025-06-23,Пуддинг с корицей с кремом  (кусок),0.0,Салют,Monday,Десерты,Активный
2025-06-24,Пуддинг с корицей с кремом  (кусок),0.0,Салют,Tuesday,Десерты,Активный
2025-06-25,Пуддинг с корицей с кремом  (кусок),0.0,Салют,Wednesday,Десерты,Активный
2025-06-26,Пуддинг с корицей с кремом  (кусок),0.0,Салют,Thursday,Десерты,Активный
2025-06-27,Пуддинг с корицей с кремом  (кусок),0.0,Салют,Friday,Десерты,Активный
2025-06-28,Пуддинг с корицей с кремом  (кусок),0.0,Салют,Saturday,Десерты,Активный
2025-06-29,Пуддинг с корицей с кремом  (кусок),0.0,Салют,Sunday,Десерты,Активный
2025-06-30,Пуддинг с корицей с кремом  (кусок),0.0,Салют,Monday,Десерты,Активный
2025-07-01,Пуддинг с корицей с кремом  (кусок),0.0,Салют,Tuesday,Десерты,Активный
2025-07-02,Пуддинг с корицей с кремом  (кусок),0.0,Салют,Wednesday,Десерты,Активный
2025-07-03,Пуддинг с корицей с кремом  (кусок),0.0,Салют,Thursday,Десерты,Активный
2025-07-04,Пуддинг с корицей с кремом  (кусок),0.0,Салют,Friday,Десерты,Активный
2025-07-05,Пуддинг с корицей с кремом  (кусок),0.0,Салют,Saturday,Десерты,Активный
2025-07-06,Пуддинг с корицей с кремом  (кусок),0.0,Салют,Sunday,Десерты,Активный
2025-07-07,Пуддинг с корицей с кремом  (кусок),0.0,Салют,Monday,Десерты,Активный
2025-07-08,Пуддинг с корицей с кремом  (кусок),0.0,Салют,Tuesday,Десерты,Активный
2025-07-09,Пуддинг с корицей с кремом  (кусок),0.0,Салют,Wednesday,Десерты,Активный
2025-07-10,Пуддинг с корицей с кремом  (кусок),0.0,Салют,Thursday,Десерты,Активный
2025-07-11,Пуддинг с корицей с кремом  (кусок),0.0,Салют,Friday,Десерты,Активный
2025-07-12,Пуддинг с корицей с кремом  (кусок),0.0,Салют,Saturday,Десерты,Активный
2025-07-13,Пуддинг с корицей с кремом  (кусок),0.0,Салют,Sunday,Десерты,Активный
2025-07-14,Пуддинг с корицей с кремом  (кусок),0.0,Салют,Monday,Десерты,Активный
2025-07-15,Пуддинг с корицей с кремом  (кусок),0.0,Салют,Tuesday,Десерты,Активный
2025-07-16,Пуддинг с корицей с кремом  (кусок),0.0,Салют,Wednesday,Десерты,Активный
2025-07-17,Пуддинг с корицей с кремом  (кусок),0.0,Салют,Thursday,Десерты,Активный
2025-07-18,Пуддинг с корицей с кремом  (кусок),0.0,Салют,Friday,Десерты,Активный
2025-07-19,Пуддинг с корицей с кремом  (кусок),0.0,Салют,Saturday,Десерты,Активный
2025-07-20,Пуддинг с корицей с кремом  (кусок),0.0,Салют,Sunday,Десерты,Активный
2025-07-21,Пуддинг с корицей с кремом  (кусок),0.0,Салют,Monday,Десерты,Активный
2025-07-22,Пуддинг с корицей с кремом  (кусок),0.0,Салют,Tuesday,Десерты,Активный
2025-07-23,Пуддинг с корицей с кремом  (кусок),0.0,Салют,Wednesday,Десерты,Активный
2025-07-24,Пуддинг с корицей с кремом  (кусок),0.0,Салют,Thursday,Десерты,Активный
2025-07-25,Пуддинг с корицей с кремом  (кусок),0.0,Салют,Friday,Десерты,Активный
2025-07-26,Пуддинг с корицей с кремом  (кусок),0.0,Салют,Saturday,Десерты,Активный
2025-07-27,Пуддинг с корицей с кремом  (кусок),0.0,Салют,Sunday,Десерты,Активный
2025-07-28,Пуддинг с корицей с кремом  (кусок),0.0,Салют,Monday,Десерты,Активный
2025-07-29,Пуддинг с корицей с кремом  (кусок),0.0,Салют,Tuesday,Десерты,Активный
2025-07-30,Пуддинг с корицей с кремом  (кусок),0.0,Салют,Wednesday,Десерты,Активный
2025-07-31,Пуддинг с корицей с кремом  (кусок),0.0,Салют,Thursday,Десерты,Активный
2025-08-01,Пуддинг с корицей с кремом  (кусок),0.0,Салют,Friday,Десерты,Активный
2025-08-02,Пуддинг с корицей с кремом  (кусок),0.0,Салют,Saturday,Десерты,Активный
2025-08-03,Пуддинг с корицей с кремом  (кусок),0.0,Салют,Sunday,Десерты,Активный
2025-08-04,Пуддинг с корицей с кремом  (кусок),0.0,Салют,Monday,Десерты,Активный
2025-08-05,Пуддинг с корицей с кремом  (кусок),0.0,Салют,Tuesday,Десерты,Активный
2025-08-06,Пуддинг с корицей с кремом  (кусок),0.0,Салют,Wednesday,Десерты,Активный
2025-08-07,Пуддинг с корицей с кремом  (кусок),0.0,Салют,Thursday,Десерты,Активный
2025-08-08,Пуддинг с корицей с кремом  (кусок),0.0,Салют,Friday,Десерты,Активный
2025-08-09,Пуддинг с корицей с кремом  (кусок),0.0,Салют,Saturday,Десерты,Активный
2025-08-10,Пуддинг с корицей с кремом  (кусок),0.0,Салют,Sunday,Десерты,Активный
2025-08-11,Пуддинг с корицей с кремом  (кусок),0.0,Салют,Monday,Десерты,Активный
2025-08-12,Пуддинг с корицей с кремом  (кусок),0.0,Салют,Tuesday,Десерты,Активный
2025-08-13,Пуддинг с корицей с кремом  (кусок),0.0,Салют,Wednesday,Десерты,Активный
2025-08-14,Пуддинг с корицей с кремом  (кусок),0.0,Салют,Thursday,Десерты,Активный
2025-08-15,Пуддинг с корицей с кремом  (кусок),0.0,Салют,Friday,Десерты,Активный
2025-08-16,Пуддинг с корицей с кремом  (кусок),0.0,Салют,Saturday,Десерты,Активный
2025-08-17,Пуддинг с корицей с кремом  (кусок),0.0,Салют,Sunday,Десерты,Активный
2025-08-18,Пуддинг с корицей с кремом  (кусок),0.0,Салют,Monday,Десерты,Активный
2025-08-19,Пуддинг с корицей с кремом  (кусок),0.0,Салют,Tuesday,Десерты,Активный
2025-08-20,Пуддинг с корицей с кремом  (кусок),0.0,Салют,Wednesday,Десерты,Активный
2025-08-21,Пуддинг с корицей с кремом  (кусок),0.0,Салют,Thursday,Десерты,Активный
2025-08-22,Пуддинг с корицей с кремом  (кусок),0.0,Салют,Friday,Десерты,Активный
2025-08-23,Пуддинг с корицей с кремом  (кусок),0.0,Салют,Saturday,Десерты,Активный
2025-08-24,Пуддинг с корицей с кремом  (кусок),0.0,Салют,Sunday,Десерты,Активный
2025-08-25,Пуддинг с корицей с кремом  (кусок),0.0,Салют,Monday,Десерты,Активный
2025-08-26,Пуддинг с корицей с кремом  (кусок),0.0,Салют,Tuesday,Десерты,Активный
2025-08-27,Пуддинг с корицей с кремом  (кусок),0.0,Салют,Wednesday,Десерты,Активный
2025-08-28,Пуддинг с корицей с кремом  (кусок),0.0,Салют,Thursday,Десерты,Активный
2025-08-29,Пуддинг с корицей с кремом  (кусок),0.0,Салют,Friday,Десерты,Активный
2025-08-30,Пуддинг с корицей с кремом  (кусок),0.0,Салют,Saturday,Десерты,Активный
2025-08-31,Пуддинг с корицей с кремом  (кусок),0.0,Салют,Sunday,Десерты,Активный
2025-06-01,Синнабоны шоколад-пекан-карамель,0.0,Салют,Sunday,Выпечка,Активный
2025-06-02,Синнабоны шоколад-пекан-карамель,0.0,Салют,Monday,Выпечка,Активный
2025-06-03,Синнабоны шоколад-пекан-карамель,0.0,Салют,Tuesday,Выпечка,Активный
2025-06-04,Синнабоны шоколад-пекан-карамель,0.0,Салют,Wednesday,Выпечка,Активный
2025-06-05,Синнабоны шоколад-пекан-карамель,0.0,Салют,Thursday,Выпечка,Активный
2025-06-06,Синнабоны шоколад-пекан-карамель,0.0,Салют,Friday,Выпечка,Активный
2025-06-07,Синнабоны шоколад-пекан-карамель,0.0,Салют,Saturday,Выпечка,Активный
2025-06-08,Синнабоны шоколад-пекан-карамель,0.0,Салют,Sunday,Выпечка,Активный
2025-06-09,Синнабоны шоколад-пекан-карамель,0.0,Салют,Monday,Выпечка,Активный
2025-06-10,Синнабоны шоколад-пекан-карамель,0.0,Салют,Tuesday,Выпечка,Активный
2025-06-11,Синнабоны шоколад-пекан-карамель,0.0,Салют,Wednesday,Выпечка,Активный
2025-06-12,Синнабоны шоколад-пекан-карамель,0.0,Салют,Thursday,Выпечка,Активный
2025-06-13,Синнабоны шоколад-пекан-карамель,0.0,Салют,Friday,Выпечка,Активный
2025-06-14,Синнабоны шоколад-пекан-карамель,0.0,Салют,Saturday,Выпечка,Активный
2025-06-15,Синнабоны шоколад-пекан-карамель,0.0,Салют,Sunday,Выпечка,Активный
2025-06-16,Синнабоны шоколад-пекан-карамель,0.0,Салют,Monday,Выпечка,Активный
2025-06-17,Синнабоны шоколад-пекан-карамель,0.0,Салют,Tuesday,Выпечка,Активный
2025-06-18,Синнабоны шоколад-пекан-карамель,0.0,Салют,Wednesday,Выпечка,Активный
2025-06-19,Синнабоны шоколад-пекан-карамель,0.0,Салют,Thursday,Выпечка,Активный
2025-06-20,Синнабоны шоколад-пекан-карамель,0.0,Салют,Friday,Выпечка,Активный
2025-06-21,Синнабоны шоколад-пекан-карамель,0.0,Салют,Saturday,Выпечка,Активный
2025-06-22,Синнабоны шоколад-пекан-карамель,0.0,Салют,Sunday,Выпечка,Активный
2025-06-23,Синнабоны шоколад-пекан-карамель,0.0,Салют,Monday,Выпечка,Активный
2025-06-24,Синнабоны шоколад-пекан-карамель,0.0,Салют,Tuesday,Выпечка,Активный
2025-06-25,Синнабоны шоколад-пекан-карамель,0.0,Салют,Wednesday,Выпечка,Активный
2025-06-26,Синнабоны шоколад-пекан-карамель,0.0,Салют,Thursday,Выпечка,Активный
2025-06-27,Синнабоны шоколад-пекан-карамель,0.0,Салют,Friday,Выпечка,Активный
2025-06-28,Синнабоны шоколад-пекан-карамель,0.0,Салют,Saturday,Выпечка,Активный
2025-06-29,Синнабоны шоколад-пекан-карамель,0.0,Салют,Sunday,Выпечка,Активный
2025-06-30,Синнабоны шоколад-пекан-карамель,0.0,Салют,Monday,Выпечка,Активный
2025-07-01,Синнабоны шоколад-пекан-карамель,0.0,Салют,Tuesday,Выпечка,Активный
2025-07-02,Синнабоны шоколад-пекан-карамель,0.0,Салют,Wednesday,Выпечка,Активный
2025-07-03,Синнабоны шоколад-пекан-карамель,0.0,Салют,Thursday,Выпечка,Активный
2025-07-04,Синнабоны шоколад-пекан-карамель,0.0,Салют,Friday,Выпечка,Активный
2025-07-05,Синнабоны шоколад-пекан-карамель,0.0,Салют,Saturday,Выпечка,Активный
2025-07-06,Синнабоны шоколад-пекан-карамель,0.0,Салют,Sunday,Выпечка,Активный
2025-07-07,Синнабоны шоколад-пекан-карамель,0.0,Салют,Monday,Выпечка,Активный
2025-07-08,Синнабоны шоколад-пекан-карамель,0.0,Салют,Tuesday,Выпечка,Активный
2025-07-09,Синнабоны шоколад-пекан-карамель,0.0,Салют,Wednesday,Выпечка,Активный
2025-07-10,Синнабоны шоколад-пекан-карамель,0.0,Салют,Thursday,Выпечка,Активный
2025-07-11,Синнабоны шоколад-пекан-карамель,0.0,Салют,Friday,Выпечка,Активный
2025-07-12,Синнабоны шоколад-пекан-карамель,0.0,Салют,Saturday,Выпечка,Активный
2025-07-13,Синнабоны шоколад-пекан-карамель,0.0,Салют,Sunday,Выпечка,Активный
2025-07-14,Синнабоны шоколад-пекан-карамель,0.0,Салют,Monday,Выпечка,Активный
2025-07-15,Синнабоны шоколад-пекан-карамель,0.0,Салют,Tuesday,Выпечка,Активный
2025-07-16,Синнабоны шоколад-пекан-карамель,0.0,Салют,Wednesday,Выпечка,Активный
2025-07-17,Синнабоны шоколад-пекан-карамель,0.0,Салют,Thursday,Выпечка,Активный
2025-07-18,Синнабоны шоколад-пекан-карамель,0.0,Салют,Friday,Выпечка,Активный
2025-07-19,Синнабоны шоколад-пекан-карамель,0.0,Салют,Saturday,Выпечка,Активный
2025-07-20,Синнабоны шоколад-пекан-карамель,0.0,Салют,Sunday,Выпечка,Активный
2025-07-21,Синнабоны шоколад-пекан-карамель,0.0,Салют,Monday,Выпечка,Активный
2025-07-22,Синнабоны шоколад-пекан-карамель,0.0,Салют,Tuesday,Выпечка,Активный
2025-07-23,Синнабоны шоколад-пекан-карамель,0.0,Салют,Wednesday,Выпечка,Активный
2025-07-24,Синнабоны шоколад-пекан-карамель,0.0,Салют,Thursday,Выпечка,Активный
2025-07-25,Синнабоны шоколад-пекан-карамель,0.0,Салют,Friday,Выпечка,Активный
2025-07-26,Синнабоны шоколад-пекан-карамель,0.0,Салют,Saturday,Выпечка,Активный
2025-07-27,Синнабоны шоколад-пекан-карамель,0.0,Салют,Sunday,Выпечка,Активный
2025-07-28,Синнабоны шоколад-пекан-карамель,0.0,Салют,Monday,Выпечка,Активный
2025-07-29,Синнабоны шоколад-пекан-карамель,0.0,Салют,Tuesday,Выпечка,Активный
2025-07-30,Синнабоны шоколад-пекан-карамель,0.0,Салют,Wednesday,Выпечка,Активный
2025-07-31,Синнабоны шоколад-пекан-карамель,0.0,Салют,Thursday,Выпечка,Активный
2025-08-01,Синнабоны шоколад-пекан-карамель,0.0,Салют,Friday,Выпечка,Активный
2025-08-02,Синнабоны шоколад-пекан-карамель,0.0,Салют,Saturday,Выпечка,Активный
2025-08-03,Синнабоны шоколад-пекан-карамель,0.0,Салют,Sunday,Выпечка,Активный
2025-08-04,Синнабоны шоколад-пекан-карамель,0.0,Салют,Monday,Выпечка,Активный
2025-08-05,Синнабоны шоколад-пекан-карамель,0.0,Салют,Tuesday,Выпечка,Активный
2025-08-06,Синнабоны шоколад-пекан-карамель,0.0,Салют,Wednesday,Выпечка,Активный
2025-08-07,Синнабоны шоколад-пекан-карамель,0.0,Салют,Thursday,Выпечка,Активный
2025-08-08,Синнабоны шоколад-пекан-карамель,0.0,Салют,Friday,Выпечка,Активный
2025-08-09,Синнабоны шоколад-пекан-карамель,0.0,Салют,Saturday,Выпечка,Активный
2025-08-10,Синнабоны шоколад-пекан-карамель,0.0,Салют,Sunday,Выпечка,Активный
2025-08-11,Синнабоны шоколад-пекан-карамель,0.0,Салют,Monday,Выпечка,Активный
2025-08-12,Синнабоны шоколад-пекан-карамель,0.0,Салют,Tuesday,Выпечка,Активный
2025-08-13,Синнабоны шоколад-пекан-карамель,0.0,Салют,Wednesday,Выпечка,Активный
2025-08-14,Синнабоны шоколад-пекан-карамель,0.0,Салют,Thursday,Выпечка,Активный
2025-08-15,Синнабоны шоколад-пекан-карамель,0.0,Салют,Friday,Выпечка,Активный
2025-08-16,Синнабоны шоколад-пекан-карамель,0.0,Салют,Saturday,Выпечка,Активный
2025-08-17,Синнабоны шоколад-пекан-карамель,0.0,Салют,Sunday,Выпечка,Активный
2025-08-18,Синнабоны шоколад-пекан-карамель,0.0,Салют,Monday,Выпечка,Активный
2025-08-19,Синнабоны шоколад-пекан-карамель,0.0,Салют,Tuesday,Выпечка,Активный
2025-08-20,Синнабоны шоколад-пекан-карамель,0.0,Салют,Wednesday,Выпечка,Активный
2025-08-21,Синнабоны шоколад-пекан-карамель,0.0,Салют,Thursday,Выпечка,Активный
2025-08-22,Синнабоны шоколад-пекан-карамель,0.0,Салют,Friday,Выпечка,Активный
2025-08-23,Синнабоны шоколад-пекан-карамель,0.0,Салют,Saturday,Выпечка,Активный
2025-08-24,Синнабоны шоколад-пекан-карамель,0.0,Салют,Sunday,Выпечка,Активный
2025-08-25,Синнабоны шоколад-пекан-карамель,0.0,Салют,Monday,Выпечка,Активный
2025-08-26,Синнабоны шоколад-пекан-карамель,0.0,Салют,Tuesday,Выпечка,Активный
2025-08-27,Синнабоны шоколад-пекан-карамель,0.0,Салют,Wednesday,Выпечка,Активный
2025-08-28,Синнабоны шоколад-пекан-карамель,0.0,Салют,Thursday,Выпечка,Активный
2025-08-29,Синнабоны шоколад-пекан-карамель,0.0,Салют,Friday,Выпечка,Активный
2025-08-30,Синнабоны шоколад-пекан-карамель,0.0,Салют,Saturday,Выпечка,Активный
2025-08-31,Синнабоны шоколад-пекан-карамель,0.0,Салют,Sunday,Выпечка,Активный
2025-06-01,"Тартин 0,75",0.0,Салют,Sunday,Хлеб,Активный
2025-06-02,"Тартин 0,75",0.0,Салют,Monday,Хлеб,Активный
2025-06-03,"Тартин 0,75",0.0,Салют,Tuesday,Хлеб,Активный
2025-06-04,"Тартин 0,75",0.0,Салют,Wednesday,Хлеб,Активный
2025-06-05,"Тартин 0,75",0.0,Салют,Thursday,Хлеб,Активный
2025-06-06,"Тартин 0,75",0.0,Салют,Friday,Хлеб,Активный
2025-06-07,"Тартин 0,75",0.0,Салют,Saturday,Хлеб,Активный
2025-06-08,"Тартин 0,75",0.0,Салют,Sunday,Хлеб,Активный
2025-06-09,"Тартин 0,75",0.0,Салют,Monday,Хлеб,Активный
2025-06-10,"Тартин 0,75",0.0,Салют,Tuesday,Хлеб,Активный
2025-06-11,"Тартин 0,75",0.0,Салют,Wednesday,Хлеб,Активный
2025-06-12,"Тартин 0,75",0.0,Салют,Thursday,Хлеб,Активный
2025-06-13,"Тартин 0,75",0.0,Салют,Friday,Хлеб,Активный
2025-06-14,"Тартин 0,75",0.0,Салют,Saturday,Хлеб,Активный
2025-06-15,"Тартин 0,75",0.0,Салют,Sunday,Хлеб,Активный
2025-06-16,"Тартин 0,75",0.0,Салют,Monday,Хлеб,Активный
2025-06-17,"Тартин 0,75",0.0,Салют,Tuesday,Хлеб,Активный
2025-06-18,"Тартин 0,75",0.0,Салют,Wednesday,Хлеб,Активный
2025-06-19,"Тартин 0,75",0.0,Салют,Thursday,Хлеб,Активный
2025-06-20,"Тартин 0,75",0.0,Салют,Friday,Хлеб,Активный
2025-06-21,"Тартин 0,75",0.0,Салют,Saturday,Хлеб,Активный
2025-06-22,"Тартин 0,75",0.0,Салют,Sunday,Хлеб,Активный
2025-06-23,"Тартин 0,75",0.0,Салют,Monday,Хлеб,Активный
2025-06-24,"Тартин 0,75",0.0,Салют,Tuesday,Хлеб,Активный
2025-06-25,"Тартин 0,75",0.0,Салют,Wednesday,Хлеб,Активный
2025-06-26,"Тартин 0,75",0.0,Салют,Thursday,Хлеб,Активный
2025-06-27,"Тартин 0,75",0.0,Салют,Friday,Хлеб,Активный
2025-06-28,"Тартин 0,75",0.0,Салют,Saturday,Хлеб,Активный
2025-06-29,"Тартин 0,75",0.0,Салют,Sunday,Хлеб,Активный
2025-06-30,"Тартин 0,75",0.0,Салют,Monday,Хлеб,Активный
2025-07-01,"Тартин 0,75",0.0,Салют,Tuesday,Хлеб,Активный
2025-07-02,"Тартин 0,75",0.0,Салют,Wednesday,Хлеб,Активный
2025-07-03,"Тартин 0,75",0.0,Салют,Thursday,Хлеб,Активный
2025-07-04,"Тартин 0,75",0.0,Салют,Friday,Хлеб,Активный
2025-07-05,"Тартин 0,75",0.0,Салют,Saturday,Хлеб,Активный
2025-07-06,"Тартин 0,75",0.0,Салют,Sunday,Хлеб,Активный
2025-07-07,"Тартин 0,75",0.0,Салют,Monday,Хлеб,Активный
2025-07-08,"Тартин 0,75",1.0,Салют,Tuesday,Хлеб,Активный
2025-07-09,"Тартин 0,75",0.0,Салют,Wednesday,Хлеб,Активный
2025-07-10,"Тартин 0,75",0.0,Салют,Thursday,Хлеб,Активный
2025-07-11,"Тартин 0,75",0.0,Салют,Friday,Хлеб,Активный
2025-07-12,"Тартин 0,75",0.0,Салют,Saturday,Хлеб,Активный
2025-07-13,"Тартин 0,75",0.0,Салют,Sunday,Хлеб,Активный
2025-07-14,"Тартин 0,75",0.0,Салют,Monday,Хлеб,Активный
2025-07-15,"Тартин 0,75",0.0,Салют,Tuesday,Хлеб,Активный
2025-07-16,"Тартин 0,75",0.0,Салют,Wednesday,Хлеб,Активный
2025-07-17,"Тартин 0,75",0.0,Салют,Thursday,Хлеб,Активный
2025-07-18,"Тартин 0,75",0.0,Салют,Friday,Хлеб,Активный
2025-07-19,"Тартин 0,75",0.0,Салют,Saturday,Хлеб,Активный
2025-07-20,"Тартин 0,75",0.0,Салют,Sunday,Хлеб,Активный
2025-07-21,"Тартин 0,75",0.0,Салют,Monday,Хлеб,Активный
2025-07-22,"Тартин 0,75",0.0,Салют,Tuesday,Хлеб,Активный
2025-07-23,"Тартин 0,75",0.0,Салют,Wednesday,Хлеб,Активный
2025-07-24,"Тартин 0,75",0.0,Салют,Thursday,Хлеб,Активный
2025-07-25,"Тартин 0,75",0.0,Салют,Friday,Хлеб,Активный
2025-07-26,"Тартин 0,75",0.0,Салют,Saturday,Хлеб,Активный
2025-07-27,"Тартин 0,75",0.0,Салют,Sunday,Хлеб,Активный
2025-07-28,"Тартин 0,75",0.0,Салют,Monday,Хлеб,Активный
2025-07-29,"Тартин 0,75",0.0,Салют,Tuesday,Хлеб,Активный
2025-07-30,"Тартин 0,75",0.0,Салют,Wednesday,Хлеб,Активный
2025-07-31,"Тартин 0,75",0.0,Салют,Thursday,Хлеб,Активный
2025-08-01,"Тартин 0,75",0.0,Салют,Friday,Хлеб,Активный
2025-08-02,"Тартин 0,75",0.0,Салют,Saturday,Хлеб,Активный
2025-08-03,"Тартин 0,75",0.0,Салют,Sunday,Хлеб,Активный
2025-08-04,"Тартин 0,75",0.0,Салют,Monday,Хлеб,Активный
2025-08-05,"Тартин 0,75",0.0,Салют,Tuesday,Хлеб,Активный
2025-08-06,"Тартин 0,75",0.0,Салют,Wednesday,Хлеб,Активный
2025-08-07,"Тартин 0,75",0.0,Салют,Thursday,Хлеб,Активный
2025-08-08,"Тартин 0,75",0.0,Салют,Friday,Хлеб,Активный
2025-08-09,"Тартин 0,75",0.0,Салют,Saturday,Хлеб,Активный
2025-08-10,"Тартин 0,75",0.0,Салют,Sunday,Хлеб,Активный
2025-08-11,"Тартин 0,75",0.0,Салют,Monday,Хлеб,Активный
2025-08-12,"Тартин 0,75",0.0,Салют,Tuesday,Хлеб,Активный
2025-08-13,"Тартин 0,75",0.0,Салют,Wednesday,Хлеб,Активный
2025-08-14,"Тартин 0,75",0.0,Салют,Thursday,Хлеб,Активный
2025-08-15,"Тартин 0,75",1.0,Салют,Friday,Хлеб,Активный
2025-08-16,"Тартин 0,75",0.0,Салют,Saturday,Хлеб,Активный
2025-08-17,"Тартин 0,75",0.0,Салют,Sunday,Хлеб,Активный
2025-08-18,"Тартин 0,75",0.0,Салют,Monday,Хлеб,Активный
2025-08-19,"Тартин 0,75",0.0,Салют,Tuesday,Хлеб,Активный
2025-08-20,"Тартин 0,75",0.0,Салют,Wednesday,Хлеб,Активный
2025-08-21,"Тартин 0,75",0.0,Салют,Thursday,Хлеб,Активный
2025-08-22,"Тартин 0,75",0.0,Салют,Friday,Хлеб,Активный
2025-08-23,"Тартин 0,75",0.0,Салют,Saturday,Хлеб,Активный
2025-08-24,"Тартин 0,75",0.0,Салют,Sunday,Хлеб,Активный
2025-08-25,"Тартин 0,75",0.0,Салют,Monday,Хлеб,Активный
2025-08-26,"Тартин 0,75",1.0,Салют,Tuesday,Хлеб,Активный
2025-08-27,"Тартин 0,75",0.0,Салют,Wednesday,Хлеб,Активный
2025-08-28,"Тартин 0,75",0.0,Салют,Thursday,Хлеб,Активный
2025-08-29,"Тартин 0,75",0.0,Салют,Friday,Хлеб,Активный
2025-08-30,"Тартин 0,75",0.0,Салют,Saturday,Хлеб,Активный
2025-08-31,"Тартин 0,75",0.0,Салют,Sunday,Хлеб,Активный
2025-06-01,Тартин гречка,0.0,Салют,Sunday,Хлеб,Активный
2025-06-02,Тартин гречка,0.0,Салют,Monday,Хлеб,Активный
2025-06-03,Тартин гречка,0.0,Салют,Tuesday,Хлеб,Активный
2025-06-04,Тартин гречка,0.0,Салют,Wednesday,Хлеб,Активный
2025-06-05,Тартин гречка,0.0,Салют,Thursday,Хлеб,Активный
2025-06-06,Тартин гречка,0.0,Салют,Friday,Хлеб,Активный
2025-06-07,Тартин гречка,0.0,Салют,Saturday,Хлеб,Активный
2025-06-08,Тартин гречка,0.0,Салют,Sunday,Хлеб,Активный
2025-06-09,Тартин гречка,0.0,Салют,Monday,Хлеб,Активный
2025-06-10,Тартин гречка,0.0,Салют,Tuesday,Хлеб,Активный
2025-06-11,Тартин гречка,0.0,Салют,Wednesday,Хлеб,Активный
2025-06-12,Тартин гречка,0.0,Салют,Thursday,Хлеб,Активный
2025-06-13,Тартин гречка,0.0,Салют,Friday,Хлеб,Активный
2025-06-14,Тартин гречка,0.0,Салют,Saturday,Хлеб,Активный
2025-06-15,Тартин гречка,0.0,Салют,Sunday,Хлеб,Активный
2025-06-16,Тартин гречка,0.0,Салют,Monday,Хлеб,Активный
2025-06-17,Тартин гречка,0.0,Салют,Tuesday,Хлеб,Активный
2025-06-18,Тартин гречка,0.0,Салют,Wednesday,Хлеб,Активный
2025-06-19,Тартин гречка,0.0,Салют,Thursday,Хлеб,Активный
2025-06-20,Тартин гречка,0.0,Салют,Friday,Хлеб,Активный
2025-06-21,Тартин гречка,0.0,Салют,Saturday,Хлеб,Активный
2025-06-22,Тартин гречка,0.0,Салют,Sunday,Хлеб,Активный
2025-06-23,Тартин гречка,0.0,Салют,Monday,Хлеб,Активный
2025-06-24,Тартин гречка,0.0,Салют,Tuesday,Хлеб,Активный
2025-06-25,Тартин гречка,0.0,Салют,Wednesday,Хлеб,Активный
2025-06-26,Тартин гречка,0.0,Салют,Thursday,Хлеб,Активный
2025-06-27,Тартин гречка,0.0,Салют,Friday,Хлеб,Активный
2025-06-28,Тартин гречка,0.0,Салют,Saturday,Хлеб,Активный
2025-06-29,Тартин гречка,0.0,Салют,Sunday,Хлеб,Активный
2025-06-30,Тартин гречка,0.0,Салют,Monday,Хлеб,Активный
2025-07-01,Тартин гречка,0.0,Салют,Tuesday,Хлеб,Активный
2025-07-02,Тартин гречка,1.0,Салют,Wednesday,Хлеб,Активный
2025-07-03,Тартин гречка,0.0,Салют,Thursday,Хлеб,Активный
2025-07-04,Тартин гречка,0.0,Салют,Friday,Хлеб,Активный
2025-07-05,Тартин гречка,0.0,Салют,Saturday,Хлеб,Активный
2025-07-06,Тартин гречка,0.0,Салют,Sunday,Хлеб,Активный
2025-07-07,Тартин гречка,0.0,Салют,Monday,Хлеб,Активный
2025-07-08,Тартин гречка,0.0,Салют,Tuesday,Хлеб,Активный
2025-07-09,Тартин гречка,0.0,Салют,Wednesday,Хлеб,Активный
2025-07-10,Тартин гречка,0.0,Салют,Thursday,Хлеб,Активный
2025-07-11,Тартин гречка,0.0,Салют,Friday,Хлеб,Активный
2025-07-12,Тартин гречка,0.0,Салют,Saturday,Хлеб,Активный
2025-07-13,Тартин гречка,0.0,Салют,Sunday,Хлеб,Активный
2025-07-14,Тартин гречка,0.0,Салют,Monday,Хлеб,Активный
2025-07-15,Тартин гречка,0.0,Салют,Tuesday,Хлеб,Активный
2025-07-16,Тартин гречка,0.0,Салют,Wednesday,Хлеб,Активный
2025-07-17,Тартин гречка,0.0,Салют,Thursday,Хлеб,Активный
2025-07-18,Тартин гречка,0.0,Салют,Friday,Хлеб,Активный
2025-07-19,Тартин гречка,0.0,Салют,Saturday,Хлеб,Активный
2025-07-20,Тартин гречка,0.0,Салют,Sunday,Хлеб,Активный
2025-07-21,Тартин гречка,0.0,Салют,Monday,Хлеб,Активный
2025-07-22,Тартин гречка,0.0,Салют,Tuesday,Хлеб,Активный
2025-07-23,Тартин гречка,0.0,Салют,Wednesday,Хлеб,Активный
2025-07-24,Тартин гречка,0.0,Салют,Thursday,Хлеб,Активный
2025-07-25,Тартин гречка,0.0,Салют,Friday,Хлеб,Активный
2025-07-26,Тартин гречка,0.0,Салют,Saturday,Хлеб,Активный
2025-07-27,Тартин гречка,0.0,Салют,Sunday,Хлеб,Активный
2025-07-28,Тартин гречка,0.0,Салют,Monday,Хлеб,Активный
2025-07-29,Тартин гречка,0.0,Салют,Tuesday,Хлеб,Активный
2025-07-30,Тартин гречка,0.0,Салют,Wednesday,Хлеб,Активный
2025-07-31,Тартин гречка,0.0,Салют,Thursday,Хлеб,Активный
2025-08-01,Тартин гречка,0.0,Салют,Friday,Хлеб,Активный
2025-08-02,Тартин гречка,0.0,Салют,Saturday,Хлеб,Активный
2025-08-03,Тартин гречка,0.0,Салют,Sunday,Хлеб,Активный
2025-08-04,Тартин гречка,0.0,Салют,Monday,Хлеб,Активный
2025-08-05,Тартин гречка,0.0,Салют,Tuesday,Хлеб,Активный
2025-08-06,Тартин гречка,0.0,Салют,Wednesday,Хлеб,Активный
2025-08-07,Тартин гречка,0.0,Салют,Thursday,Хлеб,Активный
2025-08-08,Тартин гречка,0.0,Салют,Friday,Хлеб,Активный
2025-08-09,Тартин гречка,0.0,Салют,Saturday,Хлеб,Активный
2025-08-10,Тартин гречка,0.0,Салют,Sunday,Хлеб,Активный
2025-08-11,Тартин гречка,0.0,Салют,Monday,Хлеб,Активный
2025-08-12,Тартин гречка,0.0,Салют,Tuesday,Хлеб,Активный
2025-08-13,Тартин гречка,0.0,Салют,Wednesday,Хлеб,Активный
2025-08-14,Тартин гречка,0.0,Салют,Thursday,Хлеб,Активный
2025-08-15,Тартин гречка,0.0,Салют,Friday,Хлеб,Активный
2025-08-16,Тартин гречка,0.0,Салют,Saturday,Хлеб,Активный
2025-08-17,Тартин гречка,0.0,Салют,Sunday,Хлеб,Активный
2025-08-18,Тартин гречка,0.0,Салют,Monday,Хлеб,Активный
2025-08-19,Тартин гречка,0.0,Салют,Tuesday,Хлеб,Активный
2025-08-20,Тартин гречка,0.0,Салют,Wednesday,Хлеб,Активный
2025-08-21,Тартин гречка,0.0,Салют,Thursday,Хлеб,Активный
2025-08-22,Тартин гречка,0.0,Салют,Friday,Хлеб,Активный
2025-08-23,Тартин гречка,0.0,Салют,Saturday,Хлеб,Активный
2025-08-24,Тартин гречка,0.0,Салют,Sunday,Хлеб,Активный
2025-08-25,Тартин гречка,0.0,Салют,Monday,Хлеб,Активный
2025-08-26,Тартин гречка,0.0,Салют,Tuesday,Хлеб,Активный
2025-08-27,Тартин гречка,0.0,Салют,Wednesday,Хлеб,Активный
2025-08-28,Тартин гречка,0.0,Салют,Thursday,Хлеб,Активный
2025-08-29,Тартин гречка,0.0,Салют,Friday,Хлеб,Активный
2025-08-30,Тартин гречка,0.0,Салют,Saturday,Хлеб,Активный
2025-08-31,Тартин гречка,0.0,Салют,Sunday,Хлеб,Активный
2025-06-01,Шу мини ваниль,0.0,Салют,Sunday,Десерты,Снят
2025-06-02,Шу мини ваниль,0.0,Салют,Monday,Десерты,Снят
2025-06-03,Шу мини ваниль,0.0,Салют,Tuesday,Десерты,Снят
2025-06-04,Шу мини ваниль,0.0,Салют,Wednesday,Десерты,Снят
2025-06-05,Шу мини ваниль,0.0,Салют,Thursday,Десерты,Снят
2025-06-06,Шу мини ваниль,0.0,Салют,Friday,Десерты,Снят
2025-06-07,Шу мини ваниль,0.0,Салют,Saturday,Десерты,Снят
2025-06-08,Шу мини ваниль,0.0,Салют,Sunday,Десерты,Снят
2025-06-09,Шу мини ваниль,0.0,Салют,Monday,Десерты,Снят
2025-06-10,Шу мини ваниль,0.0,Салют,Tuesday,Десерты,Снят
2025-06-11,Шу мини ваниль,0.0,Салют,Wednesday,Десерты,Снят
2025-06-12,Шу мини ваниль,0.0,Салют,Thursday,Десерты,Снят
2025-06-13,Шу мини ваниль,0.0,Салют,Friday,Десерты,Снят
2025-06-14,Шу мини ваниль,0.0,Салют,Saturday,Десерты,Снят
2025-06-15,Шу мини ваниль,0.0,Салют,Sunday,Десерты,Снят
2025-06-16,Шу мини ваниль,0.0,Салют,Monday,Десерты,Снят
2025-06-17,Шу мини ваниль,0.0,Салют,Tuesday,Десерты,Снят
2025-06-18,Шу мини ваниль,0.0,Салют,Wednesday,Десерты,Снят
2025-06-19,Шу мини ваниль,0.0,Салют,Thursday,Десерты,Снят
2025-06-20,Шу мини ваниль,0.0,Салют,Friday,Десерты,Снят
2025-06-21,Шу мини ваниль,0.0,Салют,Saturday,Десерты,Снят
2025-06-22,Шу мини ваниль,0.0,Салют,Sunday,Десерты,Снят
2025-06-23,Шу мини ваниль,0.0,Салют,Monday,Десерты,Снят
2025-06-24,Шу мини ваниль,0.0,Салют,Tuesday,Десерты,Снят
2025-06-25,Шу мини ваниль,0.0,Салют,Wednesday,Десерты,Снят
2025-06-26,Шу мини ваниль,0.0,Салют,Thursday,Десерты,Снят
2025-06-27,Шу мини ваниль,0.0,Салют,Friday,Десерты,Снят
2025-06-28,Шу мини ваниль,0.0,Салют,Saturday,Десерты,Снят
2025-06-29,Шу мини ваниль,0.0,Салют,Sunday,Десерты,Снят
2025-06-30,Шу мини ваниль,0.0,Салют,Monday,Десерты,Снят
2025-07-01,Шу мини ваниль,0.0,Салют,Tuesday,Десерты,Снят
2025-07-02,Шу мини ваниль,0.0,Салют,Wednesday,Десерты,Снят
2025-07-03,Шу мини ваниль,0.0,Салют,Thursday,Десерты,Снят
2025-07-04,Шу мини ваниль,0.0,Салют,Friday,Десерты,Снят
2025-07-05,Шу мини ваниль,0.0,Салют,Saturday,Десерты,Снят
2025-07-06,Шу мини ваниль,0.0,Салют,Sunday,Десерты,Снят
2025-07-07,Шу мини ваниль,0.0,Салют,Monday,Десерты,Снят
2025-07-08,Шу мини ваниль,0.0,Салют,Tuesday,Десерты,Снят
2025-07-09,Шу мини ваниль,0.0,Салют,Wednesday,Десерты,Снят
2025-07-10,Шу мини ваниль,0.0,Салют,Thursday,Десерты,Снят
2025-07-11,Шу мини ваниль,0.0,Салют,Friday,Десерты,Снят
2025-07-12,Шу мини ваниль,0.0,Салют,Saturday,Десерты,Снят
2025-07-13,Шу мини ваниль,0.0,Салют,Sunday,Десерты,Снят
2025-07-14,Шу мини ваниль,0.0,Салют,Monday,Десерты,Снят
2025-07-15,Шу мини ваниль,0.0,Салют,Tuesday,Десерты,Снят
2025-07-16,Шу мини ваниль,0.0,Салют,Wednesday,Десерты,Снят
2025-07-17,Шу мини ваниль,0.0,Салют,Thursday,Десерты,Снят
2025-07-18,Шу мини ваниль,0.0,Салют,Friday,Десерты,Снят
2025-07-19,Шу мини ваниль,0.0,Салют,Saturday,Десерты,Снят
2025-07-20,Шу мини ваниль,0.0,Салют,Sunday,Десерты,Снят
2025-07-21,Шу мини ваниль,0.0,Салют,Monday,Десерты,Снят
2025-07-22,Шу мини ваниль,0.0,Салют,Tuesday,Десерты,Снят
2025-07-23,Шу мини ваниль,0.0,Салют,Wednesday,Десерты,Снят
2025-07-24,Шу мини ваниль,0.0,Салют,Thursday,Десерты,Снят
2025-07-25,Шу мини ваниль,0.0,Салют,Friday,Десерты,Снят
2025-07-26,Шу мини ваниль,0.0,Салют,Saturday,Десерты,Снят
2025-07-27,Шу мини ваниль,0.0,Салют,Sunday,Десерты,Снят
2025-07-28,Шу мини ваниль,0.0,Салют,Monday,Десерты,Снят
2025-07-29,Шу мини ваниль,0.0,Салют,Tuesday,Десерты,Снят
2025-07-30,Шу мини ваниль,0.0,Салют,Wednesday,Десерты,Снят
2025-07-31,Шу мини ваниль,0.0,Салют,Thursday,Десерты,Снят
2025-08-01,Шу мини ваниль,0.0,Салют,Friday,Десерты,Снят
2025-08-02,Шу мини ваниль,0.0,Салют,Saturday,Десерты,Снят
2025-08-03,Шу мини ваниль,0.0,Салют,Sunday,Десерты,Снят
2025-08-04,Шу мини ваниль,0.0,Салют,Monday,Десерты,Снят
2025-08-05,Шу мини ваниль,0.0,Салют,Tuesday,Десерты,Снят
2025-08-06,Шу мини ваниль,0.0,Салют,Wednesday,Десерты,Снят
2025-08-07,Шу мини ваниль,0.0,Салют,Thursday,Десерты,Снят
2025-08-08,Шу мини ваниль,0.0,Салют,Friday,Десерты,Снят
2025-08-09,Шу мини ваниль,0.0,Салют,Saturday,Десерты,Снят
2025-08-10,Шу мини ваниль,0.0,Салют,Sunday,Десерты,Снят
2025-08-11,Шу мини ваниль,0.0,Салют,Monday,Десерты,Снят
2025-08-12,Шу мини ваниль,0.0,Салют,Tuesday,Десерты,Снят
2025-08-13,Шу мини ваниль,0.0,Салют,Wednesday,Десерты,Снят
2025-08-14,Шу мини ваниль,0.0,Салют,Thursday,Десерты,Снят
2025-08-15,Шу мини ваниль,0.0,Салют,Friday,Десерты,Снят
2025-08-16,Шу мини ваниль,0.0,Салют,Saturday,Десерты,Снят
2025-08-17,Шу мини ваниль,0.0,Салют,Sunday,Десерты,Снят
2025-08-18,Шу мини ваниль,0.0,Салют,Monday,Десерты,Снят
2025-08-19,Шу мини ваниль,0.0,Салют,Tuesday,Десерты,Снят
2025-08-20,Шу мини ваниль,0.0,Салют,Wednesday,Десерты,Снят
2025-08-21,Шу мини ваниль,0.0,Салют,Thursday,Десерты,Снят
2025-08-22,Шу мини ваниль,0.0,Салют,Friday,Десерты,Снят
2025-08-23,Шу мини ваниль,0.0,Салют,Saturday,Десерты,Снят
2025-08-24,Шу мини ваниль,0.0,Салют,Sunday,Десерты,Снят
2025-08-25,Шу мини ваниль,0.0,Салют,Monday,Десерты,Снят
2025-08-26,Шу мини ваниль,0.0,Салют,Tuesday,Десерты,Снят
2025-08-27,Шу мини ваниль,0.0,Салют,Wednesday,Десерты,Снят
2025-08-28,Шу мини ваниль,0.0,Салют,Thursday,Десерты,Снят
2025-08-29,Шу мини ваниль,0.0,Салют,Friday,Десерты,Снят
2025-08-30,Шу мини ваниль,0.0,Салют,Saturday,Десерты,Снят
2025-08-31,Шу мини ваниль,0.0,Салют,Sunday,Десерты,Снят
2025-06-09,"Тартин 0,75",6.0,Bitter Drop,Monday,Хлеб,Активный
2025-06-10,"Тартин 0,75",6.0,Bitter Drop,Tuesday,Хлеб,Активный
2025-06-11,"Тартин 0,75",6.0,Bitter Drop,Wednesday,Хлеб,Активный
2025-06-12,"Тартин 0,75",8.0,Bitter Drop,Thursday,Хлеб,Активный
2025-06-13,"Тартин 0,75",8.0,Bitter Drop,Friday,Хлеб,Активный
2025-06-15,"Тартин 0,75",8.0,Bitter Drop,Sunday,Хлеб,Активный
2025-06-17,"Тартин 0,75",8.0,Bitter Drop,Tuesday,Хлеб,Активный
2025-06-18,"Тартин 0,75",8.0,Bitter Drop,Wednesday,Хлеб,Активный
2025-06-19,"Тартин 0,75",8.0,Bitter Drop,Thursday,Хлеб,Активный
2025-06-20,"Тартин 0,75",8.0,Bitter Drop,Friday,Хлеб,Активный
2025-06-23,"Тартин 0,75",8.0,Bitter Drop,Monday,Хлеб,Активный
2025-06-25,"Тартин 0,75",8.0,Bitter Drop,Wednesday,Хлеб,Активный
2025-06-27,"Тартин 0,75",8.0,Bitter Drop,Friday,Хлеб,Активный
2025-06-28,"Тартин 0,75",8.0,Bitter Drop,Saturday,Хлеб,Активный
2025-06-29,"Тартин 0,75",8.0,Bitter Drop,Sunday,Хлеб,Активный
2025-06-30,"Тартин 0,75",8.0,Bitter Drop,Monday,Хлеб,Активный
2025-07-02,"Тартин 0,75",8.0,Bitter Drop,Wednesday,Хлеб,Активный
2025-07-05,"Тартин 0,75",8.0,Bitter Drop,Saturday,Хлеб,Активный
2025-07-09,"Тартин 0,75",8.0,Bitter Drop,Wednesday,Хлеб,Активный
2025-07-11,"Тартин 0,75",8.0,Bitter Drop,Friday,Хлеб,Активный
2025-07-14,"Тартин 0,75",8.0,Bitter Drop,Monday,Хлеб,Активный
2025-07-16,"Тартин 0,75",8.0,Bitter Drop,Wednesday,Хлеб,Активный
2025-07-19,"Тартин 0,75",8.0,Bitter Drop,Saturday,Хлеб,Активный
2025-07-21,"Тартин 0,75",8.0,Bitter Drop,Monday,Хлеб,Активный
2025-07-24,"Тартин 0,75",8.0,Bitter Drop,Thursday,Хлеб,Активный
2025-07-26,"Тартин 0,75",8.0,Bitter Drop,Saturday,Хлеб,Активный
2025-07-28,"Тартин 0,75",8.0,Bitter Drop,Monday,Хлеб,Активный
2025-07-30,"Тартин 0,75",8.0,Bitter Drop,Wednesday,Хлеб,Активный
2025-07-31,"Тартин 0,75",8.0,Bitter Drop,Thursday,Хлеб,Активный
2025-08-01,"Тартин 0,75",8.0,Bitter Drop,Friday,Хлеб,Активный
2025-08-03,"Тартин 0,75",8.0,Bitter Drop,Sunday,Хлеб,Активный
2025-08-05,"Тартин 0,75",8.0,Bitter Drop,Tuesday,Хлеб,Активный
2025-08-07,"Тартин 0,75",8.0,Bitter Drop,Thursday,Хлеб,Активный
2025-08-12,"Тартин 0,75",8.0,Bitter Drop,Tuesday,Хлеб,Активный
2025-08-13,"Тартин 0,75",8.0,Bitter Drop,Wednesday,Хлеб,Активный
2025-08-14,"Тартин 0,75",8.0,Bitter Drop,Thursday,Хлеб,Активный
2025-08-15,"Тартин 0,75",8.0,Bitter Drop,Friday,Хлеб,Активный
2025-08-17,"Тартин 0,75",10.0,Bitter Drop,Sunday,Хлеб,Активный
2025-08-19,"Тартин 0,75",8.0,Bitter Drop,Tuesday,Хлеб,Активный
2025-08-21,"Тартин 0,75",8.0,Bitter Drop,Thursday,Хлеб,Активный
2025-08-23,"Тартин 0,75",8.0,Bitter Drop,Saturday,Хлеб,Активный
2025-08-24,"Тартин 0,75",8.0,Bitter Drop,Sunday,Хлеб,Активный
2025-08-26,"Тартин 0,75",8.0,Bitter Drop,Tuesday,Хлеб,Активный
2025-08-30,"Тартин 0,75",8.0,Bitter Drop,Saturday,Хлеб,Активный
2025-08-31,"Тартин 0,75",8.0,Bitter Drop,Sunday,Хлеб,Активный
2025-06-09,Тартин гречка,4.0,Bitter Drop,Monday,Хлеб,Активный
2025-06-10,Тартин гречка,4.0,Bitter Drop,Tuesday,Хлеб,Активный
2025-06-11,Тартин гречка,2.0,Bitter Drop,Wednesday,Хлеб,Активный
2025-06-12,Тартин гречка,2.0,Bitter Drop,Thursday,Хлеб,Активный
2025-06-13,Тартин гречка,2.0,Bitter Drop,Friday,Хлеб,Активный
2025-06-15,Тартин гречка,2.0,Bitter Drop,Sunday,Хлеб,Активный
2025-06-17,Тартин гречка,2.0,Bitter Drop,Tuesday,Хлеб,Активный
2025-06-18,Тартин гречка,2.0,Bitter Drop,Wednesday,Хлеб,Активный
2025-06-19,Тартин гречка,2.0,Bitter Drop,Thursday,Хлеб,Активный
2025-06-20,Тартин гречка,2.0,Bitter Drop,Friday,Хлеб,Активный
2025-06-23,Тартин гречка,2.0,Bitter Drop,Monday,Хлеб,Активный
2025-06-25,Тартин гречка,2.0,Bitter Drop,Wednesday,Хлеб,Активный
2025-06-27,Тартин гречка,2.0,Bitter Drop,Friday,Хлеб,Активный
2025-06-28,Тартин гречка,2.0,Bitter Drop,Saturday,Хлеб,Активный
2025-06-29,Тартин гречка,2.0,Bitter Drop,Sunday,Хлеб,Активный
2025-06-30,Тартин гречка,2.0,Bitter Drop,Monday,Хлеб,Активный
2025-07-02,Тартин гречка,2.0,Bitter Drop,Wednesday,Хлеб,Активный
2025-07-05,Тартин гречка,2.0,Bitter Drop,Saturday,Хлеб,Активный
2025-07-09,Тартин гречка,2.0,Bitter Drop,Wednesday,Хлеб,Активный
2025-07-11,Тартин гречка,2.0,Bitter Drop,Friday,Хлеб,Активный
2025-07-14,Тартин гречка,2.0,Bitter Drop,Monday,Хлеб,Активный
2025-07-16,Тартин гречка,2.0,Bitter Drop,Wednesday,Хлеб,Активный
2025-07-19,Тартин гречка,2.0,Bitter Drop,Saturday,Хлеб,Активный
2025-07-21,Тартин гречка,2.0,Bitter Drop,Monday,Хлеб,Активный
2025-07-24,Тартин гречка,2.0,Bitter Drop,Thursday,Хлеб,Активный
2025-07-26,Тартин гречка,2.0,Bitter Drop,Saturday,Хлеб,Активный
2025-07-28,Тартин гречка,2.0,Bitter Drop,Monday,Хлеб,Активный
2025-07-30,Тартин гречка,2.0,Bitter Drop,Wednesday,Хлеб,Активный
2025-07-31,Тартин гречка,2.0,Bitter Drop,Thursday,Хлеб,Активный
2025-08-01,Тартин гречка,2.0,Bitter Drop,Friday,Хлеб,Активный
2025-08-03,Тартин гречка,2.0,Bitter Drop,Sunday,Хлеб,Активный
2025-08-05,Тартин гречка,2.0,Bitter Drop,Tuesday,Хлеб,Активный
2025-08-07,Тартин гречка,2.0,Bitter Drop,Thursday,Хлеб,Активный
2025-08-12,Тартин гречка,2.0,Bitter Drop,Tuesday,Хлеб,Активный
2025-08-13,Тартин гречка,2.0,Bitter Drop,Wednesday,Хлеб,Активный
2025-08-14,Тартин гречка,2.0,Bitter Drop,Thursday,Хлеб,Активный
2025-08-15,Тартин гречка,2.0,Bitter Drop,Friday,Хлеб,Активный
2025-08-17,Тартин гречка,4.0,Bitter Drop,Sunday,Хлеб,Активный
2025-08-19,Тартин гречка,2.0,Bitter Drop,Tuesday,Хлеб,Активный
2025-08-21,Тартин гречка,2.0,Bitter Drop,Thursday,Хлеб,Активный
2025-08-23,Тартин гречка,2.0,Bitter Drop,Saturday,Хлеб,Активный
2025-08-24,Тартин гречка,2.0,Bitter Drop,Sunday,Хлеб,Активный
2025-08-26,Тартин гречка,2.0,Bitter Drop,Tuesday,Хлеб,Активный
2025-08-30,Тартин гречка,2.0,Bitter Drop,Saturday,Хлеб,Активный
2025-08-31,Тартин гречка,2.0,Bitter Drop,Sunday,Хлеб,Активный
2025-06-01,"Тартин 0,75",6.0,КМ20,Sunday,Хлеб,Активный
2025-06-03,"Тартин 0,75",6.0,КМ20,Tuesday,Хлеб,Активный
2025-06-05,"Тартин 0,75",6.0,КМ20,Thursday,Хлеб,Активный
2025-06-07,"Тартин 0,75",6.0,КМ20,Saturday,Хлеб,Активный
2025-06-09,"Тартин 0,75",5.0,КМ20,Monday,Хлеб,Активный
2025-06-11,"Тартин 0,75",6.0,КМ20,Wednesday,Хлеб,Активный
2025-06-13,"Тартин 0,75",8.0,КМ20,Friday,Хлеб,Активный
2025-06-15,"Тартин 0,75",6.0,КМ20,Sunday,Хлеб,Активный
2025-06-17,"Тартин 0,75",4.0,КМ20,Tuesday,Хлеб,Активный
2025-06-19,"Тартин 0,75",4.0,КМ20,Thursday,Хлеб,Активный
2025-06-21,"Тартин 0,75",4.0,КМ20,Saturday,Хлеб,Активный
2025-06-23,"Тартин 0,75",3.0,КМ20,Monday,Хлеб,Активный
2025-06-25,"Тартин 0,75",4.0,КМ20,Wednesday,Хлеб,Активный
2025-06-27,"Тартин 0,75",6.0,КМ20,Friday,Хлеб,Активный
2025-06-29,"Тартин 0,75",4.0,КМ20,Sunday,Хлеб,Активный
2025-07-02,"Тартин 0,75",4.0,КМ20,Wednesday,Хлеб,Активный
2025-07-04,"Тартин 0,75",6.0,КМ20,Friday,Хлеб,Активный
2025-07-06,"Тартин 0,75",4.0,КМ20,Sunday,Хлеб,Активный
2025-07-08,"Тартин 0,75",4.0,КМ20,Tuesday,Хлеб,Активный
2025-07-10,"Тартин 0,75",4.0,КМ20,Thursday,Хлеб,Активный
2025-07-11,"Тартин 0,75",3.0,КМ20,Friday,Хлеб,Активный
2025-07-12,"Тартин 0,75",5.0,КМ20,Saturday,Хлеб,Активный
2025-07-14,"Тартин 0,75",4.0,КМ20,Monday,Хлеб,Активный
2025-07-16,"Тартин 0,75",4.0,КМ20,Wednesday,Хлеб,Активный
2025-07-18,"Тартин 0,75",8.0,КМ20,Friday,Хлеб,Активный
2025-07-20,"Тартин 0,75",4.0,КМ20,Sunday,Хлеб,Активный
2025-07-22,"Тартин 0,75",4.0,КМ20,Tuesday,Хлеб,Активный
2025-07-24,"Тартин 0,75",5.0,КМ20,Thursday,Хлеб,Активный
2025-07-26,"Тартин 0,75",4.0,КМ20,Saturday,Хлеб,Активный
2025-07-28,"Тартин 0,75",4.0,КМ20,Monday,Хлеб,Активный
2025-07-30,"Тартин 0,75",4.0,КМ20,Wednesday,Хлеб,Активный
2025-08-01,"Тартин 0,75",6.0,КМ20,Friday,Хлеб,Активный
2025-08-03,"Тартин 0,75",4.0,КМ20,Sunday,Хлеб,Активный
2025-08-05,"Тартин 0,75",4.0,КМ20,Tuesday,Хлеб,Активный
2025-08-07,"Тартин 0,75",4.0,КМ20,Thursday,Хлеб,Активный
2025-08-09,"Тартин 0,75",4.0,КМ20,Saturday,Хлеб,Активный
2025-08-11,"Тартин 0,75",3.0,КМ20,Monday,Хлеб,Активный
2025-08-13,"Тартин 0,75",4.0,КМ20,Wednesday,Хлеб,Активный
2025-08-15,"Тартин 0,75",4.0,КМ20,Friday,Хлеб,Активный
2025-08-17,"Тартин 0,75",5.0,КМ20,Sunday,Хлеб,Активный
2025-08-19,"Тартин 0,75",4.0,КМ20,Tuesday,Хлеб,Активный
2025-08-21,"Тартин 0,75",4.0,КМ20,Thursday,Хлеб,Активный
2025-08-23,"Тартин 0,75",6.0,КМ20,Saturday,Хлеб,Активный
2025-08-25,"Тартин 0,75",4.0,КМ20,Monday,Хлеб,Активный
2025-08-27,"Тартин 0,75",4.0,КМ20,Wednesday,Хлеб,Активный
2025-08-29,"Тартин 0,75",4.0,КМ20,Friday,Хлеб,Активный
2025-08-31,"Тартин 0,75",4.0,КМ20,Sunday,Хлеб,Активный
2025-06-01,Бородинский хлеб,6.0,КМ20,Sunday,Хлеб,Активный
2025-06-03,Бородинский хлеб,5.0,КМ20,Tuesday,Хлеб,Активный
2025-06-04,Бородинский хлеб,6.0,КМ20,Wednesday,Хлеб,Активный
2025-06-05,Бородинский хлеб,6.0,КМ20,Thursday,Хлеб,Активный
2025-06-07,Бородинский хлеб,8.0,КМ20,Saturday,Хлеб,Активный
2025-06-11,Бородинский хлеб,2.0,КМ20,Wednesday,Хлеб,Активный
2025-06-13,Бородинский хлеб,10.0,КМ20,Friday,Хлеб,Активный
2025-06-15,Бородинский хлеб,6.0,КМ20,Sunday,Хлеб,Активный
2025-06-21,Бородинский хлеб,4.0,КМ20,Saturday,Хлеб,Активный
2025-06-25,Бородинский хлеб,4.0,КМ20,Wednesday,Хлеб,Активный
2025-06-27,Бородинский хлеб,6.0,КМ20,Friday,Хлеб,Активный
2025-06-29,Бородинский хлеб,3.0,КМ20,Sunday,Хлеб,Активный
2025-07-02,Бородинский хлеб,4.0,КМ20,Wednesday,Хлеб,Активный
2025-07-04,Бородинский хлеб,6.0,КМ20,Friday,Хлеб,Активный
2025-07-06,Бородинский хлеб,4.0,КМ20,Sunday,Хлеб,Активный
2025-07-08,Бородинский хлеб,4.0,КМ20,Tuesday,Хлеб,Активный
2025-07-11,Бородинский хлеб,3.0,КМ20,Friday,Хлеб,Активный
2025-07-12,Бородинский хлеб,4.0,КМ20,Saturday,Хлеб,Активный
2025-07-16,Бородинский хлеб,4.0,КМ20,Wednesday,Хлеб,Активный
2025-07-18,Бородинский хлеб,6.0,КМ20,Friday,Хлеб,Активный
2025-07-20,Бородинский хлеб,4.0,КМ20,Sunday,Хлеб,Активный
2025-07-22,Бородинский хлеб,4.0,КМ20,Tuesday,Хлеб,Активный
2025-07-24,Бородинский хлеб,4.0,КМ20,Thursday,Хлеб,Активный
2025-07-26,Бородинский хлеб,3.0,КМ20,Saturday,Хлеб,Активный
2025-07-28,Бородинский хлеб,3.0,КМ20,Monday,Хлеб,Активный
2025-07-30,Бородинский хлеб,4.0,КМ20,Wednesday,Хлеб,Активный
2025-08-01,Бородинский хлеб,6.0,КМ20,Friday,Хлеб,Активный
2025-08-03,Бородинский хлеб,4.0,КМ20,Sunday,Хлеб,Активный
2025-08-05,Бородинский хлеб,4.0,КМ20,Tuesday,Хлеб,Активный
2025-08-07,Бородинский хлеб,4.0,КМ20,Thursday,Хлеб,Активный
2025-08-09,Бородинский хлеб,4.0,КМ20,Saturday,Хлеб,Активный
2025-08-11,Бородинский хлеб,3.0,КМ20,Monday,Хлеб,Активный
2025-08-13,Бородинский хлеб,4.0,КМ20,Wednesday,Хлеб,Активный
2025-08-15,Бородинский хлеб,3.0,КМ20,Friday,Хлеб,Активный
2025-08-17,Бородинский хлеб,4.0,КМ20,Sunday,Хлеб,Активный
2025-08-19,Бородинский хлеб,3.0,КМ20,Tuesday,Хлеб,Активный
2025-08-21,Бородинский хлеб,4.0,КМ20,Thursday,Хлеб,Активный
2025-08-23,Бородинский хлеб,4.0,КМ20,Saturday,Хлеб,Активный
2025-08-25,Бородинский хлеб,4.0,КМ20,Monday,Хлеб,Активный
2025-08-27,Бородинский хлеб,4.0,КМ20,Wednesday,Хлеб,Активный
2025-08-29,Бородинский хлеб,4.0,КМ20,Friday,Хлеб,Активный
2025-08-31,Бородинский хлеб,4.0,КМ20,Sunday,Хлеб,Активный
2025-06-01,Бриошь для бургера,20.0,КМ20,Sunday,Хлеб,пф
2025-06-03,Бриошь для бургера,20.0,КМ20,Tuesday,Хлеб,пф
2025-06-05,Бриошь для бургера,20.0,КМ20,Thursday,Хлеб,пф
2025-06-07,Бриошь для бургера,30.0,КМ20,Saturday,Хлеб,пф
2025-06-09,Бриошь для бургера,20.0,КМ20,Monday,Хлеб,пф
2025-06-11,Бриошь для бургера,20.0,КМ20,Wednesday,Хлеб,пф
2025-06-13,Бриошь для бургера,30.0,КМ20,Friday,Хлеб,пф
2025-06-15,Бриошь для бургера,20.0,КМ20,Sunday,Хлеб,пф
2025-06-17,Бриошь для бургера,20.0,КМ20,Tuesday,Хлеб,пф
2025-06-19,Бриошь для бургера,15.0,КМ20,Thursday,Хлеб,пф
2025-06-21,Бриошь для бургера,15.0,КМ20,Saturday,Хлеб,пф
2025-06-23,Бриошь для бургера,15.0,КМ20,Monday,Хлеб,пф
2025-06-25,Бриошь для бургера,15.0,КМ20,Wednesday,Хлеб,пф
2025-06-27,Бриошь для бургера,12.0,КМ20,Friday,Хлеб,пф
2025-06-29,Бриошь для бургера,20.0,КМ20,Sunday,Хлеб,пф
2025-07-02,Бриошь для бургера,15.0,КМ20,Wednesday,Хлеб,пф
2025-07-04,Бриошь для бургера,20.0,КМ20,Friday,Хлеб,пф
2025-07-06,Бриошь для бургера,15.0,КМ20,Sunday,Хлеб,пф
2025-07-08,Бриошь для бургера,15.0,КМ20,Tuesday,Хлеб,пф
2025-07-10,Бриошь для бургера,20.0,КМ20,Thursday,Хлеб,пф
2025-07-12,Бриошь для бургера,20.0,КМ20,Saturday,Хлеб,пф
2025-07-14,Бриошь для бургера,15.0,КМ20,Monday,Хлеб,пф
2025-07-16,Бриошь для бургера,15.0,КМ20,Wednesday,Хлеб,пф
2025-07-18,Бриошь для бургера,20.0,КМ20,Friday,Хлеб,пф
2025-07-20,Бриошь для бургера,20.0,КМ20,Sunday,Хлеб,пф
2025-07-22,Бриошь для бургера,15.0,КМ20,Tuesday,Хлеб,пф
2025-07-24,Бриошь для бургера,15.0,КМ20,Thursday,Хлеб,пф
2025-07-26,Бриошь для бургера,20.0,КМ20,Saturday,Хлеб,пф
2025-07-28,Бриошь для бургера,15.0,КМ20,Monday,Хлеб,пф
2025-07-30,Бриошь для бургера,20.0,КМ20,Wednesday,Хлеб,пф
2025-08-01,Бриошь для бургера,20.0,КМ20,Friday,Хлеб,пф
2025-08-03,Бриошь для бургера,20.0,КМ20,Sunday,Хлеб,пф
2025-08-05,Бриошь для бургера,20.0,КМ20,Tuesday,Хлеб,пф
2025-08-07,Бриошь для бургера,20.0,КМ20,Thursday,Хлеб,пф
2025-08-09,Бриошь для бургера,15.0,КМ20,Saturday,Хлеб,пф
2025-08-13,Бриошь для бургера,10.0,КМ20,Wednesday,Хлеб,пф
2025-08-15,Бриошь для бургера,15.0,КМ20,Friday,Хлеб,пф
2025-08-17,Бриошь для бургера,10.0,КМ20,Sunday,Хлеб,пф
2025-08-19,Бриошь для бургера,10.0,КМ20,Tuesday,Хлеб,пф
2025-08-21,Бриошь для бургера,12.0,КМ20,Thursday,Хлеб,пф
2025-08-23,Бриошь для бургера,15.0,КМ20,Saturday,Хлеб,пф
2025-08-25,Бриошь для бургера,10.0,КМ20,Monday,Хлеб,пф
2025-08-27,Бриошь для бургера,10.0,КМ20,Wednesday,Хлеб,пф
2025-08-29,Бриошь для бургера,10.0,КМ20,Friday,Хлеб,пф
2025-08-31,Бриошь для бургера,10.0,КМ20,Sunday,Хлеб,пф
2025-08-29,Фокачча GN 2/3,1.0,КМ20,Friday,Хлеб,Снят
2025-06-01,Фокачча GN 1/3,4.0,КМ20,Sunday,Хлеб,Снят
2025-06-03,Фокачча GN 1/3,2.0,КМ20,Tuesday,Хлеб,Снят
2025-06-04,Фокачча GN 1/3,4.0,КМ20,Wednesday,Хлеб,Снят
2025-06-07,Фокачча GN 1/3,4.0,КМ20,Saturday,Хлеб,Снят
2025-06-13,Фокачча GN 1/3,4.0,КМ20,Friday,Хлеб,Снят
2025-06-15,Фокачча GN 1/3,2.0,КМ20,Sunday,Хлеб,Снят
2025-06-19,Фокачча GN 1/3,4.0,КМ20,Thursday,Хлеб,Снят
2025-06-23,Фокачча GN 1/3,4.0,КМ20,Monday,Хлеб,Снят
2025-06-27,Фокачча GN 1/3,4.0,КМ20,Friday,Хлеб,Снят
2025-07-04,Фокачча GN 1/3,4.0,КМ20,Friday,Хлеб,Снят
2025-07-08,Фокачча GN 1/3,4.0,КМ20,Tuesday,Хлеб,Снят
2025-07-12,Фокачча GN 1/3,4.0,КМ20,Saturday,Хлеб,Снят
2025-07-16,Фокачча GN 1/3,8.0,КМ20,Wednesday,Хлеб,Снят
2025-07-22,Фокачча GN 1/3,8.0,КМ20,Tuesday,Хлеб,Снят
2025-08-15,Фокачча GN 1/3,10.0,КМ20,Friday,Хлеб,Снят
2025-08-29,Фокачча GN 1/3,1.0,КМ20,Friday,Хлеб,Снят
2025-06-01,Бейгл 100,10.0,КМ20,Sunday,Булки,Активный
2025-06-03,Бейгл 100,10.0,КМ20,Tuesday,Булки,Активный
2025-06-05,Бейгл 100,10.0,КМ20,Thursday,Булки,Активный
2025-06-07,Бейгл 100,15.0,КМ20,Saturday,Булки,Активный
2025-06-09,Бейгл 100,5.0,КМ20,Monday,Булки,Активный
2025-06-11,Бейгл 100,5.0,КМ20,Wednesday,Булки,Активный
2025-06-13,Бейгл 100,10.0,КМ20,Friday,Булки,Активный
2025-06-15,Бейгл 100,10.0,КМ20,Sunday,Булки,Активный
2025-06-17,Бейгл 100,5.0,КМ20,Tuesday,Булки,Активный
2025-06-21,Бейгл 100,15.0,КМ20,Saturday,Булки,Активный
2025-06-25,Бейгл 100,5.0,КМ20,Wednesday,Булки,Активный
2025-06-27,Бейгл 100,5.0,КМ20,Friday,Булки,Активный
2025-06-29,Бейгл 100,5.0,КМ20,Sunday,Булки,Активный
2025-07-02,Бейгл 100,5.0,КМ20,Wednesday,Булки,Активный
2025-07-04,Бейгл 100,5.0,КМ20,Friday,Булки,Активный
2025-07-06,Бейгл 100,5.0,КМ20,Sunday,Булки,Активный
2025-07-08,Бейгл 100,5.0,КМ20,Tuesday,Булки,Активный
2025-07-10,Бейгл 100,5.0,КМ20,Thursday,Булки,Активный
2025-07-12,Бейгл 100,15.0,КМ20,Saturday,Булки,Активный
2025-07-22,Бейгл 100,15.0,КМ20,Tuesday,Булки,Активный
2025-07-28,Бейгл 100,15.0,КМ20,Monday,Булки,Активный
2025-08-05,Бейгл 100,10.0,КМ20,Tuesday,Булки,Активный
2025-08-17,Бейгл 100,10.0,КМ20,Sunday,Булки,Активный
2025-08-23,Бейгл 100,10.0,КМ20,Saturday,Булки,Активный
2025-08-27,Бейгл 100,10.0,КМ20,Wednesday,Булки,Активный
2025-06-01,Фокачча 400х600,25.0,DODGY,Sunday,Хлеб,пф
2025-06-02,Фокачча 400х600,18.0,DODGY,Monday,Хлеб,пф
2025-06-03,Фокачча 400х600,18.0,DODGY,Tuesday,Хлеб,пф
2025-06-04,Фокачча 400х600,25.0,DODGY,Wednesday,Хлеб,пф
2025-06-05,Фокачча 400х600,25.0,DODGY,Thursday,Хлеб,пф
2025-06-06,Фокачча 400х600,25.0,DODGY,Friday,Хлеб,пф
2025-06-07,Фокачча 400х600,25.0,DODGY,Saturday,Хлеб,пф
2025-06-08,Фокачча 400х600,25.0,DODGY,Sunday,Хлеб,пф
2025-06-09,Фокачча 400х600,20.0,DODGY,Monday,Хлеб,пф
2025-06-10,Фокачча 400х600,20.0,DODGY,Tuesday,Хлеб,пф
2025-06-11,Фокачча 400х600,25.0,DODGY,Wednesday,Хлеб,пф
2025-06-12,Фокачча 400х600,25.0,DODGY,Thursday,Хлеб,пф
2025-06-13,Фокачча 400х600,25.0,DODGY,Friday,Хлеб,пф
2025-06-14,Фокачча 400х600,25.0,DODGY,Saturday,Хлеб,пф
2025-06-15,Фокачча 400х600,25.0,DODGY,Sunday,Хлеб,пф
2025-06-16,Фокачча 400х600,24.0,DODGY,Monday,Хлеб,пф
2025-06-17,Фокачча 400х600,25.0,DODGY,Tuesday,Хлеб,пф
2025-06-18,Фокачча 400х600,25.0,DODGY,Wednesday,Хлеб,пф
2025-06-19,Фокачча 400х600,25.0,DODGY,Thursday,Хлеб,пф
2025-06-20,Фокачча 400х600,25.0,DODGY,Friday,Хлеб,пф
2025-06-21,Фокачча 400х600,25.0,DODGY,Saturday,Хлеб,пф
2025-06-22,Фокачча 400х600,25.0,DODGY,Sunday,Хлеб,пф
2025-06-23,Фокачча 400х600,20.0,DODGY,Monday,Хлеб,пф
2025-06-24,Фокачча 400х600,12.0,DODGY,Tuesday,Хлеб,пф
2025-06-25,Фокачча 400х600,12.0,DODGY,Wednesday,Хлеб,пф
2025-06-26,Фокачча 400х600,18.0,DODGY,Thursday,Хлеб,пф
2025-06-27,Фокачча 400х600,20.0,DODGY,Friday,Хлеб,пф
2025-06-28,Фокачча 400х600,20.0,DODGY,Saturday,Хлеб,пф
2025-06-29,Фокачча 400х600,25.0,DODGY,Sunday,Хлеб,пф
2025-06-30,Фокачча 400х600,20.0,DODGY,Monday,Хлеб,пф
2025-07-01,Фокачча 400х600,3.0,DODGY,Tuesday,Хлеб,пф
2025-07-02,Фокачча 400х600,15.0,DODGY,Wednesday,Хлеб,пф
2025-07-03,Фокачча 400х600,15.0,DODGY,Thursday,Хлеб,пф
2025-07-04,Фокачча 400х600,15.0,DODGY,Friday,Хлеб,пф
2025-07-05,Фокачча 400х600,13.0,DODGY,Saturday,Хлеб,пф
2025-07-06,Фокачча 400х600,13.0,DODGY,Sunday,Хлеб,пф
2025-07-07,Фокачча 400х600,14.0,DODGY,Monday,Хлеб,пф
2025-07-08,Фокачча 400х600,15.0,DODGY,Tuesday,Хлеб,пф
2025-07-09,Фокачча 400х600,15.0,DODGY,Wednesday,Хлеб,пф
2025-07-10,Фокачча 400х600,15.0,DODGY,Thursday,Хлеб,пф
2025-07-11,Фокачча 400х600,15.0,DODGY,Friday,Хлеб,пф
2025-07-12,Фокачча 400х600,13.0,DODGY,Saturday,Хлеб,пф
2025-07-13,Фокачча 400х600,13.0,DODGY,Sunday,Хлеб,пф
2025-07-14,Фокачча 400х600,15.0,DODGY,Monday,Хлеб,пф
2025-07-15,Фокачча 400х600,15.0,DODGY,Tuesday,Хлеб,пф
2025-07-16,Фокачча 400х600,15.0,DODGY,Wednesday,Хлеб,пф
2025-07-17,Фокачча 400х600,15.0,DODGY,Thursday,Хлеб,пф
2025-07-18,Фокачча 400х600,15.0,DODGY,Friday,Хлеб,пф
2025-07-19,Фокачча 400х600,13.0,DODGY,Saturday,Хлеб,пф
2025-07-20,Фокачча 400х600,13.0,DODGY,Sunday,Хлеб,пф
2025-07-21,Фокачча 400х600,15.0,DODGY,Monday,Хлеб,пф
2025-07-22,Фокачча 400х600,15.0,DODGY,Tuesday,Хлеб,пф
2025-07-23,Фокачча 400х600,15.0,DODGY,Wednesday,Хлеб,пф
2025-07-24,Фокачча 400х600,15.0,DODGY,Thursday,Хлеб,пф
2025-07-25,Фокачча 400х600,15.0,DODGY,Friday,Хлеб,пф
2025-07-26,Фокачча 400х600,13.0,DODGY,Saturday,Хлеб,пф
2025-07-27,Фокачча 400х600,13.0,DODGY,Sunday,Хлеб,пф
2025-07-28,Фокачча 400х600,15.0,DODGY,Monday,Хлеб,пф
2025-07-29,Фокачча 400х600,15.0,DODGY,Tuesday,Хлеб,пф
2025-07-30,Фокачча 400х600,15.0,DODGY,Wednesday,Хлеб,пф
2025-07-31,Фокачча 400х600,15.0,DODGY,Thursday,Хлеб,пф
2025-08-01,Фокачча 400х600,15.0,DODGY,Friday,Хлеб,пф
2025-08-02,Фокачча 400х600,13.0,DODGY,Saturday,Хлеб,пф
2025-08-03,Фокачча 400х600,13.0,DODGY,Sunday,Хлеб,пф
2025-06-01,Доставка,1.0,DODGY,Sunday,,
2025-06-02,Доставка,1.0,DODGY,Monday,,
2025-06-03,Доставка,1.0,DODGY,Tuesday,,
2025-06-04,Доставка,1.0,DODGY,Wednesday,,
2025-06-05,Доставка,1.0,DODGY,Thursday,,
2025-06-06,Доставка,1.0,DODGY,Friday,,
2025-06-07,Доставка,1.0,DODGY,Saturday,,
2025-06-08,Доставка,1.0,DODGY,Sunday,,
2025-06-09,Доставка,1.0,DODGY,Monday,,
2025-06-10,Доставка,1.0,DODGY,Tuesday,,
2025-06-11,Доставка,1.0,DODGY,Wednesday,,
2025-06-12,Доставка,1.0,DODGY,Thursday,,
2025-06-13,Доставка,1.0,DODGY,Friday,,
2025-06-14,Доставка,1.0,DODGY,Saturday,,
2025-06-15,Доставка,1.0,DODGY,Sunday,,
2025-06-16,Доставка,1.0,DODGY,Monday,,
2025-06-17,Доставка,1.0,DODGY,Tuesday,,
2025-06-18,Доставка,1.0,DODGY,Wednesday,,
2025-06-19,Доставка,1.0,DODGY,Thursday,,
2025-06-20,Доставка,1.0,DODGY,Friday,,
2025-06-21,Доставка,1.0,DODGY,Saturday,,
2025-06-22,Доставка,1.0,DODGY,Sunday,,
2025-06-23,Доставка,1.0,DODGY,Monday,,
2025-06-24,Доставка,1.0,DODGY,Tuesday,,
2025-06-25,Доставка,1.0,DODGY,Wednesday,,
2025-06-26,Доставка,1.0,DODGY,Thursday,,
2025-06-27,Доставка,1.0,DODGY,Friday,,
2025-06-28,Доставка,1.0,DODGY,Saturday,,
2025-06-29,Доставка,1.0,DODGY,Sunday,,
2025-06-30,Доставка,1.0,DODGY,Monday,,
2025-07-01,Доставка,1.0,DODGY,Tuesday,,
2025-07-02,Доставка,1.0,DODGY,Wednesday,,
2025-07-03,Доставка,1.0,DODGY,Thursday,,
2025-07-04,Доставка,1.0,DODGY,Friday,,
2025-07-05,Доставка,1.0,DODGY,Saturday,,
2025-07-06,Доставка,1.0,DODGY,Sunday,,
2025-07-07,Доставка,1.0,DODGY,Monday,,
2025-07-08,Доставка,1.0,DODGY,Tuesday,,
2025-07-09,Доставка,1.0,DODGY,Wednesday,,
2025-07-10,Доставка,1.0,DODGY,Thursday,,
2025-07-11,Доставка,1.0,DODGY,Friday,,
2025-07-12,Доставка,1.0,DODGY,Saturday,,
2025-07-13,Доставка,1.0,DODGY,Sunday,,
2025-07-14,Доставка,1.0,DODGY,Monday,,
2025-07-15,Доставка,1.0,DODGY,Tuesday,,
2025-07-16,Доставка,1.0,DODGY,Wednesday,,
2025-07-17,Доставка,1.0,DODGY,Thursday,,
2025-07-18,Доставка,1.0,DODGY,Friday,,
2025-07-19,Доставка,1.0,DODGY,Saturday,,
2025-07-20,Доставка,1.0,DODGY,Sunday,,
2025-07-21,Доставка,1.0,DODGY,Monday,,
2025-07-22,Доставка,1.0,DODGY,Tuesday,,
2025-07-23,Доставка,1.0,DODGY,Wednesday,,
2025-07-24,Доставка,1.0,DODGY,Thursday,,
2025-07-25,Доставка,1.0,DODGY,Friday,,
2025-07-26,Доставка,1.0,DODGY,Saturday,,
2025-07-27,Доставка,1.0,DODGY,Sunday,,
2025-07-28,Доставка,1.0,DODGY,Monday,,
2025-07-29,Доставка,1.0,DODGY,Tuesday,,
2025-07-30,Доставка,1.0,DODGY,Wednesday,,
2025-07-31,Доставка,1.0,DODGY,Thursday,,
2025-08-01,Доставка,1.0,DODGY,Friday,,
2025-08-02,Доставка,1.0,DODGY,Saturday,,
2025-08-03,Доставка,1.0,DODGY,Sunday,,
2025-06-02,Фокачча 400х600,4.0,Энтузиаст,Monday,Хлеб,пф
2025-06-05,Фокачча 400х600,5.0,Энтузиаст,Thursday,Хлеб,пф
2025-06-07,Фокачча 400х600,4.0,Энтузиаст,Saturday,Хлеб,пф
2025-06-09,Фокачча 400х600,4.0,Энтузиаст,Monday,Хлеб,пф
2025-06-12,Фокачча 400х600,5.0,Энтузиаст,Thursday,Хлеб,пф
2025-06-14,Фокачча 400х600,4.0,Энтузиаст,Saturday,Хлеб,пф
2025-06-15,Фокачча 400х600,4.0,Энтузиаст,Sunday,Хлеб,пф
2025-06-17,Фокачча 400х600,4.0,Энтузиаст,Tuesday,Хлеб,пф
2025-06-19,Фокачча 400х600,4.0,Энтузиаст,Thursday,Хлеб,пф
2025-06-20,Фокачча 400х600,5.0,Энтузиаст,Friday,Хлеб,пф
2025-06-23,Фокачча 400х600,4.0,Энтузиаст,Monday,Хлеб,пф
2025-06-26,Фокачча 400х600,4.0,Энтузиаст,Thursday,Хлеб,пф
2025-06-29,Фокачча 400х600,4.0,Энтузиаст,Sunday,Хлеб,пф
2025-06-01,Багет,3.0,Pshur,Sunday,Хлеб,Активный
2025-06-03,Багет,2.0,Pshur,Tuesday,Хлеб,Активный
2025-06-04,Багет,2.0,Pshur,Wednesday,Хлеб,Активный
2025-06-05,Багет,2.0,Pshur,Thursday,Хлеб,Активный
2025-06-06,Багет,2.0,Pshur,Friday,Хлеб,Активный
2025-06-07,Багет,3.0,Pshur,Saturday,Хлеб,Активный
2025-06-08,Багет,3.0,Pshur,Sunday,Хлеб,Активный
2025-06-10,Багет,2.0,Pshur,Tuesday,Хлеб,Активный
2025-06-11,Багет,2.0,Pshur,Wednesday,Хлеб,Активный
2025-06-12,Багет,2.0,Pshur,Thursday,Хлеб,Активный
2025-06-13,Багет,2.0,Pshur,Friday,Хлеб,Активный
2025-06-14,Багет,3.0,Pshur,Saturday,Хлеб,Активный
2025-06-15,Багет,2.0,Pshur,Sunday,Хлеб,Активный
2025-06-17,Багет,2.0,Pshur,Tuesday,Хлеб,Активный
2025-06-18,Багет,2.0,Pshur,Wednesday,Хлеб,Активный
2025-06-19,Багет,2.0,Pshur,Thursday,Хлеб,Активный
2025-06-20,Багет,2.0,Pshur,Friday,Хлеб,Активный
2025-06-21,Багет,2.0,Pshur,Saturday,Хлеб,Активный
2025-06-22,Багет,2.0,Pshur,Sunday,Хлеб,Активный
2025-06-24,Багет,2.0,Pshur,Tuesday,Хлеб,Активный
2025-06-25,Багет,2.0,Pshur,Wednesday,Хлеб,Активный
2025-06-26,Багет,2.0,Pshur,Thursday,Хлеб,Активный
2025-06-27,Багет,2.0,Pshur,Friday,Хлеб,Активный
2025-06-28,Багет,2.0,Pshur,Saturday,Хлеб,Активный
2025-06-29,Багет,2.0,Pshur,Sunday,Хлеб,Активный
2025-06-01,Бриошь с шапкой,2.0,Pshur,Sunday,Хлеб,Снят
2025-06-02,Бриошь с шапкой,1.0,Pshur,Monday,Хлеб,Снят
2025-06-03,Бриошь с шапкой,1.0,Pshur,Tuesday,Хлеб,Снят
2025-06-04,Бриошь с шапкой,1.0,Pshur,Wednesday,Хлеб,Снят
2025-06-05,Бриошь с шапкой,1.0,Pshur,Thursday,Хлеб,Снят
2025-06-06,Бриошь с шапкой,1.0,Pshur,Friday,Хлеб,Снят
2025-06-07,Бриошь с шапкой,2.0,Pshur,Saturday,Хлеб,Снят
2025-06-08,Бриошь с шапкой,2.0,Pshur,Sunday,Хлеб,Снят
2025-06-09,Бриошь с шапкой,1.0,Pshur,Monday,Хлеб,Снят
2025-06-10,Бриошь с шапкой,1.0,Pshur,Tuesday,Хлеб,Снят
2025-06-11,Бриошь с шапкой,1.0,Pshur,Wednesday,Хлеб,Снят
2025-06-12,Бриошь с шапкой,1.0,Pshur,Thursday,Хлеб,Снят
2025-06-13,Бриошь с шапкой,1.0,Pshur,Friday,Хлеб,Снят
2025-06-14,Бриошь с шапкой,2.0,Pshur,Saturday,Хлеб,Снят
2025-06-15,Бриошь с шапкой,2.0,Pshur,Sunday,Хлеб,Снят
2025-06-16,Бриошь с шапкой,1.0,Pshur,Monday,Хлеб,Снят
2025-06-17,Бриошь с шапкой,1.0,Pshur,Tuesday,Хлеб,Снят
2025-06-18,Бриошь с шапкой,2.0,Pshur,Wednesday,Хлеб,Снят
2025-06-19,Бриошь с шапкой,1.0,Pshur,Thursday,Хлеб,Снят
2025-06-20,Бриошь с шапкой,1.0,Pshur,Friday,Хлеб,Снят
2025-06-21,Бриошь с шапкой,2.0,Pshur,Saturday,Хлеб,Снят
2025-06-22,Бриошь с шапкой,2.0,Pshur,Sunday,Хлеб,Снят
2025-06-23,Бриошь с шапкой,1.0,Pshur,Monday,Хлеб,Снят
2025-06-24,Бриошь с шапкой,1.0,Pshur,Tuesday,Хлеб,Снят
2025-06-25,Бриошь с шапкой,1.0,Pshur,Wednesday,Хлеб,Снят
2025-06-26,Бриошь с шапкой,1.0,Pshur,Thursday,Хлеб,Снят
2025-06-27,Бриошь с шапкой,1.0,Pshur,Friday,Хлеб,Снят
2025-06-28,Бриошь с шапкой,2.0,Pshur,Saturday,Хлеб,Снят
2025-06-29,Бриошь с шапкой,1.0,Pshur,Sunday,Хлеб,Снят
2025-06-30,Бриошь с шапкой,1.0,Pshur,Monday,Хлеб,Снят
2025-06-01,Булка с кардамоном,3.0,Pshur,Sunday,Булки,Активный
2025-06-02,Булка с кардамоном,2.0,Pshur,Monday,Булки,Активный
2025-06-03,Булка с кардамоном,2.0,Pshur,Tuesday,Булки,Активный
2025-06-04,Булка с кардамоном,2.0,Pshur,Wednesday,Булки,Активный
2025-06-05,Булка с кардамоном,2.0,Pshur,Thursday,Булки,Активный
2025-06-06,Булка с кардамоном,2.0,Pshur,Friday,Булки,Активный
2025-06-07,Булка с кардамоном,3.0,Pshur,Saturday,Булки,Активный
2025-06-08,Булка с кардамоном,3.0,Pshur,Sunday,Булки,Активный
2025-06-09,Булка с кардамоном,2.0,Pshur,Monday,Булки,Активный
2025-06-10,Булка с кардамоном,2.0,Pshur,Tuesday,Булки,Активный
2025-06-11,Булка с кардамоном,2.0,Pshur,Wednesday,Булки,Активный
2025-06-12,Булка с кардамоном,2.0,Pshur,Thursday,Булки,Активный
2025-06-13,Булка с кардамоном,2.0,Pshur,Friday,Булки,Активный
2025-06-14,Булка с кардамоном,3.0,Pshur,Saturday,Булки,Активный
2025-06-15,Булка с кардамоном,3.0,Pshur,Sunday,Булки,Активный
2025-06-16,Булка с кардамоном,2.0,Pshur,Monday,Булки,Активный
2025-06-17,Булка с кардамоном,2.0,Pshur,Tuesday,Булки,Активный
2025-06-18,Булка с кардамоном,2.0,Pshur,Wednesday,Булки,Активный
2025-06-19,Булка с кардамоном,2.0,Pshur,Thursday,Булки,Активный
2025-06-20,Булка с кардамоном,2.0,Pshur,Friday,Булки,Активный
2025-06-21,Булка с кардамоном,2.0,Pshur,Saturday,Булки,Активный
2025-06-22,Булка с кардамоном,2.0,Pshur,Sunday,Булки,Активный
2025-06-23,Булка с кардамоном,2.0,Pshur,Monday,Булки,Активный
2025-06-24,Булка с кардамоном,2.0,Pshur,Tuesday,Булки,Активный
2025-06-25,Булка с кардамоном,2.0,Pshur,Wednesday,Булки,Активный
2025-06-26,Булка с кардамоном,2.0,Pshur,Thursday,Булки,Активный
2025-06-27,Булка с кардамоном,2.0,Pshur,Friday,Булки,Активный
2025-06-28,Булка с кардамоном,3.0,Pshur,Saturday,Булки,Активный
2025-06-29,Булка с кардамоном,3.0,Pshur,Sunday,Булки,Активный
2025-06-30,Булка с кардамоном,2.0,Pshur,Monday,Булки,Активный
2025-06-01,Булка с корицей,5.0,Pshur,Sunday,Булки,Активный
2025-06-02,Булка с корицей,3.0,Pshur,Monday,Булки,Активный
2025-06-03,Булка с корицей,3.0,Pshur,Tuesday,Булки,Активный
2025-06-04,Булка с корицей,3.0,Pshur,Wednesday,Булки,Активный
2025-06-05,Булка с корицей,3.0,Pshur,Thursday,Булки,Активный
2025-06-06,Булка с корицей,3.0,Pshur,Friday,Булки,Активный
2025-06-07,Булка с корицей,3.0,Pshur,Saturday,Булки,Активный
2025-06-08,Булка с корицей,3.0,Pshur,Sunday,Булки,Активный
2025-06-09,Булка с корицей,3.0,Pshur,Monday,Булки,Активный
2025-06-10,Булка с корицей,3.0,Pshur,Tuesday,Булки,Активный
2025-06-11,Булка с корицей,3.0,Pshur,Wednesday,Булки,Активный
2025-06-12,Булка с корицей,3.0,Pshur,Thursday,Булки,Активный
2025-06-13,Булка с корицей,3.0,Pshur,Friday,Булки,Активный
2025-06-14,Булка с корицей,3.0,Pshur,Saturday,Булки,Активный
2025-06-15,Булка с корицей,3.0,Pshur,Sunday,Булки,Активный
2025-06-16,Булка с корицей,3.0,Pshur,Monday,Булки,Активный
2025-06-17,Булка с корицей,3.0,Pshur,Tuesday,Булки,Активный
2025-06-18,Булка с корицей,3.0,Pshur,Wednesday,Булки,Активный
2025-06-19,Булка с корицей,3.0,Pshur,Thursday,Булки,Активный
2025-06-20,Булка с корицей,3.0,Pshur,Friday,Булки,Активный
2025-06-21,Булка с корицей,3.0,Pshur,Saturday,Булки,Активный
2025-06-22,Булка с корицей,3.0,Pshur,Sunday,Булки,Активный
2025-06-23,Булка с корицей,3.0,Pshur,Monday,Булки,Активный
2025-06-24,Булка с корицей,3.0,Pshur,Tuesday,Булки,Активный
2025-06-25,Булка с корицей,3.0,Pshur,Wednesday,Булки,Активный
2025-06-26,Булка с корицей,3.0,Pshur,Thursday,Булки,Активный
2025-06-27,Булка с корицей,3.0,Pshur,Friday,Булки,Активный
2025-06-28,Булка с корицей,5.0,Pshur,Saturday,Булки,Активный
2025-06-29,Булка с корицей,4.0,Pshur,Sunday,Булки,Активный
2025-06-30,Булка с корицей,3.0,Pshur,Monday,Булки,Активный
2025-06-01,Булка с тхиной,3.0,Pshur,Sunday,Булки,Активный
2025-06-02,Булка с тхиной,3.0,Pshur,Monday,Булки,Активный
2025-06-03,Булка с тхиной,3.0,Pshur,Tuesday,Булки,Активный
2025-06-04,Булка с тхиной,2.0,Pshur,Wednesday,Булки,Активный
2025-06-05,Булка с тхиной,2.0,Pshur,Thursday,Булки,Активный
2025-06-06,Булка с тхиной,2.0,Pshur,Friday,Булки,Активный
2025-06-07,Булка с тхиной,3.0,Pshur,Saturday,Булки,Активный
2025-06-08,Булка с тхиной,3.0,Pshur,Sunday,Булки,Активный
2025-06-09,Булка с тхиной,2.0,Pshur,Monday,Булки,Активный
2025-06-10,Булка с тхиной,2.0,Pshur,Tuesday,Булки,Активный
2025-06-11,Булка с тхиной,2.0,Pshur,Wednesday,Булки,Активный
2025-06-12,Булка с тхиной,2.0,Pshur,Thursday,Булки,Активный
2025-06-13,Булка с тхиной,2.0,Pshur,Friday,Булки,Активный
2025-06-14,Булка с тхиной,3.0,Pshur,Saturday,Булки,Активный
2025-06-15,Булка с тхиной,3.0,Pshur,Sunday,Булки,Активный
2025-06-16,Булка с тхиной,2.0,Pshur,Monday,Булки,Активный
2025-06-17,Булка с тхиной,2.0,Pshur,Tuesday,Булки,Активный
2025-06-18,Булка с тхиной,2.0,Pshur,Wednesday,Булки,Активный
2025-06-19,Булка с тхиной,2.0,Pshur,Thursday,Булки,Активный
2025-06-20,Булка с тхиной,2.0,Pshur,Friday,Булки,Активный
2025-06-21,Булка с тхиной,3.0,Pshur,Saturday,Булки,Активный
2025-06-22,Булка с тхиной,3.0,Pshur,Sunday,Булки,Активный
2025-06-23,Булка с тхиной,3.0,Pshur,Monday,Булки,Активный
2025-06-24,Булка с тхиной,3.0,Pshur,Tuesday,Булки,Активный
2025-06-25,Булка с тхиной,3.0,Pshur,Wednesday,Булки,Активный
2025-06-26,Булка с тхиной,3.0,Pshur,Thursday,Булки,Активный
2025-06-27,Булка с тхиной,3.0,Pshur,Friday,Булки,Активный
2025-06-28,Булка с тхиной,4.0,Pshur,Saturday,Булки,Активный
2025-06-29,Булка с тхиной,3.0,Pshur,Sunday,Булки,Активный
2025-06-30,Булка с тхиной,2.0,Pshur,Monday,Булки,Активный
2025-06-01,Круассан 75г,3.0,Pshur,Sunday,Выпечка,Активный
2025-06-02,Круассан 75г,3.0,Pshur,Monday,Выпечка,Активный
2025-06-03,Круассан 75г,2.0,Pshur,Tuesday,Выпечка,Активный
2025-06-04,Круассан 75г,2.0,Pshur,Wednesday,Выпечка,Активный
2025-06-05,Круассан 75г,2.0,Pshur,Thursday,Выпечка,Активный
2025-06-06,Круассан 75г,2.0,Pshur,Friday,Выпечка,Активный
2025-06-07,Круассан 75г,3.0,Pshur,Saturday,Выпечка,Активный
2025-06-08,Круассан 75г,3.0,Pshur,Sunday,Выпечка,Активный
2025-06-09,Круассан 75г,3.0,Pshur,Monday,Выпечка,Активный
2025-06-10,Круассан 75г,3.0,Pshur,Tuesday,Выпечка,Активный
2025-06-11,Круассан 75г,3.0,Pshur,Wednesday,Выпечка,Активный
2025-06-12,Круассан 75г,3.0,Pshur,Thursday,Выпечка,Активный
2025-06-13,Круассан 75г,3.0,Pshur,Friday,Выпечка,Активный
2025-06-14,Круассан 75г,5.0,Pshur,Saturday,Выпечка,Активный
2025-06-15,Круассан 75г,5.0,Pshur,Sunday,Выпечка,Активный
2025-06-16,Круассан 75г,3.0,Pshur,Monday,Выпечка,Активный
2025-06-17,Круассан 75г,3.0,Pshur,Tuesday,Выпечка,Активный
2025-06-18,Круассан 75г,4.0,Pshur,Wednesday,Выпечка,Активный
2025-06-19,Круассан 75г,3.0,Pshur,Thursday,Выпечка,Активный
2025-06-20,Круассан 75г,3.0,Pshur,Friday,Выпечка,Активный
2025-06-21,Круассан 75г,5.0,Pshur,Saturday,Выпечка,Активный
2025-06-22,Круассан 75г,3.0,Pshur,Sunday,Выпечка,Активный
2025-06-23,Круассан 75г,3.0,Pshur,Monday,Выпечка,Активный
2025-06-24,Круассан 75г,3.0,Pshur,Tuesday,Выпечка,Активный
2025-06-25,Круассан 75г,3.0,Pshur,Wednesday,Выпечка,Активный
2025-06-26,Круассан 75г,3.0,Pshur,Thursday,Выпечка,Активный
2025-06-27,Круассан 75г,3.0,Pshur,Friday,Выпечка,Активный
2025-06-28,Круассан 75г,5.0,Pshur,Saturday,Выпечка,Активный
2025-06-29,Круассан 75г,5.0,Pshur,Sunday,Выпечка,Активный
2025-06-30,Круассан 75г,3.0,Pshur,Monday,Выпечка,Активный
2025-06-01,"Тартин 0,75",6.0,Pshur,Sunday,Хлеб,Активный
2025-06-02,"Тартин 0,75",4.0,Pshur,Monday,Хлеб,Активный
2025-06-03,"Тартин 0,75",4.0,Pshur,Tuesday,Хлеб,Активный
2025-06-04,"Тартин 0,75",4.0,Pshur,Wednesday,Хлеб,Активный
2025-06-05,"Тартин 0,75",4.0,Pshur,Thursday,Хлеб,Активный
2025-06-06,"Тартин 0,75",4.0,Pshur,Friday,Хлеб,Активный
2025-06-07,"Тартин 0,75",6.0,Pshur,Saturday,Хлеб,Активный
2025-06-08,"Тартин 0,75",6.0,Pshur,Sunday,Хлеб,Активный
2025-06-09,"Тартин 0,75",4.0,Pshur,Monday,Хлеб,Активный
2025-06-10,"Тартин 0,75",4.0,Pshur,Tuesday,Хлеб,Активный
2025-06-11,"Тартин 0,75",2.0,Pshur,Wednesday,Хлеб,Активный
2025-06-12,"Тартин 0,75",4.0,Pshur,Thursday,Хлеб,Активный
2025-06-13,"Тартин 0,75",4.0,Pshur,Friday,Хлеб,Активный
2025-06-14,"Тартин 0,75",6.0,Pshur,Saturday,Хлеб,Активный
2025-06-15,"Тартин 0,75",8.0,Pshur,Sunday,Хлеб,Активный
2025-06-16,"Тартин 0,75",5.0,Pshur,Monday,Хлеб,Активный
2025-06-17,"Тартин 0,75",5.0,Pshur,Tuesday,Хлеб,Активный
2025-06-18,"Тартин 0,75",5.0,Pshur,Wednesday,Хлеб,Активный
2025-06-19,"Тартин 0,75",5.0,Pshur,Thursday,Хлеб,Активный
2025-06-20,"Тартин 0,75",5.0,Pshur,Friday,Хлеб,Активный
2025-06-21,"Тартин 0,75",8.0,Pshur,Saturday,Хлеб,Активный
2025-06-22,"Тартин 0,75",8.0,Pshur,Sunday,Хлеб,Активный
2025-06-23,"Тартин 0,75",4.0,Pshur,Monday,Хлеб,Активный
2025-06-24,"Тартин 0,75",3.0,Pshur,Tuesday,Хлеб,Активный
2025-06-25,"Тартин 0,75",4.0,Pshur,Wednesday,Хлеб,Активный
2025-06-26,"Тартин 0,75",3.0,Pshur,Thursday,Хлеб,Активный
2025-06-27,"Тартин 0,75",4.0,Pshur,Friday,Хлеб,Активный
2025-06-28,"Тартин 0,75",6.0,Pshur,Saturday,Хлеб,Активный
2025-06-29,"Тартин 0,75",6.0,Pshur,Sunday,Хлеб,Активный
2025-06-30,"Тартин 0,75",3.0,Pshur,Monday,Хлеб,Активный
2025-06-01,Бриошь с шапкой,2.0,Чехов и ко,Sunday,Хлеб,Снят
2025-06-03,Бриошь с шапкой,2.0,Чехов и ко,Tuesday,Хлеб,Снят
2025-06-07,Бриошь с шапкой,2.0,Чехов и ко,Saturday,Хлеб,Снят
2025-06-11,Бриошь с шапкой,1.0,Чехов и ко,Wednesday,Хлеб,Снят
2025-06-15,Бриошь с шапкой,2.0,Чехов и ко,Sunday,Хлеб,Снят
2025-06-17,Бриошь с шапкой,2.0,Чехов и ко,Tuesday,Хлеб,Снят
2025-06-21,Бриошь с шапкой,2.0,Чехов и ко,Saturday,Хлеб,Снят
2025-06-23,Бриошь с шапкой,1.0,Чехов и ко,Monday,Хлеб,Снят
2025-06-25,Бриошь с шапкой,1.0,Чехов и ко,Wednesday,Хлеб,Снят
2025-06-29,Бриошь с шапкой,2.0,Чехов и ко,Sunday,Хлеб,Снят
2025-06-01,Булка с корицей,10.0,Чехов и ко,Sunday,Булки,Активный
2025-06-03,Булка с корицей,8.0,Чехов и ко,Tuesday,Булки,Активный
2025-06-05,Булка с корицей,10.0,Чехов и ко,Thursday,Булки,Активный
2025-06-07,Булка с корицей,8.0,Чехов и ко,Saturday,Булки,Активный
2025-06-09,Булка с корицей,8.0,Чехов и ко,Monday,Булки,Активный
2025-06-11,Булка с корицей,8.0,Чехов и ко,Wednesday,Булки,Активный
2025-06-13,Булка с корицей,10.0,Чехов и ко,Friday,Булки,Активный
2025-06-15,Булка с корицей,10.0,Чехов и ко,Sunday,Булки,Активный
2025-06-17,Булка с корицей,8.0,Чехов и ко,Tuesday,Булки,Активный
2025-06-19,Булка с корицей,10.0,Чехов и ко,Thursday,Булки,Активный
2025-06-21,Булка с корицей,8.0,Чехов и ко,Saturday,Булки,Активный
2025-06-23,Булка с корицей,8.0,Чехов и ко,Monday,Булки,Активный
2025-06-25,Булка с корицей,8.0,Чехов и ко,Wednesday,Булки,Активный
2025-06-27,Булка с корицей,10.0,Чехов и ко,Friday,Булки,Активный
2025-06-29,Булка с корицей,8.0,Чехов и ко,Sunday,Булки,Активный
2025-06-01,"Тартин 0,75",3.0,Чехов и ко,Sunday,Хлеб,Активный
2025-06-03,"Тартин 0,75",3.0,Чехов и ко,Tuesday,Хлеб,Активный
2025-06-05,"Тартин 0,75",3.0,Чехов и ко,Thursday,Хлеб,Активный
2025-06-07,"Тартин 0,75",3.0,Чехов и ко,Saturday,Хлеб,Активный
2025-06-09,"Тартин 0,75",3.0,Чехов и ко,Monday,Хлеб,Активный
2025-06-13,"Тартин 0,75",3.0,Чехов и ко,Friday,Хлеб,Активный
2025-06-15,"Тартин 0,75",3.0,Чехов и ко,Sunday,Хлеб,Активный
2025-06-17,"Тартин 0,75",3.0,Чехов и ко,Tuesday,Хлеб,Активный
2025-06-19,"Тартин 0,75",3.0,Чехов и ко,Thursday,Хлеб,Активный
2025-06-21,"Тартин 0,75",3.0,Чехов и ко,Saturday,Хлеб,Активный
2025-06-23,"Тартин 0,75",3.0,Чехов и ко,Monday,Хлеб,Активный
2025-06-27,"Тартин 0,75",3.0,Чехов и ко,Friday,Хлеб,Активный
2025-06-29,"Тартин 0,75",3.0,Чехов и ко,Sunday,Хлеб,Активный
2025-06-01,Morning bun цедра - кардамон,10.0,Чехов и ко,Sunday,Выпечка,Снят
2025-06-03,Morning bun цедра - кардамон,8.0,Чехов и ко,Tuesday,Выпечка,Снят
2025-06-05,Morning bun цедра - кардамон,10.0,Чехов и ко,Thursday,Выпечка,Снят
2025-06-07,Morning bun цедра - кардамон,8.0,Чехов и ко,Saturday,Выпечка,Снят
2025-06-09,Morning bun цедра - кардамон,8.0,Чехов и ко,Monday,Выпечка,Снят
2025-06-11,Morning bun цедра - кардамон,8.0,Чехов и ко,Wednesday,Выпечка,Снят
2025-06-13,Morning bun цедра - кардамон,10.0,Чехов и ко,Friday,Выпечка,Снят
2025-06-15,Morning bun цедра - кардамон,10.0,Чехов и ко,Sunday,Выпечка,Снят
2025-06-19,Morning bun цедра - кардамон,10.0,Чехов и ко,Thursday,Выпечка,Снят
2025-06-21,Morning bun цедра - кардамон,8.0,Чехов и ко,Saturday,Выпечка,Снят
2025-06-23,Morning bun цедра - кардамон,8.0,Чехов и ко,Monday,Выпечка,Снят
2025-06-25,Morning bun цедра - кардамон,8.0,Чехов и ко,Wednesday,Выпечка,Снят
2025-06-27,Morning bun цедра - кардамон,10.0,Чехов и ко,Friday,Выпечка,Снят
2025-06-29,Morning bun цедра - кардамон,5.0,Чехов и ко,Sunday,Выпечка,Снят
2025-06-01,Бейгл 100,6.0,Чехов и ко,Sunday,Булки,Активный
2025-06-03,Бейгл 100,4.0,Чехов и ко,Tuesday,Булки,Активный
2025-06-05,Бейгл 100,6.0,Чехов и ко,Thursday,Булки,Активный
2025-06-07,Бейгл 100,6.0,Чехов и ко,Saturday,Булки,Активный
2025-06-09,Бейгл 100,6.0,Чехов и ко,Monday,Булки,Активный
2025-06-11,Бейгл 100,4.0,Чехов и ко,Wednesday,Булки,Активный
2025-06-13,Бейгл 100,6.0,Чехов и ко,Friday,Булки,Активный
2025-06-15,Бейгл 100,6.0,Чехов и ко,Sunday,Булки,Активный
2025-06-17,Бейгл 100,4.0,Чехов и ко,Tuesday,Булки,Активный
2025-06-19,Бейгл 100,6.0,Чехов и ко,Thursday,Булки,Активный
2025-06-21,Бейгл 100,6.0,Чехов и ко,Saturday,Булки,Активный
2025-06-23,Бейгл 100,6.0,Чехов и ко,Monday,Булки,Активный
2025-06-25,Бейгл 100,4.0,Чехов и ко,Wednesday,Булки,Активный
2025-06-27,Бейгл 100,6.0,Чехов и ко,Friday,Булки,Активный
2025-06-29,Бейгл 100,4.0,Чехов и ко,Sunday,Булки,Активный
2025-06-01,"Тартин 1,5",4.0,Полдень,Sunday,Хлеб,Активный
2025-06-03,"Тартин 1,5",5.0,Полдень,Tuesday,Хлеб,Активный
2025-06-05,"Тартин 1,5",3.0,Полдень,Thursday,Хлеб,Активный
2025-06-06,"Тартин 1,5",3.0,Полдень,Friday,Хлеб,Активный
2025-06-07,"Тартин 1,5",3.0,Полдень,Saturday,Хлеб,Активный
2025-06-08,"Тартин 1,5",14.0,Полдень,Sunday,Хлеб,Активный
2025-06-09,"Тартин 1,5",3.0,Полдень,Monday,Хлеб,Активный
2025-06-11,"Тартин 1,5",4.0,Полдень,Wednesday,Хлеб,Активный
2025-06-12,"Тартин 1,5",3.0,Полдень,Thursday,Хлеб,Активный
2025-06-13,"Тартин 1,5",4.0,Полдень,Friday,Хлеб,Активный
2025-06-14,"Тартин 1,5",4.0,Полдень,Saturday,Хлеб,Активный
2025-06-15,"Тартин 1,5",3.0,Полдень,Sunday,Хлеб,Активный
2025-06-16,"Тартин 1,5",3.0,Полдень,Monday,Хлеб,Активный
2025-06-17,"Тартин 1,5",3.0,Полдень,Tuesday,Хлеб,Активный
2025-06-01,Булка с кардамоном,5.0,Полдень,Sunday,Булки,Активный
2025-06-03,Булка с кардамоном,5.0,Полдень,Tuesday,Булки,Активный
2025-06-05,Булка с кардамоном,5.0,Полдень,Thursday,Булки,Активный
2025-06-06,Булка с кардамоном,3.0,Полдень,Friday,Булки,Активный
2025-06-07,Булка с кардамоном,5.0,Полдень,Saturday,Булки,Активный
2025-06-08,Булка с кардамоном,12.0,Полдень,Sunday,Булки,Активный
2025-06-09,Булка с кардамоном,4.0,Полдень,Monday,Булки,Активный
2025-06-11,Булка с кардамоном,4.0,Полдень,Wednesday,Булки,Активный
2025-06-12,Булка с кардамоном,4.0,Полдень,Thursday,Булки,Активный
2025-06-13,Булка с кардамоном,4.0,Полдень,Friday,Булки,Активный
2025-06-14,Булка с кардамоном,5.0,Полдень,Saturday,Булки,Активный
2025-06-15,Булка с кардамоном,5.0,Полдень,Sunday,Булки,Активный
2025-06-16,Булка с кардамоном,4.0,Полдень,Monday,Булки,Активный
2025-06-17,Булка с кардамоном,4.0,Полдень,Tuesday,Булки,Активный
2025-06-01,Булка с корицей,5.0,Полдень,Sunday,Булки,Активный
2025-06-03,Булка с корицей,5.0,Полдень,Tuesday,Булки,Активный
2025-06-05,Булка с корицей,5.0,Полдень,Thursday,Булки,Активный
2025-06-06,Булка с корицей,3.0,Полдень,Friday,Булки,Активный
2025-06-07,Булка с корицей,5.0,Полдень,Saturday,Булки,Активный
2025-06-08,Булка с корицей,12.0,Полдень,Sunday,Булки,Активный
2025-06-09,Булка с корицей,4.0,Полдень,Monday,Булки,Активный
2025-06-11,Булка с корицей,4.0,Полдень,Wednesday,Булки,Активный
2025-06-12,Булка с корицей,4.0,Полдень,Thursday,Булки,Активный
2025-06-13,Булка с корицей,4.0,Полдень,Friday,Булки,Активный
2025-06-14,Булка с корицей,5.0,Полдень,Saturday,Булки,Активный
2025-06-15,Булка с корицей,5.0,Полдень,Sunday,Булки,Активный
2025-06-16,Булка с корицей,5.0,Полдень,Monday,Булки,Активный
2025-06-17,Булка с корицей,4.0,Полдень,Tuesday,Булки,Активный
2025-06-01,Кекс мак-лимон,1.0,Полдень,Sunday,Выпечка,Снят
2025-06-01,Кекс мак-лимон,1.0,Полдень,Sunday,Выпечка,Снят
2025-06-03,Кекс мак-лимон,1.0,Полдень,Tuesday,Выпечка,Снят
2025-06-03,Кекс мак-лимон,1.0,Полдень,Tuesday,Выпечка,Снят
2025-06-06,Кекс мак-лимон,1.0,Полдень,Friday,Выпечка,Снят
2025-06-06,Кекс мак-лимон,1.0,Полдень,Friday,Выпечка,Снят
2025-06-09,Кекс мак-лимон,1.0,Полдень,Monday,Выпечка,Снят
2025-06-09,Кекс мак-лимон,1.0,Полдень,Monday,Выпечка,Снят
2025-06-12,Кекс мак-лимон,1.0,Полдень,Thursday,Выпечка,Снят
2025-06-12,Кекс мак-лимон,1.0,Полдень,Thursday,Выпечка,Снят
2025-06-14,Кекс мак-лимон,1.0,Полдень,Saturday,Выпечка,Снят
2025-06-14,Кекс мак-лимон,1.0,Полдень,Saturday,Выпечка,Снят
2025-06-17,Кекс мак-лимон,1.0,Полдень,Tuesday,Выпечка,Снят
2025-06-17,Кекс мак-лимон,1.0,Полдень,Tuesday,Выпечка,Снят
2025-06-03,Булка с корицей,3.0,UCLAD SPACE,Tuesday,Булки,Активный
2025-06-07,Булка с корицей,4.0,UCLAD SPACE,Saturday,Булки,Активный
2025-06-09,Булка с корицей,4.0,UCLAD SPACE,Monday,Булки,Активный
2025-06-16,Булка с корицей,4.0,UCLAD SPACE,Monday,Булки,Активный
2025-06-19,Булка с корицей,4.0,UCLAD SPACE,Thursday,Булки,Активный
2025-06-23,Булка с корицей,4.0,UCLAD SPACE,Monday,Булки,Активный
2025-06-29,Булка с корицей,5.0,UCLAD SPACE,Sunday,Булки,Активный
2025-06-03,Булка с тхиной,3.0,UCLAD SPACE,Tuesday,Булки,Активный
2025-06-07,Булка с тхиной,3.0,UCLAD SPACE,Saturday,Булки,Активный
2025-06-09,Булка с тхиной,3.0,UCLAD SPACE,Monday,Булки,Активный
2025-06-16,Булка с тхиной,3.0,UCLAD SPACE,Monday,Булки,Активный
2025-06-19,Булка с тхиной,3.0,UCLAD SPACE,Thursday,Булки,Активный
2025-06-23,Булка с тхиной,3.0,UCLAD SPACE,Monday,Булки,Активный
2025-06-29,Булка с тхиной,3.0,UCLAD SPACE,Sunday,Булки,Активный
2025-06-03,Синнабоны шоколад-пекан-карамель,6.0,UCLAD SPACE,Tuesday,Выпечка,Активный
2025-06-07,Синнабоны шоколад-пекан-карамель,6.0,UCLAD SPACE,Saturday,Выпечка,Активный
2025-06-09,Синнабоны шоколад-пекан-карамель,6.0,UCLAD SPACE,Monday,Выпечка,Активный
2025-06-16,Синнабоны шоколад-пекан-карамель,6.0,UCLAD SPACE,Monday,Выпечка,Активный
2025-06-19,Синнабоны шоколад-пекан-карамель,6.0,UCLAD SPACE,Thursday,Выпечка,Активный
2025-06-23,Синнабоны шоколад-пекан-карамель,6.0,UCLAD SPACE,Monday,Выпечка,Активный
2025-06-29,Синнабоны шоколад-пекан-карамель,6.0,UCLAD SPACE,Sunday,Выпечка,Активный
2025-06-03,Morning bun цедра - кардамон,4.0,UCLAD SPACE,Tuesday,Выпечка,Снят
2025-06-07,Morning bun цедра - кардамон,4.0,UCLAD SPACE,Saturday,Выпечка,Снят
2025-06-16,Morning bun цедра - кардамон,3.0,UCLAD SPACE,Monday,Выпечка,Снят
2025-06-19,Morning bun цедра - кардамон,3.0,UCLAD SPACE,Thursday,Выпечка,Снят
2025-06-23,Morning bun цедра - кардамон,3.0,UCLAD SPACE,Monday,Выпечка,Снят
2025-06-29,Morning bun цедра - кардамон,4.0,UCLAD SPACE,Sunday,Выпечка,Снят
2025-06-01,Аманн,12.0,ЦЕХ_2025,Sunday,Выпечка,Активный
2025-06-02,Аманн,12.0,ЦЕХ_2025,Monday,Выпечка,Активный
2025-06-03,Аманн,12.0,ЦЕХ_2025,Tuesday,Выпечка,Активный
2025-06-04,Аманн,12.0,ЦЕХ_2025,Wednesday,Выпечка,Активный
2025-06-05,Аманн,12.0,ЦЕХ_2025,Thursday,Выпечка,Активный
2025-06-06,Аманн,12.0,ЦЕХ_2025,Friday,Выпечка,Активный
2025-06-07,Аманн,12.0,ЦЕХ_2025,Saturday,Выпечка,Активный
2025-06-08,Аманн,12.0,ЦЕХ_2025,Sunday,Выпечка,Активный
2025-06-09,Аманн,12.0,ЦЕХ_2025,Monday,Выпечка,Активный
2025-06-10,Аманн,12.0,ЦЕХ_2025,Tuesday,Выпечка,Активный
2025-06-11,Аманн,12.0,ЦЕХ_2025,Wednesday,Выпечка,Активный
2025-06-12,Аманн,12.0,ЦЕХ_2025,Thursday,Выпечка,Активный
2025-06-13,Аманн,12.0,ЦЕХ_2025,Friday,Выпечка,Активный
2025-06-14,Аманн,12.0,ЦЕХ_2025,Saturday,Выпечка,Активный
2025-06-15,Аманн,12.0,ЦЕХ_2025,Sunday,Выпечка,Активный
2025-06-17,Аманн,12.0,ЦЕХ_2025,Tuesday,Выпечка,Активный
2025-06-18,Аманн,12.0,ЦЕХ_2025,Wednesday,Выпечка,Активный
2025-06-19,Аманн,12.0,ЦЕХ_2025,Thursday,Выпечка,Активный
2025-06-20,Аманн,12.0,ЦЕХ_2025,Friday,Выпечка,Активный
2025-06-21,Аманн,24.0,ЦЕХ_2025,Saturday,Выпечка,Активный
2025-06-22,Аманн,24.0,ЦЕХ_2025,Sunday,Выпечка,Активный
2025-06-23,Аманн,12.0,ЦЕХ_2025,Monday,Выпечка,Активный
2025-06-24,Аманн,12.0,ЦЕХ_2025,Tuesday,Выпечка,Активный
2025-06-25,Аманн,12.0,ЦЕХ_2025,Wednesday,Выпечка,Активный
2025-06-26,Аманн,12.0,ЦЕХ_2025,Thursday,Выпечка,Активный
2025-06-27,Аманн,12.0,ЦЕХ_2025,Friday,Выпечка,Активный
2025-06-30,Аманн,12.0,ЦЕХ_2025,Monday,Выпечка,Активный
2025-07-01,Аманн,12.0,ЦЕХ_2025,Tuesday,Выпечка,Активный
2025-07-02,Аманн,12.0,ЦЕХ_2025,Wednesday,Выпечка,Активный
2025-07-03,Аманн,12.0,ЦЕХ_2025,Thursday,Выпечка,Активный
2025-07-04,Аманн,12.0,ЦЕХ_2025,Friday,Выпечка,Активный
2025-07-05,Аманн,24.0,ЦЕХ_2025,Saturday,Выпечка,Активный
2025-07-06,Аманн,24.0,ЦЕХ_2025,Sunday,Выпечка,Активный
2025-07-07,Аманн,12.0,ЦЕХ_2025,Monday,Выпечка,Активный
2025-07-08,Аманн,8.0,ЦЕХ_2025,Tuesday,Выпечка,Активный
2025-07-09,Аманн,8.0,ЦЕХ_2025,Wednesday,Выпечка,Активный
2025-07-10,Аманн,12.0,ЦЕХ_2025,Thursday,Выпечка,Активный
2025-07-11,Аманн,12.0,ЦЕХ_2025,Friday,Выпечка,Активный
2025-07-12,Аманн,24.0,ЦЕХ_2025,Saturday,Выпечка,Активный
2025-07-13,Аманн,12.0,ЦЕХ_2025,Sunday,Выпечка,Активный
2025-07-14,Аманн,8.0,ЦЕХ_2025,Monday,Выпечка,Активный
2025-07-15,Аманн,8.0,ЦЕХ_2025,Tuesday,Выпечка,Активный
2025-07-16,Аманн,8.0,ЦЕХ_2025,Wednesday,Выпечка,Активный
2025-07-17,Аманн,12.0,ЦЕХ_2025,Thursday,Выпечка,Активный
2025-07-18,Аманн,12.0,ЦЕХ_2025,Friday,Выпечка,Активный
2025-07-19,Аманн,24.0,ЦЕХ_2025,Saturday,Выпечка,Активный
2025-07-20,Аманн,12.0,ЦЕХ_2025,Sunday,Выпечка,Активный
2025-07-21,Аманн,8.0,ЦЕХ_2025,Monday,Выпечка,Активный
2025-07-22,Аманн,8.0,ЦЕХ_2025,Tuesday,Выпечка,Активный
2025-07-23,Аманн,8.0,ЦЕХ_2025,Wednesday,Выпечка,Активный
2025-07-24,Аманн,8.0,ЦЕХ_2025,Thursday,Выпечка,Активный
2025-07-25,Аманн,12.0,ЦЕХ_2025,Friday,Выпечка,Активный
2025-07-26,Аманн,24.0,ЦЕХ_2025,Saturday,Выпечка,Активный
2025-07-27,Аманн,24.0,ЦЕХ_2025,Sunday,Выпечка,Активный
2025-07-28,Аманн,8.0,ЦЕХ_2025,Monday,Выпечка,Активный
2025-07-29,Аманн,10.0,ЦЕХ_2025,Tuesday,Выпечка,Активный
2025-07-30,Аманн,8.0,ЦЕХ_2025,Wednesday,Выпечка,Активный
2025-07-31,Аманн,8.0,ЦЕХ_2025,Thursday,Выпечка,Активный
2025-08-01,Аманн,12.0,ЦЕХ_2025,Friday,Выпечка,Активный
2025-08-02,Аманн,24.0,ЦЕХ_2025,Saturday,Выпечка,Активный
2025-08-03,Аманн,24.0,ЦЕХ_2025,Sunday,Выпечка,Активный
2025-08-04,Аманн,8.0,ЦЕХ_2025,Monday,Выпечка,Активный
2025-08-05,Аманн,10.0,ЦЕХ_2025,Tuesday,Выпечка,Активный
2025-08-06,Аманн,8.0,ЦЕХ_2025,Wednesday,Выпечка,Активный
2025-08-07,Аманн,8.0,ЦЕХ_2025,Thursday,Выпечка,Активный
2025-08-08,Аманн,12.0,ЦЕХ_2025,Friday,Выпечка,Активный
2025-08-09,Аманн,24.0,ЦЕХ_2025,Saturday,Выпечка,Активный
2025-08-10,Аманн,24.0,ЦЕХ_2025,Sunday,Выпечка,Активный
2025-08-11,Аманн,8.0,ЦЕХ_2025,Monday,Выпечка,Активный
2025-08-12,Аманн,10.0,ЦЕХ_2025,Tuesday,Выпечка,Активный
2025-08-13,Аманн,8.0,ЦЕХ_2025,Wednesday,Выпечка,Активный
2025-08-14,Аманн,8.0,ЦЕХ_2025,Thursday,Выпечка,Активный
2025-08-15,Аманн,12.0,ЦЕХ_2025,Friday,Выпечка,Активный
2025-08-16,Аманн,24.0,ЦЕХ_2025,Saturday,Выпечка,Активный
2025-08-17,Аманн,24.0,ЦЕХ_2025,Sunday,Выпечка,Активный
2025-08-19,Аманн,10.0,ЦЕХ_2025,Tuesday,Выпечка,Активный
2025-08-20,Аманн,8.0,ЦЕХ_2025,Wednesday,Выпечка,Активный
2025-08-21,Аманн,8.0,ЦЕХ_2025,Thursday,Выпечка,Активный
2025-08-22,Аманн,12.0,ЦЕХ_2025,Friday,Выпечка,Активный
2025-08-23,Аманн,24.0,ЦЕХ_2025,Saturday,Выпечка,Активный
2025-08-24,Аманн,24.0,ЦЕХ_2025,Sunday,Выпечка,Активный
2025-08-25,Аманн,8.0,ЦЕХ_2025,Monday,Выпечка,Активный
2025-08-26,Аманн,10.0,ЦЕХ_2025,Tuesday,Выпечка,Активный
2025-08-27,Аманн,8.0,ЦЕХ_2025,Wednesday,Выпечка,Активный
2025-08-28,Аманн,8.0,ЦЕХ_2025,Thursday,Выпечка,Активный
2025-08-29,Аманн,12.0,ЦЕХ_2025,Friday,Выпечка,Активный
2025-08-30,Аманн,24.0,ЦЕХ_2025,Saturday,Выпечка,Активный
2025-08-31,Аманн,24.0,ЦЕХ_2025,Sunday,Выпечка,Активный
2025-07-07,Бабка Кардамон,1.0,ЦЕХ_2025,Monday,Выпечка,Снят
2025-07-08,Бабка Кардамон,1.0,ЦЕХ_2025,Tuesday,Выпечка,Снят
2025-07-09,Бабка Кардамон,1.0,ЦЕХ_2025,Wednesday,Выпечка,Снят
2025-07-10,Бабка Кардамон,1.0,ЦЕХ_2025,Thursday,Выпечка,Снят
2025-07-14,Бабка Кардамон,1.0,ЦЕХ_2025,Monday,Выпечка,Снят
2025-07-15,Бабка Кардамон,1.0,ЦЕХ_2025,Tuesday,Выпечка,Снят
2025-07-16,Бабка Кардамон,1.0,ЦЕХ_2025,Wednesday,Выпечка,Снят
2025-07-17,Бабка Кардамон,1.0,ЦЕХ_2025,Thursday,Выпечка,Снят
2025-07-21,Бабка Кардамон,1.0,ЦЕХ_2025,Monday,Выпечка,Снят
2025-07-22,Бабка Кардамон,1.0,ЦЕХ_2025,Tuesday,Выпечка,Снят
2025-07-23,Бабка Кардамон,1.0,ЦЕХ_2025,Wednesday,Выпечка,Снят
2025-07-24,Бабка Кардамон,1.0,ЦЕХ_2025,Thursday,Выпечка,Снят
2025-07-25,Бабка Кардамон,1.0,ЦЕХ_2025,Friday,Выпечка,Снят
2025-07-26,Бабка Кардамон,1.0,ЦЕХ_2025,Saturday,Выпечка,Снят
2025-07-27,Бабка Кардамон,1.0,ЦЕХ_2025,Sunday,Выпечка,Снят
2025-07-28,Бабка Кардамон,1.0,ЦЕХ_2025,Monday,Выпечка,Снят
2025-07-29,Бабка Кардамон,1.0,ЦЕХ_2025,Tuesday,Выпечка,Снят
2025-07-30,Бабка Кардамон,1.0,ЦЕХ_2025,Wednesday,Выпечка,Снят
2025-07-31,Бабка Кардамон,1.0,ЦЕХ_2025,Thursday,Выпечка,Снят
2025-08-01,Бабка Кардамон,1.0,ЦЕХ_2025,Friday,Выпечка,Снят
2025-08-02,Бабка Кардамон,1.0,ЦЕХ_2025,Saturday,Выпечка,Снят
2025-08-03,Бабка Кардамон,1.0,ЦЕХ_2025,Sunday,Выпечка,Снят
2025-08-04,Бабка Кардамон,1.0,ЦЕХ_2025,Monday,Выпечка,Снят
2025-08-05,Бабка Кардамон,1.0,ЦЕХ_2025,Tuesday,Выпечка,Снят
2025-08-06,Бабка Кардамон,1.0,ЦЕХ_2025,Wednesday,Выпечка,Снят
2025-08-07,Бабка Кардамон,1.0,ЦЕХ_2025,Thursday,Выпечка,Снят
2025-08-08,Бабка Кардамон,1.0,ЦЕХ_2025,Friday,Выпечка,Снят
2025-08-09,Бабка Кардамон,1.0,ЦЕХ_2025,Saturday,Выпечка,Снят
2025-08-10,Бабка Кардамон,1.0,ЦЕХ_2025,Sunday,Выпечка,Снят
2025-08-11,Бабка Кардамон,1.0,ЦЕХ_2025,Monday,Выпечка,Снят
2025-08-12,Бабка Кардамон,1.0,ЦЕХ_2025,Tuesday,Выпечка,Снят
2025-08-13,Бабка Кардамон,1.0,ЦЕХ_2025,Wednesday,Выпечка,Снят
2025-08-14,Бабка Кардамон,1.0,ЦЕХ_2025,Thursday,Выпечка,Снят
2025-08-15,Бабка Кардамон,1.0,ЦЕХ_2025,Friday,Выпечка,Снят
2025-08-16,Бабка Кардамон,1.0,ЦЕХ_2025,Saturday,Выпечка,Снят
2025-08-17,Бабка Кардамон,1.0,ЦЕХ_2025,Sunday,Выпечка,Снят
2025-08-19,Бабка Кардамон,1.0,ЦЕХ_2025,Tuesday,Выпечка,Снят
2025-08-20,Бабка Кардамон,1.0,ЦЕХ_2025,Wednesday,Выпечка,Снят
2025-08-21,Бабка Кардамон,1.0,ЦЕХ_2025,Thursday,Выпечка,Снят
2025-08-22,Бабка Кардамон,1.0,ЦЕХ_2025,Friday,Выпечка,Снят
2025-08-23,Бабка Кардамон,1.0,ЦЕХ_2025,Saturday,Выпечка,Снят
2025-08-24,Бабка Кардамон,1.0,ЦЕХ_2025,Sunday,Выпечка,Снят
2025-08-25,Бабка Кардамон,1.0,ЦЕХ_2025,Monday,Выпечка,Снят
2025-08-26,Бабка Кардамон,1.0,ЦЕХ_2025,Tuesday,Выпечка,Снят
2025-08-27,Бабка Кардамон,1.0,ЦЕХ_2025,Wednesday,Выпечка,Снят
2025-08-28,Бабка Кардамон,1.0,ЦЕХ_2025,Thursday,Выпечка,Снят
2025-08-29,Бабка Кардамон,1.0,ЦЕХ_2025,Friday,Выпечка,Снят
2025-08-30,Бабка Кардамон,1.0,ЦЕХ_2025,Saturday,Выпечка,Снят
2025-08-31,Бабка Кардамон,1.0,ЦЕХ_2025,Sunday,Выпечка,Снят
2025-06-01,Бабка корица и карамель,3.0,ЦЕХ_2025,Sunday,Выпечка,Активный
2025-06-03,Бабка корица и карамель,1.0,ЦЕХ_2025,Tuesday,Выпечка,Активный
2025-06-04,Бабка корица и карамель,1.0,ЦЕХ_2025,Wednesday,Выпечка,Активный
2025-06-05,Бабка корица и карамель,1.0,ЦЕХ_2025,Thursday,Выпечка,Активный
2025-06-06,Бабка корица и карамель,1.0,ЦЕХ_2025,Friday,Выпечка,Активный
2025-06-07,Бабка корица и карамель,3.0,ЦЕХ_2025,Saturday,Выпечка,Активный
2025-06-08,Бабка корица и карамель,3.0,ЦЕХ_2025,Sunday,Выпечка,Активный
2025-06-10,Бабка корица и карамель,1.0,ЦЕХ_2025,Tuesday,Выпечка,Активный
2025-06-11,Бабка корица и карамель,1.0,ЦЕХ_2025,Wednesday,Выпечка,Активный
2025-06-12,Бабка корица и карамель,1.0,ЦЕХ_2025,Thursday,Выпечка,Активный
2025-06-13,Бабка корица и карамель,1.0,ЦЕХ_2025,Friday,Выпечка,Активный
2025-06-14,Бабка корица и карамель,3.0,ЦЕХ_2025,Saturday,Выпечка,Активный
2025-06-15,Бабка корица и карамель,3.0,ЦЕХ_2025,Sunday,Выпечка,Активный
2025-06-17,Бабка корица и карамель,1.0,ЦЕХ_2025,Tuesday,Выпечка,Активный
2025-06-18,Бабка корица и карамель,1.0,ЦЕХ_2025,Wednesday,Выпечка,Активный
2025-06-19,Бабка корица и карамель,1.0,ЦЕХ_2025,Thursday,Выпечка,Активный
2025-06-20,Бабка корица и карамель,1.0,ЦЕХ_2025,Friday,Выпечка,Активный
2025-06-21,Бабка корица и карамель,3.0,ЦЕХ_2025,Saturday,Выпечка,Активный
2025-06-22,Бабка корица и карамель,3.0,ЦЕХ_2025,Sunday,Выпечка,Активный
2025-06-24,Бабка корица и карамель,1.0,ЦЕХ_2025,Tuesday,Выпечка,Активный
2025-06-25,Бабка корица и карамель,1.0,ЦЕХ_2025,Wednesday,Выпечка,Активный
2025-06-26,Бабка корица и карамель,1.0,ЦЕХ_2025,Thursday,Выпечка,Активный
2025-06-27,Бабка корица и карамель,1.0,ЦЕХ_2025,Friday,Выпечка,Активный
2025-07-01,Бабка корица и карамель,1.0,ЦЕХ_2025,Tuesday,Выпечка,Активный
2025-07-02,Бабка корица и карамель,1.0,ЦЕХ_2025,Wednesday,Выпечка,Активный
2025-07-03,Бабка корица и карамель,1.0,ЦЕХ_2025,Thursday,Выпечка,Активный
2025-07-04,Бабка корица и карамель,1.0,ЦЕХ_2025,Friday,Выпечка,Активный
2025-07-07,Бабка корица и карамель,1.0,ЦЕХ_2025,Monday,Выпечка,Активный
2025-07-08,Бабка корица и карамель,1.0,ЦЕХ_2025,Tuesday,Выпечка,Активный
2025-07-09,Бабка корица и карамель,1.0,ЦЕХ_2025,Wednesday,Выпечка,Активный
2025-07-10,Бабка корица и карамель,1.0,ЦЕХ_2025,Thursday,Выпечка,Активный
2025-07-11,Бабка корица и карамель,2.0,ЦЕХ_2025,Friday,Выпечка,Активный
2025-07-12,Бабка корица и карамель,3.0,ЦЕХ_2025,Saturday,Выпечка,Активный
2025-07-13,Бабка корица и карамель,3.0,ЦЕХ_2025,Sunday,Выпечка,Активный
2025-07-14,Бабка корица и карамель,1.0,ЦЕХ_2025,Monday,Выпечка,Активный
2025-07-15,Бабка корица и карамель,1.0,ЦЕХ_2025,Tuesday,Выпечка,Активный
2025-07-16,Бабка корица и карамель,1.0,ЦЕХ_2025,Wednesday,Выпечка,Активный
2025-07-17,Бабка корица и карамель,1.0,ЦЕХ_2025,Thursday,Выпечка,Активный
2025-07-18,Бабка корица и карамель,2.0,ЦЕХ_2025,Friday,Выпечка,Активный
2025-07-19,Бабка корица и карамель,3.0,ЦЕХ_2025,Saturday,Выпечка,Активный
2025-07-20,Бабка корица и карамель,3.0,ЦЕХ_2025,Sunday,Выпечка,Активный
2025-07-21,Бабка корица и карамель,1.0,ЦЕХ_2025,Monday,Выпечка,Активный
2025-07-22,Бабка корица и карамель,1.0,ЦЕХ_2025,Tuesday,Выпечка,Активный
2025-07-23,Бабка корица и карамель,1.0,ЦЕХ_2025,Wednesday,Выпечка,Активный
2025-07-24,Бабка корица и карамель,1.0,ЦЕХ_2025,Thursday,Выпечка,Активный
2025-07-25,Бабка корица и карамель,2.0,ЦЕХ_2025,Friday,Выпечка,Активный
2025-07-26,Бабка корица и карамель,3.0,ЦЕХ_2025,Saturday,Выпечка,Активный
2025-07-27,Бабка корица и карамель,2.0,ЦЕХ_2025,Sunday,Выпечка,Активный
2025-07-28,Бабка корица и карамель,1.0,ЦЕХ_2025,Monday,Выпечка,Активный
2025-07-29,Бабка корица и карамель,1.0,ЦЕХ_2025,Tuesday,Выпечка,Активный
2025-07-30,Бабка корица и карамель,1.0,ЦЕХ_2025,Wednesday,Выпечка,Активный
2025-07-31,Бабка корица и карамель,1.0,ЦЕХ_2025,Thursday,Выпечка,Активный
2025-08-01,Бабка корица и карамель,2.0,ЦЕХ_2025,Friday,Выпечка,Активный
2025-08-02,Бабка корица и карамель,3.0,ЦЕХ_2025,Saturday,Выпечка,Активный
2025-08-03,Бабка корица и карамель,2.0,ЦЕХ_2025,Sunday,Выпечка,Активный
2025-08-04,Бабка корица и карамель,1.0,ЦЕХ_2025,Monday,Выпечка,Активный
2025-08-05,Бабка корица и карамель,1.0,ЦЕХ_2025,Tuesday,Выпечка,Активный
2025-08-06,Бабка корица и карамель,1.0,ЦЕХ_2025,Wednesday,Выпечка,Активный
2025-08-07,Бабка корица и карамель,1.0,ЦЕХ_2025,Thursday,Выпечка,Активный
2025-08-08,Бабка корица и карамель,2.0,ЦЕХ_2025,Friday,Выпечка,Активный
2025-08-09,Бабка корица и карамель,3.0,ЦЕХ_2025,Saturday,Выпечка,Активный
2025-08-10,Бабка корица и карамель,2.0,ЦЕХ_2025,Sunday,Выпечка,Активный
2025-08-11,Бабка корица и карамель,1.0,ЦЕХ_2025,Monday,Выпечка,Активный
2025-08-12,Бабка корица и карамель,1.0,ЦЕХ_2025,Tuesday,Выпечка,Активный
2025-08-13,Бабка корица и карамель,1.0,ЦЕХ_2025,Wednesday,Выпечка,Активный
2025-08-14,Бабка корица и карамель,1.0,ЦЕХ_2025,Thursday,Выпечка,Активный
2025-08-15,Бабка корица и карамель,2.0,ЦЕХ_2025,Friday,Выпечка,Активный
2025-08-16,Бабка корица и карамель,3.0,ЦЕХ_2025,Saturday,Выпечка,Активный
2025-08-17,Бабка корица и карамель,2.0,ЦЕХ_2025,Sunday,Выпечка,Активный
2025-08-19,Бабка корица и карамель,1.0,ЦЕХ_2025,Tuesday,Выпечка,Активный
2025-08-20,Бабка корица и карамель,1.0,ЦЕХ_2025,Wednesday,Выпечка,Активный
2025-08-21,Бабка корица и карамель,1.0,ЦЕХ_2025,Thursday,Выпечка,Активный
2025-08-22,Бабка корица и карамель,2.0,ЦЕХ_2025,Friday,Выпечка,Активный
2025-08-23,Бабка корица и карамель,3.0,ЦЕХ_2025,Saturday,Выпечка,Активный
2025-08-24,Бабка корица и карамель,2.0,ЦЕХ_2025,Sunday,Выпечка,Активный
2025-08-25,Бабка корица и карамель,1.0,ЦЕХ_2025,Monday,Выпечка,Активный
2025-08-26,Бабка корица и карамель,1.0,ЦЕХ_2025,Tuesday,Выпечка,Активный
2025-08-27,Бабка корица и карамель,1.0,ЦЕХ_2025,Wednesday,Выпечка,Активный
2025-08-28,Бабка корица и карамель,1.0,ЦЕХ_2025,Thursday,Выпечка,Активный
2025-08-29,Бабка корица и карамель,2.0,ЦЕХ_2025,Friday,Выпечка,Активный
2025-08-30,Бабка корица и карамель,3.0,ЦЕХ_2025,Saturday,Выпечка,Активный
2025-08-31,Бабка корица и карамель,2.0,ЦЕХ_2025,Sunday,Выпечка,Активный
2025-06-01,Багет,12.0,ЦЕХ_2025,Sunday,Хлеб,Активный
2025-06-03,Багет,6.0,ЦЕХ_2025,Tuesday,Хлеб,Активный
2025-06-04,Багет,6.0,ЦЕХ_2025,Wednesday,Хлеб,Активный
2025-06-05,Багет,6.0,ЦЕХ_2025,Thursday,Хлеб,Активный
2025-06-06,Багет,10.0,ЦЕХ_2025,Friday,Хлеб,Активный
2025-06-07,Багет,12.0,ЦЕХ_2025,Saturday,Хлеб,Активный
2025-06-08,Багет,12.0,ЦЕХ_2025,Sunday,Хлеб,Активный
2025-06-10,Багет,6.0,ЦЕХ_2025,Tuesday,Хлеб,Активный
2025-06-11,Багет,6.0,ЦЕХ_2025,Wednesday,Хлеб,Активный
2025-06-12,Багет,6.0,ЦЕХ_2025,Thursday,Хлеб,Активный
2025-06-13,Багет,10.0,ЦЕХ_2025,Friday,Хлеб,Активный
2025-06-14,Багет,12.0,ЦЕХ_2025,Saturday,Хлеб,Активный
2025-06-15,Багет,12.0,ЦЕХ_2025,Sunday,Хлеб,Активный
2025-06-17,Багет,6.0,ЦЕХ_2025,Tuesday,Хлеб,Активный
2025-06-18,Багет,6.0,ЦЕХ_2025,Wednesday,Хлеб,Активный
2025-06-19,Багет,6.0,ЦЕХ_2025,Thursday,Хлеб,Активный
2025-06-20,Багет,10.0,ЦЕХ_2025,Friday,Хлеб,Активный
2025-06-21,Багет,12.0,ЦЕХ_2025,Saturday,Хлеб,Активный
2025-06-22,Багет,12.0,ЦЕХ_2025,Sunday,Хлеб,Активный
2025-06-24,Багет,6.0,ЦЕХ_2025,Tuesday,Хлеб,Активный
2025-06-25,Багет,6.0,ЦЕХ_2025,Wednesday,Хлеб,Активный
2025-06-26,Багет,6.0,ЦЕХ_2025,Thursday,Хлеб,Активный
2025-06-27,Багет,10.0,ЦЕХ_2025,Friday,Хлеб,Активный
2025-07-01,Багет,6.0,ЦЕХ_2025,Tuesday,Хлеб,Активный
2025-07-02,Багет,6.0,ЦЕХ_2025,Wednesday,Хлеб,Активный
2025-07-03,Багет,6.0,ЦЕХ_2025,Thursday,Хлеб,Активный
2025-07-04,Багет,6.0,ЦЕХ_2025,Friday,Хлеб,Активный
2025-07-05,Багет,10.0,ЦЕХ_2025,Saturday,Хлеб,Активный
2025-07-06,Багет,10.0,ЦЕХ_2025,Sunday,Хлеб,Активный
2025-07-08,Багет,6.0,ЦЕХ_2025,Tuesday,Хлеб,Активный
2025-07-09,Багет,6.0,ЦЕХ_2025,Wednesday,Хлеб,Активный
2025-07-10,Багет,6.0,ЦЕХ_2025,Thursday,Хлеб,Активный
2025-07-11,Багет,6.0,ЦЕХ_2025,Friday,Хлеб,Активный
2025-07-12,Багет,12.0,ЦЕХ_2025,Saturday,Хлеб,Активный
2025-07-13,Багет,12.0,ЦЕХ_2025,Sunday,Хлеб,Активный
2025-07-15,Багет,6.0,ЦЕХ_2025,Tuesday,Хлеб,Активный
2025-07-16,Багет,6.0,ЦЕХ_2025,Wednesday,Хлеб,Активный
2025-07-17,Багет,6.0,ЦЕХ_2025,Thursday,Хлеб,Активный
2025-07-18,Багет,6.0,ЦЕХ_2025,Friday,Хлеб,Активный
2025-07-19,Багет,12.0,ЦЕХ_2025,Saturday,Хлеб,Активный
2025-07-20,Багет,12.0,ЦЕХ_2025,Sunday,Хлеб,Активный
2025-07-22,Багет,6.0,ЦЕХ_2025,Tuesday,Хлеб,Активный
2025-07-23,Багет,6.0,ЦЕХ_2025,Wednesday,Хлеб,Активный
2025-07-24,Багет,6.0,ЦЕХ_2025,Thursday,Хлеб,Активный
2025-07-25,Багет,6.0,ЦЕХ_2025,Friday,Хлеб,Активный
2025-07-26,Багет,12.0,ЦЕХ_2025,Saturday,Хлеб,Активный
2025-07-27,Багет,12.0,ЦЕХ_2025,Sunday,Хлеб,Активный
2025-07-29,Багет,6.0,ЦЕХ_2025,Tuesday,Хлеб,Активный
2025-07-30,Багет,6.0,ЦЕХ_2025,Wednesday,Хлеб,Активный
2025-07-31,Багет,6.0,ЦЕХ_2025,Thursday,Хлеб,Активный
2025-08-01,Багет,6.0,ЦЕХ_2025,Friday,Хлеб,Активный
2025-08-02,Багет,12.0,ЦЕХ_2025,Saturday,Хлеб,Активный
2025-08-03,Багет,12.0,ЦЕХ_2025,Sunday,Хлеб,Активный
2025-08-05,Багет,6.0,ЦЕХ_2025,Tuesday,Хлеб,Активный
2025-08-06,Багет,6.0,ЦЕХ_2025,Wednesday,Хлеб,Активный
2025-08-07,Багет,6.0,ЦЕХ_2025,Thursday,Хлеб,Активный
2025-08-08,Багет,6.0,ЦЕХ_2025,Friday,Хлеб,Активный
2025-08-09,Багет,12.0,ЦЕХ_2025,Saturday,Хлеб,Активный
2025-08-10,Багет,12.0,ЦЕХ_2025,Sunday,Хлеб,Активный
2025-08-12,Багет,6.0,ЦЕХ_2025,Tuesday,Хлеб,Активный
2025-08-13,Багет,6.0,ЦЕХ_2025,Wednesday,Хлеб,Активный
2025-08-14,Багет,6.0,ЦЕХ_2025,Thursday,Хлеб,Активный
2025-08-15,Багет,6.0,ЦЕХ_2025,Friday,Хлеб,Активный
2025-08-16,Багет,12.0,ЦЕХ_2025,Saturday,Хлеб,Активный
2025-08-17,Багет,12.0,ЦЕХ_2025,Sunday,Хлеб,Активный
2025-08-19,Багет,6.0,ЦЕХ_2025,Tuesday,Хлеб,Активный
2025-08-20,Багет,6.0,ЦЕХ_2025,Wednesday,Хлеб,Активный
2025-08-21,Багет,20.0,ЦЕХ_2025,Thursday,Хлеб,Активный
2025-08-22,Багет,6.0,ЦЕХ_2025,Friday,Хлеб,Активный
2025-08-23,Багет,12.0,ЦЕХ_2025,Saturday,Хлеб,Активный
2025-08-24,Багет,12.0,ЦЕХ_2025,Sunday,Хлеб,Активный
2025-08-26,Багет,6.0,ЦЕХ_2025,Tuesday,Хлеб,Активный
2025-08-27,Багет,6.0,ЦЕХ_2025,Wednesday,Хлеб,Активный
2025-08-28,Багет,6.0,ЦЕХ_2025,Thursday,Хлеб,Активный
2025-08-29,Багет,6.0,ЦЕХ_2025,Friday,Хлеб,Активный
2025-08-30,Багет,12.0,ЦЕХ_2025,Saturday,Хлеб,Активный
2025-08-31,Багет,12.0,ЦЕХ_2025,Sunday,Хлеб,Активный
2025-06-01,Бейгл 100,30.0,ЦЕХ_2025,Sunday,Булки,Активный
2025-06-02,Бейгл 100,12.0,ЦЕХ_2025,Monday,Булки,Активный
2025-06-03,Бейгл 100,20.0,ЦЕХ_2025,Tuesday,Булки,Активный
2025-06-04,Бейгл 100,20.0,ЦЕХ_2025,Wednesday,Булки,Активный
2025-06-05,Бейгл 100,20.0,ЦЕХ_2025,Thursday,Булки,Активный
2025-06-06,Бейгл 100,30.0,ЦЕХ_2025,Friday,Булки,Активный
2025-06-07,Бейгл 100,45.0,ЦЕХ_2025,Saturday,Булки,Активный
2025-06-08,Бейгл 100,35.0,ЦЕХ_2025,Sunday,Булки,Активный
2025-06-09,Бейгл 100,12.0,ЦЕХ_2025,Monday,Булки,Активный
2025-06-10,Бейгл 100,18.0,ЦЕХ_2025,Tuesday,Булки,Активный
2025-06-11,Бейгл 100,18.0,ЦЕХ_2025,Wednesday,Булки,Активный
2025-06-12,Бейгл 100,20.0,ЦЕХ_2025,Thursday,Булки,Активный
2025-06-13,Бейгл 100,25.0,ЦЕХ_2025,Friday,Булки,Активный
2025-06-14,Бейгл 100,35.0,ЦЕХ_2025,Saturday,Булки,Активный
2025-06-15,Бейгл 100,35.0,ЦЕХ_2025,Sunday,Булки,Активный
2025-06-16,Бейгл 100,12.0,ЦЕХ_2025,Monday,Булки,Активный
2025-06-17,Бейгл 100,18.0,ЦЕХ_2025,Tuesday,Булки,Активный
2025-06-18,Бейгл 100,18.0,ЦЕХ_2025,Wednesday,Булки,Активный
2025-06-19,Бейгл 100,20.0,ЦЕХ_2025,Thursday,Булки,Активный
2025-06-20,Бейгл 100,35.0,ЦЕХ_2025,Friday,Булки,Активный
2025-06-21,Бейгл 100,45.0,ЦЕХ_2025,Saturday,Булки,Активный
2025-06-22,Бейгл 100,45.0,ЦЕХ_2025,Sunday,Булки,Активный
2025-06-23,Бейгл 100,12.0,ЦЕХ_2025,Monday,Булки,Активный
2025-06-24,Бейгл 100,18.0,ЦЕХ_2025,Tuesday,Булки,Активный
2025-06-25,Бейгл 100,18.0,ЦЕХ_2025,Wednesday,Булки,Активный
2025-06-26,Бейгл 100,20.0,ЦЕХ_2025,Thursday,Булки,Активный
2025-06-27,Бейгл 100,35.0,ЦЕХ_2025,Friday,Булки,Активный
2025-06-28,Бейгл 100,70.0,ЦЕХ_2025,Saturday,Булки,Активный
2025-06-29,Бейгл 100,70.0,ЦЕХ_2025,Sunday,Булки,Активный
2025-06-30,Бейгл 100,12.0,ЦЕХ_2025,Monday,Булки,Активный
2025-07-01,Бейгл 100,18.0,ЦЕХ_2025,Tuesday,Булки,Активный
2025-07-02,Бейгл 100,18.0,ЦЕХ_2025,Wednesday,Булки,Активный
2025-07-03,Бейгл 100,20.0,ЦЕХ_2025,Thursday,Булки,Активный
2025-07-04,Бейгл 100,25.0,ЦЕХ_2025,Friday,Булки,Активный
2025-07-05,Бейгл 100,45.0,ЦЕХ_2025,Saturday,Булки,Активный
2025-07-06,Бейгл 100,45.0,ЦЕХ_2025,Sunday,Булки,Активный
2025-07-07,Бейгл 100,22.0,ЦЕХ_2025,Monday,Булки,Активный
2025-07-08,Бейгл 100,22.0,ЦЕХ_2025,Tuesday,Булки,Активный
2025-07-09,Бейгл 100,22.0,ЦЕХ_2025,Wednesday,Булки,Активный
2025-07-10,Бейгл 100,22.0,ЦЕХ_2025,Thursday,Булки,Активный
2025-07-11,Бейгл 100,25.0,ЦЕХ_2025,Friday,Булки,Активный
2025-07-12,Бейгл 100,50.0,ЦЕХ_2025,Saturday,Булки,Активный
2025-07-13,Бейгл 100,50.0,ЦЕХ_2025,Sunday,Булки,Активный
2025-07-14,Бейгл 100,22.0,ЦЕХ_2025,Monday,Булки,Активный
2025-07-15,Бейгл 100,20.0,ЦЕХ_2025,Tuesday,Булки,Активный
2025-07-16,Бейгл 100,22.0,ЦЕХ_2025,Wednesday,Булки,Активный
2025-07-17,Бейгл 100,22.0,ЦЕХ_2025,Thursday,Булки,Активный
2025-07-18,Бейгл 100,25.0,ЦЕХ_2025,Friday,Булки,Активный
2025-07-19,Бейгл 100,40.0,ЦЕХ_2025,Saturday,Булки,Активный
2025-07-20,Бейгл 100,40.0,ЦЕХ_2025,Sunday,Булки,Активный
2025-07-21,Бейгл 100,20.0,ЦЕХ_2025,Monday,Булки,Активный
2025-07-22,Бейгл 100,20.0,ЦЕХ_2025,Tuesday,Булки,Активный
2025-07-23,Бейгл 100,20.0,ЦЕХ_2025,Wednesday,Булки,Активный
2025-07-24,Бейгл 100,22.0,ЦЕХ_2025,Thursday,Булки,Активный
2025-07-25,Бейгл 100,25.0,ЦЕХ_2025,Friday,Булки,Активный
2025-07-26,Бейгл 100,35.0,ЦЕХ_2025,Saturday,Булки,Активный
2025-07-27,Бейгл 100,40.0,ЦЕХ_2025,Sunday,Булки,Активный
2025-07-28,Бейгл 100,22.0,ЦЕХ_2025,Monday,Булки,Активный
2025-07-29,Бейгл 100,22.0,ЦЕХ_2025,Tuesday,Булки,Активный
2025-07-30,Бейгл 100,20.0,ЦЕХ_2025,Wednesday,Булки,Активный
2025-07-31,Бейгл 100,20.0,ЦЕХ_2025,Thursday,Булки,Активный
2025-08-01,Бейгл 100,25.0,ЦЕХ_2025,Friday,Булки,Активный
2025-08-02,Бейгл 100,35.0,ЦЕХ_2025,Saturday,Булки,Активный
2025-08-03,Бейгл 100,40.0,ЦЕХ_2025,Sunday,Булки,Активный
2025-08-04,Бейгл 100,20.0,ЦЕХ_2025,Monday,Булки,Активный
2025-08-05,Бейгл 100,22.0,ЦЕХ_2025,Tuesday,Булки,Активный
2025-08-06,Бейгл 100,20.0,ЦЕХ_2025,Wednesday,Булки,Активный
2025-08-07,Бейгл 100,20.0,ЦЕХ_2025,Thursday,Булки,Активный
2025-08-08,Бейгл 100,25.0,ЦЕХ_2025,Friday,Булки,Активный
2025-08-09,Бейгл 100,35.0,ЦЕХ_2025,Saturday,Булки,Активный
2025-08-10,Бейгл 100,40.0,ЦЕХ_2025,Sunday,Булки,Активный
2025-08-11,Бейгл 100,20.0,ЦЕХ_2025,Monday,Булки,Активный
2025-08-12,Бейгл 100,22.0,ЦЕХ_2025,Tuesday,Булки,Активный
2025-08-13,Бейгл 100,20.0,ЦЕХ_2025,Wednesday,Булки,Активный
2025-08-14,Бейгл 100,20.0,ЦЕХ_2025,Thursday,Булки,Активный
2025-08-15,Бейгл 100,25.0,ЦЕХ_2025,Friday,Булки,Активный
2025-08-16,Бейгл 100,35.0,ЦЕХ_2025,Saturday,Булки,Активный
2025-08-17,Бейгл 100,40.0,ЦЕХ_2025,Sunday,Булки,Активный
2025-08-19,Бейгл 100,22.0,ЦЕХ_2025,Tuesday,Булки,Активный
2025-08-20,Бейгл 100,20.0,ЦЕХ_2025,Wednesday,Булки,Активный
2025-08-21,Бейгл 100,20.0,ЦЕХ_2025,Thursday,Булки,Активный
2025-08-22,Бейгл 100,25.0,ЦЕХ_2025,Friday,Булки,Активный
2025-08-23,Бейгл 100,45.0,ЦЕХ_2025,Saturday,Булки,Активный
2025-08-24,Бейгл 100,40.0,ЦЕХ_2025,Sunday,Булки,Активный
2025-08-25,Бейгл 100,20.0,ЦЕХ_2025,Monday,Булки,Активный
2025-08-26,Бейгл 100,22.0,ЦЕХ_2025,Tuesday,Булки,Активный
2025-08-27,Бейгл 100,20.0,ЦЕХ_2025,Wednesday,Булки,Активный
2025-08-28,Бейгл 100,20.0,ЦЕХ_2025,Thursday,Булки,Активный
2025-08-29,Бейгл 100,25.0,ЦЕХ_2025,Friday,Булки,Активный
2025-08-30,Бейгл 100,35.0,ЦЕХ_2025,Saturday,Булки,Активный
2025-08-31,Бейгл 100,35.0,ЦЕХ_2025,Sunday,Булки,Активный
2025-06-01,Булка с маком,18.0,ЦЕХ_2025,Sunday,Булки,Активный
2025-06-02,Булка с маком,6.0,ЦЕХ_2025,Monday,Булки,Активный
2025-06-03,Булка с маком,10.0,ЦЕХ_2025,Tuesday,Булки,Активный
2025-06-04,Булка с маком,10.0,ЦЕХ_2025,Wednesday,Булки,Активный
2025-06-05,Булка с маком,16.0,ЦЕХ_2025,Thursday,Булки,Активный
2025-06-06,Булка с маком,20.0,ЦЕХ_2025,Friday,Булки,Активный
2025-06-07,Булка с маком,25.0,ЦЕХ_2025,Saturday,Булки,Активный
2025-06-08,Булка с маком,25.0,ЦЕХ_2025,Sunday,Булки,Активный
2025-06-09,Булка с маком,6.0,ЦЕХ_2025,Monday,Булки,Активный
2025-06-10,Булка с маком,10.0,ЦЕХ_2025,Tuesday,Булки,Активный
2025-06-11,Булка с маком,10.0,ЦЕХ_2025,Wednesday,Булки,Активный
2025-06-12,Булка с маком,16.0,ЦЕХ_2025,Thursday,Булки,Активный
2025-06-13,Булка с маком,120.0,ЦЕХ_2025,Friday,Булки,Активный
2025-06-14,Булка с маком,100.0,ЦЕХ_2025,Saturday,Булки,Активный
2025-06-15,Булка с маком,25.0,ЦЕХ_2025,Sunday,Булки,Активный
2025-06-16,Булка с маком,8.0,ЦЕХ_2025,Monday,Булки,Активный
2025-06-17,Булка с маком,10.0,ЦЕХ_2025,Tuesday,Булки,Активный
2025-06-18,Булка с маком,10.0,ЦЕХ_2025,Wednesday,Булки,Активный
2025-06-19,Булка с маком,20.0,ЦЕХ_2025,Thursday,Булки,Активный
2025-06-20,Булка с маком,25.0,ЦЕХ_2025,Friday,Булки,Активный
2025-06-21,Булка с маком,30.0,ЦЕХ_2025,Saturday,Булки,Активный
2025-06-22,Булка с маком,30.0,ЦЕХ_2025,Sunday,Булки,Активный
2025-06-23,Булка с маком,6.0,ЦЕХ_2025,Monday,Булки,Активный
2025-06-24,Булка с маком,10.0,ЦЕХ_2025,Tuesday,Булки,Активный
2025-06-25,Булка с маком,10.0,ЦЕХ_2025,Wednesday,Булки,Активный
2025-06-26,Булка с маком,20.0,ЦЕХ_2025,Thursday,Булки,Активный
2025-06-27,Булка с маком,25.0,ЦЕХ_2025,Friday,Булки,Активный
2025-06-28,Булка с маком,40.0,ЦЕХ_2025,Saturday,Булки,Активный
2025-06-29,Булка с маком,40.0,ЦЕХ_2025,Sunday,Булки,Активный
2025-06-30,Булка с маком,6.0,ЦЕХ_2025,Monday,Булки,Активный
2025-07-01,Булка с маком,10.0,ЦЕХ_2025,Tuesday,Булки,Активный
2025-07-02,Булка с маком,10.0,ЦЕХ_2025,Wednesday,Булки,Активный
2025-07-03,Булка с маком,18.0,ЦЕХ_2025,Thursday,Булки,Активный
2025-07-04,Булка с маком,25.0,ЦЕХ_2025,Friday,Булки,Активный
2025-07-05,Булка с маком,30.0,ЦЕХ_2025,Saturday,Булки,Активный
2025-07-06,Булка с маком,30.0,ЦЕХ_2025,Sunday,Булки,Активный
2025-07-07,Булка с маком,12.0,ЦЕХ_2025,Monday,Булки,Активный
2025-07-08,Булка с маком,10.0,ЦЕХ_2025,Tuesday,Булки,Активный
2025-07-09,Булка с маком,18.0,ЦЕХ_2025,Wednesday,Булки,Активный
2025-07-10,Булка с маком,25.0,ЦЕХ_2025,Thursday,Булки,Активный
2025-07-11,Булка с маком,30.0,ЦЕХ_2025,Friday,Булки,Активный
2025-07-12,Булка с маком,30.0,ЦЕХ_2025,Saturday,Булки,Активный
2025-07-13,Булка с маком,20.0,ЦЕХ_2025,Sunday,Булки,Активный
2025-07-14,Булка с маком,12.0,ЦЕХ_2025,Monday,Булки,Активный
2025-07-15,Булка с маком,10.0,ЦЕХ_2025,Tuesday,Булки,Активный
2025-07-16,Булка с маком,18.0,ЦЕХ_2025,Wednesday,Булки,Активный
2025-07-17,Булка с маком,25.0,ЦЕХ_2025,Thursday,Булки,Активный
2025-07-18,Булка с маком,30.0,ЦЕХ_2025,Friday,Булки,Активный
2025-07-19,Булка с маком,20.0,ЦЕХ_2025,Saturday,Булки,Активный
2025-07-20,Булка с маком,20.0,ЦЕХ_2025,Sunday,Булки,Активный
2025-07-21,Булка с маком,12.0,ЦЕХ_2025,Monday,Булки,Активный
2025-07-22,Булка с маком,10.0,ЦЕХ_2025,Tuesday,Булки,Активный
2025-07-23,Булка с маком,15.0,ЦЕХ_2025,Wednesday,Булки,Активный
2025-07-24,Булка с маком,20.0,ЦЕХ_2025,Thursday,Булки,Активный
2025-07-25,Булка с маком,30.0,ЦЕХ_2025,Friday,Булки,Активный
2025-07-26,Булка с маком,20.0,ЦЕХ_2025,Saturday,Булки,Активный
2025-07-27,Булка с маком,20.0,ЦЕХ_2025,Sunday,Булки,Активный
2025-07-28,Булка с маком,12.0,ЦЕХ_2025,Monday,Булки,Активный
2025-07-29,Булка с маком,10.0,ЦЕХ_2025,Tuesday,Булки,Активный
2025-07-30,Булка с маком,15.0,ЦЕХ_2025,Wednesday,Булки,Активный
2025-07-31,Булка с маком,20.0,ЦЕХ_2025,Thursday,Булки,Активный
2025-08-01,Булка с маком,30.0,ЦЕХ_2025,Friday,Булки,Активный
2025-08-02,Булка с маком,20.0,ЦЕХ_2025,Saturday,Булки,Активный
2025-08-03,Булка с маком,20.0,ЦЕХ_2025,Sunday,Булки,Активный
2025-08-04,Булка с маком,12.0,ЦЕХ_2025,Monday,Булки,Активный
2025-08-05,Булка с маком,10.0,ЦЕХ_2025,Tuesday,Булки,Активный
2025-08-06,Булка с маком,15.0,ЦЕХ_2025,Wednesday,Булки,Активный
2025-08-07,Булка с маком,20.0,ЦЕХ_2025,Thursday,Булки,Активный
2025-08-08,Булка с маком,30.0,ЦЕХ_2025,Friday,Булки,Активный
2025-08-09,Булка с маком,20.0,ЦЕХ_2025,Saturday,Булки,Активный
2025-08-10,Булка с маком,20.0,ЦЕХ_2025,Sunday,Булки,Активный
2025-08-11,Булка с маком,12.0,ЦЕХ_2025,Monday,Булки,Активный
2025-08-12,Булка с маком,10.0,ЦЕХ_2025,Tuesday,Булки,Активный
2025-08-13,Булка с маком,15.0,ЦЕХ_2025,Wednesday,Булки,Активный
2025-08-14,Булка с маком,20.0,ЦЕХ_2025,Thursday,Булки,Активный
2025-08-15,Булка с маком,25.0,ЦЕХ_2025,Friday,Булки,Активный
2025-08-16,Булка с маком,35.0,ЦЕХ_2025,Saturday,Булки,Активный
2025-08-17,Булка с маком,30.0,ЦЕХ_2025,Sunday,Булки,Активный
2025-08-19,Булка с маком,10.0,ЦЕХ_2025,Tuesday,Булки,Активный
2025-08-20,Булка с маком,15.0,ЦЕХ_2025,Wednesday,Булки,Активный
2025-08-21,Булка с маком,20.0,ЦЕХ_2025,Thursday,Булки,Активный
2025-08-22,Булка с маком,25.0,ЦЕХ_2025,Friday,Булки,Активный
2025-08-23,Булка с маком,35.0,ЦЕХ_2025,Saturday,Булки,Активный
2025-08-24,Булка с маком,30.0,ЦЕХ_2025,Sunday,Булки,Активный
2025-08-25,Булка с маком,12.0,ЦЕХ_2025,Monday,Булки,Активный
2025-08-26,Булка с маком,10.0,ЦЕХ_2025,Tuesday,Булки,Активный
2025-08-27,Булка с маком,15.0,ЦЕХ_2025,Wednesday,Булки,Активный
2025-08-28,Булка с маком,20.0,ЦЕХ_2025,Thursday,Булки,Активный
2025-08-29,Булка с маком,25.0,ЦЕХ_2025,Friday,Булки,Активный
2025-08-30,Булка с маком,25.0,ЦЕХ_2025,Saturday,Булки,Активный
2025-08-31,Булка с маком,20.0,ЦЕХ_2025,Sunday,Булки,Активный
2025-06-02,Бородинский хлеб,2.0,ЦЕХ_2025,Monday,Хлеб,Активный
2025-06-05,Бородинский хлеб,3.0,ЦЕХ_2025,Thursday,Хлеб,Активный
2025-06-06,Бородинский хлеб,6.0,ЦЕХ_2025,Friday,Хлеб,Активный
2025-06-07,Бородинский хлеб,10.0,ЦЕХ_2025,Saturday,Хлеб,Активный
2025-06-09,Бородинский хлеб,4.0,ЦЕХ_2025,Monday,Хлеб,Активный
2025-06-11,Бородинский хлеб,4.0,ЦЕХ_2025,Wednesday,Хлеб,Активный
2025-06-13,Бородинский хлеб,5.0,ЦЕХ_2025,Friday,Хлеб,Активный
2025-06-14,Бородинский хлеб,5.0,ЦЕХ_2025,Saturday,Хлеб,Активный
2025-06-18,Бородинский хлеб,4.0,ЦЕХ_2025,Wednesday,Хлеб,Активный
2025-06-20,Бородинский хлеб,6.0,ЦЕХ_2025,Friday,Хлеб,Активный
2025-06-21,Бородинский хлеб,6.0,ЦЕХ_2025,Saturday,Хлеб,Активный
2025-06-23,Бородинский хлеб,4.0,ЦЕХ_2025,Monday,Хлеб,Активный
2025-06-25,Бородинский хлеб,4.0,ЦЕХ_2025,Wednesday,Хлеб,Активный
2025-06-27,Бородинский хлеб,6.0,ЦЕХ_2025,Friday,Хлеб,Активный
2025-06-30,Бородинский хлеб,4.0,ЦЕХ_2025,Monday,Хлеб,Активный
2025-07-02,Бородинский хлеб,4.0,ЦЕХ_2025,Wednesday,Хлеб,Активный
2025-07-04,Бородинский хлеб,6.0,ЦЕХ_2025,Friday,Хлеб,Активный
2025-07-07,Бородинский хлеб,4.0,ЦЕХ_2025,Monday,Хлеб,Активный
2025-07-08,Бородинский хлеб,4.0,ЦЕХ_2025,Tuesday,Хлеб,Активный
2025-07-10,Бородинский хлеб,5.0,ЦЕХ_2025,Thursday,Хлеб,Активный
2025-07-12,Бородинский хлеб,6.0,ЦЕХ_2025,Saturday,Хлеб,Активный
2025-07-13,Бородинский хлеб,6.0,ЦЕХ_2025,Sunday,Хлеб,Активный
2025-07-14,Бородинский хлеб,4.0,ЦЕХ_2025,Monday,Хлеб,Активный
2025-07-17,Бородинский хлеб,5.0,ЦЕХ_2025,Thursday,Хлеб,Активный
2025-07-18,Бородинский хлеб,5.0,ЦЕХ_2025,Friday,Хлеб,Активный
2025-07-19,Бородинский хлеб,6.0,ЦЕХ_2025,Saturday,Хлеб,Активный
2025-07-20,Бородинский хлеб,6.0,ЦЕХ_2025,Sunday,Хлеб,Активный
2025-07-22,Бородинский хлеб,4.0,ЦЕХ_2025,Tuesday,Хлеб,Активный
2025-07-26,Бородинский хлеб,6.0,ЦЕХ_2025,Saturday,Хлеб,Активный
2025-07-27,Бородинский хлеб,6.0,ЦЕХ_2025,Sunday,Хлеб,Активный
2025-07-28,Бородинский хлеб,4.0,ЦЕХ_2025,Monday,Хлеб,Активный
2025-08-02,Бородинский хлеб,6.0,ЦЕХ_2025,Saturday,Хлеб,Активный
2025-08-03,Бородинский хлеб,6.0,ЦЕХ_2025,Sunday,Хлеб,Активный
2025-08-09,Бородинский хлеб,6.0,ЦЕХ_2025,Saturday,Хлеб,Активный
2025-08-10,Бородинский хлеб,6.0,ЦЕХ_2025,Sunday,Хлеб,Активный
2025-08-16,Бородинский хлеб,6.0,ЦЕХ_2025,Saturday,Хлеб,Активный
2025-08-31,Бородинский хлеб,6.0,ЦЕХ_2025,Sunday,Хлеб,Активный
2025-06-01,Бриошь с шапкой,2.0,ЦЕХ_2025,Sunday,Хлеб,Снят
2025-06-02,Бриошь с шапкой,1.0,ЦЕХ_2025,Monday,Хлеб,Снят
2025-06-03,Бриошь с шапкой,1.0,ЦЕХ_2025,Tuesday,Хлеб,Снят
2025-06-04,Бриошь с шапкой,1.0,ЦЕХ_2025,Wednesday,Хлеб,Снят
2025-06-05,Бриошь с шапкой,1.0,ЦЕХ_2025,Thursday,Хлеб,Снят
2025-06-06,Бриошь с шапкой,2.0,ЦЕХ_2025,Friday,Хлеб,Снят
2025-06-07,Бриошь с шапкой,2.0,ЦЕХ_2025,Saturday,Хлеб,Снят
2025-06-08,Бриошь с шапкой,2.0,ЦЕХ_2025,Sunday,Хлеб,Снят
2025-06-09,Бриошь с шапкой,1.0,ЦЕХ_2025,Monday,Хлеб,Снят
2025-06-10,Бриошь с шапкой,1.0,ЦЕХ_2025,Tuesday,Хлеб,Снят
2025-06-11,Бриошь с шапкой,1.0,ЦЕХ_2025,Wednesday,Хлеб,Снят
2025-06-12,Бриошь с шапкой,2.0,ЦЕХ_2025,Thursday,Хлеб,Снят
2025-06-14,Бриошь с шапкой,2.0,ЦЕХ_2025,Saturday,Хлеб,Снят
2025-06-15,Бриошь с шапкой,2.0,ЦЕХ_2025,Sunday,Хлеб,Снят
2025-06-17,Бриошь с шапкой,1.0,ЦЕХ_2025,Tuesday,Хлеб,Снят
2025-06-18,Бриошь с шапкой,1.0,ЦЕХ_2025,Wednesday,Хлеб,Снят
2025-06-19,Бриошь с шапкой,2.0,ЦЕХ_2025,Thursday,Хлеб,Снят
2025-06-20,Бриошь с шапкой,2.0,ЦЕХ_2025,Friday,Хлеб,Снят
2025-06-21,Бриошь с шапкой,3.0,ЦЕХ_2025,Saturday,Хлеб,Снят
2025-06-22,Бриошь с шапкой,2.0,ЦЕХ_2025,Sunday,Хлеб,Снят
2025-06-23,Бриошь с шапкой,1.0,ЦЕХ_2025,Monday,Хлеб,Снят
2025-06-24,Бриошь с шапкой,1.0,ЦЕХ_2025,Tuesday,Хлеб,Снят
2025-06-25,Бриошь с шапкой,1.0,ЦЕХ_2025,Wednesday,Хлеб,Снят
2025-06-26,Бриошь с шапкой,2.0,ЦЕХ_2025,Thursday,Хлеб,Снят
2025-06-27,Бриошь с шапкой,2.0,ЦЕХ_2025,Friday,Хлеб,Снят
2025-06-30,Бриошь с шапкой,1.0,ЦЕХ_2025,Monday,Хлеб,Снят
2025-07-01,Бриошь с шапкой,1.0,ЦЕХ_2025,Tuesday,Хлеб,Снят
2025-07-02,Бриошь с шапкой,1.0,ЦЕХ_2025,Wednesday,Хлеб,Снят
2025-07-03,Бриошь с шапкой,2.0,ЦЕХ_2025,Thursday,Хлеб,Снят
2025-07-04,Бриошь с шапкой,2.0,ЦЕХ_2025,Friday,Хлеб,Снят
2025-07-05,Бриошь с шапкой,3.0,ЦЕХ_2025,Saturday,Хлеб,Снят
2025-07-06,Бриошь с шапкой,3.0,ЦЕХ_2025,Sunday,Хлеб,Снят
2025-07-07,Бриошь с шапкой,1.0,ЦЕХ_2025,Monday,Хлеб,Снят
2025-07-08,Бриошь с шапкой,1.0,ЦЕХ_2025,Tuesday,Хлеб,Снят
2025-07-09,Бриошь с шапкой,1.0,ЦЕХ_2025,Wednesday,Хлеб,Снят
2025-07-10,Бриошь с шапкой,1.0,ЦЕХ_2025,Thursday,Хлеб,Снят
2025-07-11,Бриошь с шапкой,1.0,ЦЕХ_2025,Friday,Хлеб,Снят
2025-07-12,Бриошь с шапкой,3.0,ЦЕХ_2025,Saturday,Хлеб,Снят
2025-07-13,Бриошь с шапкой,3.0,ЦЕХ_2025,Sunday,Хлеб,Снят
2025-07-14,Бриошь с шапкой,1.0,ЦЕХ_2025,Monday,Хлеб,Снят
2025-07-15,Бриошь с шапкой,1.0,ЦЕХ_2025,Tuesday,Хлеб,Снят
2025-07-16,Бриошь с шапкой,1.0,ЦЕХ_2025,Wednesday,Хлеб,Снят
2025-07-17,Бриошь с шапкой,1.0,ЦЕХ_2025,Thursday,Хлеб,Снят
2025-07-18,Бриошь с шапкой,1.0,ЦЕХ_2025,Friday,Хлеб,Снят
2025-07-19,Бриошь с шапкой,3.0,ЦЕХ_2025,Saturday,Хлеб,Снят
2025-07-20,Бриошь с шапкой,3.0,ЦЕХ_2025,Sunday,Хлеб,Снят
2025-07-21,Бриошь с шапкой,1.0,ЦЕХ_2025,Monday,Хлеб,Снят
2025-07-22,Бриошь с шапкой,1.0,ЦЕХ_2025,Tuesday,Хлеб,Снят
2025-07-23,Бриошь с шапкой,1.0,ЦЕХ_2025,Wednesday,Хлеб,Снят
2025-07-24,Бриошь с шапкой,1.0,ЦЕХ_2025,Thursday,Хлеб,Снят
2025-07-25,Бриошь с шапкой,1.0,ЦЕХ_2025,Friday,Хлеб,Снят
2025-07-26,Бриошь с шапкой,1.0,ЦЕХ_2025,Saturday,Хлеб,Снят
2025-07-27,Бриошь с шапкой,1.0,ЦЕХ_2025,Sunday,Хлеб,Снят
2025-07-28,Бриошь с шапкой,1.0,ЦЕХ_2025,Monday,Хлеб,Снят
2025-07-29,Бриошь с шапкой,1.0,ЦЕХ_2025,Tuesday,Хлеб,Снят
2025-07-30,Бриошь с шапкой,1.0,ЦЕХ_2025,Wednesday,Хлеб,Снят
2025-07-31,Бриошь с шапкой,1.0,ЦЕХ_2025,Thursday,Хлеб,Снят
2025-08-01,Бриошь с шапкой,1.0,ЦЕХ_2025,Friday,Хлеб,Снят
2025-08-02,Бриошь с шапкой,1.0,ЦЕХ_2025,Saturday,Хлеб,Снят
2025-08-03,Бриошь с шапкой,6.0,ЦЕХ_2025,Sunday,Хлеб,Снят
2025-08-04,Бриошь с шапкой,1.0,ЦЕХ_2025,Monday,Хлеб,Снят
2025-08-05,Бриошь с шапкой,1.0,ЦЕХ_2025,Tuesday,Хлеб,Снят
2025-08-06,Бриошь с шапкой,1.0,ЦЕХ_2025,Wednesday,Хлеб,Снят
2025-08-07,Бриошь с шапкой,1.0,ЦЕХ_2025,Thursday,Хлеб,Снят
2025-08-08,Бриошь с шапкой,1.0,ЦЕХ_2025,Friday,Хлеб,Снят
2025-08-09,Бриошь с шапкой,1.0,ЦЕХ_2025,Saturday,Хлеб,Снят
2025-08-10,Бриошь с шапкой,1.0,ЦЕХ_2025,Sunday,Хлеб,Снят
2025-08-11,Бриошь с шапкой,1.0,ЦЕХ_2025,Monday,Хлеб,Снят
2025-08-12,Бриошь с шапкой,1.0,ЦЕХ_2025,Tuesday,Хлеб,Снят
2025-08-13,Бриошь с шапкой,1.0,ЦЕХ_2025,Wednesday,Хлеб,Снят
2025-08-14,Бриошь с шапкой,1.0,ЦЕХ_2025,Thursday,Хлеб,Снят
2025-08-15,Бриошь с шапкой,2.0,ЦЕХ_2025,Friday,Хлеб,Снят
2025-08-16,Бриошь с шапкой,2.0,ЦЕХ_2025,Saturday,Хлеб,Снят
2025-08-17,Бриошь с шапкой,2.0,ЦЕХ_2025,Sunday,Хлеб,Снят
2025-08-19,Бриошь с шапкой,1.0,ЦЕХ_2025,Tuesday,Хлеб,Снят
2025-08-20,Бриошь с шапкой,1.0,ЦЕХ_2025,Wednesday,Хлеб,Снят
2025-08-21,Бриошь с шапкой,1.0,ЦЕХ_2025,Thursday,Хлеб,Снят
2025-08-22,Бриошь с шапкой,3.0,ЦЕХ_2025,Friday,Хлеб,Снят
2025-08-23,Бриошь с шапкой,3.0,ЦЕХ_2025,Saturday,Хлеб,Снят
2025-08-24,Бриошь с шапкой,2.0,ЦЕХ_2025,Sunday,Хлеб,Снят
2025-08-25,Бриошь с шапкой,1.0,ЦЕХ_2025,Monday,Хлеб,Снят
2025-08-26,Бриошь с шапкой,1.0,ЦЕХ_2025,Tuesday,Хлеб,Снят
2025-08-27,Бриошь с шапкой,1.0,ЦЕХ_2025,Wednesday,Хлеб,Снят
2025-08-28,Бриошь с шапкой,1.0,ЦЕХ_2025,Thursday,Хлеб,Снят
2025-08-29,Бриошь с шапкой,1.0,ЦЕХ_2025,Friday,Хлеб,Снят
2025-08-30,Бриошь с шапкой,2.0,ЦЕХ_2025,Saturday,Хлеб,Снят
2025-08-31,Бриошь с шапкой,2.0,ЦЕХ_2025,Sunday,Хлеб,Снят
2025-06-01,Булка с кардамоном,20.0,ЦЕХ_2025,Sunday,Булки,Активный
2025-06-02,Булка с кардамоном,10.0,ЦЕХ_2025,Monday,Булки,Активный
2025-06-03,Булка с кардамоном,10.0,ЦЕХ_2025,Tuesday,Булки,Активный
2025-06-04,Булка с кардамоном,10.0,ЦЕХ_2025,Wednesday,Булки,Активный
2025-06-05,Булка с кардамоном,10.0,ЦЕХ_2025,Thursday,Булки,Активный
2025-06-06,Булка с кардамоном,15.0,ЦЕХ_2025,Friday,Булки,Активный
2025-06-07,Булка с кардамоном,20.0,ЦЕХ_2025,Saturday,Булки,Активный
2025-06-08,Булка с кардамоном,20.0,ЦЕХ_2025,Sunday,Булки,Активный
2025-06-09,Булка с кардамоном,10.0,ЦЕХ_2025,Monday,Булки,Активный
2025-06-10,Булка с кардамоном,10.0,ЦЕХ_2025,Tuesday,Булки,Активный
2025-06-11,Булка с кардамоном,10.0,ЦЕХ_2025,Wednesday,Булки,Активный
2025-06-12,Булка с кардамоном,10.0,ЦЕХ_2025,Thursday,Булки,Активный
2025-06-13,Булка с кардамоном,20.0,ЦЕХ_2025,Friday,Булки,Активный
2025-06-14,Булка с кардамоном,20.0,ЦЕХ_2025,Saturday,Булки,Активный
2025-06-15,Булка с кардамоном,20.0,ЦЕХ_2025,Sunday,Булки,Активный
2025-06-16,Булка с кардамоном,12.0,ЦЕХ_2025,Monday,Булки,Активный
2025-06-17,Булка с кардамоном,10.0,ЦЕХ_2025,Tuesday,Булки,Активный
2025-06-18,Булка с кардамоном,10.0,ЦЕХ_2025,Wednesday,Булки,Активный
2025-06-19,Булка с кардамоном,20.0,ЦЕХ_2025,Thursday,Булки,Активный
2025-06-20,Булка с кардамоном,20.0,ЦЕХ_2025,Friday,Булки,Активный
2025-06-21,Булка с кардамоном,35.0,ЦЕХ_2025,Saturday,Булки,Активный
2025-06-22,Булка с кардамоном,35.0,ЦЕХ_2025,Sunday,Булки,Активный
2025-06-23,Булка с кардамоном,10.0,ЦЕХ_2025,Monday,Булки,Активный
2025-06-24,Булка с кардамоном,10.0,ЦЕХ_2025,Tuesday,Булки,Активный
2025-06-25,Булка с кардамоном,10.0,ЦЕХ_2025,Wednesday,Булки,Активный
2025-06-26,Булка с кардамоном,20.0,ЦЕХ_2025,Thursday,Булки,Активный
2025-06-27,Булка с кардамоном,10.0,ЦЕХ_2025,Friday,Булки,Активный
2025-06-28,Булка с кардамоном,40.0,ЦЕХ_2025,Saturday,Булки,Активный
2025-06-29,Булка с кардамоном,40.0,ЦЕХ_2025,Sunday,Булки,Активный
2025-06-30,Булка с кардамоном,10.0,ЦЕХ_2025,Monday,Булки,Активный
2025-07-01,Булка с кардамоном,10.0,ЦЕХ_2025,Tuesday,Булки,Активный
2025-07-02,Булка с кардамоном,10.0,ЦЕХ_2025,Wednesday,Булки,Активный
2025-07-03,Булка с кардамоном,15.0,ЦЕХ_2025,Thursday,Булки,Активный
2025-07-04,Булка с кардамоном,10.0,ЦЕХ_2025,Friday,Булки,Активный
2025-07-05,Булка с кардамоном,30.0,ЦЕХ_2025,Saturday,Булки,Активный
2025-07-06,Булка с кардамоном,30.0,ЦЕХ_2025,Sunday,Булки,Активный
2025-07-07,Булка с кардамоном,12.0,ЦЕХ_2025,Monday,Булки,Активный
2025-07-08,Булка с кардамоном,10.0,ЦЕХ_2025,Tuesday,Булки,Активный
2025-07-09,Булка с кардамоном,12.0,ЦЕХ_2025,Wednesday,Булки,Активный
2025-07-10,Булка с кардамоном,12.0,ЦЕХ_2025,Thursday,Булки,Активный
2025-07-11,Булка с кардамоном,15.0,ЦЕХ_2025,Friday,Булки,Активный
2025-07-12,Булка с кардамоном,25.0,ЦЕХ_2025,Saturday,Булки,Активный
2025-07-13,Булка с кардамоном,15.0,ЦЕХ_2025,Sunday,Булки,Активный
2025-07-14,Булка с кардамоном,12.0,ЦЕХ_2025,Monday,Булки,Активный
2025-07-15,Булка с кардамоном,12.0,ЦЕХ_2025,Tuesday,Булки,Активный
2025-07-16,Булка с кардамоном,12.0,ЦЕХ_2025,Wednesday,Булки,Активный
2025-07-17,Булка с кардамоном,12.0,ЦЕХ_2025,Thursday,Булки,Активный
2025-07-18,Булка с кардамоном,15.0,ЦЕХ_2025,Friday,Булки,Активный
2025-07-19,Булка с кардамоном,15.0,ЦЕХ_2025,Saturday,Булки,Активный
2025-07-20,Булка с кардамоном,15.0,ЦЕХ_2025,Sunday,Булки,Активный
2025-07-21,Булка с кардамоном,12.0,ЦЕХ_2025,Monday,Булки,Активный
2025-07-22,Булка с кардамоном,10.0,ЦЕХ_2025,Tuesday,Булки,Активный
2025-07-23,Булка с кардамоном,10.0,ЦЕХ_2025,Wednesday,Булки,Активный
2025-07-24,Булка с кардамоном,12.0,ЦЕХ_2025,Thursday,Булки,Активный
2025-07-25,Булка с кардамоном,15.0,ЦЕХ_2025,Friday,Булки,Активный
2025-07-26,Булка с кардамоном,20.0,ЦЕХ_2025,Saturday,Булки,Активный
2025-07-27,Булка с кардамоном,15.0,ЦЕХ_2025,Sunday,Булки,Активный
2025-07-28,Булка с кардамоном,12.0,ЦЕХ_2025,Monday,Булки,Активный
2025-07-29,Булка с кардамоном,12.0,ЦЕХ_2025,Tuesday,Булки,Активный
2025-07-30,Булка с кардамоном,10.0,ЦЕХ_2025,Wednesday,Булки,Активный
2025-07-31,Булка с кардамоном,12.0,ЦЕХ_2025,Thursday,Булки,Активный
2025-08-01,Булка с кардамоном,15.0,ЦЕХ_2025,Friday,Булки,Активный
2025-08-02,Булка с кардамоном,20.0,ЦЕХ_2025,Saturday,Булки,Активный
2025-08-03,Булка с кардамоном,15.0,ЦЕХ_2025,Sunday,Булки,Активный
2025-08-04,Булка с кардамоном,12.0,ЦЕХ_2025,Monday,Булки,Активный
2025-08-05,Булка с кардамоном,12.0,ЦЕХ_2025,Tuesday,Булки,Активный
2025-08-06,Булка с кардамоном,10.0,ЦЕХ_2025,Wednesday,Булки,Активный
2025-08-07,Булка с кардамоном,12.0,ЦЕХ_2025,Thursday,Булки,Активный
2025-08-08,Булка с кардамоном,15.0,ЦЕХ_2025,Friday,Булки,Активный
2025-08-09,Булка с кардамоном,20.0,ЦЕХ_2025,Saturday,Булки,Активный
2025-08-10,Булка с кардамоном,15.0,ЦЕХ_2025,Sunday,Булки,Активный
2025-08-11,Булка с кардамоном,12.0,ЦЕХ_2025,Monday,Булки,Активный
2025-08-12,Булка с кардамоном,12.0,ЦЕХ_2025,Tuesday,Булки,Активный
2025-08-13,Булка с кардамоном,10.0,ЦЕХ_2025,Wednesday,Булки,Активный
2025-08-14,Булка с кардамоном,12.0,ЦЕХ_2025,Thursday,Булки,Активный
2025-08-15,Булка с кардамоном,20.0,ЦЕХ_2025,Friday,Булки,Активный
2025-08-16,Булка с кардамоном,25.0,ЦЕХ_2025,Saturday,Булки,Активный
2025-08-17,Булка с кардамоном,20.0,ЦЕХ_2025,Sunday,Булки,Активный
2025-08-19,Булка с кардамоном,12.0,ЦЕХ_2025,Tuesday,Булки,Активный
2025-08-20,Булка с кардамоном,10.0,ЦЕХ_2025,Wednesday,Булки,Активный
2025-08-21,Булка с кардамоном,12.0,ЦЕХ_2025,Thursday,Булки,Активный
2025-08-22,Булка с кардамоном,20.0,ЦЕХ_2025,Friday,Булки,Активный
2025-08-23,Булка с кардамоном,25.0,ЦЕХ_2025,Saturday,Булки,Активный
2025-08-24,Булка с кардамоном,20.0,ЦЕХ_2025,Sunday,Булки,Активный
2025-08-25,Булка с кардамоном,12.0,ЦЕХ_2025,Monday,Булки,Активный
2025-08-26,Булка с кардамоном,12.0,ЦЕХ_2025,Tuesday,Булки,Активный
2025-08-27,Булка с кардамоном,10.0,ЦЕХ_2025,Wednesday,Булки,Активный
2025-08-28,Булка с кардамоном,12.0,ЦЕХ_2025,Thursday,Булки,Активный
2025-08-29,Булка с кардамоном,20.0,ЦЕХ_2025,Friday,Булки,Активный
2025-08-30,Булка с кардамоном,20.0,ЦЕХ_2025,Saturday,Булки,Активный
2025-08-31,Булка с кардамоном,28.0,ЦЕХ_2025,Sunday,Булки,Активный
2025-06-01,Булка с корицей,25.0,ЦЕХ_2025,Sunday,Булки,Активный
2025-06-02,Булка с корицей,10.0,ЦЕХ_2025,Monday,Булки,Активный
2025-06-03,Булка с корицей,15.0,ЦЕХ_2025,Tuesday,Булки,Активный
2025-06-04,Булка с корицей,15.0,ЦЕХ_2025,Wednesday,Булки,Активный
2025-06-05,Булка с корицей,15.0,ЦЕХ_2025,Thursday,Булки,Активный
2025-06-06,Булка с корицей,20.0,ЦЕХ_2025,Friday,Булки,Активный
2025-06-07,Булка с корицей,25.0,ЦЕХ_2025,Saturday,Булки,Активный
2025-06-08,Булка с корицей,25.0,ЦЕХ_2025,Sunday,Булки,Активный
2025-06-09,Булка с корицей,10.0,ЦЕХ_2025,Monday,Булки,Активный
2025-06-10,Булка с корицей,15.0,ЦЕХ_2025,Tuesday,Булки,Активный
2025-06-11,Булка с корицей,15.0,ЦЕХ_2025,Wednesday,Булки,Активный
2025-06-12,Булка с корицей,15.0,ЦЕХ_2025,Thursday,Булки,Активный
2025-06-13,Булка с корицей,35.0,ЦЕХ_2025,Friday,Булки,Активный
2025-06-14,Булка с корицей,25.0,ЦЕХ_2025,Saturday,Булки,Активный
2025-06-15,Булка с корицей,25.0,ЦЕХ_2025,Sunday,Булки,Активный
2025-06-16,Булка с корицей,12.0,ЦЕХ_2025,Monday,Булки,Активный
2025-06-17,Булка с корицей,15.0,ЦЕХ_2025,Tuesday,Булки,Активный
2025-06-18,Булка с корицей,15.0,ЦЕХ_2025,Wednesday,Булки,Активный
2025-06-19,Булка с корицей,25.0,ЦЕХ_2025,Thursday,Булки,Активный
2025-06-20,Булка с корицей,35.0,ЦЕХ_2025,Friday,Булки,Активный
2025-06-21,Булка с корицей,40.0,ЦЕХ_2025,Saturday,Булки,Активный
2025-06-22,Булка с корицей,40.0,ЦЕХ_2025,Sunday,Булки,Активный
2025-06-23,Булка с корицей,10.0,ЦЕХ_2025,Monday,Булки,Активный
2025-06-24,Булка с корицей,15.0,ЦЕХ_2025,Tuesday,Булки,Активный
2025-06-25,Булка с корицей,15.0,ЦЕХ_2025,Wednesday,Булки,Активный
2025-06-26,Булка с корицей,25.0,ЦЕХ_2025,Thursday,Булки,Активный
2025-06-27,Булка с корицей,15.0,ЦЕХ_2025,Friday,Булки,Активный
2025-06-28,Булка с корицей,50.0,ЦЕХ_2025,Saturday,Булки,Активный
2025-06-29,Булка с корицей,50.0,ЦЕХ_2025,Sunday,Булки,Активный
2025-06-30,Булка с корицей,10.0,ЦЕХ_2025,Monday,Булки,Активный
2025-07-01,Булка с корицей,15.0,ЦЕХ_2025,Tuesday,Булки,Активный
2025-07-02,Булка с корицей,15.0,ЦЕХ_2025,Wednesday,Булки,Активный
2025-07-03,Булка с корицей,18.0,ЦЕХ_2025,Thursday,Булки,Активный
2025-07-04,Булка с корицей,15.0,ЦЕХ_2025,Friday,Булки,Активный
2025-07-05,Булка с корицей,35.0,ЦЕХ_2025,Saturday,Булки,Активный
2025-07-06,Булка с корицей,35.0,ЦЕХ_2025,Sunday,Булки,Активный
2025-07-07,Булка с корицей,15.0,ЦЕХ_2025,Monday,Булки,Активный
2025-07-08,Булка с корицей,13.0,ЦЕХ_2025,Tuesday,Булки,Активный
2025-07-09,Булка с корицей,15.0,ЦЕХ_2025,Wednesday,Булки,Активный
2025-07-10,Булка с корицей,15.0,ЦЕХ_2025,Thursday,Булки,Активный
2025-07-11,Булка с корицей,25.0,ЦЕХ_2025,Friday,Булки,Активный
2025-07-12,Булка с корицей,35.0,ЦЕХ_2025,Saturday,Булки,Активный
2025-07-13,Булка с корицей,20.0,ЦЕХ_2025,Sunday,Булки,Активный
2025-07-14,Булка с корицей,15.0,ЦЕХ_2025,Monday,Булки,Активный
2025-07-15,Булка с корицей,15.0,ЦЕХ_2025,Tuesday,Булки,Активный
2025-07-16,Булка с корицей,15.0,ЦЕХ_2025,Wednesday,Булки,Активный
2025-07-17,Булка с корицей,15.0,ЦЕХ_2025,Thursday,Булки,Активный
2025-07-18,Булка с корицей,25.0,ЦЕХ_2025,Friday,Булки,Активный
2025-07-19,Булка с корицей,25.0,ЦЕХ_2025,Saturday,Булки,Активный
2025-07-20,Булка с корицей,25.0,ЦЕХ_2025,Sunday,Булки,Активный
2025-07-21,Булка с корицей,15.0,ЦЕХ_2025,Monday,Булки,Активный
2025-07-22,Булка с корицей,15.0,ЦЕХ_2025,Tuesday,Булки,Активный
2025-07-23,Булка с корицей,12.0,ЦЕХ_2025,Wednesday,Булки,Активный
2025-07-24,Булка с корицей,15.0,ЦЕХ_2025,Thursday,Булки,Активный
2025-07-25,Булка с корицей,25.0,ЦЕХ_2025,Friday,Булки,Активный
2025-07-26,Булка с корицей,30.0,ЦЕХ_2025,Saturday,Булки,Активный
2025-07-27,Булка с корицей,25.0,ЦЕХ_2025,Sunday,Булки,Активный
2025-07-28,Булка с корицей,15.0,ЦЕХ_2025,Monday,Булки,Активный
2025-07-29,Булка с корицей,15.0,ЦЕХ_2025,Tuesday,Булки,Активный
2025-07-30,Булка с корицей,12.0,ЦЕХ_2025,Wednesday,Булки,Активный
2025-07-31,Булка с корицей,15.0,ЦЕХ_2025,Thursday,Булки,Активный
2025-08-01,Булка с корицей,20.0,ЦЕХ_2025,Friday,Булки,Активный
2025-08-02,Булка с корицей,25.0,ЦЕХ_2025,Saturday,Булки,Активный
2025-08-03,Булка с корицей,30.0,ЦЕХ_2025,Sunday,Булки,Активный
2025-08-04,Булка с корицей,15.0,ЦЕХ_2025,Monday,Булки,Активный
2025-08-05,Булка с корицей,15.0,ЦЕХ_2025,Tuesday,Булки,Активный
2025-08-06,Булка с корицей,12.0,ЦЕХ_2025,Wednesday,Булки,Активный
2025-08-07,Булка с корицей,15.0,ЦЕХ_2025,Thursday,Булки,Активный
2025-08-08,Булка с корицей,20.0,ЦЕХ_2025,Friday,Булки,Активный
2025-08-09,Булка с корицей,25.0,ЦЕХ_2025,Saturday,Булки,Активный
2025-08-10,Булка с корицей,30.0,ЦЕХ_2025,Sunday,Булки,Активный
2025-08-11,Булка с корицей,15.0,ЦЕХ_2025,Monday,Булки,Активный
2025-08-12,Булка с корицей,15.0,ЦЕХ_2025,Tuesday,Булки,Активный
2025-08-13,Булка с корицей,12.0,ЦЕХ_2025,Wednesday,Булки,Активный
2025-08-14,Булка с корицей,15.0,ЦЕХ_2025,Thursday,Булки,Активный
2025-08-15,Булка с корицей,23.0,ЦЕХ_2025,Friday,Булки,Активный
2025-08-16,Булка с корицей,25.0,ЦЕХ_2025,Saturday,Булки,Активный
2025-08-17,Булка с корицей,30.0,ЦЕХ_2025,Sunday,Булки,Активный
2025-08-19,Булка с корицей,15.0,ЦЕХ_2025,Tuesday,Булки,Активный
2025-08-20,Булка с корицей,12.0,ЦЕХ_2025,Wednesday,Булки,Активный
2025-08-21,Булка с корицей,15.0,ЦЕХ_2025,Thursday,Булки,Активный
2025-08-22,Булка с корицей,23.0,ЦЕХ_2025,Friday,Булки,Активный
2025-08-23,Булка с корицей,35.0,ЦЕХ_2025,Saturday,Булки,Активный
2025-08-24,Булка с корицей,30.0,ЦЕХ_2025,Sunday,Булки,Активный
2025-08-25,Булка с корицей,15.0,ЦЕХ_2025,Monday,Булки,Активный
2025-08-26,Булка с корицей,15.0,ЦЕХ_2025,Tuesday,Булки,Активный
2025-08-27,Булка с корицей,12.0,ЦЕХ_2025,Wednesday,Булки,Активный
2025-08-28,Булка с корицей,15.0,ЦЕХ_2025,Thursday,Булки,Активный
2025-08-29,Булка с корицей,23.0,ЦЕХ_2025,Friday,Булки,Активный
2025-08-30,Булка с корицей,30.0,ЦЕХ_2025,Saturday,Булки,Активный
2025-08-31,Булка с корицей,30.0,ЦЕХ_2025,Sunday,Булки,Активный
2025-06-01,Булка с тхиной,12.0,ЦЕХ_2025,Sunday,Булки,Активный
2025-06-02,Булка с тхиной,10.0,ЦЕХ_2025,Monday,Булки,Активный
2025-06-03,Булка с тхиной,10.0,ЦЕХ_2025,Tuesday,Булки,Активный
2025-06-04,Булка с тхиной,10.0,ЦЕХ_2025,Wednesday,Булки,Активный
2025-06-05,Булка с тхиной,10.0,ЦЕХ_2025,Thursday,Булки,Активный
2025-06-06,Булка с тхиной,10.0,ЦЕХ_2025,Friday,Булки,Активный
2025-06-07,Булка с тхиной,16.0,ЦЕХ_2025,Saturday,Булки,Активный
2025-06-08,Булка с тхиной,12.0,ЦЕХ_2025,Sunday,Булки,Активный
2025-06-09,Булка с тхиной,10.0,ЦЕХ_2025,Monday,Булки,Активный
2025-06-10,Булка с тхиной,10.0,ЦЕХ_2025,Tuesday,Булки,Активный
2025-06-11,Булка с тхиной,10.0,ЦЕХ_2025,Wednesday,Булки,Активный
2025-06-12,Булка с тхиной,10.0,ЦЕХ_2025,Thursday,Булки,Активный
2025-06-13,Булка с тхиной,20.0,ЦЕХ_2025,Friday,Булки,Активный
2025-06-14,Булка с тхиной,16.0,ЦЕХ_2025,Saturday,Булки,Активный
2025-06-15,Булка с тхиной,12.0,ЦЕХ_2025,Sunday,Булки,Активный
2025-06-16,Булка с тхиной,10.0,ЦЕХ_2025,Monday,Булки,Активный
2025-06-17,Булка с тхиной,10.0,ЦЕХ_2025,Tuesday,Булки,Активный
2025-06-18,Булка с тхиной,10.0,ЦЕХ_2025,Wednesday,Булки,Активный
2025-06-19,Булка с тхиной,20.0,ЦЕХ_2025,Thursday,Булки,Активный
2025-06-20,Булка с тхиной,20.0,ЦЕХ_2025,Friday,Булки,Активный
2025-06-21,Булка с тхиной,25.0,ЦЕХ_2025,Saturday,Булки,Активный
2025-06-22,Булка с тхиной,25.0,ЦЕХ_2025,Sunday,Булки,Активный
2025-06-23,Булка с тхиной,10.0,ЦЕХ_2025,Monday,Булки,Активный
2025-06-24,Булка с тхиной,10.0,ЦЕХ_2025,Tuesday,Булки,Активный
2025-06-25,Булка с тхиной,10.0,ЦЕХ_2025,Wednesday,Булки,Активный
2025-06-26,Булка с тхиной,20.0,ЦЕХ_2025,Thursday,Булки,Активный
2025-06-27,Булка с тхиной,10.0,ЦЕХ_2025,Friday,Булки,Активный
2025-06-28,Булка с тхиной,30.0,ЦЕХ_2025,Saturday,Булки,Активный
2025-06-29,Булка с тхиной,30.0,ЦЕХ_2025,Sunday,Булки,Активный
2025-06-30,Булка с тхиной,10.0,ЦЕХ_2025,Monday,Булки,Активный
2025-07-01,Булка с тхиной,10.0,ЦЕХ_2025,Tuesday,Булки,Активный
2025-07-02,Булка с тхиной,10.0,ЦЕХ_2025,Wednesday,Булки,Активный
2025-07-03,Булка с тхиной,10.0,ЦЕХ_2025,Thursday,Булки,Активный
2025-07-04,Булка с тхиной,10.0,ЦЕХ_2025,Friday,Булки,Активный
2025-07-05,Булка с тхиной,20.0,ЦЕХ_2025,Saturday,Булки,Активный
2025-07-06,Булка с тхиной,25.0,ЦЕХ_2025,Sunday,Булки,Активный
2025-07-07,Булка с тхиной,9.0,ЦЕХ_2025,Monday,Булки,Активный
2025-07-08,Булка с тхиной,8.0,ЦЕХ_2025,Tuesday,Булки,Активный
2025-07-09,Булка с тхиной,10.0,ЦЕХ_2025,Wednesday,Булки,Активный
2025-07-10,Булка с тхиной,10.0,ЦЕХ_2025,Thursday,Булки,Активный
2025-07-11,Булка с тхиной,15.0,ЦЕХ_2025,Friday,Булки,Активный
2025-07-12,Булка с тхиной,25.0,ЦЕХ_2025,Saturday,Булки,Активный
2025-07-13,Булка с тхиной,15.0,ЦЕХ_2025,Sunday,Булки,Активный
2025-07-14,Булка с тхиной,9.0,ЦЕХ_2025,Monday,Булки,Активный
2025-07-15,Булка с тхиной,9.0,ЦЕХ_2025,Tuesday,Булки,Активный
2025-07-16,Булка с тхиной,10.0,ЦЕХ_2025,Wednesday,Булки,Активный
2025-07-17,Булка с тхиной,10.0,ЦЕХ_2025,Thursday,Булки,Активный
2025-07-18,Булка с тхиной,15.0,ЦЕХ_2025,Friday,Булки,Активный
2025-07-19,Булка с тхиной,15.0,ЦЕХ_2025,Saturday,Булки,Активный
2025-07-20,Булка с тхиной,15.0,ЦЕХ_2025,Sunday,Булки,Активный
2025-07-21,Булка с тхиной,9.0,ЦЕХ_2025,Monday,Булки,Активный
2025-07-22,Булка с тхиной,8.0,ЦЕХ_2025,Tuesday,Булки,Активный
2025-07-23,Булка с тхиной,10.0,ЦЕХ_2025,Wednesday,Булки,Активный
2025-07-24,Булка с тхиной,10.0,ЦЕХ_2025,Thursday,Булки,Активный
2025-07-25,Булка с тхиной,15.0,ЦЕХ_2025,Friday,Булки,Активный
2025-07-26,Булка с тхиной,18.0,ЦЕХ_2025,Saturday,Булки,Активный
2025-07-27,Булка с тхиной,15.0,ЦЕХ_2025,Sunday,Булки,Активный
2025-07-28,Булка с тхиной,9.0,ЦЕХ_2025,Monday,Булки,Активный
2025-07-29,Булка с тхиной,10.0,ЦЕХ_2025,Tuesday,Булки,Активный
2025-07-30,Булка с тхиной,8.0,ЦЕХ_2025,Wednesday,Булки,Активный
2025-07-31,Булка с тхиной,8.0,ЦЕХ_2025,Thursday,Булки,Активный
2025-08-01,Булка с тхиной,15.0,ЦЕХ_2025,Friday,Булки,Активный
2025-08-02,Булка с тхиной,18.0,ЦЕХ_2025,Saturday,Булки,Активный
2025-08-03,Булка с тхиной,15.0,ЦЕХ_2025,Sunday,Булки,Активный
2025-08-04,Булка с тхиной,9.0,ЦЕХ_2025,Monday,Булки,Активный
2025-08-05,Булка с тхиной,10.0,ЦЕХ_2025,Tuesday,Булки,Активный
2025-08-06,Булка с тхиной,8.0,ЦЕХ_2025,Wednesday,Булки,Активный
2025-08-07,Булка с тхиной,8.0,ЦЕХ_2025,Thursday,Булки,Активный
2025-08-08,Булка с тхиной,15.0,ЦЕХ_2025,Friday,Булки,Активный
2025-08-09,Булка с тхиной,18.0,ЦЕХ_2025,Saturday,Булки,Активный
2025-08-10,Булка с тхиной,15.0,ЦЕХ_2025,Sunday,Булки,Активный
2025-08-11,Булка с тхиной,9.0,ЦЕХ_2025,Monday,Булки,Активный
2025-08-12,Булка с тхиной,10.0,ЦЕХ_2025,Tuesday,Булки,Активный
2025-08-13,Булка с тхиной,8.0,ЦЕХ_2025,Wednesday,Булки,Активный
2025-08-14,Булка с тхиной,8.0,ЦЕХ_2025,Thursday,Булки,Активный
2025-08-15,Булка с тхиной,15.0,ЦЕХ_2025,Friday,Булки,Активный
2025-08-16,Булка с тхиной,18.0,ЦЕХ_2025,Saturday,Булки,Активный
2025-08-17,Булка с тхиной,15.0,ЦЕХ_2025,Sunday,Булки,Активный
2025-08-19,Булка с тхиной,10.0,ЦЕХ_2025,Tuesday,Булки,Активный
2025-08-20,Булка с тхиной,8.0,ЦЕХ_2025,Wednesday,Булки,Активный
2025-08-21,Булка с тхиной,8.0,ЦЕХ_2025,Thursday,Булки,Активный
2025-08-22,Булка с тхиной,15.0,ЦЕХ_2025,Friday,Булки,Активный
2025-08-23,Булка с тхиной,20.0,ЦЕХ_2025,Saturday,Булки,Активный
2025-08-24,Булка с тхиной,20.0,ЦЕХ_2025,Sunday,Булки,Активный
2025-08-25,Булка с тхиной,9.0,ЦЕХ_2025,Monday,Булки,Активный
2025-08-26,Булка с тхиной,10.0,ЦЕХ_2025,Tuesday,Булки,Активный
2025-08-27,Булка с тхиной,8.0,ЦЕХ_2025,Wednesday,Булки,Активный
2025-08-28,Булка с тхиной,8.0,ЦЕХ_2025,Thursday,Булки,Активный
2025-08-29,Булка с тхиной,15.0,ЦЕХ_2025,Friday,Булки,Активный
2025-08-30,Булка с тхиной,18.0,ЦЕХ_2025,Saturday,Булки,Активный
2025-08-31,Булка с тхиной,15.0,ЦЕХ_2025,Sunday,Булки,Активный
2025-06-01,Канле,24.0,ЦЕХ_2025,Sunday,Десерты,Снят
2025-06-02,Канле,12.0,ЦЕХ_2025,Monday,Десерты,Снят
2025-06-03,Канле,24.0,ЦЕХ_2025,Tuesday,Десерты,Снят
2025-06-04,Канле,24.0,ЦЕХ_2025,Wednesday,Десерты,Снят
2025-06-05,Канле,24.0,ЦЕХ_2025,Thursday,Десерты,Снят
2025-06-06,Канле,12.0,ЦЕХ_2025,Friday,Десерты,Снят
2025-06-07,Канле,24.0,ЦЕХ_2025,Saturday,Десерты,Снят
2025-06-08,Канле,12.0,ЦЕХ_2025,Sunday,Десерты,Снят
2025-06-09,Канле,12.0,ЦЕХ_2025,Monday,Десерты,Снят
2025-06-10,Канле,12.0,ЦЕХ_2025,Tuesday,Десерты,Снят
2025-06-11,Канле,12.0,ЦЕХ_2025,Wednesday,Десерты,Снят
2025-06-12,Канле,12.0,ЦЕХ_2025,Thursday,Десерты,Снят
2025-06-13,Канле,24.0,ЦЕХ_2025,Friday,Десерты,Снят
2025-06-14,Канле,24.0,ЦЕХ_2025,Saturday,Десерты,Снят
2025-06-15,Канле,24.0,ЦЕХ_2025,Sunday,Десерты,Снят
2025-06-16,Канле,12.0,ЦЕХ_2025,Monday,Десерты,Снят
2025-06-17,Канле,12.0,ЦЕХ_2025,Tuesday,Десерты,Снят
2025-06-18,Канле,12.0,ЦЕХ_2025,Wednesday,Десерты,Снят
2025-06-19,Канле,12.0,ЦЕХ_2025,Thursday,Десерты,Снят
2025-06-20,Канле,24.0,ЦЕХ_2025,Friday,Десерты,Снят
2025-06-21,Канле,24.0,ЦЕХ_2025,Saturday,Десерты,Снят
2025-06-22,Канле,24.0,ЦЕХ_2025,Sunday,Десерты,Снят
2025-06-23,Канле,12.0,ЦЕХ_2025,Monday,Десерты,Снят
2025-06-24,Канле,12.0,ЦЕХ_2025,Tuesday,Десерты,Снят
2025-06-25,Канле,12.0,ЦЕХ_2025,Wednesday,Десерты,Снят
2025-06-26,Канле,12.0,ЦЕХ_2025,Thursday,Десерты,Снят
2025-06-27,Канле,24.0,ЦЕХ_2025,Friday,Десерты,Снят
2025-06-28,Канле,24.0,ЦЕХ_2025,Saturday,Десерты,Снят
2025-06-29,Канле,24.0,ЦЕХ_2025,Sunday,Десерты,Снят
2025-06-30,Канле,12.0,ЦЕХ_2025,Monday,Десерты,Снят
2025-07-01,Канле,12.0,ЦЕХ_2025,Tuesday,Десерты,Снят
2025-07-02,Канле,12.0,ЦЕХ_2025,Wednesday,Десерты,Снят
2025-07-03,Канле,12.0,ЦЕХ_2025,Thursday,Десерты,Снят
2025-07-04,Канле,24.0,ЦЕХ_2025,Friday,Десерты,Снят
2025-07-05,Канле,24.0,ЦЕХ_2025,Saturday,Десерты,Снят
2025-07-06,Канле,24.0,ЦЕХ_2025,Sunday,Десерты,Снят
2025-07-24,Канле,24.0,ЦЕХ_2025,Thursday,Десерты,Снят
2025-07-25,Канле,12.0,ЦЕХ_2025,Friday,Десерты,Снят
2025-07-26,Канле,24.0,ЦЕХ_2025,Saturday,Десерты,Снят
2025-07-27,Канле,24.0,ЦЕХ_2025,Sunday,Десерты,Снят
2025-07-28,Канле,12.0,ЦЕХ_2025,Monday,Десерты,Снят
2025-07-29,Канле,12.0,ЦЕХ_2025,Tuesday,Десерты,Снят
2025-07-30,Канле,12.0,ЦЕХ_2025,Wednesday,Десерты,Снят
2025-07-31,Канле,12.0,ЦЕХ_2025,Thursday,Десерты,Снят
2025-08-01,Канле,12.0,ЦЕХ_2025,Friday,Десерты,Снят
2025-08-02,Канле,24.0,ЦЕХ_2025,Saturday,Десерты,Снят
2025-08-03,Канле,24.0,ЦЕХ_2025,Sunday,Десерты,Снят
2025-08-04,Канле,12.0,ЦЕХ_2025,Monday,Десерты,Снят
2025-08-05,Канле,12.0,ЦЕХ_2025,Tuesday,Десерты,Снят
2025-08-06,Канле,12.0,ЦЕХ_2025,Wednesday,Десерты,Снят
2025-08-07,Канле,12.0,ЦЕХ_2025,Thursday,Десерты,Снят
2025-08-08,Канле,12.0,ЦЕХ_2025,Friday,Десерты,Снят
2025-08-09,Канле,24.0,ЦЕХ_2025,Saturday,Десерты,Снят
2025-08-10,Канле,24.0,ЦЕХ_2025,Sunday,Десерты,Снят
2025-08-11,Канле,12.0,ЦЕХ_2025,Monday,Десерты,Снят
2025-08-12,Канле,12.0,ЦЕХ_2025,Tuesday,Десерты,Снят
2025-08-13,Канле,12.0,ЦЕХ_2025,Wednesday,Десерты,Снят
2025-08-14,Канле,12.0,ЦЕХ_2025,Thursday,Десерты,Снят
2025-08-15,Канле,12.0,ЦЕХ_2025,Friday,Десерты,Снят
2025-08-16,Канле,24.0,ЦЕХ_2025,Saturday,Десерты,Снят
2025-08-17,Канле,24.0,ЦЕХ_2025,Sunday,Десерты,Снят
2025-08-19,Канле,12.0,ЦЕХ_2025,Tuesday,Десерты,Снят
2025-08-20,Канле,12.0,ЦЕХ_2025,Wednesday,Десерты,Снят
2025-08-21,Канле,12.0,ЦЕХ_2025,Thursday,Десерты,Снят
2025-08-22,Канле,12.0,ЦЕХ_2025,Friday,Десерты,Снят
2025-08-23,Канле,24.0,ЦЕХ_2025,Saturday,Десерты,Снят
2025-08-24,Канле,24.0,ЦЕХ_2025,Sunday,Десерты,Снят
2025-08-25,Канле,12.0,ЦЕХ_2025,Monday,Десерты,Снят
2025-08-26,Канле,12.0,ЦЕХ_2025,Tuesday,Десерты,Снят
2025-08-27,Канле,12.0,ЦЕХ_2025,Wednesday,Десерты,Снят
2025-08-28,Канле,12.0,ЦЕХ_2025,Thursday,Десерты,Снят
2025-08-29,Канле,12.0,ЦЕХ_2025,Friday,Десерты,Снят
2025-08-30,Канле,24.0,ЦЕХ_2025,Saturday,Десерты,Снят
2025-08-31,Канле,24.0,ЦЕХ_2025,Sunday,Десерты,Снят
2025-06-01,Кекс морковный с карамельной глазурью,20.0,ЦЕХ_2025,Sunday,Выпечка,Активный
2025-06-02,Кекс морковный с карамельной глазурью,4.0,ЦЕХ_2025,Monday,Выпечка,Активный
2025-06-03,Кекс морковный с карамельной глазурью,8.0,ЦЕХ_2025,Tuesday,Выпечка,Активный
2025-06-04,Кекс морковный с карамельной глазурью,8.0,ЦЕХ_2025,Wednesday,Выпечка,Активный
2025-06-05,Кекс морковный с карамельной глазурью,8.0,ЦЕХ_2025,Thursday,Выпечка,Активный
2025-06-06,Кекс морковный с карамельной глазурью,10.0,ЦЕХ_2025,Friday,Выпечка,Активный
2025-06-07,Кекс морковный с карамельной глазурью,20.0,ЦЕХ_2025,Saturday,Выпечка,Активный
2025-06-08,Кекс морковный с карамельной глазурью,20.0,ЦЕХ_2025,Sunday,Выпечка,Активный
2025-06-09,Кекс морковный с карамельной глазурью,4.0,ЦЕХ_2025,Monday,Выпечка,Активный
2025-06-10,Кекс морковный с карамельной глазурью,6.0,ЦЕХ_2025,Tuesday,Выпечка,Активный
2025-06-11,Кекс морковный с карамельной глазурью,6.0,ЦЕХ_2025,Wednesday,Выпечка,Активный
2025-06-12,Кекс морковный с карамельной глазурью,8.0,ЦЕХ_2025,Thursday,Выпечка,Активный
2025-06-13,Кекс морковный с карамельной глазурью,15.0,ЦЕХ_2025,Friday,Выпечка,Активный
2025-06-14,Кекс морковный с карамельной глазурью,15.0,ЦЕХ_2025,Saturday,Выпечка,Активный
2025-06-15,Кекс морковный с карамельной глазурью,15.0,ЦЕХ_2025,Sunday,Выпечка,Активный
2025-06-16,Кекс морковный с карамельной глазурью,4.0,ЦЕХ_2025,Monday,Выпечка,Активный
2025-06-17,Кекс морковный с карамельной глазурью,6.0,ЦЕХ_2025,Tuesday,Выпечка,Активный
2025-06-18,Кекс морковный с карамельной глазурью,6.0,ЦЕХ_2025,Wednesday,Выпечка,Активный
2025-06-19,Кекс морковный с карамельной глазурью,8.0,ЦЕХ_2025,Thursday,Выпечка,Активный
2025-06-20,Кекс морковный с карамельной глазурью,15.0,ЦЕХ_2025,Friday,Выпечка,Активный
2025-06-21,Кекс морковный с карамельной глазурью,20.0,ЦЕХ_2025,Saturday,Выпечка,Активный
2025-06-22,Кекс морковный с карамельной глазурью,20.0,ЦЕХ_2025,Sunday,Выпечка,Активный
2025-06-23,Кекс морковный с карамельной глазурью,4.0,ЦЕХ_2025,Monday,Выпечка,Активный
2025-06-24,Кекс морковный с карамельной глазурью,6.0,ЦЕХ_2025,Tuesday,Выпечка,Активный
2025-06-25,Кекс морковный с карамельной глазурью,6.0,ЦЕХ_2025,Wednesday,Выпечка,Активный
2025-06-26,Кекс морковный с карамельной глазурью,8.0,ЦЕХ_2025,Thursday,Выпечка,Активный
2025-06-27,Кекс морковный с карамельной глазурью,15.0,ЦЕХ_2025,Friday,Выпечка,Активный
2025-06-28,Кекс морковный с карамельной глазурью,30.0,ЦЕХ_2025,Saturday,Выпечка,Активный
2025-06-29,Кекс морковный с карамельной глазурью,30.0,ЦЕХ_2025,Sunday,Выпечка,Активный
2025-06-30,Кекс морковный с карамельной глазурью,4.0,ЦЕХ_2025,Monday,Выпечка,Активный
2025-07-01,Кекс морковный с карамельной глазурью,6.0,ЦЕХ_2025,Tuesday,Выпечка,Активный
2025-07-02,Кекс морковный с карамельной глазурью,6.0,ЦЕХ_2025,Wednesday,Выпечка,Активный
2025-07-03,Кекс морковный с карамельной глазурью,8.0,ЦЕХ_2025,Thursday,Выпечка,Активный
2025-07-04,Кекс морковный с карамельной глазурью,12.0,ЦЕХ_2025,Friday,Выпечка,Активный
2025-07-05,Кекс морковный с карамельной глазурью,20.0,ЦЕХ_2025,Saturday,Выпечка,Активный
2025-07-06,Кекс морковный с карамельной глазурью,20.0,ЦЕХ_2025,Sunday,Выпечка,Активный
2025-07-07,Кекс морковный с карамельной глазурью,7.0,ЦЕХ_2025,Monday,Выпечка,Активный
2025-07-08,Кекс морковный с карамельной глазурью,5.0,ЦЕХ_2025,Tuesday,Выпечка,Активный
2025-07-09,Кекс морковный с карамельной глазурью,7.0,ЦЕХ_2025,Wednesday,Выпечка,Активный
2025-07-10,Кекс морковный с карамельной глазурью,8.0,ЦЕХ_2025,Thursday,Выпечка,Активный
2025-07-11,Кекс морковный с карамельной глазурью,12.0,ЦЕХ_2025,Friday,Выпечка,Активный
2025-07-12,Кекс морковный с карамельной глазурью,25.0,ЦЕХ_2025,Saturday,Выпечка,Активный
2025-07-13,Кекс морковный с карамельной глазурью,18.0,ЦЕХ_2025,Sunday,Выпечка,Активный
2025-07-14,Кекс морковный с карамельной глазурью,7.0,ЦЕХ_2025,Monday,Выпечка,Активный
2025-07-15,Кекс морковный с карамельной глазурью,7.0,ЦЕХ_2025,Tuesday,Выпечка,Активный
2025-07-16,Кекс морковный с карамельной глазурью,7.0,ЦЕХ_2025,Wednesday,Выпечка,Активный
2025-07-17,Кекс морковный с карамельной глазурью,8.0,ЦЕХ_2025,Thursday,Выпечка,Активный
2025-07-18,Кекс морковный с карамельной глазурью,12.0,ЦЕХ_2025,Friday,Выпечка,Активный
2025-07-19,Кекс морковный с карамельной глазурью,20.0,ЦЕХ_2025,Saturday,Выпечка,Активный
2025-07-20,Кекс морковный с карамельной глазурью,20.0,ЦЕХ_2025,Sunday,Выпечка,Активный
2025-07-21,Кекс морковный с карамельной глазурью,7.0,ЦЕХ_2025,Monday,Выпечка,Активный
2025-07-22,Кекс морковный с карамельной глазурью,5.0,ЦЕХ_2025,Tuesday,Выпечка,Активный
2025-07-23,Кекс морковный с карамельной глазурью,7.0,ЦЕХ_2025,Wednesday,Выпечка,Активный
2025-07-24,Кекс морковный с карамельной глазурью,8.0,ЦЕХ_2025,Thursday,Выпечка,Активный
2025-07-25,Кекс морковный с карамельной глазурью,12.0,ЦЕХ_2025,Friday,Выпечка,Активный
2025-07-26,Кекс морковный с карамельной глазурью,25.0,ЦЕХ_2025,Saturday,Выпечка,Активный
2025-07-27,Кекс морковный с карамельной глазурью,20.0,ЦЕХ_2025,Sunday,Выпечка,Активный
2025-07-28,Кекс морковный с карамельной глазурью,7.0,ЦЕХ_2025,Monday,Выпечка,Активный
2025-07-29,Кекс морковный с карамельной глазурью,7.0,ЦЕХ_2025,Tuesday,Выпечка,Активный
2025-07-30,Кекс морковный с карамельной глазурью,7.0,ЦЕХ_2025,Wednesday,Выпечка,Активный
2025-07-31,Кекс морковный с карамельной глазурью,7.0,ЦЕХ_2025,Thursday,Выпечка,Активный
2025-08-01,Кекс морковный с карамельной глазурью,12.0,ЦЕХ_2025,Friday,Выпечка,Активный
2025-08-02,Кекс морковный с карамельной глазурью,25.0,ЦЕХ_2025,Saturday,Выпечка,Активный
2025-08-03,Кекс морковный с карамельной глазурью,25.0,ЦЕХ_2025,Sunday,Выпечка,Активный
2025-08-04,Кекс морковный с карамельной глазурью,7.0,ЦЕХ_2025,Monday,Выпечка,Активный
2025-08-05,Кекс морковный с карамельной глазурью,7.0,ЦЕХ_2025,Tuesday,Выпечка,Активный
2025-08-06,Кекс морковный с карамельной глазурью,7.0,ЦЕХ_2025,Wednesday,Выпечка,Активный
2025-08-07,Кекс морковный с карамельной глазурью,7.0,ЦЕХ_2025,Thursday,Выпечка,Активный
2025-08-08,Кекс морковный с карамельной глазурью,12.0,ЦЕХ_2025,Friday,Выпечка,Активный
2025-08-09,Кекс морковный с карамельной глазурью,25.0,ЦЕХ_2025,Saturday,Выпечка,Активный
2025-08-10,Кекс морковный с карамельной глазурью,25.0,ЦЕХ_2025,Sunday,Выпечка,Активный
2025-08-11,Кекс морковный с карамельной глазурью,7.0,ЦЕХ_2025,Monday,Выпечка,Активный
2025-08-12,Кекс морковный с карамельной глазурью,7.0,ЦЕХ_2025,Tuesday,Выпечка,Активный
2025-08-13,Кекс морковный с карамельной глазурью,7.0,ЦЕХ_2025,Wednesday,Выпечка,Активный
2025-08-14,Кекс морковный с карамельной глазурью,7.0,ЦЕХ_2025,Thursday,Выпечка,Активный
2025-08-15,Кекс морковный с карамельной глазурью,15.0,ЦЕХ_2025,Friday,Выпечка,Активный
2025-08-16,Кекс морковный с карамельной глазурью,25.0,ЦЕХ_2025,Saturday,Выпечка,Активный
2025-08-17,Кекс морковный с карамельной глазурью,25.0,ЦЕХ_2025,Sunday,Выпечка,Активный
2025-08-19,Кекс морковный с карамельной глазурью,7.0,ЦЕХ_2025,Tuesday,Выпечка,Активный
2025-08-20,Кекс морковный с карамельной глазурью,7.0,ЦЕХ_2025,Wednesday,Выпечка,Активный
2025-08-21,Кекс морковный с карамельной глазурью,7.0,ЦЕХ_2025,Thursday,Выпечка,Активный
2025-08-22,Кекс морковный с карамельной глазурью,15.0,ЦЕХ_2025,Friday,Выпечка,Активный
2025-08-23,Кекс морковный с карамельной глазурью,25.0,ЦЕХ_2025,Saturday,Выпечка,Активный
2025-08-24,Кекс морковный с карамельной глазурью,25.0,ЦЕХ_2025,Sunday,Выпечка,Активный
2025-08-25,Кекс морковный с карамельной глазурью,7.0,ЦЕХ_2025,Monday,Выпечка,Активный
2025-08-26,Кекс морковный с карамельной глазурью,7.0,ЦЕХ_2025,Tuesday,Выпечка,Активный
2025-08-27,Кекс морковный с карамельной глазурью,7.0,ЦЕХ_2025,Wednesday,Выпечка,Активный
2025-08-28,Кекс морковный с карамельной глазурью,7.0,ЦЕХ_2025,Thursday,Выпечка,Активный
2025-08-29,Кекс морковный с карамельной глазурью,15.0,ЦЕХ_2025,Friday,Выпечка,Активный
2025-08-30,Кекс морковный с карамельной глазурью,25.0,ЦЕХ_2025,Saturday,Выпечка,Активный
2025-08-31,Кекс морковный с карамельной глазурью,25.0,ЦЕХ_2025,Sunday,Выпечка,Активный
2025-06-01,Круассан 75г,25.0,ЦЕХ_2025,Sunday,Выпечка,Активный
2025-06-02,Круассан 75г,10.0,ЦЕХ_2025,Monday,Выпечка,Активный
2025-06-03,Круассан 75г,15.0,ЦЕХ_2025,Tuesday,Выпечка,Активный
2025-06-04,Круассан 75г,15.0,ЦЕХ_2025,Wednesday,Выпечка,Активный
2025-06-05,Круассан 75г,15.0,ЦЕХ_2025,Thursday,Выпечка,Активный
2025-06-06,Круассан 75г,20.0,ЦЕХ_2025,Friday,Выпечка,Активный
2025-06-07,Круассан 75г,30.0,ЦЕХ_2025,Saturday,Выпечка,Активный
2025-06-08,Круассан 75г,25.0,ЦЕХ_2025,Sunday,Выпечка,Активный
2025-06-09,Круассан 75г,10.0,ЦЕХ_2025,Monday,Выпечка,Активный
2025-06-10,Круассан 75г,10.0,ЦЕХ_2025,Tuesday,Выпечка,Активный
2025-06-11,Круассан 75г,10.0,ЦЕХ_2025,Wednesday,Выпечка,Активный
2025-06-12,Круассан 75г,10.0,ЦЕХ_2025,Thursday,Выпечка,Активный
2025-06-13,Круассан 75г,20.0,ЦЕХ_2025,Friday,Выпечка,Активный
2025-06-14,Круассан 75г,25.0,ЦЕХ_2025,Saturday,Выпечка,Активный
2025-06-15,Круассан 75г,25.0,ЦЕХ_2025,Sunday,Выпечка,Активный
2025-06-16,Круассан 75г,10.0,ЦЕХ_2025,Monday,Выпечка,Активный
2025-06-17,Круассан 75г,10.0,ЦЕХ_2025,Tuesday,Выпечка,Активный
2025-06-18,Круассан 75г,10.0,ЦЕХ_2025,Wednesday,Выпечка,Активный
2025-06-19,Круассан 75г,15.0,ЦЕХ_2025,Thursday,Выпечка,Активный
2025-06-20,Круассан 75г,25.0,ЦЕХ_2025,Friday,Выпечка,Активный
2025-06-21,Круассан 75г,35.0,ЦЕХ_2025,Saturday,Выпечка,Активный
2025-06-22,Круассан 75г,30.0,ЦЕХ_2025,Sunday,Выпечка,Активный
2025-06-23,Круассан 75г,10.0,ЦЕХ_2025,Monday,Выпечка,Активный
2025-06-24,Круассан 75г,10.0,ЦЕХ_2025,Tuesday,Выпечка,Активный
2025-06-25,Круассан 75г,10.0,ЦЕХ_2025,Wednesday,Выпечка,Активный
2025-06-26,Круассан 75г,15.0,ЦЕХ_2025,Thursday,Выпечка,Активный
2025-06-27,Круассан 75г,20.0,ЦЕХ_2025,Friday,Выпечка,Активный
2025-06-28,Круассан 75г,40.0,ЦЕХ_2025,Saturday,Выпечка,Активный
2025-06-29,Круассан 75г,40.0,ЦЕХ_2025,Sunday,Выпечка,Активный
2025-06-30,Круассан 75г,10.0,ЦЕХ_2025,Monday,Выпечка,Активный
2025-07-01,Круассан 75г,10.0,ЦЕХ_2025,Tuesday,Выпечка,Активный
2025-07-02,Круассан 75г,10.0,ЦЕХ_2025,Wednesday,Выпечка,Активный
2025-07-03,Круассан 75г,15.0,ЦЕХ_2025,Thursday,Выпечка,Активный
2025-07-04,Круассан 75г,15.0,ЦЕХ_2025,Friday,Выпечка,Активный
2025-07-05,Круассан 75г,30.0,ЦЕХ_2025,Saturday,Выпечка,Активный
2025-07-06,Круассан 75г,30.0,ЦЕХ_2025,Sunday,Выпечка,Активный
2025-07-07,Круассан 75г,12.0,ЦЕХ_2025,Monday,Выпечка,Активный
2025-07-08,Круассан 75г,12.0,ЦЕХ_2025,Tuesday,Выпечка,Активный
2025-07-09,Круассан 75г,12.0,ЦЕХ_2025,Wednesday,Выпечка,Активный
2025-07-10,Круассан 75г,12.0,ЦЕХ_2025,Thursday,Выпечка,Активный
2025-07-11,Круассан 75г,20.0,ЦЕХ_2025,Friday,Выпечка,Активный
2025-07-12,Круассан 75г,35.0,ЦЕХ_2025,Saturday,Выпечка,Активный
2025-07-13,Круассан 75г,15.0,ЦЕХ_2025,Sunday,Выпечка,Активный
2025-07-14,Круассан 75г,12.0,ЦЕХ_2025,Monday,Выпечка,Активный
2025-07-15,Круассан 75г,10.0,ЦЕХ_2025,Tuesday,Выпечка,Активный
2025-07-16,Круассан 75г,12.0,ЦЕХ_2025,Wednesday,Выпечка,Активный
2025-07-17,Круассан 75г,12.0,ЦЕХ_2025,Thursday,Выпечка,Активный
2025-07-18,Круассан 75г,20.0,ЦЕХ_2025,Friday,Выпечка,Активный
2025-07-19,Круассан 75г,35.0,ЦЕХ_2025,Saturday,Выпечка,Активный
2025-07-20,Круассан 75г,20.0,ЦЕХ_2025,Sunday,Выпечка,Активный
2025-07-21,Круассан 75г,10.0,ЦЕХ_2025,Monday,Выпечка,Активный
2025-07-22,Круассан 75г,10.0,ЦЕХ_2025,Tuesday,Выпечка,Активный
2025-07-23,Круассан 75г,12.0,ЦЕХ_2025,Wednesday,Выпечка,Активный
2025-07-24,Круассан 75г,12.0,ЦЕХ_2025,Thursday,Выпечка,Активный
2025-07-25,Круассан 75г,20.0,ЦЕХ_2025,Friday,Выпечка,Активный
2025-07-26,Круассан 75г,35.0,ЦЕХ_2025,Saturday,Выпечка,Активный
2025-07-27,Круассан 75г,20.0,ЦЕХ_2025,Sunday,Выпечка,Активный
2025-07-28,Круассан 75г,12.0,ЦЕХ_2025,Monday,Выпечка,Активный
2025-07-29,Круассан 75г,10.0,ЦЕХ_2025,Tuesday,Выпечка,Активный
2025-07-30,Круассан 75г,10.0,ЦЕХ_2025,Wednesday,Выпечка,Активный
2025-07-31,Круассан 75г,10.0,ЦЕХ_2025,Thursday,Выпечка,Активный
2025-08-01,Круассан 75г,20.0,ЦЕХ_2025,Friday,Выпечка,Активный
2025-08-02,Круассан 75г,35.0,ЦЕХ_2025,Saturday,Выпечка,Активный
2025-08-03,Круассан 75г,25.0,ЦЕХ_2025,Sunday,Выпечка,Активный
2025-08-04,Круассан 75г,12.0,ЦЕХ_2025,Monday,Выпечка,Активный
2025-08-05,Круассан 75г,10.0,ЦЕХ_2025,Tuesday,Выпечка,Активный
2025-08-06,Круассан 75г,10.0,ЦЕХ_2025,Wednesday,Выпечка,Активный
2025-08-07,Круассан 75г,10.0,ЦЕХ_2025,Thursday,Выпечка,Активный
2025-08-08,Круассан 75г,20.0,ЦЕХ_2025,Friday,Выпечка,Активный
2025-08-09,Круассан 75г,35.0,ЦЕХ_2025,Saturday,Выпечка,Активный
2025-08-10,Круассан 75г,25.0,ЦЕХ_2025,Sunday,Выпечка,Активный
2025-08-11,Круассан 75г,12.0,ЦЕХ_2025,Monday,Выпечка,Активный
2025-08-12,Круассан 75г,10.0,ЦЕХ_2025,Tuesday,Выпечка,Активный
2025-08-13,Круассан 75г,10.0,ЦЕХ_2025,Wednesday,Выпечка,Активный
2025-08-14,Круассан 75г,10.0,ЦЕХ_2025,Thursday,Выпечка,Активный
2025-08-15,Круассан 75г,20.0,ЦЕХ_2025,Friday,Выпечка,Активный
2025-08-16,Круассан 75г,35.0,ЦЕХ_2025,Saturday,Выпечка,Активный
2025-08-17,Круассан 75г,25.0,ЦЕХ_2025,Sunday,Выпечка,Активный
2025-08-19,Круассан 75г,10.0,ЦЕХ_2025,Tuesday,Выпечка,Активный
2025-08-20,Круассан 75г,10.0,ЦЕХ_2025,Wednesday,Выпечка,Активный
2025-08-21,Круассан 75г,10.0,ЦЕХ_2025,Thursday,Выпечка,Активный
2025-08-22,Круассан 75г,20.0,ЦЕХ_2025,Friday,Выпечка,Активный
2025-08-23,Круассан 75г,45.0,ЦЕХ_2025,Saturday,Выпечка,Активный
2025-08-24,Круассан 75г,35.0,ЦЕХ_2025,Sunday,Выпечка,Активный
2025-08-25,Круассан 75г,12.0,ЦЕХ_2025,Monday,Выпечка,Активный
2025-08-26,Круассан 75г,10.0,ЦЕХ_2025,Tuesday,Выпечка,Активный
2025-08-27,Круассан 75г,10.0,ЦЕХ_2025,Wednesday,Выпечка,Активный
2025-08-28,Круассан 75г,10.0,ЦЕХ_2025,Thursday,Выпечка,Активный
2025-08-29,Круассан 75г,20.0,ЦЕХ_2025,Friday,Выпечка,Активный
2025-08-30,Круассан 75г,35.0,ЦЕХ_2025,Saturday,Выпечка,Активный
2025-08-31,Круассан 75г,25.0,ЦЕХ_2025,Sunday,Выпечка,Активный
2025-06-01,Маритоццо ваниль-мисо карамель,25.0,ЦЕХ_2025,Sunday,Выпечка,Активный
2025-06-02,Маритоццо ваниль-мисо карамель,8.0,ЦЕХ_2025,Monday,Выпечка,Активный
2025-06-03,Маритоццо ваниль-мисо карамель,8.0,ЦЕХ_2025,Tuesday,Выпечка,Активный
2025-06-04,Маритоццо ваниль-мисо карамель,8.0,ЦЕХ_2025,Wednesday,Выпечка,Активный
2025-06-05,Маритоццо ваниль-мисо карамель,8.0,ЦЕХ_2025,Thursday,Выпечка,Активный
2025-06-06,Маритоццо ваниль-мисо карамель,25.0,ЦЕХ_2025,Friday,Выпечка,Активный
2025-06-07,Маритоццо ваниль-мисо карамель,35.0,ЦЕХ_2025,Saturday,Выпечка,Активный
2025-06-08,Маритоццо ваниль-мисо карамель,25.0,ЦЕХ_2025,Sunday,Выпечка,Активный
2025-06-09,Маритоццо ваниль-мисо карамель,10.0,ЦЕХ_2025,Monday,Выпечка,Активный
2025-06-10,Маритоццо ваниль-мисо карамель,10.0,ЦЕХ_2025,Tuesday,Выпечка,Активный
2025-06-11,Маритоццо ваниль-мисо карамель,10.0,ЦЕХ_2025,Wednesday,Выпечка,Активный
2025-06-12,Маритоццо ваниль-мисо карамель,15.0,ЦЕХ_2025,Thursday,Выпечка,Активный
2025-06-13,Маритоццо ваниль-мисо карамель,25.0,ЦЕХ_2025,Friday,Выпечка,Активный
2025-06-14,Маритоццо ваниль-мисо карамель,35.0,ЦЕХ_2025,Saturday,Выпечка,Активный
2025-06-15,Маритоццо ваниль-мисо карамель,25.0,ЦЕХ_2025,Sunday,Выпечка,Активный
2025-06-16,Маритоццо ваниль-мисо карамель,10.0,ЦЕХ_2025,Monday,Выпечка,Активный
2025-06-17,Маритоццо ваниль-мисо карамель,10.0,ЦЕХ_2025,Tuesday,Выпечка,Активный
2025-06-18,Маритоццо ваниль-мисо карамель,10.0,ЦЕХ_2025,Wednesday,Выпечка,Активный
2025-06-19,Маритоццо ваниль-мисо карамель,15.0,ЦЕХ_2025,Thursday,Выпечка,Активный
2025-06-20,Маритоццо ваниль-мисо карамель,30.0,ЦЕХ_2025,Friday,Выпечка,Активный
2025-06-21,Маритоццо ваниль-мисо карамель,45.0,ЦЕХ_2025,Saturday,Выпечка,Активный
2025-06-22,Маритоццо ваниль-мисо карамель,45.0,ЦЕХ_2025,Sunday,Выпечка,Активный
2025-06-23,Маритоццо ваниль-мисо карамель,10.0,ЦЕХ_2025,Monday,Выпечка,Активный
2025-06-24,Маритоццо ваниль-мисо карамель,10.0,ЦЕХ_2025,Tuesday,Выпечка,Активный
2025-06-25,Маритоццо ваниль-мисо карамель,10.0,ЦЕХ_2025,Wednesday,Выпечка,Активный
2025-06-26,Маритоццо ваниль-мисо карамель,15.0,ЦЕХ_2025,Thursday,Выпечка,Активный
2025-06-27,Маритоццо ваниль-мисо карамель,25.0,ЦЕХ_2025,Friday,Выпечка,Активный
2025-06-28,Маритоццо ваниль-мисо карамель,55.0,ЦЕХ_2025,Saturday,Выпечка,Активный
2025-06-29,Маритоццо ваниль-мисо карамель,55.0,ЦЕХ_2025,Sunday,Выпечка,Активный
2025-06-30,Маритоццо ваниль-мисо карамель,10.0,ЦЕХ_2025,Monday,Выпечка,Активный
2025-07-01,Маритоццо ваниль-мисо карамель,10.0,ЦЕХ_2025,Tuesday,Выпечка,Активный
2025-07-02,Маритоццо ваниль-мисо карамель,10.0,ЦЕХ_2025,Wednesday,Выпечка,Активный
2025-07-03,Маритоццо ваниль-мисо карамель,15.0,ЦЕХ_2025,Thursday,Выпечка,Активный
2025-07-04,Маритоццо ваниль-мисо карамель,20.0,ЦЕХ_2025,Friday,Выпечка,Активный
2025-07-05,Маритоццо ваниль-мисо карамель,45.0,ЦЕХ_2025,Saturday,Выпечка,Активный
2025-07-06,Маритоццо ваниль-мисо карамель,45.0,ЦЕХ_2025,Sunday,Выпечка,Активный
2025-07-07,Маритоццо ваниль-мисо карамель,10.0,ЦЕХ_2025,Monday,Выпечка,Активный
2025-07-08,Маритоццо ваниль-мисо карамель,5.0,ЦЕХ_2025,Tuesday,Выпечка,Активный
2025-07-09,Маритоццо ваниль-мисо карамель,10.0,ЦЕХ_2025,Wednesday,Выпечка,Активный
2025-07-10,Маритоццо ваниль-мисо карамель,10.0,ЦЕХ_2025,Thursday,Выпечка,Активный
2025-07-11,Маритоццо ваниль-мисо карамель,15.0,ЦЕХ_2025,Friday,Выпечка,Активный
2025-07-12,Маритоццо ваниль-мисо карамель,45.0,ЦЕХ_2025,Saturday,Выпечка,Активный
2025-07-13,Маритоццо ваниль-мисо карамель,25.0,ЦЕХ_2025,Sunday,Выпечка,Активный
2025-07-14,Маритоццо ваниль-мисо карамель,10.0,ЦЕХ_2025,Monday,Выпечка,Активный
2025-07-15,Маритоццо ваниль-мисо карамель,10.0,ЦЕХ_2025,Tuesday,Выпечка,Активный
2025-07-16,Маритоццо ваниль-мисо карамель,10.0,ЦЕХ_2025,Wednesday,Выпечка,Активный
2025-07-17,Маритоццо ваниль-мисо карамель,10.0,ЦЕХ_2025,Thursday,Выпечка,Активный
2025-07-18,Маритоццо ваниль-мисо карамель,15.0,ЦЕХ_2025,Friday,Выпечка,Активный
2025-07-19,Маритоццо ваниль-мисо карамель,35.0,ЦЕХ_2025,Saturday,Выпечка,Активный
2025-07-20,Маритоццо ваниль-мисо карамель,35.0,ЦЕХ_2025,Sunday,Выпечка,Активный
2025-07-21,Маритоццо ваниль-мисо карамель,10.0,ЦЕХ_2025,Monday,Выпечка,Активный
2025-07-22,Маритоццо ваниль-мисо карамель,10.0,ЦЕХ_2025,Tuesday,Выпечка,Активный
2025-07-23,Маритоццо ваниль-мисо карамель,10.0,ЦЕХ_2025,Wednesday,Выпечка,Активный
2025-07-24,Маритоццо ваниль-мисо карамель,10.0,ЦЕХ_2025,Thursday,Выпечка,Активный
2025-07-25,Маритоццо ваниль-мисо карамель,15.0,ЦЕХ_2025,Friday,Выпечка,Активный
2025-07-26,Маритоццо ваниль-мисо карамель,40.0,ЦЕХ_2025,Saturday,Выпечка,Активный
2025-07-27,Маритоццо ваниль-мисо карамель,35.0,ЦЕХ_2025,Sunday,Выпечка,Активный
2025-07-28,Маритоццо ваниль-мисо карамель,10.0,ЦЕХ_2025,Monday,Выпечка,Активный
2025-07-29,Маритоццо ваниль-мисо карамель,10.0,ЦЕХ_2025,Tuesday,Выпечка,Активный
2025-07-30,Маритоццо ваниль-мисо карамель,10.0,ЦЕХ_2025,Wednesday,Выпечка,Активный
2025-07-31,Маритоццо ваниль-мисо карамель,10.0,ЦЕХ_2025,Thursday,Выпечка,Активный
2025-08-01,Маритоццо ваниль-мисо карамель,15.0,ЦЕХ_2025,Friday,Выпечка,Активный
2025-08-02,Маритоццо ваниль-мисо карамель,40.0,ЦЕХ_2025,Saturday,Выпечка,Активный
2025-08-03,Маритоццо ваниль-мисо карамель,30.0,ЦЕХ_2025,Sunday,Выпечка,Активный
2025-08-04,Маритоццо ваниль-мисо карамель,10.0,ЦЕХ_2025,Monday,Выпечка,Активный
2025-08-05,Маритоццо ваниль-мисо карамель,10.0,ЦЕХ_2025,Tuesday,Выпечка,Активный
2025-08-06,Маритоццо ваниль-мисо карамель,10.0,ЦЕХ_2025,Wednesday,Выпечка,Активный
2025-08-07,Маритоццо ваниль-мисо карамель,10.0,ЦЕХ_2025,Thursday,Выпечка,Активный
2025-08-08,Маритоццо ваниль-мисо карамель,15.0,ЦЕХ_2025,Friday,Выпечка,Активный
2025-08-09,Маритоццо ваниль-мисо карамель,40.0,ЦЕХ_2025,Saturday,Выпечка,Активный
2025-08-10,Маритоццо ваниль-мисо карамель,30.0,ЦЕХ_2025,Sunday,Выпечка,Активный
2025-08-11,Маритоццо ваниль-мисо карамель,10.0,ЦЕХ_2025,Monday,Выпечка,Активный
2025-08-12,Маритоццо ваниль-мисо карамель,10.0,ЦЕХ_2025,Tuesday,Выпечка,Активный
2025-08-13,Маритоццо ваниль-мисо карамель,10.0,ЦЕХ_2025,Wednesday,Выпечка,Активный
2025-08-14,Маритоццо ваниль-мисо карамель,10.0,ЦЕХ_2025,Thursday,Выпечка,Активный
2025-08-15,Маритоццо ваниль-мисо карамель,20.0,ЦЕХ_2025,Friday,Выпечка,Активный
2025-08-16,Маритоццо ваниль-мисо карамель,40.0,ЦЕХ_2025,Saturday,Выпечка,Активный
2025-08-17,Маритоццо ваниль-мисо карамель,30.0,ЦЕХ_2025,Sunday,Выпечка,Активный
2025-08-19,Маритоццо ваниль-мисо карамель,10.0,ЦЕХ_2025,Tuesday,Выпечка,Активный
2025-08-20,Маритоццо ваниль-мисо карамель,10.0,ЦЕХ_2025,Wednesday,Выпечка,Активный
2025-08-21,Маритоццо ваниль-мисо карамель,10.0,ЦЕХ_2025,Thursday,Выпечка,Активный
2025-08-22,Маритоццо ваниль-мисо карамель,20.0,ЦЕХ_2025,Friday,Выпечка,Активный
2025-08-23,Маритоццо ваниль-мисо карамель,40.0,ЦЕХ_2025,Saturday,Выпечка,Активный
2025-08-24,Маритоццо ваниль-мисо карамель,30.0,ЦЕХ_2025,Sunday,Выпечка,Активный
2025-08-25,Маритоццо ваниль-мисо карамель,10.0,ЦЕХ_2025,Monday,Выпечка,Активный
2025-08-26,Маритоццо ваниль-мисо карамель,10.0,ЦЕХ_2025,Tuesday,Выпечка,Активный
2025-08-27,Маритоццо ваниль-мисо карамель,10.0,ЦЕХ_2025,Wednesday,Выпечка,Активный
2025-08-28,Маритоццо ваниль-мисо карамель,10.0,ЦЕХ_2025,Thursday,Выпечка,Активный
2025-08-29,Маритоццо ваниль-мисо карамель,20.0,ЦЕХ_2025,Friday,Выпечка,Активный
2025-08-30,Маритоццо ваниль-мисо карамель,40.0,ЦЕХ_2025,Saturday,Выпечка,Активный
2025-08-31,Маритоццо ваниль-мисо карамель,30.0,ЦЕХ_2025,Sunday,Выпечка,Активный
2025-06-01,Печенье на закваске шоколад,10.0,ЦЕХ_2025,Sunday,Печенье,Снят
2025-06-02,Печенье на закваске шоколад,4.0,ЦЕХ_2025,Monday,Печенье,Снят
2025-06-03,Печенье на закваске шоколад,4.0,ЦЕХ_2025,Tuesday,Печенье,Снят
2025-06-04,Печенье на закваске шоколад,4.0,ЦЕХ_2025,Wednesday,Печенье,Снят
2025-06-05,Печенье на закваске шоколад,4.0,ЦЕХ_2025,Thursday,Печенье,Снят
2025-06-06,Печенье на закваске шоколад,4.0,ЦЕХ_2025,Friday,Печенье,Снят
2025-06-07,Печенье на закваске шоколад,10.0,ЦЕХ_2025,Saturday,Печенье,Снят
2025-06-08,Печенье на закваске шоколад,10.0,ЦЕХ_2025,Sunday,Печенье,Снят
2025-06-09,Печенье на закваске шоколад,4.0,ЦЕХ_2025,Monday,Печенье,Снят
2025-06-10,Печенье на закваске шоколад,4.0,ЦЕХ_2025,Tuesday,Печенье,Снят
2025-06-11,Печенье на закваске шоколад,4.0,ЦЕХ_2025,Wednesday,Печенье,Снят
2025-06-12,Печенье на закваске шоколад,4.0,ЦЕХ_2025,Thursday,Печенье,Снят
2025-06-13,Печенье на закваске шоколад,10.0,ЦЕХ_2025,Friday,Печенье,Снят
2025-06-14,Печенье на закваске шоколад,10.0,ЦЕХ_2025,Saturday,Печенье,Снят
2025-06-15,Печенье на закваске шоколад,10.0,ЦЕХ_2025,Sunday,Печенье,Снят
2025-06-16,Печенье на закваске шоколад,4.0,ЦЕХ_2025,Monday,Печенье,Снят
2025-06-17,Печенье на закваске шоколад,4.0,ЦЕХ_2025,Tuesday,Печенье,Снят
2025-06-18,Печенье на закваске шоколад,4.0,ЦЕХ_2025,Wednesday,Печенье,Снят
2025-06-19,Печенье на закваске шоколад,4.0,ЦЕХ_2025,Thursday,Печенье,Снят
2025-06-20,Печенье на закваске шоколад,10.0,ЦЕХ_2025,Friday,Печенье,Снят
2025-06-21,Печенье на закваске шоколад,10.0,ЦЕХ_2025,Saturday,Печенье,Снят
2025-06-22,Печенье на закваске шоколад,10.0,ЦЕХ_2025,Sunday,Печенье,Снят
2025-06-23,Печенье на закваске шоколад,4.0,ЦЕХ_2025,Monday,Печенье,Снят
2025-06-24,Печенье на закваске шоколад,4.0,ЦЕХ_2025,Tuesday,Печенье,Снят
2025-06-25,Печенье на закваске шоколад,4.0,ЦЕХ_2025,Wednesday,Печенье,Снят
2025-06-26,Печенье на закваске шоколад,4.0,ЦЕХ_2025,Thursday,Печенье,Снят
2025-06-27,Печенье на закваске шоколад,10.0,ЦЕХ_2025,Friday,Печенье,Снят
2025-06-28,Печенье на закваске шоколад,25.0,ЦЕХ_2025,Saturday,Печенье,Снят
2025-06-29,Печенье на закваске шоколад,25.0,ЦЕХ_2025,Sunday,Печенье,Снят
2025-06-30,Печенье на закваске шоколад,4.0,ЦЕХ_2025,Monday,Печенье,Снят
2025-07-01,Печенье на закваске шоколад,4.0,ЦЕХ_2025,Tuesday,Печенье,Снят
2025-07-02,Печенье на закваске шоколад,4.0,ЦЕХ_2025,Wednesday,Печенье,Снят
2025-07-03,Печенье на закваске шоколад,4.0,ЦЕХ_2025,Thursday,Печенье,Снят
2025-07-04,Печенье на закваске шоколад,6.0,ЦЕХ_2025,Friday,Печенье,Снят
2025-07-05,Печенье на закваске шоколад,10.0,ЦЕХ_2025,Saturday,Печенье,Снят
2025-07-06,Печенье на закваске шоколад,10.0,ЦЕХ_2025,Sunday,Печенье,Снят
2025-07-07,Печенье на закваске шоколад,5.0,ЦЕХ_2025,Monday,Печенье,Снят
2025-07-09,Печенье на закваске шоколад,5.0,ЦЕХ_2025,Wednesday,Печенье,Снят
2025-07-10,Печенье на закваске шоколад,5.0,ЦЕХ_2025,Thursday,Печенье,Снят
2025-07-11,Печенье на закваске шоколад,6.0,ЦЕХ_2025,Friday,Печенье,Снят
2025-07-12,Печенье на закваске шоколад,15.0,ЦЕХ_2025,Saturday,Печенье,Снят
2025-07-13,Печенье на закваске шоколад,10.0,ЦЕХ_2025,Sunday,Печенье,Снят
2025-07-14,Печенье на закваске шоколад,5.0,ЦЕХ_2025,Monday,Печенье,Снят
2025-07-15,Печенье на закваске шоколад,4.0,ЦЕХ_2025,Tuesday,Печенье,Снят
2025-07-16,Печенье на закваске шоколад,5.0,ЦЕХ_2025,Wednesday,Печенье,Снят
2025-07-17,Печенье на закваске шоколад,5.0,ЦЕХ_2025,Thursday,Печенье,Снят
2025-07-18,Печенье на закваске шоколад,6.0,ЦЕХ_2025,Friday,Печенье,Снят
2025-07-19,Печенье на закваске шоколад,5.0,ЦЕХ_2025,Saturday,Печенье,Снят
2025-07-20,Печенье на закваске шоколад,5.0,ЦЕХ_2025,Sunday,Печенье,Снят
2025-07-21,Печенье на закваске шоколад,5.0,ЦЕХ_2025,Monday,Печенье,Снят
2025-07-22,Печенье на закваске шоколад,4.0,ЦЕХ_2025,Tuesday,Печенье,Снят
2025-07-23,Печенье на закваске шоколад,5.0,ЦЕХ_2025,Wednesday,Печенье,Снят
2025-07-24,Печенье на закваске шоколад,5.0,ЦЕХ_2025,Thursday,Печенье,Снят
2025-07-25,Печенье на закваске шоколад,6.0,ЦЕХ_2025,Friday,Печенье,Снят
2025-07-26,Печенье на закваске шоколад,6.0,ЦЕХ_2025,Saturday,Печенье,Снят
2025-07-27,Печенье на закваске шоколад,5.0,ЦЕХ_2025,Sunday,Печенье,Снят
2025-07-28,Печенье на закваске шоколад,5.0,ЦЕХ_2025,Monday,Печенье,Снят
2025-07-29,Печенье на закваске шоколад,4.0,ЦЕХ_2025,Tuesday,Печенье,Снят
2025-07-30,Печенье на закваске шоколад,5.0,ЦЕХ_2025,Wednesday,Печенье,Снят
2025-07-31,Печенье на закваске шоколад,5.0,ЦЕХ_2025,Thursday,Печенье,Снят
2025-08-01,Печенье на закваске шоколад,6.0,ЦЕХ_2025,Friday,Печенье,Снят
2025-08-02,Печенье на закваске шоколад,6.0,ЦЕХ_2025,Saturday,Печенье,Снят
2025-08-03,Печенье на закваске шоколад,5.0,ЦЕХ_2025,Sunday,Печенье,Снят
2025-08-04,Печенье на закваске шоколад,5.0,ЦЕХ_2025,Monday,Печенье,Снят
2025-08-05,Печенье на закваске шоколад,4.0,ЦЕХ_2025,Tuesday,Печенье,Снят
2025-08-06,Печенье на закваске шоколад,5.0,ЦЕХ_2025,Wednesday,Печенье,Снят
2025-08-07,Печенье на закваске шоколад,5.0,ЦЕХ_2025,Thursday,Печенье,Снят
2025-08-08,Печенье на закваске шоколад,6.0,ЦЕХ_2025,Friday,Печенье,Снят
2025-08-09,Печенье на закваске шоколад,6.0,ЦЕХ_2025,Saturday,Печенье,Снят
2025-08-10,Печенье на закваске шоколад,5.0,ЦЕХ_2025,Sunday,Печенье,Снят
2025-08-11,Печенье на закваске шоколад,5.0,ЦЕХ_2025,Monday,Печенье,Снят
2025-08-12,Печенье на закваске шоколад,4.0,ЦЕХ_2025,Tuesday,Печенье,Снят
2025-08-13,Печенье на закваске шоколад,5.0,ЦЕХ_2025,Wednesday,Печенье,Снят
2025-08-14,Печенье на закваске шоколад,5.0,ЦЕХ_2025,Thursday,Печенье,Снят
2025-08-15,Печенье на закваске шоколад,6.0,ЦЕХ_2025,Friday,Печенье,Снят
2025-08-16,Печенье на закваске шоколад,6.0,ЦЕХ_2025,Saturday,Печенье,Снят
2025-08-17,Печенье на закваске шоколад,5.0,ЦЕХ_2025,Sunday,Печенье,Снят
2025-08-19,Печенье на закваске шоколад,4.0,ЦЕХ_2025,Tuesday,Печенье,Снят
2025-08-20,Печенье на закваске шоколад,5.0,ЦЕХ_2025,Wednesday,Печенье,Снят
2025-08-21,Печенье на закваске шоколад,5.0,ЦЕХ_2025,Thursday,Печенье,Снят
2025-08-22,Печенье на закваске шоколад,6.0,ЦЕХ_2025,Friday,Печенье,Снят
2025-08-23,Печенье на закваске шоколад,6.0,ЦЕХ_2025,Saturday,Печенье,Снят
2025-08-24,Печенье на закваске шоколад,5.0,ЦЕХ_2025,Sunday,Печенье,Снят
2025-08-25,Печенье на закваске шоколад,5.0,ЦЕХ_2025,Monday,Печенье,Снят
2025-08-26,Печенье на закваске шоколад,4.0,ЦЕХ_2025,Tuesday,Печенье,Снят
2025-08-27,Печенье на закваске шоколад,5.0,ЦЕХ_2025,Wednesday,Печенье,Снят
2025-08-28,Печенье на закваске шоколад,5.0,ЦЕХ_2025,Thursday,Печенье,Снят
2025-08-29,Печенье на закваске шоколад,6.0,ЦЕХ_2025,Friday,Печенье,Снят
2025-08-30,Печенье на закваске шоколад,6.0,ЦЕХ_2025,Saturday,Печенье,Снят
2025-08-31,Печенье на закваске шоколад,5.0,ЦЕХ_2025,Sunday,Печенье,Снят
2025-08-14,Печенье шоколадное с солью,6.0,ЦЕХ_2025,Thursday,Печенье,Активный
2025-08-15,Печенье шоколадное с солью,6.0,ЦЕХ_2025,Friday,Печенье,Активный
2025-08-16,Печенье шоколадное с солью,8.0,ЦЕХ_2025,Saturday,Печенье,Активный
2025-08-17,Печенье шоколадное с солью,6.0,ЦЕХ_2025,Sunday,Печенье,Активный
2025-08-21,Печенье шоколадное с солью,6.0,ЦЕХ_2025,Thursday,Печенье,Активный
2025-08-22,Печенье шоколадное с солью,6.0,ЦЕХ_2025,Friday,Печенье,Активный
2025-08-23,Печенье шоколадное с солью,8.0,ЦЕХ_2025,Saturday,Печенье,Активный
2025-08-24,Печенье шоколадное с солью,6.0,ЦЕХ_2025,Sunday,Печенье,Активный
2025-08-28,Печенье шоколадное с солью,6.0,ЦЕХ_2025,Thursday,Печенье,Активный
2025-08-29,Печенье шоколадное с солью,6.0,ЦЕХ_2025,Friday,Печенье,Активный
2025-08-30,Печенье шоколадное с солью,6.0,ЦЕХ_2025,Saturday,Печенье,Активный
2025-08-31,Печенье шоколадное с солью,6.0,ЦЕХ_2025,Sunday,Печенье,Активный
2025-06-01,Синнабоны шоколад-пекан-карамель,20.0,ЦЕХ_2025,Sunday,Выпечка,Активный
2025-06-02,Синнабоны шоколад-пекан-карамель,8.0,ЦЕХ_2025,Monday,Выпечка,Активный
2025-06-03,Синнабоны шоколад-пекан-карамель,8.0,ЦЕХ_2025,Tuesday,Выпечка,Активный
2025-06-04,Синнабоны шоколад-пекан-карамель,8.0,ЦЕХ_2025,Wednesday,Выпечка,Активный
2025-06-05,Синнабоны шоколад-пекан-карамель,10.0,ЦЕХ_2025,Thursday,Выпечка,Активный
2025-06-06,Синнабоны шоколад-пекан-карамель,16.0,ЦЕХ_2025,Friday,Выпечка,Активный
2025-06-07,Синнабоны шоколад-пекан-карамель,20.0,ЦЕХ_2025,Saturday,Выпечка,Активный
2025-06-08,Синнабоны шоколад-пекан-карамель,20.0,ЦЕХ_2025,Sunday,Выпечка,Активный
2025-06-09,Синнабоны шоколад-пекан-карамель,8.0,ЦЕХ_2025,Monday,Выпечка,Активный
2025-06-10,Синнабоны шоколад-пекан-карамель,8.0,ЦЕХ_2025,Tuesday,Выпечка,Активный
2025-06-11,Синнабоны шоколад-пекан-карамель,8.0,ЦЕХ_2025,Wednesday,Выпечка,Активный
2025-06-12,Синнабоны шоколад-пекан-карамель,12.0,ЦЕХ_2025,Thursday,Выпечка,Активный
2025-06-13,Синнабоны шоколад-пекан-карамель,20.0,ЦЕХ_2025,Friday,Выпечка,Активный
2025-06-14,Синнабоны шоколад-пекан-карамель,20.0,ЦЕХ_2025,Saturday,Выпечка,Активный
2025-06-15,Синнабоны шоколад-пекан-карамель,20.0,ЦЕХ_2025,Sunday,Выпечка,Активный
2025-06-16,Синнабоны шоколад-пекан-карамель,8.0,ЦЕХ_2025,Monday,Выпечка,Активный
2025-06-17,Синнабоны шоколад-пекан-карамель,8.0,ЦЕХ_2025,Tuesday,Выпечка,Активный
2025-06-18,Синнабоны шоколад-пекан-карамель,8.0,ЦЕХ_2025,Wednesday,Выпечка,Активный
2025-06-19,Синнабоны шоколад-пекан-карамель,12.0,ЦЕХ_2025,Thursday,Выпечка,Активный
2025-06-20,Синнабоны шоколад-пекан-карамель,20.0,ЦЕХ_2025,Friday,Выпечка,Активный
2025-06-21,Синнабоны шоколад-пекан-карамель,30.0,ЦЕХ_2025,Saturday,Выпечка,Активный
2025-06-22,Синнабоны шоколад-пекан-карамель,30.0,ЦЕХ_2025,Sunday,Выпечка,Активный
2025-06-23,Синнабоны шоколад-пекан-карамель,8.0,ЦЕХ_2025,Monday,Выпечка,Активный
2025-06-24,Синнабоны шоколад-пекан-карамель,8.0,ЦЕХ_2025,Tuesday,Выпечка,Активный
2025-06-25,Синнабоны шоколад-пекан-карамель,8.0,ЦЕХ_2025,Wednesday,Выпечка,Активный
2025-06-26,Синнабоны шоколад-пекан-карамель,12.0,ЦЕХ_2025,Thursday,Выпечка,Активный
2025-06-27,Синнабоны шоколад-пекан-карамель,20.0,ЦЕХ_2025,Friday,Выпечка,Активный
2025-06-28,Синнабоны шоколад-пекан-карамель,35.0,ЦЕХ_2025,Saturday,Выпечка,Активный
2025-06-30,Синнабоны шоколад-пекан-карамель,8.0,ЦЕХ_2025,Monday,Выпечка,Активный
2025-07-01,Синнабоны шоколад-пекан-карамель,8.0,ЦЕХ_2025,Tuesday,Выпечка,Активный
2025-07-02,Синнабоны шоколад-пекан-карамель,8.0,ЦЕХ_2025,Wednesday,Выпечка,Активный
2025-07-03,Синнабоны шоколад-пекан-карамель,12.0,ЦЕХ_2025,Thursday,Выпечка,Активный
2025-07-04,Синнабоны шоколад-пекан-карамель,16.0,ЦЕХ_2025,Friday,Выпечка,Активный
2025-07-05,Синнабоны шоколад-пекан-карамель,30.0,ЦЕХ_2025,Saturday,Выпечка,Активный
2025-07-06,Синнабоны шоколад-пекан-карамель,30.0,ЦЕХ_2025,Sunday,Выпечка,Активный
2025-07-07,Синнабоны шоколад-пекан-карамель,12.0,ЦЕХ_2025,Monday,Выпечка,Активный
2025-07-08,Синнабоны шоколад-пекан-карамель,12.0,ЦЕХ_2025,Tuesday,Выпечка,Активный
2025-07-09,Синнабоны шоколад-пекан-карамель,16.0,ЦЕХ_2025,Wednesday,Выпечка,Активный
2025-07-10,Синнабоны шоколад-пекан-карамель,16.0,ЦЕХ_2025,Thursday,Выпечка,Активный
2025-07-11,Синнабоны шоколад-пекан-карамель,20.0,ЦЕХ_2025,Friday,Выпечка,Активный
2025-07-12,Синнабоны шоколад-пекан-карамель,36.0,ЦЕХ_2025,Saturday,Выпечка,Активный
2025-07-13,Синнабоны шоколад-пекан-карамель,24.0,ЦЕХ_2025,Sunday,Выпечка,Активный
2025-07-14,Синнабоны шоколад-пекан-карамель,12.0,ЦЕХ_2025,Monday,Выпечка,Активный
2025-07-15,Синнабоны шоколад-пекан-карамель,12.0,ЦЕХ_2025,Tuesday,Выпечка,Активный
2025-07-16,Синнабоны шоколад-пекан-карамель,16.0,ЦЕХ_2025,Wednesday,Выпечка,Активный
2025-07-17,Синнабоны шоколад-пекан-карамель,16.0,ЦЕХ_2025,Thursday,Выпечка,Активный
2025-07-18,Синнабоны шоколад-пекан-карамель,20.0,ЦЕХ_2025,Friday,Выпечка,Активный
2025-07-19,Синнабоны шоколад-пекан-карамель,25.0,ЦЕХ_2025,Saturday,Выпечка,Активный
2025-07-20,Синнабоны шоколад-пекан-карамель,25.0,ЦЕХ_2025,Sunday,Выпечка,Активный
2025-07-21,Синнабоны шоколад-пекан-карамель,12.0,ЦЕХ_2025,Monday,Выпечка,Активный
2025-07-22,Синнабоны шоколад-пекан-карамель,12.0,ЦЕХ_2025,Tuesday,Выпечка,Активный
2025-07-23,Синнабоны шоколад-пекан-карамель,12.0,ЦЕХ_2025,Wednesday,Выпечка,Активный
2025-07-24,Синнабоны шоколад-пекан-карамель,12.0,ЦЕХ_2025,Thursday,Выпечка,Активный
2025-07-25,Синнабоны шоколад-пекан-карамель,20.0,ЦЕХ_2025,Friday,Выпечка,Активный
2025-07-26,Синнабоны шоколад-пекан-карамель,25.0,ЦЕХ_2025,Saturday,Выпечка,Активный
2025-07-27,Синнабоны шоколад-пекан-карамель,25.0,ЦЕХ_2025,Sunday,Выпечка,Активный
2025-07-28,Синнабоны шоколад-пекан-карамель,12.0,ЦЕХ_2025,Monday,Выпечка,Активный
2025-07-29,Синнабоны шоколад-пекан-карамель,12.0,ЦЕХ_2025,Tuesday,Выпечка,Активный
2025-07-30,Синнабоны шоколад-пекан-карамель,12.0,ЦЕХ_2025,Wednesday,Выпечка,Активный
2025-07-31,Синнабоны шоколад-пекан-карамель,12.0,ЦЕХ_2025,Thursday,Выпечка,Активный
2025-08-01,Синнабоны шоколад-пекан-карамель,20.0,ЦЕХ_2025,Friday,Выпечка,Активный
2025-08-02,Синнабоны шоколад-пекан-карамель,25.0,ЦЕХ_2025,Saturday,Выпечка,Активный
2025-08-03,Синнабоны шоколад-пекан-карамель,25.0,ЦЕХ_2025,Sunday,Выпечка,Активный
2025-08-04,Синнабоны шоколад-пекан-карамель,12.0,ЦЕХ_2025,Monday,Выпечка,Активный
2025-08-05,Синнабоны шоколад-пекан-карамель,12.0,ЦЕХ_2025,Tuesday,Выпечка,Активный
2025-08-06,Синнабоны шоколад-пекан-карамель,12.0,ЦЕХ_2025,Wednesday,Выпечка,Активный
2025-08-07,Синнабоны шоколад-пекан-карамель,12.0,ЦЕХ_2025,Thursday,Выпечка,Активный
2025-08-08,Синнабоны шоколад-пекан-карамель,20.0,ЦЕХ_2025,Friday,Выпечка,Активный
2025-08-09,Синнабоны шоколад-пекан-карамель,25.0,ЦЕХ_2025,Saturday,Выпечка,Активный
2025-08-10,Синнабоны шоколад-пекан-карамель,25.0,ЦЕХ_2025,Sunday,Выпечка,Активный
2025-08-11,Синнабоны шоколад-пекан-карамель,12.0,ЦЕХ_2025,Monday,Выпечка,Активный
2025-08-12,Синнабоны шоколад-пекан-карамель,12.0,ЦЕХ_2025,Tuesday,Выпечка,Активный
2025-08-13,Синнабоны шоколад-пекан-карамель,12.0,ЦЕХ_2025,Wednesday,Выпечка,Активный
2025-08-14,Синнабоны шоколад-пекан-карамель,12.0,ЦЕХ_2025,Thursday,Выпечка,Активный
2025-08-15,Синнабоны шоколад-пекан-карамель,20.0,ЦЕХ_2025,Friday,Выпечка,Активный
2025-08-16,Синнабоны шоколад-пекан-карамель,25.0,ЦЕХ_2025,Saturday,Выпечка,Активный
2025-08-17,Синнабоны шоколад-пекан-карамель,25.0,ЦЕХ_2025,Sunday,Выпечка,Активный
2025-08-19,Синнабоны шоколад-пекан-карамель,12.0,ЦЕХ_2025,Tuesday,Выпечка,Активный
2025-08-20,Синнабоны шоколад-пекан-карамель,12.0,ЦЕХ_2025,Wednesday,Выпечка,Активный
2025-08-21,Синнабоны шоколад-пекан-карамель,12.0,ЦЕХ_2025,Thursday,Выпечка,Активный
2025-08-22,Синнабоны шоколад-пекан-карамель,20.0,ЦЕХ_2025,Friday,Выпечка,Активный
2025-08-23,Синнабоны шоколад-пекан-карамель,25.0,ЦЕХ_2025,Saturday,Выпечка,Активный
2025-08-24,Синнабоны шоколад-пекан-карамель,25.0,ЦЕХ_2025,Sunday,Выпечка,Активный
2025-08-25,Синнабоны шоколад-пекан-карамель,12.0,ЦЕХ_2025,Monday,Выпечка,Активный
2025-08-26,Синнабоны шоколад-пекан-карамель,12.0,ЦЕХ_2025,Tuesday,Выпечка,Активный
2025-08-27,Синнабоны шоколад-пекан-карамель,12.0,ЦЕХ_2025,Wednesday,Выпечка,Активный
2025-08-28,Синнабоны шоколад-пекан-карамель,12.0,ЦЕХ_2025,Thursday,Выпечка,Активный
2025-08-29,Синнабоны шоколад-пекан-карамель,20.0,ЦЕХ_2025,Friday,Выпечка,Активный
2025-08-30,Синнабоны шоколад-пекан-карамель,25.0,ЦЕХ_2025,Saturday,Выпечка,Активный
2025-08-31,Синнабоны шоколад-пекан-карамель,25.0,ЦЕХ_2025,Sunday,Выпечка,Активный
2025-06-01,"Тартин 0,75",18.0,ЦЕХ_2025,Sunday,Хлеб,Активный
2025-06-02,"Тартин 0,75",12.0,ЦЕХ_2025,Monday,Хлеб,Активный
2025-06-03,"Тартин 0,75",12.0,ЦЕХ_2025,Tuesday,Хлеб,Активный
2025-06-04,"Тартин 0,75",12.0,ЦЕХ_2025,Wednesday,Хлеб,Активный
2025-06-05,"Тартин 0,75",12.0,ЦЕХ_2025,Thursday,Хлеб,Активный
2025-06-06,"Тартин 0,75",16.0,ЦЕХ_2025,Friday,Хлеб,Активный
2025-06-07,"Тартин 0,75",18.0,ЦЕХ_2025,Saturday,Хлеб,Активный
2025-06-08,"Тартин 0,75",18.0,ЦЕХ_2025,Sunday,Хлеб,Активный
2025-06-09,"Тартин 0,75",12.0,ЦЕХ_2025,Monday,Хлеб,Активный
2025-06-10,"Тартин 0,75",12.0,ЦЕХ_2025,Tuesday,Хлеб,Активный
2025-06-11,"Тартин 0,75",12.0,ЦЕХ_2025,Wednesday,Хлеб,Активный
2025-06-12,"Тартин 0,75",12.0,ЦЕХ_2025,Thursday,Хлеб,Активный
2025-06-13,"Тартин 0,75",16.0,ЦЕХ_2025,Friday,Хлеб,Активный
2025-06-14,"Тартин 0,75",18.0,ЦЕХ_2025,Saturday,Хлеб,Активный
2025-06-15,"Тартин 0,75",18.0,ЦЕХ_2025,Sunday,Хлеб,Активный
2025-06-16,"Тартин 0,75",12.0,ЦЕХ_2025,Monday,Хлеб,Активный
2025-06-17,"Тартин 0,75",12.0,ЦЕХ_2025,Tuesday,Хлеб,Активный
2025-06-18,"Тартин 0,75",12.0,ЦЕХ_2025,Wednesday,Хлеб,Активный
2025-06-19,"Тартин 0,75",12.0,ЦЕХ_2025,Thursday,Хлеб,Активный
2025-06-20,"Тартин 0,75",16.0,ЦЕХ_2025,Friday,Хлеб,Активный
2025-06-21,"Тартин 0,75",23.0,ЦЕХ_2025,Saturday,Хлеб,Активный
2025-06-22,"Тартин 0,75",20.0,ЦЕХ_2025,Sunday,Хлеб,Активный
2025-06-23,"Тартин 0,75",12.0,ЦЕХ_2025,Monday,Хлеб,Активный
2025-06-24,"Тартин 0,75",12.0,ЦЕХ_2025,Tuesday,Хлеб,Активный
2025-06-25,"Тартин 0,75",12.0,ЦЕХ_2025,Wednesday,Хлеб,Активный
2025-06-26,"Тартин 0,75",12.0,ЦЕХ_2025,Thursday,Хлеб,Активный
2025-06-27,"Тартин 0,75",16.0,ЦЕХ_2025,Friday,Хлеб,Активный
2025-06-28,"Тартин 0,75",22.0,ЦЕХ_2025,Saturday,Хлеб,Активный
2025-06-29,"Тартин 0,75",22.0,ЦЕХ_2025,Sunday,Хлеб,Активный
2025-06-30,"Тартин 0,75",12.0,ЦЕХ_2025,Monday,Хлеб,Активный
2025-07-01,"Тартин 0,75",12.0,ЦЕХ_2025,Tuesday,Хлеб,Активный
2025-07-02,"Тартин 0,75",12.0,ЦЕХ_2025,Wednesday,Хлеб,Активный
2025-07-03,"Тартин 0,75",12.0,ЦЕХ_2025,Thursday,Хлеб,Активный
2025-07-04,"Тартин 0,75",16.0,ЦЕХ_2025,Friday,Хлеб,Активный
2025-07-05,"Тартин 0,75",18.0,ЦЕХ_2025,Saturday,Хлеб,Активный
2025-07-06,"Тартин 0,75",18.0,ЦЕХ_2025,Sunday,Хлеб,Активный
2025-07-07,"Тартин 0,75",12.0,ЦЕХ_2025,Monday,Хлеб,Активный
2025-07-08,"Тартин 0,75",12.0,ЦЕХ_2025,Tuesday,Хлеб,Активный
2025-07-09,"Тартин 0,75",12.0,ЦЕХ_2025,Wednesday,Хлеб,Активный
2025-07-10,"Тартин 0,75",12.0,ЦЕХ_2025,Thursday,Хлеб,Активный
2025-07-11,"Тартин 0,75",16.0,ЦЕХ_2025,Friday,Хлеб,Активный
2025-07-12,"Тартин 0,75",20.0,ЦЕХ_2025,Saturday,Хлеб,Активный
2025-07-13,"Тартин 0,75",20.0,ЦЕХ_2025,Sunday,Хлеб,Активный
2025-07-14,"Тартин 0,75",12.0,ЦЕХ_2025,Monday,Хлеб,Активный
2025-07-15,"Тартин 0,75",12.0,ЦЕХ_2025,Tuesday,Хлеб,Активный
2025-07-16,"Тартин 0,75",12.0,ЦЕХ_2025,Wednesday,Хлеб,Активный
2025-07-17,"Тартин 0,75",12.0,ЦЕХ_2025,Thursday,Хлеб,Активный
2025-07-18,"Тартин 0,75",18.0,ЦЕХ_2025,Friday,Хлеб,Активный
2025-07-19,"Тартин 0,75",20.0,ЦЕХ_2025,Saturday,Хлеб,Активный
2025-07-20,"Тартин 0,75",20.0,ЦЕХ_2025,Sunday,Хлеб,Активный
2025-07-21,"Тартин 0,75",12.0,ЦЕХ_2025,Monday,Хлеб,Активный
2025-07-22,"Тартин 0,75",12.0,ЦЕХ_2025,Tuesday,Хлеб,Активный
2025-07-23,"Тартин 0,75",12.0,ЦЕХ_2025,Wednesday,Хлеб,Активный
2025-07-24,"Тартин 0,75",12.0,ЦЕХ_2025,Thursday,Хлеб,Активный
2025-07-25,"Тартин 0,75",18.0,ЦЕХ_2025,Friday,Хлеб,Активный
2025-07-26,"Тартин 0,75",20.0,ЦЕХ_2025,Saturday,Хлеб,Активный
2025-07-27,"Тартин 0,75",20.0,ЦЕХ_2025,Sunday,Хлеб,Активный
2025-07-28,"Тартин 0,75",12.0,ЦЕХ_2025,Monday,Хлеб,Активный
2025-07-29,"Тартин 0,75",12.0,ЦЕХ_2025,Tuesday,Хлеб,Активный
2025-07-30,"Тартин 0,75",12.0,ЦЕХ_2025,Wednesday,Хлеб,Активный
2025-07-31,"Тартин 0,75",12.0,ЦЕХ_2025,Thursday,Хлеб,Активный
2025-08-01,"Тартин 0,75",18.0,ЦЕХ_2025,Friday,Хлеб,Активный
2025-08-02,"Тартин 0,75",20.0,ЦЕХ_2025,Saturday,Хлеб,Активный
2025-08-03,"Тартин 0,75",20.0,ЦЕХ_2025,Sunday,Хлеб,Активный
2025-08-04,"Тартин 0,75",12.0,ЦЕХ_2025,Monday,Хлеб,Активный
2025-08-05,"Тартин 0,75",12.0,ЦЕХ_2025,Tuesday,Хлеб,Активный
2025-08-06,"Тартин 0,75",12.0,ЦЕХ_2025,Wednesday,Хлеб,Активный
2025-08-07,"Тартин 0,75",12.0,ЦЕХ_2025,Thursday,Хлеб,Активный
2025-08-08,"Тартин 0,75",18.0,ЦЕХ_2025,Friday,Хлеб,Активный
2025-08-09,"Тартин 0,75",20.0,ЦЕХ_2025,Saturday,Хлеб,Активный
2025-08-10,"Тартин 0,75",20.0,ЦЕХ_2025,Sunday,Хлеб,Активный
2025-08-11,"Тартин 0,75",12.0,ЦЕХ_2025,Monday,Хлеб,Активный
2025-08-12,"Тартин 0,75",12.0,ЦЕХ_2025,Tuesday,Хлеб,Активный
2025-08-13,"Тартин 0,75",12.0,ЦЕХ_2025,Wednesday,Хлеб,Активный
2025-08-14,"Тартин 0,75",8.0,ЦЕХ_2025,Thursday,Хлеб,Активный
2025-08-15,"Тартин 0,75",18.0,ЦЕХ_2025,Friday,Хлеб,Активный
2025-08-16,"Тартин 0,75",20.0,ЦЕХ_2025,Saturday,Хлеб,Активный
2025-08-17,"Тартин 0,75",20.0,ЦЕХ_2025,Sunday,Хлеб,Активный
2025-08-19,"Тартин 0,75",12.0,ЦЕХ_2025,Tuesday,Хлеб,Активный
2025-08-20,"Тартин 0,75",12.0,ЦЕХ_2025,Wednesday,Хлеб,Активный
2025-08-21,"Тартин 0,75",8.0,ЦЕХ_2025,Thursday,Хлеб,Активный
2025-08-22,"Тартин 0,75",18.0,ЦЕХ_2025,Friday,Хлеб,Активный
2025-08-23,"Тартин 0,75",20.0,ЦЕХ_2025,Saturday,Хлеб,Активный
2025-08-24,"Тартин 0,75",20.0,ЦЕХ_2025,Sunday,Хлеб,Активный
2025-08-25,"Тартин 0,75",12.0,ЦЕХ_2025,Monday,Хлеб,Активный
2025-08-26,"Тартин 0,75",12.0,ЦЕХ_2025,Tuesday,Хлеб,Активный
2025-08-27,"Тартин 0,75",12.0,ЦЕХ_2025,Wednesday,Хлеб,Активный
2025-08-28,"Тартин 0,75",8.0,ЦЕХ_2025,Thursday,Хлеб,Активный
2025-08-29,"Тартин 0,75",18.0,ЦЕХ_2025,Friday,Хлеб,Активный
2025-08-30,"Тартин 0,75",20.0,ЦЕХ_2025,Saturday,Хлеб,Активный
2025-08-31,"Тартин 0,75",20.0,ЦЕХ_2025,Sunday,Хлеб,Активный
2025-06-01,Тартин гречка,10.0,ЦЕХ_2025,Sunday,Хлеб,Активный
2025-06-02,Тартин гречка,6.0,ЦЕХ_2025,Monday,Хлеб,Активный
2025-06-03,Тартин гречка,6.0,ЦЕХ_2025,Tuesday,Хлеб,Активный
2025-06-04,Тартин гречка,8.0,ЦЕХ_2025,Wednesday,Хлеб,Активный
2025-06-05,Тартин гречка,8.0,ЦЕХ_2025,Thursday,Хлеб,Активный
2025-06-06,Тартин гречка,8.0,ЦЕХ_2025,Friday,Хлеб,Активный
2025-06-07,Тартин гречка,10.0,ЦЕХ_2025,Saturday,Хлеб,Активный
2025-06-08,Тартин гречка,10.0,ЦЕХ_2025,Sunday,Хлеб,Активный
2025-06-09,Тартин гречка,6.0,ЦЕХ_2025,Monday,Хлеб,Активный
2025-06-10,Тартин гречка,6.0,ЦЕХ_2025,Tuesday,Хлеб,Активный
2025-06-11,Тартин гречка,8.0,ЦЕХ_2025,Wednesday,Хлеб,Активный
2025-06-12,Тартин гречка,8.0,ЦЕХ_2025,Thursday,Хлеб,Активный
2025-06-13,Тартин гречка,8.0,ЦЕХ_2025,Friday,Хлеб,Активный
2025-06-14,Тартин гречка,10.0,ЦЕХ_2025,Saturday,Хлеб,Активный
2025-06-15,Тартин гречка,10.0,ЦЕХ_2025,Sunday,Хлеб,Активный
2025-06-16,Тартин гречка,6.0,ЦЕХ_2025,Monday,Хлеб,Активный
2025-06-17,Тартин гречка,6.0,ЦЕХ_2025,Tuesday,Хлеб,Активный
2025-06-18,Тартин гречка,8.0,ЦЕХ_2025,Wednesday,Хлеб,Активный
2025-06-19,Тартин гречка,8.0,ЦЕХ_2025,Thursday,Хлеб,Активный
2025-06-20,Тартин гречка,8.0,ЦЕХ_2025,Friday,Хлеб,Активный
2025-06-21,Тартин гречка,12.0,ЦЕХ_2025,Saturday,Хлеб,Активный
2025-06-22,Тартин гречка,12.0,ЦЕХ_2025,Sunday,Хлеб,Активный
2025-06-23,Тартин гречка,6.0,ЦЕХ_2025,Monday,Хлеб,Активный
2025-06-24,Тартин гречка,6.0,ЦЕХ_2025,Tuesday,Хлеб,Активный
2025-06-25,Тартин гречка,8.0,ЦЕХ_2025,Wednesday,Хлеб,Активный
2025-06-26,Тартин гречка,8.0,ЦЕХ_2025,Thursday,Хлеб,Активный
2025-06-27,Тартин гречка,8.0,ЦЕХ_2025,Friday,Хлеб,Активный
2025-06-28,Тартин гречка,14.0,ЦЕХ_2025,Saturday,Хлеб,Активный
2025-06-29,Тартин гречка,14.0,ЦЕХ_2025,Sunday,Хлеб,Активный
2025-06-30,Тартин гречка,6.0,ЦЕХ_2025,Monday,Хлеб,Активный
2025-07-01,Тартин гречка,6.0,ЦЕХ_2025,Tuesday,Хлеб,Активный
2025-07-02,Тартин гречка,8.0,ЦЕХ_2025,Wednesday,Хлеб,Активный
2025-07-03,Тартин гречка,8.0,ЦЕХ_2025,Thursday,Хлеб,Активный
2025-07-04,Тартин гречка,8.0,ЦЕХ_2025,Friday,Хлеб,Активный
2025-07-05,Тартин гречка,10.0,ЦЕХ_2025,Saturday,Хлеб,Активный
2025-07-06,Тартин гречка,12.0,ЦЕХ_2025,Sunday,Хлеб,Активный
2025-07-07,Тартин гречка,8.0,ЦЕХ_2025,Monday,Хлеб,Активный
2025-07-08,Тартин гречка,8.0,ЦЕХ_2025,Tuesday,Хлеб,Активный
2025-07-09,Тартин гречка,8.0,ЦЕХ_2025,Wednesday,Хлеб,Активный
2025-07-10,Тартин гречка,8.0,ЦЕХ_2025,Thursday,Хлеб,Активный
2025-07-11,Тартин гречка,8.0,ЦЕХ_2025,Friday,Хлеб,Активный
2025-07-12,Тартин гречка,14.0,ЦЕХ_2025,Saturday,Хлеб,Активный
2025-07-13,Тартин гречка,14.0,ЦЕХ_2025,Sunday,Хлеб,Активный
2025-07-14,Тартин гречка,8.0,ЦЕХ_2025,Monday,Хлеб,Активный
2025-07-15,Тартин гречка,8.0,ЦЕХ_2025,Tuesday,Хлеб,Активный
2025-07-16,Тартин гречка,8.0,ЦЕХ_2025,Wednesday,Хлеб,Активный
2025-07-17,Тартин гречка,8.0,ЦЕХ_2025,Thursday,Хлеб,Активный
2025-07-18,Тартин гречка,8.0,ЦЕХ_2025,Friday,Хлеб,Активный
2025-07-19,Тартин гречка,14.0,ЦЕХ_2025,Saturday,Хлеб,Активный
2025-07-20,Тартин гречка,14.0,ЦЕХ_2025,Sunday,Хлеб,Активный
2025-07-21,Тартин гречка,8.0,ЦЕХ_2025,Monday,Хлеб,Активный
2025-07-22,Тартин гречка,8.0,ЦЕХ_2025,Tuesday,Хлеб,Активный
2025-07-23,Тартин гречка,8.0,ЦЕХ_2025,Wednesday,Хлеб,Активный
2025-07-24,Тартин гречка,8.0,ЦЕХ_2025,Thursday,Хлеб,Активный
2025-07-25,Тартин гречка,8.0,ЦЕХ_2025,Friday,Хлеб,Активный
2025-07-26,Тартин гречка,14.0,ЦЕХ_2025,Saturday,Хлеб,Активный
2025-07-27,Тартин гречка,14.0,ЦЕХ_2025,Sunday,Хлеб,Активный
2025-07-28,Тартин гречка,8.0,ЦЕХ_2025,Monday,Хлеб,Активный
2025-07-29,Тартин гречка,8.0,ЦЕХ_2025,Tuesday,Хлеб,Активный
2025-07-30,Тартин гречка,8.0,ЦЕХ_2025,Wednesday,Хлеб,Активный
2025-07-31,Тартин гречка,8.0,ЦЕХ_2025,Thursday,Хлеб,Активный
2025-08-01,Тартин гречка,8.0,ЦЕХ_2025,Friday,Хлеб,Активный
2025-08-02,Тартин гречка,14.0,ЦЕХ_2025,Saturday,Хлеб,Активный
2025-08-03,Тартин гречка,14.0,ЦЕХ_2025,Sunday,Хлеб,Активный
2025-08-04,Тартин гречка,8.0,ЦЕХ_2025,Monday,Хлеб,Активный
2025-08-05,Тартин гречка,8.0,ЦЕХ_2025,Tuesday,Хлеб,Активный
2025-08-06,Тартин гречка,8.0,ЦЕХ_2025,Wednesday,Хлеб,Активный
2025-08-07,Тартин гречка,8.0,ЦЕХ_2025,Thursday,Хлеб,Активный
2025-08-08,Тартин гречка,8.0,ЦЕХ_2025,Friday,Хлеб,Активный
2025-08-09,Тартин гречка,14.0,ЦЕХ_2025,Saturday,Хлеб,Активный
2025-08-10,Тартин гречка,14.0,ЦЕХ_2025,Sunday,Хлеб,Активный
2025-08-11,Тартин гречка,8.0,ЦЕХ_2025,Monday,Хлеб,Активный
2025-08-12,Тартин гречка,8.0,ЦЕХ_2025,Tuesday,Хлеб,Активный
2025-08-13,Тартин гречка,8.0,ЦЕХ_2025,Wednesday,Хлеб,Активный
2025-08-14,Тартин гречка,8.0,ЦЕХ_2025,Thursday,Хлеб,Активный
2025-08-15,Тартин гречка,8.0,ЦЕХ_2025,Friday,Хлеб,Активный
2025-08-16,Тартин гречка,14.0,ЦЕХ_2025,Saturday,Хлеб,Активный
2025-08-17,Тартин гречка,14.0,ЦЕХ_2025,Sunday,Хлеб,Активный
2025-08-19,Тартин гречка,8.0,ЦЕХ_2025,Tuesday,Хлеб,Активный
2025-08-20,Тартин гречка,8.0,ЦЕХ_2025,Wednesday,Хлеб,Активный
2025-08-21,Тартин гречка,8.0,ЦЕХ_2025,Thursday,Хлеб,Активный
2025-08-22,Тартин гречка,8.0,ЦЕХ_2025,Friday,Хлеб,Активный
2025-08-23,Тартин гречка,14.0,ЦЕХ_2025,Saturday,Хлеб,Активный
2025-08-24,Тартин гречка,14.0,ЦЕХ_2025,Sunday,Хлеб,Активный
2025-08-25,Тартин гречка,8.0,ЦЕХ_2025,Monday,Хлеб,Активный
2025-08-26,Тартин гречка,8.0,ЦЕХ_2025,Tuesday,Хлеб,Активный
2025-08-27,Тартин гречка,8.0,ЦЕХ_2025,Wednesday,Хлеб,Активный
2025-08-28,Тартин гречка,8.0,ЦЕХ_2025,Thursday,Хлеб,Активный
2025-08-29,Тартин гречка,8.0,ЦЕХ_2025,Friday,Хлеб,Активный
2025-08-30,Тартин гречка,14.0,ЦЕХ_2025,Saturday,Хлеб,Активный
2025-08-31,Тартин гречка,14.0,ЦЕХ_2025,Sunday,Хлеб,Активный
2025-06-01,"Тартин 1,5",5.0,ЦЕХ_2025,Sunday,Хлеб,Активный
2025-06-02,"Тартин 1,5",4.0,ЦЕХ_2025,Monday,Хлеб,Активный
2025-06-03,"Тартин 1,5",2.0,ЦЕХ_2025,Tuesday,Хлеб,Активный
2025-06-04,"Тартин 1,5",3.0,ЦЕХ_2025,Wednesday,Хлеб,Активный
2025-06-05,"Тартин 1,5",3.0,ЦЕХ_2025,Thursday,Хлеб,Активный
2025-06-06,"Тартин 1,5",4.0,ЦЕХ_2025,Friday,Хлеб,Активный
2025-06-07,"Тартин 1,5",5.0,ЦЕХ_2025,Saturday,Хлеб,Активный
2025-06-08,"Тартин 1,5",4.0,ЦЕХ_2025,Sunday,Хлеб,Активный
2025-06-09,"Тартин 1,5",4.0,ЦЕХ_2025,Monday,Хлеб,Активный
2025-06-10,"Тартин 1,5",2.0,ЦЕХ_2025,Tuesday,Хлеб,Активный
2025-06-11,"Тартин 1,5",3.0,ЦЕХ_2025,Wednesday,Хлеб,Активный
2025-06-12,"Тартин 1,5",3.0,ЦЕХ_2025,Thursday,Хлеб,Активный
2025-06-13,"Тартин 1,5",3.0,ЦЕХ_2025,Friday,Хлеб,Активный
2025-06-14,"Тартин 1,5",5.0,ЦЕХ_2025,Saturday,Хлеб,Активный
2025-06-15,"Тартин 1,5",5.0,ЦЕХ_2025,Sunday,Хлеб,Активный
2025-06-16,"Тартин 1,5",4.0,ЦЕХ_2025,Monday,Хлеб,Активный
2025-06-17,"Тартин 1,5",4.0,ЦЕХ_2025,Tuesday,Хлеб,Активный
2025-06-18,"Тартин 1,5",4.0,ЦЕХ_2025,Wednesday,Хлеб,Активный
2025-06-19,"Тартин 1,5",4.0,ЦЕХ_2025,Thursday,Хлеб,Активный
2025-06-20,"Тартин 1,5",5.0,ЦЕХ_2025,Friday,Хлеб,Активный
2025-06-21,"Тартин 1,5",10.0,ЦЕХ_2025,Saturday,Хлеб,Активный
2025-06-22,"Тартин 1,5",10.0,ЦЕХ_2025,Sunday,Хлеб,Активный
2025-06-23,"Тартин 1,5",4.0,ЦЕХ_2025,Monday,Хлеб,Активный
2025-06-24,"Тартин 1,5",4.0,ЦЕХ_2025,Tuesday,Хлеб,Активный
2025-06-25,"Тартин 1,5",4.0,ЦЕХ_2025,Wednesday,Хлеб,Активный
2025-06-26,"Тартин 1,5",4.0,ЦЕХ_2025,Thursday,Хлеб,Активный
2025-06-27,"Тартин 1,5",5.0,ЦЕХ_2025,Friday,Хлеб,Активный
2025-06-28,"Тартин 1,5",13.0,ЦЕХ_2025,Saturday,Хлеб,Активный
2025-06-29,"Тартин 1,5",13.0,ЦЕХ_2025,Sunday,Хлеб,Активный
2025-06-30,"Тартин 1,5",4.0,ЦЕХ_2025,Monday,Хлеб,Активный
2025-07-01,"Тартин 1,5",4.0,ЦЕХ_2025,Tuesday,Хлеб,Активный
2025-07-02,"Тартин 1,5",4.0,ЦЕХ_2025,Wednesday,Хлеб,Активный
2025-07-03,"Тартин 1,5",4.0,ЦЕХ_2025,Thursday,Хлеб,Активный
2025-07-04,"Тартин 1,5",5.0,ЦЕХ_2025,Friday,Хлеб,Активный
2025-07-05,"Тартин 1,5",6.0,ЦЕХ_2025,Saturday,Хлеб,Активный
2025-07-06,"Тартин 1,5",9.0,ЦЕХ_2025,Sunday,Хлеб,Активный
2025-07-07,"Тартин 1,5",4.0,ЦЕХ_2025,Monday,Хлеб,Активный
2025-07-08,"Тартин 1,5",4.0,ЦЕХ_2025,Tuesday,Хлеб,Активный
2025-07-09,"Тартин 1,5",4.0,ЦЕХ_2025,Wednesday,Хлеб,Активный
2025-07-10,"Тартин 1,5",4.0,ЦЕХ_2025,Thursday,Хлеб,Активный
2025-07-11,"Тартин 1,5",4.0,ЦЕХ_2025,Friday,Хлеб,Активный
2025-07-12,"Тартин 1,5",16.0,ЦЕХ_2025,Saturday,Хлеб,Активный
2025-07-13,"Тартин 1,5",15.0,ЦЕХ_2025,Sunday,Хлеб,Активный
2025-07-14,"Тартин 1,5",4.0,ЦЕХ_2025,Monday,Хлеб,Активный
2025-07-15,"Тартин 1,5",4.0,ЦЕХ_2025,Tuesday,Хлеб,Активный
2025-07-16,"Тартин 1,5",4.0,ЦЕХ_2025,Wednesday,Хлеб,Активный
2025-07-17,"Тартин 1,5",4.0,ЦЕХ_2025,Thursday,Хлеб,Активный
2025-07-18,"Тартин 1,5",4.0,ЦЕХ_2025,Friday,Хлеб,Активный
2025-07-19,"Тартин 1,5",15.0,ЦЕХ_2025,Saturday,Хлеб,Активный
2025-07-20,"Тартин 1,5",15.0,ЦЕХ_2025,Sunday,Хлеб,Активный
2025-07-21,"Тартин 1,5",4.0,ЦЕХ_2025,Monday,Хлеб,Активный
2025-07-22,"Тартин 1,5",4.0,ЦЕХ_2025,Tuesday,Хлеб,Активный
2025-07-23,"Тартин 1,5",4.0,ЦЕХ_2025,Wednesday,Хлеб,Активный
2025-07-24,"Тартин 1,5",4.0,ЦЕХ_2025,Thursday,Хлеб,Активный
2025-07-25,"Тартин 1,5",4.0,ЦЕХ_2025,Friday,Хлеб,Активный
2025-07-26,"Тартин 1,5",15.0,ЦЕХ_2025,Saturday,Хлеб,Активный
2025-07-27,"Тартин 1,5",15.0,ЦЕХ_2025,Sunday,Хлеб,Активный
2025-07-28,"Тартин 1,5",4.0,ЦЕХ_2025,Monday,Хлеб,Активный
2025-07-29,"Тартин 1,5",4.0,ЦЕХ_2025,Tuesday,Хлеб,Активный
2025-07-30,"Тартин 1,5",4.0,ЦЕХ_2025,Wednesday,Хлеб,Активный
2025-07-31,"Тартин 1,5",4.0,ЦЕХ_2025,Thursday,Хлеб,Активный
2025-08-01,"Тартин 1,5",4.0,ЦЕХ_2025,Friday,Хлеб,Активный
2025-08-02,"Тартин 1,5",15.0,ЦЕХ_2025,Saturday,Хлеб,Активный
2025-08-03,"Тартин 1,5",16.0,ЦЕХ_2025,Sunday,Хлеб,Активный
2025-08-04,"Тартин 1,5",4.0,ЦЕХ_2025,Monday,Хлеб,Активный
2025-08-05,"Тартин 1,5",4.0,ЦЕХ_2025,Tuesday,Хлеб,Активный
2025-08-06,"Тартин 1,5",4.0,ЦЕХ_2025,Wednesday,Хлеб,Активный
2025-08-07,"Тартин 1,5",4.0,ЦЕХ_2025,Thursday,Хлеб,Активный
2025-08-08,"Тартин 1,5",4.0,ЦЕХ_2025,Friday,Хлеб,Активный
2025-08-09,"Тартин 1,5",15.0,ЦЕХ_2025,Saturday,Хлеб,Активный
2025-08-10,"Тартин 1,5",16.0,ЦЕХ_2025,Sunday,Хлеб,Активный
2025-08-11,"Тартин 1,5",4.0,ЦЕХ_2025,Monday,Хлеб,Активный
2025-08-12,"Тартин 1,5",4.0,ЦЕХ_2025,Tuesday,Хлеб,Активный
2025-08-13,"Тартин 1,5",4.0,ЦЕХ_2025,Wednesday,Хлеб,Активный
2025-08-14,"Тартин 1,5",4.0,ЦЕХ_2025,Thursday,Хлеб,Активный
2025-08-15,"Тартин 1,5",4.0,ЦЕХ_2025,Friday,Хлеб,Активный
2025-08-16,"Тартин 1,5",15.0,ЦЕХ_2025,Saturday,Хлеб,Активный
2025-08-17,"Тартин 1,5",15.0,ЦЕХ_2025,Sunday,Хлеб,Активный
2025-08-18,"Тартин 1,5",1.0,ЦЕХ_2025,Monday,Хлеб,Активный
2025-08-19,"Тартин 1,5",4.0,ЦЕХ_2025,Tuesday,Хлеб,Активный
2025-08-20,"Тартин 1,5",4.0,ЦЕХ_2025,Wednesday,Хлеб,Активный
2025-08-21,"Тартин 1,5",4.0,ЦЕХ_2025,Thursday,Хлеб,Активный
2025-08-22,"Тартин 1,5",4.0,ЦЕХ_2025,Friday,Хлеб,Активный
2025-08-23,"Тартин 1,5",14.0,ЦЕХ_2025,Saturday,Хлеб,Активный
2025-08-24,"Тартин 1,5",15.0,ЦЕХ_2025,Sunday,Хлеб,Активный
2025-08-25,"Тартин 1,5",4.0,ЦЕХ_2025,Monday,Хлеб,Активный
2025-08-26,"Тартин 1,5",4.0,ЦЕХ_2025,Tuesday,Хлеб,Активный
2025-08-27,"Тартин 1,5",4.0,ЦЕХ_2025,Wednesday,Хлеб,Активный
2025-08-28,"Тартин 1,5",4.0,ЦЕХ_2025,Thursday,Хлеб,Активный
2025-08-29,"Тартин 1,5",4.0,ЦЕХ_2025,Friday,Хлеб,Активный
2025-08-30,"Тартин 1,5",15.0,ЦЕХ_2025,Saturday,Хлеб,Активный
2025-08-31,"Тартин 1,5",15.0,ЦЕХ_2025,Sunday,Хлеб,Активный
2025-06-01,Фокачча 400х600,5.0,ЦЕХ_2025,Sunday,Хлеб,пф
2025-06-02,Фокачча 400х600,1.0,ЦЕХ_2025,Monday,Хлеб,пф
2025-06-03,Фокачча 400х600,1.0,ЦЕХ_2025,Tuesday,Хлеб,пф
2025-06-04,Фокачча 400х600,1.0,ЦЕХ_2025,Wednesday,Хлеб,пф
2025-06-05,Фокачча 400х600,1.0,ЦЕХ_2025,Thursday,Хлеб,пф
2025-06-06,Фокачча 400х600,3.0,ЦЕХ_2025,Friday,Хлеб,пф
2025-06-07,Фокачча 400х600,3.0,ЦЕХ_2025,Saturday,Хлеб,пф
2025-06-08,Фокачча 400х600,3.0,ЦЕХ_2025,Sunday,Хлеб,пф
2025-06-09,Фокачча 400х600,1.0,ЦЕХ_2025,Monday,Хлеб,пф
2025-06-10,Фокачча 400х600,1.0,ЦЕХ_2025,Tuesday,Хлеб,пф
2025-06-11,Фокачча 400х600,1.0,ЦЕХ_2025,Wednesday,Хлеб,пф
2025-06-12,Фокачча 400х600,2.0,ЦЕХ_2025,Thursday,Хлеб,пф
2025-06-13,Фокачча 400х600,1.0,ЦЕХ_2025,Friday,Хлеб,пф
2025-06-14,Фокачча 400х600,4.0,ЦЕХ_2025,Saturday,Хлеб,пф
2025-06-15,Фокачча 400х600,4.0,ЦЕХ_2025,Sunday,Хлеб,пф
2025-06-16,Фокачча 400х600,1.0,ЦЕХ_2025,Monday,Хлеб,пф
2025-06-17,Фокачча 400х600,1.0,ЦЕХ_2025,Tuesday,Хлеб,пф
2025-06-18,Фокачча 400х600,1.0,ЦЕХ_2025,Wednesday,Хлеб,пф
2025-06-19,Фокачча 400х600,1.0,ЦЕХ_2025,Thursday,Хлеб,пф
2025-06-20,Фокачча 400х600,1.0,ЦЕХ_2025,Friday,Хлеб,пф
2025-06-21,Фокачча 400х600,4.0,ЦЕХ_2025,Saturday,Хлеб,пф
2025-06-22,Фокачча 400х600,4.0,ЦЕХ_2025,Sunday,Хлеб,пф
2025-06-23,Фокачча 400х600,1.0,ЦЕХ_2025,Monday,Хлеб,пф
2025-06-24,Фокачча 400х600,1.0,ЦЕХ_2025,Tuesday,Хлеб,пф
2025-06-25,Фокачча 400х600,1.0,ЦЕХ_2025,Wednesday,Хлеб,пф
2025-06-26,Фокачча 400х600,1.0,ЦЕХ_2025,Thursday,Хлеб,пф
2025-06-27,Фокачча 400х600,1.0,ЦЕХ_2025,Friday,Хлеб,пф
2025-06-28,Фокачча 400х600,5.0,ЦЕХ_2025,Saturday,Хлеб,пф
2025-06-29,Фокачча 400х600,5.0,ЦЕХ_2025,Sunday,Хлеб,пф
2025-06-30,Фокачча 400х600,1.0,ЦЕХ_2025,Monday,Хлеб,пф
2025-07-01,Фокачча 400х600,1.0,ЦЕХ_2025,Tuesday,Хлеб,пф
2025-07-02,Фокачча 400х600,1.0,ЦЕХ_2025,Wednesday,Хлеб,пф
2025-07-03,Фокачча 400х600,2.0,ЦЕХ_2025,Thursday,Хлеб,пф
2025-07-04,Фокачча 400х600,2.0,ЦЕХ_2025,Friday,Хлеб,пф
2025-07-05,Фокачча 400х600,5.0,ЦЕХ_2025,Saturday,Хлеб,пф
2025-07-06,Фокачча 400х600,5.0,ЦЕХ_2025,Sunday,Хлеб,пф
2025-07-07,Фокачча 400х600,2.0,ЦЕХ_2025,Monday,Хлеб,пф
2025-07-08,Фокачча 400х600,2.0,ЦЕХ_2025,Tuesday,Хлеб,пф
2025-07-09,Фокачча 400х600,2.0,ЦЕХ_2025,Wednesday,Хлеб,пф
2025-07-10,Фокачча 400х600,2.0,ЦЕХ_2025,Thursday,Хлеб,пф
2025-07-11,Фокачча 400х600,2.0,ЦЕХ_2025,Friday,Хлеб,пф
2025-07-12,Фокачча 400х600,6.0,ЦЕХ_2025,Saturday,Хлеб,пф
2025-07-13,Фокачча 400х600,6.0,ЦЕХ_2025,Sunday,Хлеб,пф
2025-07-14,Фокачча 400х600,2.0,ЦЕХ_2025,Monday,Хлеб,пф
2025-07-15,Фокачча 400х600,2.0,ЦЕХ_2025,Tuesday,Хлеб,пф
2025-07-16,Фокачча 400х600,2.0,ЦЕХ_2025,Wednesday,Хлеб,пф
2025-07-17,Фокачча 400х600,2.0,ЦЕХ_2025,Thursday,Хлеб,пф
2025-07-18,Фокачча 400х600,3.0,ЦЕХ_2025,Friday,Хлеб,пф
2025-07-19,Фокачча 400х600,6.0,ЦЕХ_2025,Saturday,Хлеб,пф
2025-07-20,Фокачча 400х600,6.0,ЦЕХ_2025,Sunday,Хлеб,пф
2025-07-21,Фокачча 400х600,2.0,ЦЕХ_2025,Monday,Хлеб,пф
2025-07-22,Фокачча 400х600,2.0,ЦЕХ_2025,Tuesday,Хлеб,пф
2025-07-23,Фокачча 400х600,2.0,ЦЕХ_2025,Wednesday,Хлеб,пф
2025-07-24,Фокачча 400х600,2.0,ЦЕХ_2025,Thursday,Хлеб,пф
2025-07-25,Фокачча 400х600,3.0,ЦЕХ_2025,Friday,Хлеб,пф
2025-07-26,Фокачча 400х600,6.0,ЦЕХ_2025,Saturday,Хлеб,пф
2025-07-27,Фокачча 400х600,6.0,ЦЕХ_2025,Sunday,Хлеб,пф
2025-07-28,Фокачча 400х600,2.0,ЦЕХ_2025,Monday,Хлеб,пф
2025-07-29,Фокачча 400х600,2.0,ЦЕХ_2025,Tuesday,Хлеб,пф
2025-07-30,Фокачча 400х600,2.0,ЦЕХ_2025,Wednesday,Хлеб,пф
2025-07-31,Фокачча 400х600,2.0,ЦЕХ_2025,Thursday,Хлеб,пф
2025-08-01,Фокачча 400х600,3.0,ЦЕХ_2025,Friday,Хлеб,пф
2025-08-02,Фокачча 400х600,6.0,ЦЕХ_2025,Saturday,Хлеб,пф
2025-08-03,Фокачча 400х600,6.0,ЦЕХ_2025,Sunday,Хлеб,пф
2025-08-04,Фокачча 400х600,2.0,ЦЕХ_2025,Monday,Хлеб,пф
2025-08-05,Фокачча 400х600,2.0,ЦЕХ_2025,Tuesday,Хлеб,пф
2025-08-06,Фокачча 400х600,2.0,ЦЕХ_2025,Wednesday,Хлеб,пф
2025-08-07,Фокачча 400х600,2.0,ЦЕХ_2025,Thursday,Хлеб,пф
2025-08-08,Фокачча 400х600,3.0,ЦЕХ_2025,Friday,Хлеб,пф
2025-08-09,Фокачча 400х600,6.0,ЦЕХ_2025,Saturday,Хлеб,пф
2025-08-10,Фокачча 400х600,6.0,ЦЕХ_2025,Sunday,Хлеб,пф
2025-08-11,Фокачча 400х600,2.0,ЦЕХ_2025,Monday,Хлеб,пф
2025-08-12,Фокачча 400х600,2.0,ЦЕХ_2025,Tuesday,Хлеб,пф
2025-08-13,Фокачча 400х600,2.0,ЦЕХ_2025,Wednesday,Хлеб,пф
2025-08-14,Фокачча 400х600,2.0,ЦЕХ_2025,Thursday,Хлеб,пф
2025-08-15,Фокачча 400х600,3.0,ЦЕХ_2025,Friday,Хлеб,пф
2025-08-16,Фокачча 400х600,6.0,ЦЕХ_2025,Saturday,Хлеб,пф
2025-08-17,Фокачча 400х600,6.0,ЦЕХ_2025,Sunday,Хлеб,пф
2025-08-19,Фокачча 400х600,2.0,ЦЕХ_2025,Tuesday,Хлеб,пф
2025-08-20,Фокачча 400х600,2.0,ЦЕХ_2025,Wednesday,Хлеб,пф
2025-08-21,Фокачча 400х600,2.0,ЦЕХ_2025,Thursday,Хлеб,пф
2025-08-22,Фокачча 400х600,3.0,ЦЕХ_2025,Friday,Хлеб,пф
2025-08-23,Фокачча 400х600,8.0,ЦЕХ_2025,Saturday,Хлеб,пф
2025-08-24,Фокачча 400х600,8.0,ЦЕХ_2025,Sunday,Хлеб,пф
2025-08-25,Фокачча 400х600,2.0,ЦЕХ_2025,Monday,Хлеб,пф
2025-08-26,Фокачча 400х600,2.0,ЦЕХ_2025,Tuesday,Хлеб,пф
2025-08-27,Фокачча 400х600,2.0,ЦЕХ_2025,Wednesday,Хлеб,пф
2025-08-28,Фокачча 400х600,2.0,ЦЕХ_2025,Thursday,Хлеб,пф
2025-08-29,Фокачча 400х600,3.0,ЦЕХ_2025,Friday,Хлеб,пф
2025-08-30,Фокачча 400х600,6.0,ЦЕХ_2025,Saturday,Хлеб,пф
2025-08-31,Фокачча 400х600,6.0,ЦЕХ_2025,Sunday,Хлеб,пф
2025-06-28,Фокачча GN 1/3,4.0,ЦЕХ_2025,Saturday,Хлеб,Снят
2025-06-29,Фокачча GN 1/3,4.0,ЦЕХ_2025,Sunday,Хлеб,Снят
2025-07-05,Фокачча GN 1/3,2.0,ЦЕХ_2025,Saturday,Хлеб,Снят
2025-07-06,Фокачча GN 1/3,2.0,ЦЕХ_2025,Sunday,Хлеб,Снят
2025-07-12,Фокачча GN 1/3,2.0,ЦЕХ_2025,Saturday,Хлеб,Снят
2025-07-13,Фокачча GN 1/3,2.0,ЦЕХ_2025,Sunday,Хлеб,Снят
2025-07-19,Фокачча GN 1/3,1.0,ЦЕХ_2025,Saturday,Хлеб,Снят
2025-07-20,Фокачча GN 1/3,1.0,ЦЕХ_2025,Sunday,Хлеб,Снят
2025-07-26,Фокачча GN 1/3,2.0,ЦЕХ_2025,Saturday,Хлеб,Снят
2025-07-27,Фокачча GN 1/3,2.0,ЦЕХ_2025,Sunday,Хлеб,Снят
2025-08-02,Фокачча GN 1/3,2.0,ЦЕХ_2025,Saturday,Хлеб,Снят
2025-08-03,Фокачча GN 1/3,2.0,ЦЕХ_2025,Sunday,Хлеб,Снят
2025-08-09,Фокачча GN 1/3,2.0,ЦЕХ_2025,Saturday,Хлеб,Снят
2025-08-10,Фокачча GN 1/3,2.0,ЦЕХ_2025,Sunday,Хлеб,Снят
2025-08-16,Фокачча GN 1/3,2.0,ЦЕХ_2025,Saturday,Хлеб,Снят
2025-08-17,Фокачча GN 1/3,2.0,ЦЕХ_2025,Sunday,Хлеб,Снят
2025-08-23,Фокачча GN 1/3,2.0,ЦЕХ_2025,Saturday,Хлеб,Снят
2025-08-24,Фокачча GN 1/3,2.0,ЦЕХ_2025,Sunday,Хлеб,Снят
2025-08-30,Фокачча GN 1/3,2.0,ЦЕХ_2025,Saturday,Хлеб,Снят
2025-08-31,Фокачча GN 1/3,2.0,ЦЕХ_2025,Sunday,Хлеб,Снят
2025-06-11,Фокачча GN 2/3,1.0,ЦЕХ_2025,Wednesday,Хлеб,Снят
2025-07-04,Фокачча GN 2/3,1.0,ЦЕХ_2025,Friday,Хлеб,Снят
2025-07-11,Фокачча GN 2/3,1.0,ЦЕХ_2025,Friday,Хлеб,Снят
2025-07-12,Фокачча GN 2/3,2.0,ЦЕХ_2025,Saturday,Хлеб,Снят
2025-07-13,Фокачча GN 2/3,2.0,ЦЕХ_2025,Sunday,Хлеб,Снят
2025-07-18,Фокачча GN 2/3,1.0,ЦЕХ_2025,Friday,Хлеб,Снят
2025-07-19,Фокачча GN 2/3,1.0,ЦЕХ_2025,Saturday,Хлеб,Снят
2025-07-20,Фокачча GN 2/3,1.0,ЦЕХ_2025,Sunday,Хлеб,Снят
2025-07-25,Фокачча GN 2/3,1.0,ЦЕХ_2025,Friday,Хлеб,Снят
2025-07-26,Фокачча GN 2/3,2.0,ЦЕХ_2025,Saturday,Хлеб,Снят
2025-07-27,Фокачча GN 2/3,2.0,ЦЕХ_2025,Sunday,Хлеб,Снят
2025-08-01,Фокачча GN 2/3,1.0,ЦЕХ_2025,Friday,Хлеб,Снят
2025-08-02,Фокачча GN 2/3,2.0,ЦЕХ_2025,Saturday,Хлеб,Снят
2025-08-03,Фокачча GN 2/3,2.0,ЦЕХ_2025,Sunday,Хлеб,Снят
2025-08-08,Фокачча GN 2/3,1.0,ЦЕХ_2025,Friday,Хлеб,Снят
2025-08-09,Фокачча GN 2/3,2.0,ЦЕХ_2025,Saturday,Хлеб,Снят
2025-08-10,Фокачча GN 2/3,2.0,ЦЕХ_2025,Sunday,Хлеб,Снят
2025-08-15,Фокачча GN 2/3,1.0,ЦЕХ_2025,Friday,Хлеб,Снят
2025-08-16,Фокачча GN 2/3,2.0,ЦЕХ_2025,Saturday,Хлеб,Снят
2025-08-17,Фокачча GN 2/3,2.0,ЦЕХ_2025,Sunday,Хлеб,Снят
2025-08-22,Фокачча GN 2/3,1.0,ЦЕХ_2025,Friday,Хлеб,Снят
2025-08-23,Фокачча GN 2/3,2.0,ЦЕХ_2025,Saturday,Хлеб,Снят
2025-08-24,Фокачча GN 2/3,2.0,ЦЕХ_2025,Sunday,Хлеб,Снят
2025-08-29,Фокачча GN 2/3,1.0,ЦЕХ_2025,Friday,Хлеб,Снят
2025-08-30,Фокачча GN 2/3,2.0,ЦЕХ_2025,Saturday,Хлеб,Снят
2025-08-31,Фокачча GN 2/3,2.0,ЦЕХ_2025,Sunday,Хлеб,Снят
2025-06-01,Шу мини ваниль-лимон,15.0,ЦЕХ_2025,Sunday,Десерты,Снят
2025-06-02,Шу мини ваниль-лимон,6.0,ЦЕХ_2025,Monday,Десерты,Снят
2025-06-03,Шу мини ваниль-лимон,6.0,ЦЕХ_2025,Tuesday,Десерты,Снят
2025-06-04,Шу мини ваниль-лимон,6.0,ЦЕХ_2025,Wednesday,Десерты,Снят
2025-06-05,Шу мини ваниль-лимон,6.0,ЦЕХ_2025,Thursday,Десерты,Снят
2025-06-06,Шу мини ваниль-лимон,10.0,ЦЕХ_2025,Friday,Десерты,Снят
2025-06-07,Шу мини ваниль-лимон,30.0,ЦЕХ_2025,Saturday,Десерты,Снят
2025-06-08,Шу мини ваниль-лимон,15.0,ЦЕХ_2025,Sunday,Десерты,Снят
2025-06-09,Шу мини ваниль-лимон,6.0,ЦЕХ_2025,Monday,Десерты,Снят
2025-06-10,Шу мини ваниль-лимон,6.0,ЦЕХ_2025,Tuesday,Десерты,Снят
2025-06-11,Шу мини ваниль-лимон,6.0,ЦЕХ_2025,Wednesday,Десерты,Снят
2025-06-12,Шу мини ваниль-лимон,6.0,ЦЕХ_2025,Thursday,Десерты,Снят
2025-06-13,Шу мини ваниль-лимон,14.0,ЦЕХ_2025,Friday,Десерты,Снят
2025-06-14,Шу мини ваниль-лимон,14.0,ЦЕХ_2025,Saturday,Десерты,Снят
2025-06-15,Шу мини ваниль-лимон,14.0,ЦЕХ_2025,Sunday,Десерты,Снят
2025-06-17,Шу мини ваниль-лимон,6.0,ЦЕХ_2025,Tuesday,Десерты,Снят
2025-06-18,Шу мини ваниль-лимон,6.0,ЦЕХ_2025,Wednesday,Десерты,Снят
2025-06-19,Шу мини ваниль-лимон,6.0,ЦЕХ_2025,Thursday,Десерты,Снят
2025-06-20,Шу мини ваниль-лимон,14.0,ЦЕХ_2025,Friday,Десерты,Снят
2025-06-21,Шу мини ваниль-лимон,20.0,ЦЕХ_2025,Saturday,Десерты,Снят
2025-06-22,Шу мини ваниль-лимон,20.0,ЦЕХ_2025,Sunday,Десерты,Снят
2025-06-23,Шу мини ваниль-лимон,6.0,ЦЕХ_2025,Monday,Десерты,Снят
2025-06-24,Шу мини ваниль-лимон,6.0,ЦЕХ_2025,Tuesday,Десерты,Снят
2025-06-25,Шу мини ваниль-лимон,6.0,ЦЕХ_2025,Wednesday,Десерты,Снят
2025-06-26,Шу мини ваниль-лимон,6.0,ЦЕХ_2025,Thursday,Десерты,Снят
2025-06-27,Шу мини ваниль-лимон,14.0,ЦЕХ_2025,Friday,Десерты,Снят
2025-06-30,Шу мини ваниль-лимон,6.0,ЦЕХ_2025,Monday,Десерты,Снят
2025-07-01,Шу мини ваниль-лимон,6.0,ЦЕХ_2025,Tuesday,Десерты,Снят
2025-07-02,Шу мини ваниль-лимон,6.0,ЦЕХ_2025,Wednesday,Десерты,Снят
2025-07-03,Шу мини ваниль-лимон,6.0,ЦЕХ_2025,Thursday,Десерты,Снят
2025-07-04,Шу мини ваниль-лимон,14.0,ЦЕХ_2025,Friday,Десерты,Снят
2025-07-05,Шу мини ваниль-лимон,20.0,ЦЕХ_2025,Saturday,Десерты,Снят
2025-07-06,Шу мини ваниль-лимон,20.0,ЦЕХ_2025,Sunday,Десерты,Снят
2025-07-07,Шу мини ваниль-лимон,6.0,ЦЕХ_2025,Monday,Десерты,Снят
2025-07-08,Шу мини ваниль-лимон,6.0,ЦЕХ_2025,Tuesday,Десерты,Снят
2025-07-09,Шу мини ваниль-лимон,6.0,ЦЕХ_2025,Wednesday,Десерты,Снят
2025-07-10,Шу мини ваниль-лимон,6.0,ЦЕХ_2025,Thursday,Десерты,Снят
2025-07-11,Шу мини ваниль-лимон,10.0,ЦЕХ_2025,Friday,Десерты,Снят
2025-07-12,Шу мини ваниль-лимон,20.0,ЦЕХ_2025,Saturday,Десерты,Снят
2025-07-13,Шу мини ваниль-лимон,20.0,ЦЕХ_2025,Sunday,Десерты,Снят
2025-07-14,Шу мини ваниль-лимон,6.0,ЦЕХ_2025,Monday,Десерты,Снят
2025-07-15,Шу мини ваниль-лимон,6.0,ЦЕХ_2025,Tuesday,Десерты,Снят
2025-07-16,Шу мини ваниль-лимон,6.0,ЦЕХ_2025,Wednesday,Десерты,Снят
2025-07-17,Шу мини ваниль-лимон,6.0,ЦЕХ_2025,Thursday,Десерты,Снят
2025-07-18,Шу мини ваниль-лимон,10.0,ЦЕХ_2025,Friday,Десерты,Снят
2025-07-19,Шу мини ваниль-лимон,20.0,ЦЕХ_2025,Saturday,Десерты,Снят
2025-07-20,Шу мини ваниль-лимон,20.0,ЦЕХ_2025,Sunday,Десерты,Снят
2025-07-21,Шу мини ваниль-лимон,6.0,ЦЕХ_2025,Monday,Десерты,Снят
2025-07-22,Шу мини ваниль-лимон,6.0,ЦЕХ_2025,Tuesday,Десерты,Снят
2025-07-23,Шу мини ваниль-лимон,6.0,ЦЕХ_2025,Wednesday,Десерты,Снят
2025-07-24,Шу мини ваниль-лимон,6.0,ЦЕХ_2025,Thursday,Десерты,Снят
2025-07-25,Шу мини ваниль-лимон,10.0,ЦЕХ_2025,Friday,Десерты,Снят
2025-07-26,Шу мини ваниль-лимон,20.0,ЦЕХ_2025,Saturday,Десерты,Снят
2025-07-27,Шу мини ваниль-лимон,20.0,ЦЕХ_2025,Sunday,Десерты,Снят
2025-07-28,Шу мини ваниль-лимон,6.0,ЦЕХ_2025,Monday,Десерты,Снят
2025-07-29,Шу мини ваниль-лимон,8.0,ЦЕХ_2025,Tuesday,Десерты,Снят
2025-07-30,Шу мини ваниль-лимон,6.0,ЦЕХ_2025,Wednesday,Десерты,Снят
2025-07-31,Шу мини ваниль-лимон,6.0,ЦЕХ_2025,Thursday,Десерты,Снят
2025-08-01,Шу мини ваниль-лимон,10.0,ЦЕХ_2025,Friday,Десерты,Снят
2025-08-02,Шу мини ваниль-лимон,20.0,ЦЕХ_2025,Saturday,Десерты,Снят
2025-08-03,Шу мини ваниль-лимон,20.0,ЦЕХ_2025,Sunday,Десерты,Снят
2025-08-04,Шу мини ваниль-лимон,6.0,ЦЕХ_2025,Monday,Десерты,Снят
2025-08-05,Шу мини ваниль-лимон,8.0,ЦЕХ_2025,Tuesday,Десерты,Снят
2025-08-06,Шу мини ваниль-лимон,6.0,ЦЕХ_2025,Wednesday,Десерты,Снят
2025-08-07,Шу мини ваниль-лимон,6.0,ЦЕХ_2025,Thursday,Десерты,Снят
2025-08-08,Шу мини ваниль-лимон,10.0,ЦЕХ_2025,Friday,Десерты,Снят
2025-08-09,Шу мини ваниль-лимон,20.0,ЦЕХ_2025,Saturday,Десерты,Снят
2025-08-10,Шу мини ваниль-лимон,20.0,ЦЕХ_2025,Sunday,Десерты,Снят
2025-08-11,Шу мини ваниль-лимон,6.0,ЦЕХ_2025,Monday,Десерты,Снят
2025-08-12,Шу мини ваниль-лимон,8.0,ЦЕХ_2025,Tuesday,Десерты,Снят
2025-08-13,Шу мини ваниль-лимон,6.0,ЦЕХ_2025,Wednesday,Десерты,Снят
2025-08-14,Шу мини ваниль-лимон,6.0,ЦЕХ_2025,Thursday,Десерты,Снят
2025-08-15,Шу мини ваниль-лимон,10.0,ЦЕХ_2025,Friday,Десерты,Снят
2025-08-16,Шу мини ваниль-лимон,20.0,ЦЕХ_2025,Saturday,Десерты,Снят
2025-08-17,Шу мини ваниль-лимон,20.0,ЦЕХ_2025,Sunday,Десерты,Снят
2025-08-19,Шу мини ваниль-лимон,8.0,ЦЕХ_2025,Tuesday,Десерты,Снят
2025-08-20,Шу мини ваниль-лимон,6.0,ЦЕХ_2025,Wednesday,Десерты,Снят
2025-08-21,Шу мини ваниль-лимон,6.0,ЦЕХ_2025,Thursday,Десерты,Снят
2025-08-22,Шу мини ваниль-лимон,10.0,ЦЕХ_2025,Friday,Десерты,Снят
2025-08-23,Шу мини ваниль-лимон,20.0,ЦЕХ_2025,Saturday,Десерты,Снят
2025-08-24,Шу мини ваниль-лимон,20.0,ЦЕХ_2025,Sunday,Десерты,Снят
2025-08-25,Шу мини ваниль-лимон,6.0,ЦЕХ_2025,Monday,Десерты,Снят
2025-08-26,Шу мини ваниль-лимон,8.0,ЦЕХ_2025,Tuesday,Десерты,Снят
2025-08-27,Шу мини ваниль-лимон,6.0,ЦЕХ_2025,Wednesday,Десерты,Снят
2025-08-28,Шу мини ваниль-лимон,6.0,ЦЕХ_2025,Thursday,Десерты,Снят
2025-08-29,Шу мини ваниль-лимон,10.0,ЦЕХ_2025,Friday,Десерты,Снят
2025-08-30,Шу мини ваниль-лимон,20.0,ЦЕХ_2025,Saturday,Десерты,Снят
2025-08-31,Шу мини ваниль-лимон,20.0,ЦЕХ_2025,Sunday,Десерты,Снят
2025-08-08,Бейгл 100,20.0,ЧАПА_2025,Friday,Булки,Активный
2025-08-09,Бейгл 100,40.0,ЧАПА_2025,Saturday,Булки,Активный
2025-08-10,Бейгл 100,20.0,ЧАПА_2025,Sunday,Булки,Активный
2025-08-11,Бейгл 100,10.0,ЧАПА_2025,Monday,Булки,Активный
2025-08-12,Бейгл 100,15.0,ЧАПА_2025,Tuesday,Булки,Активный
2025-08-13,Бейгл 100,17.0,ЧАПА_2025,Wednesday,Булки,Активный
2025-08-14,Бейгл 100,17.0,ЧАПА_2025,Thursday,Булки,Активный
2025-08-15,Бейгл 100,20.0,ЧАПА_2025,Friday,Булки,Активный
2025-08-16,Бейгл 100,30.0,ЧАПА_2025,Saturday,Булки,Активный
2025-08-17,Бейгл 100,25.0,ЧАПА_2025,Sunday,Булки,Активный
2025-08-18,Бейгл 100,15.0,ЧАПА_2025,Monday,Булки,Активный
2025-08-19,Бейгл 100,17.0,ЧАПА_2025,Tuesday,Булки,Активный
2025-08-20,Бейгл 100,17.0,ЧАПА_2025,Wednesday,Булки,Активный
2025-08-21,Бейгл 100,20.0,ЧАПА_2025,Thursday,Булки,Активный
2025-08-22,Бейгл 100,25.0,ЧАПА_2025,Friday,Булки,Активный
2025-08-23,Бейгл 100,35.0,ЧАПА_2025,Saturday,Булки,Активный
2025-08-24,Бейгл 100,30.0,ЧАПА_2025,Sunday,Булки,Активный
2025-08-25,Бейгл 100,5.0,ЧАПА_2025,Monday,Булки,Активный
2025-08-26,Бейгл 100,17.0,ЧАПА_2025,Tuesday,Булки,Активный
2025-08-27,Бейгл 100,17.0,ЧАПА_2025,Wednesday,Булки,Активный
2025-08-28,Бейгл 100,20.0,ЧАПА_2025,Thursday,Булки,Активный
2025-08-29,Бейгл 100,25.0,ЧАПА_2025,Friday,Булки,Активный
2025-08-30,Бейгл 100,30.0,ЧАПА_2025,Saturday,Булки,Активный
2025-08-31,Бейгл 100,30.0,ЧАПА_2025,Sunday,Булки,Активный
2025-08-08,Бриошь с шапкой,2.0,ЧАПА_2025,Friday,Хлеб,Снят
2025-08-09,Бриошь с шапкой,3.0,ЧАПА_2025,Saturday,Хлеб,Снят
2025-08-10,Бриошь с шапкой,2.0,ЧАПА_2025,Sunday,Хлеб,Снят
2025-08-11,Бриошь с шапкой,1.0,ЧАПА_2025,Monday,Хлеб,Снят
2025-08-12,Бриошь с шапкой,1.0,ЧАПА_2025,Tuesday,Хлеб,Снят
2025-08-13,Бриошь с шапкой,1.0,ЧАПА_2025,Wednesday,Хлеб,Снят
2025-08-14,Бриошь с шапкой,1.0,ЧАПА_2025,Thursday,Хлеб,Снят
2025-08-15,Бриошь с шапкой,2.0,ЧАПА_2025,Friday,Хлеб,Снят
2025-08-16,Бриошь с шапкой,3.0,ЧАПА_2025,Saturday,Хлеб,Снят
2025-08-17,Бриошь с шапкой,3.0,ЧАПА_2025,Sunday,Хлеб,Снят
2025-08-18,Бриошь с шапкой,2.0,ЧАПА_2025,Monday,Хлеб,Снят
2025-08-19,Бриошь с шапкой,3.0,ЧАПА_2025,Tuesday,Хлеб,Снят
2025-08-20,Бриошь с шапкой,3.0,ЧАПА_2025,Wednesday,Хлеб,Снят
2025-08-21,Бриошь с шапкой,3.0,ЧАПА_2025,Thursday,Хлеб,Снят
2025-08-22,Бриошь с шапкой,4.0,ЧАПА_2025,Friday,Хлеб,Снят
2025-08-23,Бриошь с шапкой,4.0,ЧАПА_2025,Saturday,Хлеб,Снят
2025-08-24,Бриошь с шапкой,3.0,ЧАПА_2025,Sunday,Хлеб,Снят
2025-08-25,Бриошь с шапкой,3.0,ЧАПА_2025,Monday,Хлеб,Снят
2025-08-26,Бриошь с шапкой,3.0,ЧАПА_2025,Tuesday,Хлеб,Снят
2025-08-27,Бриошь с шапкой,3.0,ЧАПА_2025,Wednesday,Хлеб,Снят
2025-08-28,Бриошь с шапкой,2.0,ЧАПА_2025,Thursday,Хлеб,Снят
2025-08-29,Бриошь с шапкой,2.0,ЧАПА_2025,Friday,Хлеб,Снят
2025-08-30,Бриошь с шапкой,2.0,ЧАПА_2025,Saturday,Хлеб,Снят
2025-08-31,Бриошь с шапкой,2.0,ЧАПА_2025,Sunday,Хлеб,Снят
2025-08-09,"Тартин 0,75",4.0,ЧАПА_2025,Saturday,Хлеб,Активный
2025-08-10,"Тартин 0,75",4.0,ЧАПА_2025,Sunday,Хлеб,Активный
2025-08-11,"Тартин 0,75",2.0,ЧАПА_2025,Monday,Хлеб,Активный
2025-08-12,"Тартин 0,75",2.0,ЧАПА_2025,Tuesday,Хлеб,Активный
2025-08-13,"Тартин 0,75",3.0,ЧАПА_2025,Wednesday,Хлеб,Активный
2025-08-14,"Тартин 0,75",7.0,ЧАПА_2025,Thursday,Хлеб,Активный
2025-08-15,"Тартин 0,75",8.0,ЧАПА_2025,Friday,Хлеб,Активный
2025-08-16,"Тартин 0,75",5.0,ЧАПА_2025,Saturday,Хлеб,Активный
2025-08-17,"Тартин 0,75",5.0,ЧАПА_2025,Sunday,Хлеб,Активный
2025-08-18,"Тартин 0,75",3.0,ЧАПА_2025,Monday,Хлеб,Активный
2025-08-19,"Тартин 0,75",5.0,ЧАПА_2025,Tuesday,Хлеб,Активный
2025-08-20,"Тартин 0,75",5.0,ЧАПА_2025,Wednesday,Хлеб,Активный
2025-08-21,"Тартин 0,75",5.0,ЧАПА_2025,Thursday,Хлеб,Активный
2025-08-22,"Тартин 0,75",6.0,ЧАПА_2025,Friday,Хлеб,Активный
2025-08-23,"Тартин 0,75",7.0,ЧАПА_2025,Saturday,Хлеб,Активный
2025-08-24,"Тартин 0,75",7.0,ЧАПА_2025,Sunday,Хлеб,Активный
2025-08-25,"Тартин 0,75",4.0,ЧАПА_2025,Monday,Хлеб,Активный
2025-08-26,"Тартин 0,75",5.0,ЧАПА_2025,Tuesday,Хлеб,Активный
2025-08-27,"Тартин 0,75",5.0,ЧАПА_2025,Wednesday,Хлеб,Активный
2025-08-28,"Тартин 0,75",5.0,ЧАПА_2025,Thursday,Хлеб,Активный
2025-08-29,"Тартин 0,75",6.0,ЧАПА_2025,Friday,Хлеб,Активный
2025-08-30,"Тартин 0,75",6.0,ЧАПА_2025,Saturday,Хлеб,Активный
2025-08-31,"Тартин 0,75",6.0,ЧАПА_2025,Sunday,Хлеб,Активный
2025-08-08,"Тартин 1,5",3.0,ЧАПА_2025,Friday,Хлеб,Активный
2025-08-09,"Тартин 1,5",6.0,ЧАПА_2025,Saturday,Хлеб,Активный
2025-08-10,"Тартин 1,5",3.0,ЧАПА_2025,Sunday,Хлеб,Активный
2025-08-11,"Тартин 1,5",3.0,ЧАПА_2025,Monday,Хлеб,Активный
2025-08-12,"Тартин 1,5",3.0,ЧАПА_2025,Tuesday,Хлеб,Активный
2025-08-13,"Тартин 1,5",3.0,ЧАПА_2025,Wednesday,Хлеб,Активный
2025-08-14,"Тартин 1,5",3.0,ЧАПА_2025,Thursday,Хлеб,Активный
2025-08-15,"Тартин 1,5",4.0,ЧАПА_2025,Friday,Хлеб,Активный
2025-08-16,"Тартин 1,5",9.0,ЧАПА_2025,Saturday,Хлеб,Активный
2025-08-17,"Тартин 1,5",6.0,ЧАПА_2025,Sunday,Хлеб,Активный
2025-08-18,"Тартин 1,5",4.0,ЧАПА_2025,Monday,Хлеб,Активный
2025-08-19,"Тартин 1,5",5.0,ЧАПА_2025,Tuesday,Хлеб,Активный
2025-08-20,"Тартин 1,5",5.0,ЧАПА_2025,Wednesday,Хлеб,Активный
2025-08-21,"Тартин 1,5",6.0,ЧАПА_2025,Thursday,Хлеб,Активный
2025-08-22,"Тартин 1,5",10.0,ЧАПА_2025,Friday,Хлеб,Активный
2025-08-23,"Тартин 1,5",8.0,ЧАПА_2025,Saturday,Хлеб,Активный
2025-08-24,"Тартин 1,5",9.0,ЧАПА_2025,Sunday,Хлеб,Активный
2025-08-25,"Тартин 1,5",2.0,ЧАПА_2025,Monday,Хлеб,Активный
2025-08-26,"Тартин 1,5",5.0,ЧАПА_2025,Tuesday,Хлеб,Активный
2025-08-27,"Тартин 1,5",5.0,ЧАПА_2025,Wednesday,Хлеб,Активный
2025-08-28,"Тартин 1,5",7.0,ЧАПА_2025,Thursday,Хлеб,Активный
2025-08-29,"Тартин 1,5",9.0,ЧАПА_2025,Friday,Хлеб,Активный
2025-08-30,"Тартин 1,5",12.0,ЧАПА_2025,Saturday,Хлеб,Активный
2025-08-31,"Тартин 1,5",12.0,ЧАПА_2025,Sunday,Хлеб,Активный
2025-08-09,Тартин гречка,4.0,ЧАПА_2025,Saturday,Хлеб,Активный
2025-08-10,Тартин гречка,4.0,ЧАПА_2025,Sunday,Хлеб,Активный
2025-08-11,Тартин гречка,2.0,ЧАПА_2025,Monday,Хлеб,Активный
2025-08-12,Тартин гречка,2.0,ЧАПА_2025,Tuesday,Хлеб,Активный
2025-08-13,Тартин гречка,3.0,ЧАПА_2025,Wednesday,Хлеб,Активный
2025-08-14,Тартин гречка,3.0,ЧАПА_2025,Thursday,Хлеб,Активный
2025-08-15,Тартин гречка,3.0,ЧАПА_2025,Friday,Хлеб,Активный
2025-08-16,Тартин гречка,4.0,ЧАПА_2025,Saturday,Хлеб,Активный
2025-08-17,Тартин гречка,4.0,ЧАПА_2025,Sunday,Хлеб,Активный
2025-08-18,Тартин гречка,3.0,ЧАПА_2025,Monday,Хлеб,Активный
2025-08-19,Тартин гречка,3.0,ЧАПА_2025,Tuesday,Хлеб,Активный
2025-08-20,Тартин гречка,3.0,ЧАПА_2025,Wednesday,Хлеб,Активный
2025-08-21,Тартин гречка,3.0,ЧАПА_2025,Thursday,Хлеб,Активный
2025-08-22,Тартин гречка,3.0,ЧАПА_2025,Friday,Хлеб,Активный
2025-08-23,Тартин гречка,4.0,ЧАПА_2025,Saturday,Хлеб,Активный
2025-08-24,Тартин гречка,4.0,ЧАПА_2025,Sunday,Хлеб,Активный
2025-08-25,Тартин гречка,3.0,ЧАПА_2025,Monday,Хлеб,Активный
2025-08-26,Тартин гречка,3.0,ЧАПА_2025,Tuesday,Хлеб,Активный
2025-08-27,Тартин гречка,3.0,ЧАПА_2025,Wednesday,Хлеб,Активный
2025-08-28,Тартин гречка,3.0,ЧАПА_2025,Thursday,Хлеб,Активный
2025-08-29,Тартин гречка,3.0,ЧАПА_2025,Friday,Хлеб,Активный
2025-08-30,Тартин гречка,4.0,ЧАПА_2025,Saturday,Хлеб,Активный
2025-08-31,Тартин гречка,4.0,ЧАПА_2025,Sunday,Хлеб,Активный
2025-08-08,Круассан 75г,10.0,ЧАПА_2025,Friday,Выпечка,Активный
2025-08-09,Круассан 75г,30.0,ЧАПА_2025,Saturday,Выпечка,Активный
2025-08-10,Круассан 75г,15.0,ЧАПА_2025,Sunday,Выпечка,Активный
2025-08-11,Круассан 75г,10.0,ЧАПА_2025,Monday,Выпечка,Активный
2025-08-12,Круассан 75г,12.0,ЧАПА_2025,Tuesday,Выпечка,Активный
2025-08-13,Круассан 75г,15.0,ЧАПА_2025,Wednesday,Выпечка,Активный
2025-08-14,Круассан 75г,15.0,ЧАПА_2025,Thursday,Выпечка,Активный
2025-08-15,Круассан 75г,15.0,ЧАПА_2025,Friday,Выпечка,Активный
2025-08-16,Круассан 75г,22.0,ЧАПА_2025,Saturday,Выпечка,Активный
2025-08-17,Круассан 75г,20.0,ЧАПА_2025,Sunday,Выпечка,Активный
2025-08-18,Круассан 75г,15.0,ЧАПА_2025,Monday,Выпечка,Активный
2025-08-19,Круассан 75г,18.0,ЧАПА_2025,Tuesday,Выпечка,Активный
2025-08-20,Круассан 75г,20.0,ЧАПА_2025,Wednesday,Выпечка,Активный
2025-08-21,Круассан 75г,20.0,ЧАПА_2025,Thursday,Выпечка,Активный
2025-08-22,Круассан 75г,22.0,ЧАПА_2025,Friday,Выпечка,Активный
2025-08-23,Круассан 75г,25.0,ЧАПА_2025,Saturday,Выпечка,Активный
2025-08-24,Круассан 75г,25.0,ЧАПА_2025,Sunday,Выпечка,Активный
2025-08-25,Круассан 75г,6.0,ЧАПА_2025,Monday,Выпечка,Активный
2025-08-26,Круассан 75г,18.0,ЧАПА_2025,Tuesday,Выпечка,Активный
2025-08-27,Круассан 75г,20.0,ЧАПА_2025,Wednesday,Выпечка,Активный
2025-08-28,Круассан 75г,20.0,ЧАПА_2025,Thursday,Выпечка,Активный
2025-08-29,Круассан 75г,25.0,ЧАПА_2025,Friday,Выпечка,Активный
2025-08-30,Круассан 75г,25.0,ЧАПА_2025,Saturday,Выпечка,Активный
2025-08-31,Круассан 75г,25.0,ЧАПА_2025,Sunday,Выпечка,Активный
2025-08-08,Булка с кардамоном,8.0,ЧАПА_2025,Friday,Булки,Активный
2025-08-09,Булка с кардамоном,25.0,ЧАПА_2025,Saturday,Булки,Активный
2025-08-10,Булка с кардамоном,12.0,ЧАПА_2025,Sunday,Булки,Активный
2025-08-11,Булка с кардамоном,8.0,ЧАПА_2025,Monday,Булки,Активный
2025-08-12,Булка с кардамоном,8.0,ЧАПА_2025,Tuesday,Булки,Активный
2025-08-13,Булка с кардамоном,15.0,ЧАПА_2025,Wednesday,Булки,Активный
2025-08-14,Булка с кардамоном,15.0,ЧАПА_2025,Thursday,Булки,Активный
2025-08-15,Булка с кардамоном,18.0,ЧАПА_2025,Friday,Булки,Активный
2025-08-16,Булка с кардамоном,30.0,ЧАПА_2025,Saturday,Булки,Активный
2025-08-17,Булка с кардамоном,20.0,ЧАПА_2025,Sunday,Булки,Активный
2025-08-18,Булка с кардамоном,15.0,ЧАПА_2025,Monday,Булки,Активный
2025-08-19,Булка с кардамоном,18.0,ЧАПА_2025,Tuesday,Булки,Активный
2025-08-20,Булка с кардамоном,20.0,ЧАПА_2025,Wednesday,Булки,Активный
2025-08-21,Булка с кардамоном,20.0,ЧАПА_2025,Thursday,Булки,Активный
2025-08-22,Булка с кардамоном,25.0,ЧАПА_2025,Friday,Булки,Активный
2025-08-23,Булка с кардамоном,35.0,ЧАПА_2025,Saturday,Булки,Активный
2025-08-24,Булка с кардамоном,30.0,ЧАПА_2025,Sunday,Булки,Активный
2025-08-25,Булка с кардамоном,3.0,ЧАПА_2025,Monday,Булки,Активный
2025-08-26,Булка с кардамоном,20.0,ЧАПА_2025,Tuesday,Булки,Активный
2025-08-27,Булка с кардамоном,20.0,ЧАПА_2025,Wednesday,Булки,Активный
2025-08-28,Булка с кардамоном,20.0,ЧАПА_2025,Thursday,Булки,Активный
2025-08-29,Булка с кардамоном,25.0,ЧАПА_2025,Friday,Булки,Активный
2025-08-30,Булка с кардамоном,35.0,ЧАПА_2025,Saturday,Булки,Активный
2025-08-31,Булка с кардамоном,30.0,ЧАПА_2025,Sunday,Булки,Активный
2025-08-08,Улитка заварной крем и изюм,8.0,ЧАПА_2025,Friday,Выпечка,Снят
2025-08-09,Улитка заварной крем и изюм,20.0,ЧАПА_2025,Saturday,Выпечка,Снят
2025-08-10,Улитка заварной крем и изюм,10.0,ЧАПА_2025,Sunday,Выпечка,Снят
2025-08-11,Улитка заварной крем и изюм,5.0,ЧАПА_2025,Monday,Выпечка,Снят
2025-08-12,Улитка заварной крем и изюм,8.0,ЧАПА_2025,Tuesday,Выпечка,Снят
2025-08-13,Улитка заварной крем и изюм,10.0,ЧАПА_2025,Wednesday,Выпечка,Снят
2025-08-14,Улитка заварной крем и изюм,12.0,ЧАПА_2025,Thursday,Выпечка,Снят
2025-08-15,Улитка заварной крем и изюм,15.0,ЧАПА_2025,Friday,Выпечка,Снят
2025-08-16,Улитка заварной крем и изюм,25.0,ЧАПА_2025,Saturday,Выпечка,Снят
2025-08-17,Улитка заварной крем и изюм,20.0,ЧАПА_2025,Sunday,Выпечка,Снят
2025-08-18,Улитка заварной крем и изюм,15.0,ЧАПА_2025,Monday,Выпечка,Снят
2025-08-19,Улитка заварной крем и изюм,15.0,ЧАПА_2025,Tuesday,Выпечка,Снят
2025-08-20,Улитка заварной крем и изюм,18.0,ЧАПА_2025,Wednesday,Выпечка,Снят
2025-08-21,Улитка заварной крем и изюм,20.0,ЧАПА_2025,Thursday,Выпечка,Снят
2025-08-22,Улитка заварной крем и изюм,25.0,ЧАПА_2025,Friday,Выпечка,Снят
2025-08-23,Улитка заварной крем и изюм,28.0,ЧАПА_2025,Saturday,Выпечка,Снят
2025-08-24,Улитка заварной крем и изюм,28.0,ЧАПА_2025,Sunday,Выпечка,Снят
2025-08-25,Улитка заварной крем и изюм,3.0,ЧАПА_2025,Monday,Выпечка,Снят
2025-08-26,Улитка заварной крем и изюм,18.0,ЧАПА_2025,Tuesday,Выпечка,Снят
2025-08-27,Улитка заварной крем и изюм,15.0,ЧАПА_2025,Wednesday,Выпечка,Снят
2025-08-28,Улитка заварной крем и изюм,18.0,ЧАПА_2025,Thursday,Выпечка,Снят
2025-08-29,Улитка заварной крем и изюм,25.0,ЧАПА_2025,Friday,Выпечка,Снят
2025-08-30,Улитка заварной крем и изюм,28.0,ЧАПА_2025,Saturday,Выпечка,Снят
2025-08-31,Улитка заварной крем и изюм,28.0,ЧАПА_2025,Sunday,Выпечка,Снят
2025-08-22,Булка конопля,3.0,ЧАПА_2025,Friday,Выпечка,Снят
2025-08-08,Синнабон с какао,4.0,ЧАПА_2025,Friday,Выпечка,Снят
2025-08-09,Синнабон с какао,20.0,ЧАПА_2025,Saturday,Выпечка,Снят
2025-08-10,Синнабон с какао,12.0,ЧАПА_2025,Sunday,Выпечка,Снят
2025-08-11,Синнабон с какао,10.0,ЧАПА_2025,Monday,Выпечка,Снят
2025-08-12,Синнабон с какао,10.0,ЧАПА_2025,Tuesday,Выпечка,Снят
2025-08-13,Синнабон с какао,10.0,ЧАПА_2025,Wednesday,Выпечка,Снят
2025-08-14,Синнабон с какао,12.0,ЧАПА_2025,Thursday,Выпечка,Снят
2025-08-15,Синнабон с какао,14.0,ЧАПА_2025,Friday,Выпечка,Снят
2025-08-16,Синнабон с какао,26.0,ЧАПА_2025,Saturday,Выпечка,Снят
2025-08-17,Синнабон с какао,14.0,ЧАПА_2025,Sunday,Выпечка,Снят
2025-08-18,Синнабон с какао,16.0,ЧАПА_2025,Monday,Выпечка,Снят
2025-08-19,Синнабон с какао,16.0,ЧАПА_2025,Tuesday,Выпечка,Снят
2025-08-20,Синнабон с какао,20.0,ЧАПА_2025,Wednesday,Выпечка,Снят
2025-08-21,Синнабон с какао,24.0,ЧАПА_2025,Thursday,Выпечка,Снят
2025-08-22,Синнабон с какао,30.0,ЧАПА_2025,Friday,Выпечка,Снят
2025-08-23,Синнабон с какао,30.0,ЧАПА_2025,Saturday,Выпечка,Снят
2025-08-24,Синнабон с какао,30.0,ЧАПА_2025,Sunday,Выпечка,Снят
2025-08-25,Синнабон с какао,4.0,ЧАПА_2025,Monday,Выпечка,Снят
2025-08-26,Синнабон с какао,18.0,ЧАПА_2025,Tuesday,Выпечка,Снят
2025-08-27,Синнабон с какао,20.0,ЧАПА_2025,Wednesday,Выпечка,Снят
2025-08-28,Синнабон с какао,22.0,ЧАПА_2025,Thursday,Выпечка,Снят
2025-08-29,Синнабон с какао,24.0,ЧАПА_2025,Friday,Выпечка,Снят
2025-08-30,Синнабон с какао,30.0,ЧАПА_2025,Saturday,Выпечка,Снят
2025-08-31,Синнабон с какао,26.0,ЧАПА_2025,Sunday,Выпечка,Снят
2025-08-08,Печенье шоколадное с солью,15.0,ЧАПА_2025,Friday,Печенье,Активный
2025-08-09,Печенье шоколадное с солью,30.0,ЧАПА_2025,Saturday,Печенье,Активный
2025-08-10,Печенье шоколадное с солью,10.0,ЧАПА_2025,Sunday,Печенье,Активный
2025-08-11,Печенье шоколадное с солью,8.0,ЧАПА_2025,Monday,Печенье,Активный
2025-08-12,Печенье шоколадное с солью,5.0,ЧАПА_2025,Tuesday,Печенье,Активный
2025-08-13,Печенье шоколадное с солью,10.0,ЧАПА_2025,Wednesday,Печенье,Активный
2025-08-14,Печенье шоколадное с солью,10.0,ЧАПА_2025,Thursday,Печенье,Активный
2025-08-15,Печенье шоколадное с солью,10.0,ЧАПА_2025,Friday,Печенье,Активный
2025-08-16,Печенье шоколадное с солью,15.0,ЧАПА_2025,Saturday,Печенье,Активный
2025-08-17,Печенье шоколадное с солью,12.0,ЧАПА_2025,Sunday,Печенье,Активный
2025-08-18,Печенье шоколадное с солью,10.0,ЧАПА_2025,Monday,Печенье,Активный
2025-08-19,Печенье шоколадное с солью,12.0,ЧАПА_2025,Tuesday,Печенье,Активный
2025-08-20,Печенье шоколадное с солью,15.0,ЧАПА_2025,Wednesday,Печенье,Активный
2025-08-21,Печенье шоколадное с солью,15.0,ЧАПА_2025,Thursday,Печенье,Активный
2025-08-22,Печенье шоколадное с солью,20.0,ЧАПА_2025,Friday,Печенье,Активный
2025-08-23,Печенье шоколадное с солью,25.0,ЧАПА_2025,Saturday,Печенье,Активный
2025-08-24,Печенье шоколадное с солью,25.0,ЧАПА_2025,Sunday,Печенье,Активный
2025-08-25,Печенье шоколадное с солью,3.0,ЧАПА_2025,Monday,Печенье,Активный
2025-08-26,Печенье шоколадное с солью,15.0,ЧАПА_2025,Tuesday,Печенье,Активный
2025-08-27,Печенье шоколадное с солью,15.0,ЧАПА_2025,Wednesday,Печенье,Активный
2025-08-28,Печенье шоколадное с солью,15.0,ЧАПА_2025,Thursday,Печенье,Активный
2025-08-29,Печенье шоколадное с солью,17.0,ЧАПА_2025,Friday,Печенье,Активный
2025-08-30,Печенье шоколадное с солью,25.0,ЧАПА_2025,Saturday,Печенье,Активный
2025-08-31,Печенье шоколадное с солью,25.0,ЧАПА_2025,Sunday,Печенье,Активный
2025-08-08,Кекс ромашка,8.0,ЧАПА_2025,Friday,Выпечка,Снят
2025-08-13,Кекс ромашка,8.0,ЧАПА_2025,Wednesday,Выпечка,Снят
2025-08-16,Кекс ромашка,10.0,ЧАПА_2025,Saturday,Выпечка,Снят
2025-08-18,Кекс ромашка,6.0,ЧАПА_2025,Monday,Выпечка,Снят
2025-08-08,Кекс шоколад-вишня,8.0,ЧАПА_2025,Friday,Выпечка,Снят
2025-08-13,Кекс шоколад-вишня,8.0,ЧАПА_2025,Wednesday,Выпечка,Снят
2025-08-16,Кекс шоколад-вишня,10.0,ЧАПА_2025,Saturday,Выпечка,Снят
2025-08-18,Кекс шоколад-вишня,6.0,ЧАПА_2025,Monday,Выпечка,Снят
2025-08-22,Кекс шоколад-вишня,8.0,ЧАПА_2025,Friday,Выпечка,Снят
2025-08-08,Honey butter toast,12.0,ЧАПА_2025,Friday,Выпечка,
2025-08-09,Honey butter toast,24.0,ЧАПА_2025,Saturday,Выпечка,
2025-08-10,Honey butter toast,12.0,ЧАПА_2025,Sunday,Выпечка,
2025-08-11,Honey butter toast,12.0,ЧАПА_2025,Monday,Выпечка,
2025-08-12,Honey butter toast,12.0,ЧАПА_2025,Tuesday,Выпечка,
2025-08-13,Honey butter toast,12.0,ЧАПА_2025,Wednesday,Выпечка,
2025-08-14,Honey butter toast,12.0,ЧАПА_2025,Thursday,Выпечка,
2025-08-15,Honey butter toast,24.0,ЧАПА_2025,Friday,Выпечка,
2025-08-16,Honey butter toast,36.0,ЧАПА_2025,Saturday,Выпечка,
2025-08-17,Honey butter toast,24.0,ЧАПА_2025,Sunday,Выпечка,
2025-08-18,Honey butter toast,24.0,ЧАПА_2025,Monday,Выпечка,
2025-08-19,Honey butter toast,12.0,ЧАПА_2025,Tuesday,Выпечка,
2025-08-20,Honey butter toast,24.0,ЧАПА_2025,Wednesday,Выпечка,
2025-08-21,Honey butter toast,24.0,ЧАПА_2025,Thursday,Выпечка,
2025-08-22,Honey butter toast,24.0,ЧАПА_2025,Friday,Выпечка,
2025-08-23,Honey butter toast,36.0,ЧАПА_2025,Saturday,Выпечка,
2025-08-24,Honey butter toast,36.0,ЧАПА_2025,Sunday,Выпечка,
2025-08-25,Honey butter toast,6.0,ЧАПА_2025,Monday,Выпечка,
2025-08-26,Honey butter toast,12.0,ЧАПА_2025,Tuesday,Выпечка,
2025-08-27,Honey butter toast,24.0,ЧАПА_2025,Wednesday,Выпечка,
2025-08-28,Honey butter toast,24.0,ЧАПА_2025,Thursday,Выпечка,
2025-08-29,Honey butter toast,24.0,ЧАПА_2025,Friday,Выпечка,
2025-08-30,Honey butter toast,36.0,ЧАПА_2025,Saturday,Выпечка,
2025-08-31,Honey butter toast,36.0,ЧАПА_2025,Sunday,Выпечка,
2025-08-08,Чизкейк баскский Ваниль целый,1.0,ЧАПА_2025,Friday,Десерты,Снят
2025-08-09,Чизкейк баскский Ваниль целый,2.0,ЧАПА_2025,Saturday,Десерты,Снят
2025-08-10,Чизкейк баскский Ваниль целый,1.0,ЧАПА_2025,Sunday,Десерты,Снят
2025-08-11,Чизкейк баскский Ваниль целый,1.0,ЧАПА_2025,Monday,Десерты,Снят
2025-08-12,Чизкейк баскский Ваниль целый,1.0,ЧАПА_2025,Tuesday,Десерты,Снят
2025-08-13,Чизкейк баскский Ваниль целый,1.0,ЧАПА_2025,Wednesday,Десерты,Снят
2025-08-16,Чизкейк баскский Ваниль целый,1.0,ЧАПА_2025,Saturday,Десерты,Снят
2025-08-17,Чизкейк баскский Ваниль целый,1.0,ЧАПА_2025,Sunday,Десерты,Снят
2025-08-20,Чизкейк баскский Ваниль целый,1.0,ЧАПА_2025,Wednesday,Десерты,Снят
2025-08-21,Чизкейк баскский Ваниль целый,1.0,ЧАПА_2025,Thursday,Десерты,Снят
2025-08-22,Чизкейк баскский Ваниль целый,1.0,ЧАПА_2025,Friday,Десерты,Снят
2025-08-27,Чизкейк баскский Ваниль целый,1.0,ЧАПА_2025,Wednesday,Десерты,Снят
2025-08-08,Запеканка на рисовой муке без сахара в форме,8.0,ЧАПА_2025,Friday,Полуфабрикаты,Снят
2025-08-12,Запеканка на рисовой муке без сахара в форме,8.0,ЧАПА_2025,Tuesday,Полуфабрикаты,Снят
2025-08-15,Запеканка на рисовой муке без сахара в форме,8.0,ЧАПА_2025,Friday,Полуфабрикаты,Снят
2025-08-18,Запеканка на рисовой муке без сахара в форме,6.0,ЧАПА_2025,Monday,Полуфабрикаты,Снят
2025-08-20,Запеканка на рисовой муке без сахара в форме,10.0,ЧАПА_2025,Wednesday,Полуфабрикаты,Снят
2025-08-25,Запеканка на рисовой муке без сахара в форме,10.0,ЧАПА_2025,Monday,Полуфабрикаты,Снят
2025-08-09,Гранола грецкий орех-клюква,5.0,ЧАПА_2025,Saturday,Полуфабрикаты,
2025-08-15,Гранола грецкий орех-клюква,5.0,ЧАПА_2025,Friday,Полуфабрикаты,
2025-08-16,Гранола грецкий орех-клюква,10.0,ЧАПА_2025,Saturday,Полуфабрикаты,
2025-08-18,Гранола грецкий орех-клюква,5.0,ЧАПА_2025,Monday,Полуфабрикаты,
2025-08-19,Гранола грецкий орех-клюква,6.0,ЧАПА_2025,Tuesday,Полуфабрикаты,
2025-08-21,Гранола грецкий орех-клюква,20.0,ЧАПА_2025,Thursday,Полуфабрикаты,
2025-08-25,Гранола грецкий орех-клюква,20.0,ЧАПА_2025,Monday,Полуфабрикаты,
2025-08-26,Гранола грецкий орех-клюква,6.0,ЧАПА_2025,Tuesday,Полуфабрикаты,
2025-08-28,Гранола грецкий орех-клюква,20.0,ЧАПА_2025,Thursday,Полуфабрикаты,
2025-08-08,Пастрами п/ф (100г),30.0,ЧАПА_2025,Friday,Полуфабрикаты,пф
2025-08-14,Пастрами п/ф (100г),30.0,ЧАПА_2025,Thursday,Полуфабрикаты,пф
2025-08-15,Пастрами п/ф (100г),23.0,ЧАПА_2025,Friday,Полуфабрикаты,пф
2025-08-16,Пастрами п/ф (100г),28.0,ЧАПА_2025,Saturday,Полуфабрикаты,пф
2025-08-17,Пастрами п/ф (100г),15.0,ЧАПА_2025,Sunday,Полуфабрикаты,пф
2025-08-18,Пастрами п/ф (100г),20.0,ЧАПА_2025,Monday,Полуфабрикаты,пф
2025-08-19,Пастрами п/ф (100г),50.0,ЧАПА_2025,Tuesday,Полуфабрикаты,пф
2025-08-20,Пастрами п/ф (100г),30.0,ЧАПА_2025,Wednesday,Полуфабрикаты,пф
2025-08-21,Пастрами п/ф (100г),30.0,ЧАПА_2025,Thursday,Полуфабрикаты,пф
2025-08-22,Пастрами п/ф (100г),40.0,ЧАПА_2025,Friday,Полуфабрикаты,пф
2025-08-23,Пастрами п/ф (100г),40.0,ЧАПА_2025,Saturday,Полуфабрикаты,пф
2025-08-24,Пастрами п/ф (100г),40.0,ЧАПА_2025,Sunday,Полуфабрикаты,пф
2025-08-25,Пастрами п/ф (100г),40.0,ЧАПА_2025,Monday,Полуфабрикаты,пф
2025-08-26,Пастрами п/ф (100г),50.0,ЧАПА_2025,Tuesday,Полуфабрикаты,пф
2025-08-27,Пастрами п/ф (100г),20.0,ЧАПА_2025,Wednesday,Полуфабрикаты,пф
2025-08-28,Пастрами п/ф (100г),50.0,ЧАПА_2025,Thursday,Полуфабрикаты,пф
2025-08-29,Пастрами п/ф (100г),50.0,ЧАПА_2025,Friday,Полуфабрикаты,пф
2025-08-30,Пастрами п/ф (100г),50.0,ЧАПА_2025,Saturday,Полуфабрикаты,пф
2025-08-31,Пастрами п/ф (100г),40.0,ЧАПА_2025,Sunday,Полуфабрикаты,пф
2025-08-08,Вишня в амаретто п/ф (100г),10.0,ЧАПА_2025,Friday,Полуфабрикаты,Снят
2025-08-15,Вишня в амаретто п/ф (100г),10.0,ЧАПА_2025,Friday,Полуфабрикаты,Снят
2025-08-16,Вишня в амаретто п/ф (100г),9.0,ЧАПА_2025,Saturday,Полуфабрикаты,Снят
2025-08-18,Вишня в амаретто п/ф (100г),10.0,ЧАПА_2025,Monday,Полуфабрикаты,Снят
2025-08-21,Вишня в амаретто п/ф (100г),10.0,ЧАПА_2025,Thursday,Полуфабрикаты,Снят
2025-08-27,Вишня в амаретто п/ф (100г),10.0,ЧАПА_2025,Wednesday,Полуфабрикаты,Снят
2025-08-28,Вишня в амаретто п/ф (100г),10.0,ЧАПА_2025,Thursday,Полуфабрикаты,Снят
2025-08-08,Варенье абрикос п/ф (100г),20.0,ЧАПА_2025,Friday,Полуфабрикаты,Снят
2025-08-15,Варенье абрикос п/ф (100г),10.0,ЧАПА_2025,Friday,Полуфабрикаты,Снят
2025-08-16,Варенье абрикос п/ф (100г),31.0,ЧАПА_2025,Saturday,Полуфабрикаты,Снят
2025-08-19,Варенье абрикос п/ф (100г),105.0,ЧАПА_2025,Tuesday,Полуфабрикаты,Снят
2025-08-08,Солёная карамель п/ф (100г),10.0,ЧАПА_2025,Friday,Полуфабрикаты,пф
2025-08-15,Солёная карамель п/ф (100г),5.0,ЧАПА_2025,Friday,Полуфабрикаты,пф
2025-08-20,Солёная карамель п/ф (100г),10.0,ЧАПА_2025,Wednesday,Полуфабрикаты,пф
2025-08-27,Солёная карамель п/ф (100г),10.0,ЧАПА_2025,Wednesday,Полуфабрикаты,пф
2025-08-09,Курица су-вид п/ф (100г),40.0,ЧАПА_2025,Saturday,Полуфабрикаты,пф
2025-08-16,Маринованный лук п/ф,24.0,ЧАПА_2025,Saturday,Полуфабрикаты,пф
2025-08-19,Маринованный лук п/ф,20.0,ЧАПА_2025,Tuesday,Полуфабрикаты,пф
2025-08-19,Овечий сыр,20.0,ЧАПА_2025,Tuesday,Полуфабрикаты,пф
2025-08-21,Овечий сыр,30.0,ЧАПА_2025,Thursday,Полуфабрикаты,пф
2025-08-22,Овечий сыр,30.0,ЧАПА_2025,Friday,Полуфабрикаты,пф
2025-08-23,Овечий сыр,30.0,ЧАПА_2025,Saturday,Полуфабрикаты,пф
2025-08-24,Овечий сыр,30.0,ЧАПА_2025,Sunday,Полуфабрикаты,пф
2025-08-28,Овечий сыр,30.0,ЧАПА_2025,Thursday,Полуфабрикаты,пф
2025-08-29,Овечий сыр,30.0,ЧАПА_2025,Friday,Полуфабрикаты,пф
2025-08-30,Овечий сыр,30.0,ЧАПА_2025,Saturday,Полуфабрикаты,пф
2025-08-31,Овечий сыр,30.0,ЧАПА_2025,Sunday,Полуфабрикаты,пф
2025-06-23,Аманн,10.0,МАЯК,Monday,Выпечка,Активный
2025-06-24,Аманн,10.0,МАЯК,Tuesday,Выпечка,Активный
2025-06-25,Аманн,10.0,МАЯК,Wednesday,Выпечка,Активный
2025-06-26,Аманн,12.0,МАЯК,Thursday,Выпечка,Активный
2025-06-27,Аманн,12.0,МАЯК,Friday,Выпечка,Активный
2025-06-28,Аманн,12.0,МАЯК,Saturday,Выпечка,Активный
2025-06-29,Аманн,12.0,МАЯК,Sunday,Выпечка,Активный
2025-06-30,Аманн,10.0,МАЯК,Monday,Выпечка,Активный
2025-07-01,Аманн,10.0,МАЯК,Tuesday,Выпечка,Активный
2025-07-02,Аманн,10.0,МАЯК,Wednesday,Выпечка,Активный
2025-07-03,Аманн,12.0,МАЯК,Thursday,Выпечка,Активный
2025-07-04,Аманн,12.0,МАЯК,Friday,Выпечка,Активный
2025-07-05,Аманн,12.0,МАЯК,Saturday,Выпечка,Активный
2025-07-06,Аманн,12.0,МАЯК,Sunday,Выпечка,Активный
2025-07-07,Аманн,8.0,МАЯК,Monday,Выпечка,Активный
2025-07-08,Аманн,5.0,МАЯК,Tuesday,Выпечка,Активный
2025-07-09,Аманн,8.0,МАЯК,Wednesday,Выпечка,Активный
2025-07-10,Аманн,10.0,МАЯК,Thursday,Выпечка,Активный
2025-07-11,Аманн,12.0,МАЯК,Friday,Выпечка,Активный
2025-07-12,Аманн,12.0,МАЯК,Saturday,Выпечка,Активный
2025-07-13,Аманн,12.0,МАЯК,Sunday,Выпечка,Активный
2025-07-14,Аманн,8.0,МАЯК,Monday,Выпечка,Активный
2025-07-15,Аманн,8.0,МАЯК,Tuesday,Выпечка,Активный
2025-07-16,Аманн,8.0,МАЯК,Wednesday,Выпечка,Активный
2025-07-17,Аманн,10.0,МАЯК,Thursday,Выпечка,Активный
2025-07-18,Аманн,12.0,МАЯК,Friday,Выпечка,Активный
2025-07-19,Аманн,12.0,МАЯК,Saturday,Выпечка,Активный
2025-07-20,Аманн,12.0,МАЯК,Sunday,Выпечка,Активный
2025-07-21,Аманн,8.0,МАЯК,Monday,Выпечка,Активный
2025-07-22,Аманн,8.0,МАЯК,Tuesday,Выпечка,Активный
2025-07-23,Аманн,6.0,МАЯК,Wednesday,Выпечка,Активный
2025-07-24,Аманн,8.0,МАЯК,Thursday,Выпечка,Активный
2025-07-25,Аманн,10.0,МАЯК,Friday,Выпечка,Активный
2025-07-26,Аманн,10.0,МАЯК,Saturday,Выпечка,Активный
2025-07-27,Аманн,12.0,МАЯК,Sunday,Выпечка,Активный
2025-07-28,Аманн,6.0,МАЯК,Monday,Выпечка,Активный
2025-07-29,Аманн,6.0,МАЯК,Tuesday,Выпечка,Активный
2025-07-30,Аманн,8.0,МАЯК,Wednesday,Выпечка,Активный
2025-07-31,Аманн,8.0,МАЯК,Thursday,Выпечка,Активный
2025-08-01,Аманн,10.0,МАЯК,Friday,Выпечка,Активный
2025-08-02,Аманн,10.0,МАЯК,Saturday,Выпечка,Активный
2025-08-03,Аманн,12.0,МАЯК,Sunday,Выпечка,Активный
2025-08-04,Аманн,6.0,МАЯК,Monday,Выпечка,Активный
2025-08-05,Аманн,6.0,МАЯК,Tuesday,Выпечка,Активный
2025-08-06,Аманн,6.0,МАЯК,Wednesday,Выпечка,Активный
2025-08-07,Аманн,6.0,МАЯК,Thursday,Выпечка,Активный
2025-08-08,Аманн,6.0,МАЯК,Friday,Выпечка,Активный
2025-08-09,Аманн,10.0,МАЯК,Saturday,Выпечка,Активный
2025-08-10,Аманн,10.0,МАЯК,Sunday,Выпечка,Активный
2025-08-11,Аманн,6.0,МАЯК,Monday,Выпечка,Активный
2025-08-12,Аманн,6.0,МАЯК,Tuesday,Выпечка,Активный
2025-08-13,Аманн,6.0,МАЯК,Wednesday,Выпечка,Активный
2025-08-14,Аманн,6.0,МАЯК,Thursday,Выпечка,Активный
2025-08-15,Аманн,6.0,МАЯК,Friday,Выпечка,Активный
2025-08-16,Аманн,10.0,МАЯК,Saturday,Выпечка,Активный
2025-08-17,Аманн,10.0,МАЯК,Sunday,Выпечка,Активный
2025-08-18,Аманн,6.0,МАЯК,Monday,Выпечка,Активный
2025-08-19,Аманн,6.0,МАЯК,Tuesday,Выпечка,Активный
2025-08-20,Аманн,6.0,МАЯК,Wednesday,Выпечка,Активный
2025-08-21,Аманн,6.0,МАЯК,Thursday,Выпечка,Активный
2025-08-22,Аманн,6.0,МАЯК,Friday,Выпечка,Активный
2025-08-23,Аманн,10.0,МАЯК,Saturday,Выпечка,Активный
2025-08-24,Аманн,10.0,МАЯК,Sunday,Выпечка,Активный
2025-08-25,Аманн,6.0,МАЯК,Monday,Выпечка,Активный
2025-08-26,Аманн,6.0,МАЯК,Tuesday,Выпечка,Активный
2025-08-27,Аманн,6.0,МАЯК,Wednesday,Выпечка,Активный
2025-08-28,Аманн,6.0,МАЯК,Thursday,Выпечка,Активный
2025-08-29,Аманн,6.0,МАЯК,Friday,Выпечка,Активный
2025-08-30,Аманн,10.0,МАЯК,Saturday,Выпечка,Активный
2025-08-31,Аманн,10.0,МАЯК,Sunday,Выпечка,Активный
2025-06-23,Бабка корица и карамель,1.0,МАЯК,Monday,Выпечка,Активный
2025-06-24,Бабка корица и карамель,1.0,МАЯК,Tuesday,Выпечка,Активный
2025-06-25,Бабка корица и карамель,1.0,МАЯК,Wednesday,Выпечка,Активный
2025-06-26,Бабка корица и карамель,1.0,МАЯК,Thursday,Выпечка,Активный
2025-06-27,Бабка корица и карамель,1.0,МАЯК,Friday,Выпечка,Активный
2025-06-28,Бабка корица и карамель,1.0,МАЯК,Saturday,Выпечка,Активный
2025-06-29,Бабка корица и карамель,1.0,МАЯК,Sunday,Выпечка,Активный
2025-06-30,Бабка корица и карамель,1.0,МАЯК,Monday,Выпечка,Активный
2025-07-01,Бабка корица и карамель,1.0,МАЯК,Tuesday,Выпечка,Активный
2025-07-02,Бабка корица и карамель,1.0,МАЯК,Wednesday,Выпечка,Активный
2025-07-03,Бабка корица и карамель,1.0,МАЯК,Thursday,Выпечка,Активный
2025-07-04,Бабка корица и карамель,1.0,МАЯК,Friday,Выпечка,Активный
2025-07-05,Бабка корица и карамель,1.0,МАЯК,Saturday,Выпечка,Активный
2025-07-06,Бабка корица и карамель,1.0,МАЯК,Sunday,Выпечка,Активный
2025-07-07,Бабка корица и карамель,1.0,МАЯК,Monday,Выпечка,Активный
2025-07-08,Бабка корица и карамель,1.0,МАЯК,Tuesday,Выпечка,Активный
2025-07-09,Бабка корица и карамель,1.0,МАЯК,Wednesday,Выпечка,Активный
2025-07-10,Бабка корица и карамель,1.0,МАЯК,Thursday,Выпечка,Активный
2025-07-11,Бабка корица и карамель,1.0,МАЯК,Friday,Выпечка,Активный
2025-07-12,Бабка корица и карамель,1.0,МАЯК,Saturday,Выпечка,Активный
2025-07-13,Бабка корица и карамель,1.0,МАЯК,Sunday,Выпечка,Активный
2025-07-14,Бабка корица и карамель,1.0,МАЯК,Monday,Выпечка,Активный
2025-07-15,Бабка корица и карамель,1.0,МАЯК,Tuesday,Выпечка,Активный
2025-07-16,Бабка корица и карамель,1.0,МАЯК,Wednesday,Выпечка,Активный
2025-07-17,Бабка корица и карамель,1.0,МАЯК,Thursday,Выпечка,Активный
2025-07-18,Бабка корица и карамель,1.0,МАЯК,Friday,Выпечка,Активный
2025-07-19,Бабка корица и карамель,1.0,МАЯК,Saturday,Выпечка,Активный
2025-07-20,Бабка корица и карамель,1.0,МАЯК,Sunday,Выпечка,Активный
2025-07-21,Бабка корица и карамель,1.0,МАЯК,Monday,Выпечка,Активный
2025-07-22,Бабка корица и карамель,1.0,МАЯК,Tuesday,Выпечка,Активный
2025-07-23,Бабка корица и карамель,1.0,МАЯК,Wednesday,Выпечка,Активный
2025-07-24,Бабка корица и карамель,1.0,МАЯК,Thursday,Выпечка,Активный
2025-07-25,Бабка корица и карамель,1.0,МАЯК,Friday,Выпечка,Активный
2025-07-26,Бабка корица и карамель,1.0,МАЯК,Saturday,Выпечка,Активный
2025-07-27,Бабка корица и карамель,1.0,МАЯК,Sunday,Выпечка,Активный
2025-07-28,Бабка корица и карамель,1.0,МАЯК,Monday,Выпечка,Активный
2025-07-29,Бабка корица и карамель,1.0,МАЯК,Tuesday,Выпечка,Активный
2025-07-30,Бабка корица и карамель,1.0,МАЯК,Wednesday,Выпечка,Активный
2025-07-31,Бабка корица и карамель,1.0,МАЯК,Thursday,Выпечка,Активный
2025-08-01,Бабка корица и карамель,1.0,МАЯК,Friday,Выпечка,Активный
2025-08-02,Бабка корица и карамель,1.0,МАЯК,Saturday,Выпечка,Активный
2025-08-03,Бабка корица и карамель,1.0,МАЯК,Sunday,Выпечка,Активный
2025-08-04,Бабка корица и карамель,1.0,МАЯК,Monday,Выпечка,Активный
2025-08-05,Бабка корица и карамель,1.0,МАЯК,Tuesday,Выпечка,Активный
2025-08-06,Бабка корица и карамель,1.0,МАЯК,Wednesday,Выпечка,Активный
2025-08-07,Бабка корица и карамель,1.0,МАЯК,Thursday,Выпечка,Активный
2025-08-08,Бабка корица и карамель,1.0,МАЯК,Friday,Выпечка,Активный
2025-08-09,Бабка корица и карамель,1.0,МАЯК,Saturday,Выпечка,Активный
2025-08-10,Бабка корица и карамель,1.0,МАЯК,Sunday,Выпечка,Активный
2025-08-11,Бабка корица и карамель,1.0,МАЯК,Monday,Выпечка,Активный
2025-08-12,Бабка корица и карамель,1.0,МАЯК,Tuesday,Выпечка,Активный
2025-08-13,Бабка корица и карамель,1.0,МАЯК,Wednesday,Выпечка,Активный
2025-08-14,Бабка корица и карамель,1.0,МАЯК,Thursday,Выпечка,Активный
2025-08-15,Бабка корица и карамель,1.0,МАЯК,Friday,Выпечка,Активный
2025-08-16,Бабка корица и карамель,1.0,МАЯК,Saturday,Выпечка,Активный
2025-08-17,Бабка корица и карамель,1.0,МАЯК,Sunday,Выпечка,Активный
2025-08-18,Бабка корица и карамель,1.0,МАЯК,Monday,Выпечка,Активный
2025-08-19,Бабка корица и карамель,1.0,МАЯК,Tuesday,Выпечка,Активный
2025-08-20,Бабка корица и карамель,1.0,МАЯК,Wednesday,Выпечка,Активный
2025-08-21,Бабка корица и карамель,1.0,МАЯК,Thursday,Выпечка,Активный
2025-08-22,Бабка корица и карамель,1.0,МАЯК,Friday,Выпечка,Активный
2025-08-23,Бабка корица и карамель,1.0,МАЯК,Saturday,Выпечка,Активный
2025-08-24,Бабка корица и карамель,1.0,МАЯК,Sunday,Выпечка,Активный
2025-08-25,Бабка корица и карамель,1.0,МАЯК,Monday,Выпечка,Активный
2025-08-26,Бабка корица и карамель,1.0,МАЯК,Tuesday,Выпечка,Активный
2025-08-27,Бабка корица и карамель,1.0,МАЯК,Wednesday,Выпечка,Активный
2025-08-28,Бабка корица и карамель,1.0,МАЯК,Thursday,Выпечка,Активный
2025-08-29,Бабка корица и карамель,1.0,МАЯК,Friday,Выпечка,Активный
2025-08-30,Бабка корица и карамель,1.0,МАЯК,Saturday,Выпечка,Активный
2025-08-31,Бабка корица и карамель,1.0,МАЯК,Sunday,Выпечка,Активный
2025-06-24,Багет,3.0,МАЯК,Tuesday,Хлеб,Активный
2025-06-25,Багет,3.0,МАЯК,Wednesday,Хлеб,Активный
2025-06-26,Багет,3.0,МАЯК,Thursday,Хлеб,Активный
2025-06-27,Багет,5.0,МАЯК,Friday,Хлеб,Активный
2025-06-28,Багет,5.0,МАЯК,Saturday,Хлеб,Активный
2025-06-29,Багет,5.0,МАЯК,Sunday,Хлеб,Активный
2025-07-01,Багет,3.0,МАЯК,Tuesday,Хлеб,Активный
2025-07-02,Багет,3.0,МАЯК,Wednesday,Хлеб,Активный
2025-07-03,Багет,3.0,МАЯК,Thursday,Хлеб,Активный
2025-07-04,Багет,5.0,МАЯК,Friday,Хлеб,Активный
2025-07-05,Багет,5.0,МАЯК,Saturday,Хлеб,Активный
2025-07-06,Багет,5.0,МАЯК,Sunday,Хлеб,Активный
2025-07-08,Багет,3.0,МАЯК,Tuesday,Хлеб,Активный
2025-07-09,Багет,3.0,МАЯК,Wednesday,Хлеб,Активный
2025-07-10,Багет,3.0,МАЯК,Thursday,Хлеб,Активный
2025-07-11,Багет,3.0,МАЯК,Friday,Хлеб,Активный
2025-07-12,Багет,5.0,МАЯК,Saturday,Хлеб,Активный
2025-07-13,Багет,5.0,МАЯК,Sunday,Хлеб,Активный
2025-07-15,Багет,3.0,МАЯК,Tuesday,Хлеб,Активный
2025-07-16,Багет,3.0,МАЯК,Wednesday,Хлеб,Активный
2025-07-17,Багет,3.0,МАЯК,Thursday,Хлеб,Активный
2025-07-18,Багет,3.0,МАЯК,Friday,Хлеб,Активный
2025-07-19,Багет,5.0,МАЯК,Saturday,Хлеб,Активный
2025-07-20,Багет,5.0,МАЯК,Sunday,Хлеб,Активный
2025-07-22,Багет,3.0,МАЯК,Tuesday,Хлеб,Активный
2025-07-23,Багет,3.0,МАЯК,Wednesday,Хлеб,Активный
2025-07-24,Багет,3.0,МАЯК,Thursday,Хлеб,Активный
2025-07-25,Багет,3.0,МАЯК,Friday,Хлеб,Активный
2025-07-26,Багет,5.0,МАЯК,Saturday,Хлеб,Активный
2025-07-27,Багет,5.0,МАЯК,Sunday,Хлеб,Активный
2025-07-29,Багет,3.0,МАЯК,Tuesday,Хлеб,Активный
2025-07-30,Багет,3.0,МАЯК,Wednesday,Хлеб,Активный
2025-07-31,Багет,3.0,МАЯК,Thursday,Хлеб,Активный
2025-08-01,Багет,3.0,МАЯК,Friday,Хлеб,Активный
2025-08-02,Багет,5.0,МАЯК,Saturday,Хлеб,Активный
2025-08-03,Багет,5.0,МАЯК,Sunday,Хлеб,Активный
2025-08-05,Багет,3.0,МАЯК,Tuesday,Хлеб,Активный
2025-08-06,Багет,3.0,МАЯК,Wednesday,Хлеб,Активный
2025-08-07,Багет,3.0,МАЯК,Thursday,Хлеб,Активный
2025-08-08,Багет,3.0,МАЯК,Friday,Хлеб,Активный
2025-08-09,Багет,5.0,МАЯК,Saturday,Хлеб,Активный
2025-08-10,Багет,5.0,МАЯК,Sunday,Хлеб,Активный
2025-08-12,Багет,3.0,МАЯК,Tuesday,Хлеб,Активный
2025-08-13,Багет,3.0,МАЯК,Wednesday,Хлеб,Активный
2025-08-14,Багет,3.0,МАЯК,Thursday,Хлеб,Активный
2025-08-15,Багет,3.0,МАЯК,Friday,Хлеб,Активный
2025-08-16,Багет,5.0,МАЯК,Saturday,Хлеб,Активный
2025-08-17,Багет,5.0,МАЯК,Sunday,Хлеб,Активный
2025-08-19,Багет,3.0,МАЯК,Tuesday,Хлеб,Активный
2025-08-20,Багет,3.0,МАЯК,Wednesday,Хлеб,Активный
2025-08-21,Багет,3.0,МАЯК,Thursday,Хлеб,Активный
2025-08-22,Багет,3.0,МАЯК,Friday,Хлеб,Активный
2025-08-23,Багет,3.0,МАЯК,Saturday,Хлеб,Активный
2025-08-24,Багет,3.0,МАЯК,Sunday,Хлеб,Активный
2025-08-26,Багет,3.0,МАЯК,Tuesday,Хлеб,Активный
2025-08-27,Багет,3.0,МАЯК,Wednesday,Хлеб,Активный
2025-08-28,Багет,3.0,МАЯК,Thursday,Хлеб,Активный
2025-08-29,Багет,3.0,МАЯК,Friday,Хлеб,Активный
2025-08-30,Багет,3.0,МАЯК,Saturday,Хлеб,Активный
2025-08-31,Багет,3.0,МАЯК,Sunday,Хлеб,Активный
2025-06-23,Бейгл 100,10.0,МАЯК,Monday,Булки,Активный
2025-06-24,Бейгл 100,10.0,МАЯК,Tuesday,Булки,Активный
2025-06-25,Бейгл 100,10.0,МАЯК,Wednesday,Булки,Активный
2025-06-26,Бейгл 100,10.0,МАЯК,Thursday,Булки,Активный
2025-06-27,Бейгл 100,10.0,МАЯК,Friday,Булки,Активный
2025-06-28,Бейгл 100,12.0,МАЯК,Saturday,Булки,Активный
2025-06-29,Бейгл 100,10.0,МАЯК,Sunday,Булки,Активный
2025-06-30,Бейгл 100,10.0,МАЯК,Monday,Булки,Активный
2025-07-01,Бейгл 100,10.0,МАЯК,Tuesday,Булки,Активный
2025-07-02,Бейгл 100,10.0,МАЯК,Wednesday,Булки,Активный
2025-07-03,Бейгл 100,10.0,МАЯК,Thursday,Булки,Активный
2025-07-04,Бейгл 100,10.0,МАЯК,Friday,Булки,Активный
2025-07-05,Бейгл 100,12.0,МАЯК,Saturday,Булки,Активный
2025-07-06,Бейгл 100,10.0,МАЯК,Sunday,Булки,Активный
2025-07-07,Бейгл 100,5.0,МАЯК,Monday,Булки,Активный
2025-07-08,Бейгл 100,5.0,МАЯК,Tuesday,Булки,Активный
2025-07-09,Бейгл 100,8.0,МАЯК,Wednesday,Булки,Активный
2025-07-10,Бейгл 100,8.0,МАЯК,Thursday,Булки,Активный
2025-07-11,Бейгл 100,8.0,МАЯК,Friday,Булки,Активный
2025-07-12,Бейгл 100,10.0,МАЯК,Saturday,Булки,Активный
2025-07-13,Бейгл 100,10.0,МАЯК,Sunday,Булки,Активный
2025-07-14,Бейгл 100,5.0,МАЯК,Monday,Булки,Активный
2025-07-15,Бейгл 100,5.0,МАЯК,Tuesday,Булки,Активный
2025-07-16,Бейгл 100,8.0,МАЯК,Wednesday,Булки,Активный
2025-07-17,Бейгл 100,8.0,МАЯК,Thursday,Булки,Активный
2025-07-18,Бейгл 100,6.0,МАЯК,Friday,Булки,Активный
2025-07-19,Бейгл 100,10.0,МАЯК,Saturday,Булки,Активный
2025-07-20,Бейгл 100,10.0,МАЯК,Sunday,Булки,Активный
2025-07-21,Бейгл 100,6.0,МАЯК,Monday,Булки,Активный
2025-07-22,Бейгл 100,6.0,МАЯК,Tuesday,Булки,Активный
2025-07-23,Бейгл 100,6.0,МАЯК,Wednesday,Булки,Активный
2025-07-24,Бейгл 100,6.0,МАЯК,Thursday,Булки,Активный
2025-07-25,Бейгл 100,6.0,МАЯК,Friday,Булки,Активный
2025-07-26,Бейгл 100,10.0,МАЯК,Saturday,Булки,Активный
2025-07-27,Бейгл 100,10.0,МАЯК,Sunday,Булки,Активный
2025-07-28,Бейгл 100,6.0,МАЯК,Monday,Булки,Активный
2025-07-29,Бейгл 100,6.0,МАЯК,Tuesday,Булки,Активный
2025-07-30,Бейгл 100,6.0,МАЯК,Wednesday,Булки,Активный
2025-07-31,Бейгл 100,6.0,МАЯК,Thursday,Булки,Активный
2025-08-01,Бейгл 100,6.0,МАЯК,Friday,Булки,Активный
2025-08-02,Бейгл 100,10.0,МАЯК,Saturday,Булки,Активный
2025-08-03,Бейгл 100,10.0,МАЯК,Sunday,Булки,Активный
2025-08-04,Бейгл 100,5.0,МАЯК,Monday,Булки,Активный
2025-08-05,Бейгл 100,5.0,МАЯК,Tuesday,Булки,Активный
2025-08-06,Бейгл 100,6.0,МАЯК,Wednesday,Булки,Активный
2025-08-07,Бейгл 100,6.0,МАЯК,Thursday,Булки,Активный
2025-08-08,Бейгл 100,8.0,МАЯК,Friday,Булки,Активный
2025-08-09,Бейгл 100,10.0,МАЯК,Saturday,Булки,Активный
2025-08-10,Бейгл 100,10.0,МАЯК,Sunday,Булки,Активный
2025-08-11,Бейгл 100,5.0,МАЯК,Monday,Булки,Активный
2025-08-12,Бейгл 100,5.0,МАЯК,Tuesday,Булки,Активный
2025-08-13,Бейгл 100,5.0,МАЯК,Wednesday,Булки,Активный
2025-08-14,Бейгл 100,5.0,МАЯК,Thursday,Булки,Активный
2025-08-15,Бейгл 100,8.0,МАЯК,Friday,Булки,Активный
2025-08-16,Бейгл 100,8.0,МАЯК,Saturday,Булки,Активный
2025-08-17,Бейгл 100,8.0,МАЯК,Sunday,Булки,Активный
2025-08-18,Бейгл 100,5.0,МАЯК,Monday,Булки,Активный
2025-08-19,Бейгл 100,5.0,МАЯК,Tuesday,Булки,Активный
2025-08-20,Бейгл 100,5.0,МАЯК,Wednesday,Булки,Активный
2025-08-21,Бейгл 100,5.0,МАЯК,Thursday,Булки,Активный
2025-08-22,Бейгл 100,8.0,МАЯК,Friday,Булки,Активный
2025-08-23,Бейгл 100,8.0,МАЯК,Saturday,Булки,Активный
2025-08-24,Бейгл 100,8.0,МАЯК,Sunday,Булки,Активный
2025-08-25,Бейгл 100,5.0,МАЯК,Monday,Булки,Активный
2025-08-26,Бейгл 100,5.0,МАЯК,Tuesday,Булки,Активный
2025-08-27,Бейгл 100,5.0,МАЯК,Wednesday,Булки,Активный
2025-08-28,Бейгл 100,5.0,МАЯК,Thursday,Булки,Активный
2025-08-29,Бейгл 100,5.0,МАЯК,Friday,Булки,Активный
2025-08-30,Бейгл 100,7.0,МАЯК,Saturday,Булки,Активный
2025-08-31,Бейгл 100,7.0,МАЯК,Sunday,Булки,Активный
2025-06-23,Булка с маком,10.0,МАЯК,Monday,Булки,Активный
2025-06-24,Булка с маком,10.0,МАЯК,Tuesday,Булки,Активный
2025-06-25,Булка с маком,10.0,МАЯК,Wednesday,Булки,Активный
2025-06-26,Булка с маком,10.0,МАЯК,Thursday,Булки,Активный
2025-06-27,Булка с маком,10.0,МАЯК,Friday,Булки,Активный
2025-06-28,Булка с маком,10.0,МАЯК,Saturday,Булки,Активный
2025-06-29,Булка с маком,10.0,МАЯК,Sunday,Булки,Активный
2025-06-30,Булка с маком,10.0,МАЯК,Monday,Булки,Активный
2025-07-01,Булка с маком,10.0,МАЯК,Tuesday,Булки,Активный
2025-07-02,Булка с маком,10.0,МАЯК,Wednesday,Булки,Активный
2025-07-03,Булка с маком,10.0,МАЯК,Thursday,Булки,Активный
2025-07-04,Булка с маком,10.0,МАЯК,Friday,Булки,Активный
2025-07-05,Булка с маком,10.0,МАЯК,Saturday,Булки,Активный
2025-07-06,Булка с маком,10.0,МАЯК,Sunday,Булки,Активный
2025-07-07,Булка с маком,5.0,МАЯК,Monday,Булки,Активный
2025-07-08,Булка с маком,5.0,МАЯК,Tuesday,Булки,Активный
2025-07-09,Булка с маком,8.0,МАЯК,Wednesday,Булки,Активный
2025-07-10,Булка с маком,8.0,МАЯК,Thursday,Булки,Активный
2025-07-11,Булка с маком,8.0,МАЯК,Friday,Булки,Активный
2025-07-12,Булка с маком,10.0,МАЯК,Saturday,Булки,Активный
2025-07-13,Булка с маком,10.0,МАЯК,Sunday,Булки,Активный
2025-07-14,Булка с маком,5.0,МАЯК,Monday,Булки,Активный
2025-07-15,Булка с маком,5.0,МАЯК,Tuesday,Булки,Активный
2025-07-16,Булка с маком,8.0,МАЯК,Wednesday,Булки,Активный
2025-07-17,Булка с маком,8.0,МАЯК,Thursday,Булки,Активный
2025-07-18,Булка с маком,8.0,МАЯК,Friday,Булки,Активный
2025-07-19,Булка с маком,10.0,МАЯК,Saturday,Булки,Активный
2025-07-20,Булка с маком,10.0,МАЯК,Sunday,Булки,Активный
2025-07-21,Булка с маком,6.0,МАЯК,Monday,Булки,Активный
2025-07-22,Булка с маком,6.0,МАЯК,Tuesday,Булки,Активный
2025-07-23,Булка с маком,8.0,МАЯК,Wednesday,Булки,Активный
2025-07-24,Булка с маком,6.0,МАЯК,Thursday,Булки,Активный
2025-07-25,Булка с маком,8.0,МАЯК,Friday,Булки,Активный
2025-07-26,Булка с маком,10.0,МАЯК,Saturday,Булки,Активный
2025-07-27,Булка с маком,10.0,МАЯК,Sunday,Булки,Активный
2025-07-28,Булка с маком,6.0,МАЯК,Monday,Булки,Активный
2025-07-29,Булка с маком,6.0,МАЯК,Tuesday,Булки,Активный
2025-07-30,Булка с маком,6.0,МАЯК,Wednesday,Булки,Активный
2025-07-31,Булка с маком,6.0,МАЯК,Thursday,Булки,Активный
2025-08-01,Булка с маком,6.0,МАЯК,Friday,Булки,Активный
2025-08-02,Булка с маком,10.0,МАЯК,Saturday,Булки,Активный
2025-08-03,Булка с маком,10.0,МАЯК,Sunday,Булки,Активный
2025-08-04,Булка с маком,4.0,МАЯК,Monday,Булки,Активный
2025-08-05,Булка с маком,4.0,МАЯК,Tuesday,Булки,Активный
2025-08-06,Булка с маком,4.0,МАЯК,Wednesday,Булки,Активный
2025-08-07,Булка с маком,4.0,МАЯК,Thursday,Булки,Активный
2025-08-08,Булка с маком,6.0,МАЯК,Friday,Булки,Активный
2025-08-09,Булка с маком,8.0,МАЯК,Saturday,Булки,Активный
2025-08-10,Булка с маком,8.0,МАЯК,Sunday,Булки,Активный
2025-08-11,Булка с маком,4.0,МАЯК,Monday,Булки,Активный
2025-08-12,Булка с маком,4.0,МАЯК,Tuesday,Булки,Активный
2025-08-13,Булка с маком,4.0,МАЯК,Wednesday,Булки,Активный
2025-08-14,Булка с маком,4.0,МАЯК,Thursday,Булки,Активный
2025-08-15,Булка с маком,6.0,МАЯК,Friday,Булки,Активный
2025-08-16,Булка с маком,6.0,МАЯК,Saturday,Булки,Активный
2025-08-17,Булка с маком,6.0,МАЯК,Sunday,Булки,Активный
2025-08-18,Булка с маком,4.0,МАЯК,Monday,Булки,Активный
2025-08-19,Булка с маком,4.0,МАЯК,Tuesday,Булки,Активный
2025-08-20,Булка с маком,4.0,МАЯК,Wednesday,Булки,Активный
2025-08-21,Булка с маком,4.0,МАЯК,Thursday,Булки,Активный
2025-08-22,Булка с маком,6.0,МАЯК,Friday,Булки,Активный
2025-08-23,Булка с маком,6.0,МАЯК,Saturday,Булки,Активный
2025-08-24,Булка с маком,6.0,МАЯК,Sunday,Булки,Активный
2025-08-25,Булка с маком,4.0,МАЯК,Monday,Булки,Активный
2025-08-26,Булка с маком,4.0,МАЯК,Tuesday,Булки,Активный
2025-08-27,Булка с маком,4.0,МАЯК,Wednesday,Булки,Активный
2025-08-28,Булка с маком,6.0,МАЯК,Thursday,Булки,Активный
2025-08-29,Булка с маком,6.0,МАЯК,Friday,Булки,Активный
2025-08-30,Булка с маком,6.0,МАЯК,Saturday,Булки,Активный
2025-08-31,Булка с маком,6.0,МАЯК,Sunday,Булки,Активный
2025-06-23,Бриошь с шапкой,1.0,МАЯК,Monday,Хлеб,Снят
2025-06-28,Бриошь с шапкой,1.0,МАЯК,Saturday,Хлеб,Снят
2025-06-30,Бриошь с шапкой,1.0,МАЯК,Monday,Хлеб,Снят
2025-07-04,Бриошь с шапкой,1.0,МАЯК,Friday,Хлеб,Снят
2025-07-05,Бриошь с шапкой,1.0,МАЯК,Saturday,Хлеб,Снят
2025-07-06,Бриошь с шапкой,1.0,МАЯК,Sunday,Хлеб,Снят
2025-07-07,Бриошь с шапкой,1.0,МАЯК,Monday,Хлеб,Снят
2025-07-08,Бриошь с шапкой,1.0,МАЯК,Tuesday,Хлеб,Снят
2025-07-09,Бриошь с шапкой,1.0,МАЯК,Wednesday,Хлеб,Снят
2025-07-10,Бриошь с шапкой,1.0,МАЯК,Thursday,Хлеб,Снят
2025-07-11,Бриошь с шапкой,1.0,МАЯК,Friday,Хлеб,Снят
2025-07-12,Бриошь с шапкой,1.0,МАЯК,Saturday,Хлеб,Снят
2025-07-13,Бриошь с шапкой,1.0,МАЯК,Sunday,Хлеб,Снят
2025-07-14,Бриошь с шапкой,1.0,МАЯК,Monday,Хлеб,Снят
2025-07-15,Бриошь с шапкой,1.0,МАЯК,Tuesday,Хлеб,Снят
2025-07-16,Бриошь с шапкой,1.0,МАЯК,Wednesday,Хлеб,Снят
2025-07-17,Бриошь с шапкой,1.0,МАЯК,Thursday,Хлеб,Снят
2025-07-18,Бриошь с шапкой,1.0,МАЯК,Friday,Хлеб,Снят
2025-07-19,Бриошь с шапкой,1.0,МАЯК,Saturday,Хлеб,Снят
2025-07-20,Бриошь с шапкой,1.0,МАЯК,Sunday,Хлеб,Снят
2025-07-21,Бриошь с шапкой,1.0,МАЯК,Monday,Хлеб,Снят
2025-07-22,Бриошь с шапкой,1.0,МАЯК,Tuesday,Хлеб,Снят
2025-07-23,Бриошь с шапкой,1.0,МАЯК,Wednesday,Хлеб,Снят
2025-07-24,Бриошь с шапкой,1.0,МАЯК,Thursday,Хлеб,Снят
2025-07-25,Бриошь с шапкой,1.0,МАЯК,Friday,Хлеб,Снят
2025-07-26,Бриошь с шапкой,1.0,МАЯК,Saturday,Хлеб,Снят
2025-07-27,Бриошь с шапкой,1.0,МАЯК,Sunday,Хлеб,Снят
2025-07-28,Бриошь с шапкой,1.0,МАЯК,Monday,Хлеб,Снят
2025-07-29,Бриошь с шапкой,1.0,МАЯК,Tuesday,Хлеб,Снят
2025-07-30,Бриошь с шапкой,1.0,МАЯК,Wednesday,Хлеб,Снят
2025-07-31,Бриошь с шапкой,1.0,МАЯК,Thursday,Хлеб,Снят
2025-08-01,Бриошь с шапкой,1.0,МАЯК,Friday,Хлеб,Снят
2025-08-02,Бриошь с шапкой,1.0,МАЯК,Saturday,Хлеб,Снят
2025-08-03,Бриошь с шапкой,1.0,МАЯК,Sunday,Хлеб,Снят
2025-08-04,Бриошь с шапкой,1.0,МАЯК,Monday,Хлеб,Снят
2025-08-05,Бриошь с шапкой,1.0,МАЯК,Tuesday,Хлеб,Снят
2025-08-06,Бриошь с шапкой,1.0,МАЯК,Wednesday,Хлеб,Снят
2025-08-07,Бриошь с шапкой,1.0,МАЯК,Thursday,Хлеб,Снят
2025-08-08,Бриошь с шапкой,1.0,МАЯК,Friday,Хлеб,Снят
2025-08-09,Бриошь с шапкой,1.0,МАЯК,Saturday,Хлеб,Снят
2025-08-10,Бриошь с шапкой,1.0,МАЯК,Sunday,Хлеб,Снят
2025-08-11,Бриошь с шапкой,1.0,МАЯК,Monday,Хлеб,Снят
2025-08-12,Бриошь с шапкой,1.0,МАЯК,Tuesday,Хлеб,Снят
2025-08-13,Бриошь с шапкой,1.0,МАЯК,Wednesday,Хлеб,Снят
2025-08-14,Бриошь с шапкой,1.0,МАЯК,Thursday,Хлеб,Снят
2025-08-15,Бриошь с шапкой,1.0,МАЯК,Friday,Хлеб,Снят
2025-08-16,Бриошь с шапкой,1.0,МАЯК,Saturday,Хлеб,Снят
2025-08-17,Бриошь с шапкой,1.0,МАЯК,Sunday,Хлеб,Снят
2025-08-18,Бриошь с шапкой,1.0,МАЯК,Monday,Хлеб,Снят
2025-08-19,Бриошь с шапкой,1.0,МАЯК,Tuesday,Хлеб,Снят
2025-08-20,Бриошь с шапкой,1.0,МАЯК,Wednesday,Хлеб,Снят
2025-08-21,Бриошь с шапкой,1.0,МАЯК,Thursday,Хлеб,Снят
2025-08-22,Бриошь с шапкой,1.0,МАЯК,Friday,Хлеб,Снят
2025-08-23,Бриошь с шапкой,1.0,МАЯК,Saturday,Хлеб,Снят
2025-08-24,Бриошь с шапкой,1.0,МАЯК,Sunday,Хлеб,Снят
2025-08-25,Бриошь с шапкой,1.0,МАЯК,Monday,Хлеб,Снят
2025-08-26,Бриошь с шапкой,1.0,МАЯК,Tuesday,Хлеб,Снят
2025-08-27,Бриошь с шапкой,1.0,МАЯК,Wednesday,Хлеб,Снят
2025-06-23,Булка с кардамоном,6.0,МАЯК,Monday,Булки,Активный
2025-06-24,Булка с кардамоном,6.0,МАЯК,Tuesday,Булки,Активный
2025-06-25,Булка с кардамоном,6.0,МАЯК,Wednesday,Булки,Активный
2025-06-26,Булка с кардамоном,8.0,МАЯК,Thursday,Булки,Активный
2025-06-27,Булка с кардамоном,10.0,МАЯК,Friday,Булки,Активный
2025-06-28,Булка с кардамоном,10.0,МАЯК,Saturday,Булки,Активный
2025-06-29,Булка с кардамоном,8.0,МАЯК,Sunday,Булки,Активный
2025-06-30,Булка с кардамоном,6.0,МАЯК,Monday,Булки,Активный
2025-07-01,Булка с кардамоном,6.0,МАЯК,Tuesday,Булки,Активный
2025-07-02,Булка с кардамоном,6.0,МАЯК,Wednesday,Булки,Активный
2025-07-03,Булка с кардамоном,6.0,МАЯК,Thursday,Булки,Активный
2025-07-04,Булка с кардамоном,10.0,МАЯК,Friday,Булки,Активный
2025-07-05,Булка с кардамоном,10.0,МАЯК,Saturday,Булки,Активный
2025-07-06,Булка с кардамоном,10.0,МАЯК,Sunday,Булки,Активный
2025-07-07,Булка с кардамоном,4.0,МАЯК,Monday,Булки,Активный
2025-07-08,Булка с кардамоном,4.0,МАЯК,Tuesday,Булки,Активный
2025-07-09,Булка с кардамоном,6.0,МАЯК,Wednesday,Булки,Активный
2025-07-10,Булка с кардамоном,6.0,МАЯК,Thursday,Булки,Активный
2025-07-11,Булка с кардамоном,8.0,МАЯК,Friday,Булки,Активный
2025-07-12,Булка с кардамоном,10.0,МАЯК,Saturday,Булки,Активный
2025-07-13,Булка с кардамоном,10.0,МАЯК,Sunday,Булки,Активный
2025-07-14,Булка с кардамоном,4.0,МАЯК,Monday,Булки,Активный
2025-07-15,Булка с кардамоном,4.0,МАЯК,Tuesday,Булки,Активный
2025-07-16,Булка с кардамоном,6.0,МАЯК,Wednesday,Булки,Активный
2025-07-17,Булка с кардамоном,6.0,МАЯК,Thursday,Булки,Активный
2025-07-18,Булка с кардамоном,8.0,МАЯК,Friday,Булки,Активный
2025-07-19,Булка с кардамоном,10.0,МАЯК,Saturday,Булки,Активный
2025-07-20,Булка с кардамоном,10.0,МАЯК,Sunday,Булки,Активный
2025-07-21,Булка с кардамоном,5.0,МАЯК,Monday,Булки,Активный
2025-07-22,Булка с кардамоном,4.0,МАЯК,Tuesday,Булки,Активный
2025-07-23,Булка с кардамоном,4.0,МАЯК,Wednesday,Булки,Активный
2025-07-24,Булка с кардамоном,5.0,МАЯК,Thursday,Булки,Активный
2025-07-25,Булка с кардамоном,6.0,МАЯК,Friday,Булки,Активный
2025-07-26,Булка с кардамоном,6.0,МАЯК,Saturday,Булки,Активный
2025-07-27,Булка с кардамоном,6.0,МАЯК,Sunday,Булки,Активный
2025-07-28,Булка с кардамоном,6.0,МАЯК,Monday,Булки,Активный
2025-07-29,Булка с кардамоном,6.0,МАЯК,Tuesday,Булки,Активный
2025-07-30,Булка с кардамоном,6.0,МАЯК,Wednesday,Булки,Активный
2025-07-31,Булка с кардамоном,6.0,МАЯК,Thursday,Булки,Активный
2025-08-01,Булка с кардамоном,6.0,МАЯК,Friday,Булки,Активный
2025-08-02,Булка с кардамоном,6.0,МАЯК,Saturday,Булки,Активный
2025-08-03,Булка с кардамоном,6.0,МАЯК,Sunday,Булки,Активный
2025-08-04,Булка с кардамоном,6.0,МАЯК,Monday,Булки,Активный
2025-08-05,Булка с кардамоном,6.0,МАЯК,Tuesday,Булки,Активный
2025-08-06,Булка с кардамоном,6.0,МАЯК,Wednesday,Булки,Активный
2025-08-07,Булка с кардамоном,6.0,МАЯК,Thursday,Булки,Активный
2025-08-08,Булка с кардамоном,6.0,МАЯК,Friday,Булки,Активный
2025-08-09,Булка с кардамоном,6.0,МАЯК,Saturday,Булки,Активный
2025-08-10,Булка с кардамоном,6.0,МАЯК,Sunday,Булки,Активный
2025-08-11,Булка с кардамоном,6.0,МАЯК,Monday,Булки,Активный
2025-08-12,Булка с кардамоном,6.0,МАЯК,Tuesday,Булки,Активный
2025-08-13,Булка с кардамоном,6.0,МАЯК,Wednesday,Булки,Активный
2025-08-14,Булка с кардамоном,6.0,МАЯК,Thursday,Булки,Активный
2025-08-15,Булка с кардамоном,3.0,МАЯК,Friday,Булки,Активный
2025-08-16,Булка с кардамоном,6.0,МАЯК,Saturday,Булки,Активный
2025-08-17,Булка с кардамоном,6.0,МАЯК,Sunday,Булки,Активный
2025-08-18,Булка с кардамоном,6.0,МАЯК,Monday,Булки,Активный
2025-08-19,Булка с кардамоном,6.0,МАЯК,Tuesday,Булки,Активный
2025-08-20,Булка с кардамоном,6.0,МАЯК,Wednesday,Булки,Активный
2025-08-21,Булка с кардамоном,6.0,МАЯК,Thursday,Булки,Активный
2025-08-22,Булка с кардамоном,6.0,МАЯК,Friday,Булки,Активный
2025-08-23,Булка с кардамоном,6.0,МАЯК,Saturday,Булки,Активный
2025-08-24,Булка с кардамоном,6.0,МАЯК,Sunday,Булки,Активный
2025-08-25,Булка с кардамоном,6.0,МАЯК,Monday,Булки,Активный
2025-08-26,Булка с кардамоном,6.0,МАЯК,Tuesday,Булки,Активный
2025-08-27,Булка с кардамоном,6.0,МАЯК,Wednesday,Булки,Активный
2025-08-28,Булка с кардамоном,1.0,МАЯК,Thursday,Булки,Активный
2025-08-29,Булка с кардамоном,1.0,МАЯК,Friday,Булки,Активный
2025-08-30,Булка с кардамоном,1.0,МАЯК,Saturday,Булки,Активный
2025-08-31,Булка с кардамоном,1.0,МАЯК,Sunday,Булки,Активный
2025-06-23,Булка с корицей,8.0,МАЯК,Monday,Булки,Активный
2025-06-24,Булка с корицей,8.0,МАЯК,Tuesday,Булки,Активный
2025-06-25,Булка с корицей,8.0,МАЯК,Wednesday,Булки,Активный
2025-06-26,Булка с корицей,10.0,МАЯК,Thursday,Булки,Активный
2025-06-27,Булка с корицей,12.0,МАЯК,Friday,Булки,Активный
2025-06-28,Булка с корицей,12.0,МАЯК,Saturday,Булки,Активный
2025-06-29,Булка с корицей,12.0,МАЯК,Sunday,Булки,Активный
2025-06-30,Булка с корицей,8.0,МАЯК,Monday,Булки,Активный
2025-07-01,Булка с корицей,8.0,МАЯК,Tuesday,Булки,Активный
2025-07-02,Булка с корицей,8.0,МАЯК,Wednesday,Булки,Активный
2025-07-03,Булка с корицей,8.0,МАЯК,Thursday,Булки,Активный
2025-07-04,Булка с корицей,12.0,МАЯК,Friday,Булки,Активный
2025-07-05,Булка с корицей,12.0,МАЯК,Saturday,Булки,Активный
2025-07-06,Булка с корицей,12.0,МАЯК,Sunday,Булки,Активный
2025-07-07,Булка с корицей,8.0,МАЯК,Monday,Булки,Активный
2025-07-08,Булка с корицей,8.0,МАЯК,Tuesday,Булки,Активный
2025-07-09,Булка с корицей,8.0,МАЯК,Wednesday,Булки,Активный
2025-07-10,Булка с корицей,8.0,МАЯК,Thursday,Булки,Активный
2025-07-11,Булка с корицей,8.0,МАЯК,Friday,Булки,Активный
2025-07-12,Булка с корицей,12.0,МАЯК,Saturday,Булки,Активный
2025-07-13,Булка с корицей,12.0,МАЯК,Sunday,Булки,Активный
2025-07-14,Булка с корицей,8.0,МАЯК,Monday,Булки,Активный
2025-07-15,Булка с корицей,8.0,МАЯК,Tuesday,Булки,Активный
2025-07-16,Булка с корицей,8.0,МАЯК,Wednesday,Булки,Активный
2025-07-17,Булка с корицей,8.0,МАЯК,Thursday,Булки,Активный
2025-07-18,Булка с корицей,8.0,МАЯК,Friday,Булки,Активный
2025-07-19,Булка с корицей,12.0,МАЯК,Saturday,Булки,Активный
2025-07-20,Булка с корицей,12.0,МАЯК,Sunday,Булки,Активный
2025-07-21,Булка с корицей,8.0,МАЯК,Monday,Булки,Активный
2025-07-22,Булка с корицей,7.0,МАЯК,Tuesday,Булки,Активный
2025-07-23,Булка с корицей,6.0,МАЯК,Wednesday,Булки,Активный
2025-07-24,Булка с корицей,8.0,МАЯК,Thursday,Булки,Активный
2025-07-25,Булка с корицей,8.0,МАЯК,Friday,Булки,Активный
2025-07-26,Булка с корицей,8.0,МАЯК,Saturday,Булки,Активный
2025-07-27,Булка с корицей,8.0,МАЯК,Sunday,Булки,Активный
2025-07-28,Булка с корицей,6.0,МАЯК,Monday,Булки,Активный
2025-07-29,Булка с корицей,6.0,МАЯК,Tuesday,Булки,Активный
2025-07-30,Булка с корицей,6.0,МАЯК,Wednesday,Булки,Активный
2025-07-31,Булка с корицей,6.0,МАЯК,Thursday,Булки,Активный
2025-08-01,Булка с корицей,6.0,МАЯК,Friday,Булки,Активный
2025-08-02,Булка с корицей,8.0,МАЯК,Saturday,Булки,Активный
2025-08-03,Булка с корицей,8.0,МАЯК,Sunday,Булки,Активный
2025-08-04,Булка с корицей,6.0,МАЯК,Monday,Булки,Активный
2025-08-05,Булка с корицей,6.0,МАЯК,Tuesday,Булки,Активный
2025-08-06,Булка с корицей,6.0,МАЯК,Wednesday,Булки,Активный
2025-08-07,Булка с корицей,6.0,МАЯК,Thursday,Булки,Активный
2025-08-08,Булка с корицей,6.0,МАЯК,Friday,Булки,Активный
2025-08-09,Булка с корицей,6.0,МАЯК,Saturday,Булки,Активный
2025-08-10,Булка с корицей,6.0,МАЯК,Sunday,Булки,Активный
2025-08-11,Булка с корицей,6.0,МАЯК,Monday,Булки,Активный
2025-08-12,Булка с корицей,6.0,МАЯК,Tuesday,Булки,Активный
2025-08-13,Булка с корицей,6.0,МАЯК,Wednesday,Булки,Активный
2025-08-14,Булка с корицей,6.0,МАЯК,Thursday,Булки,Активный
2025-08-15,Булка с корицей,6.0,МАЯК,Friday,Булки,Активный
2025-08-16,Булка с корицей,6.0,МАЯК,Saturday,Булки,Активный
2025-08-17,Булка с корицей,6.0,МАЯК,Sunday,Булки,Активный
2025-08-18,Булка с корицей,6.0,МАЯК,Monday,Булки,Активный
2025-08-19,Булка с корицей,6.0,МАЯК,Tuesday,Булки,Активный
2025-08-20,Булка с корицей,6.0,МАЯК,Wednesday,Булки,Активный
2025-08-21,Булка с корицей,6.0,МАЯК,Thursday,Булки,Активный
2025-08-22,Булка с корицей,6.0,МАЯК,Friday,Булки,Активный
2025-08-23,Булка с корицей,6.0,МАЯК,Saturday,Булки,Активный
2025-08-24,Булка с корицей,6.0,МАЯК,Sunday,Булки,Активный
2025-08-25,Булка с корицей,6.0,МАЯК,Monday,Булки,Активный
2025-08-26,Булка с корицей,6.0,МАЯК,Tuesday,Булки,Активный
2025-08-27,Булка с корицей,6.0,МАЯК,Wednesday,Булки,Активный
2025-08-28,Булка с корицей,6.0,МАЯК,Thursday,Булки,Активный
2025-08-29,Булка с корицей,6.0,МАЯК,Friday,Булки,Активный
2025-08-30,Булка с корицей,6.0,МАЯК,Saturday,Булки,Активный
2025-08-31,Булка с корицей,6.0,МАЯК,Sunday,Булки,Активный
2025-06-23,Булка с тхиной,6.0,МАЯК,Monday,Булки,Активный
2025-06-24,Булка с тхиной,6.0,МАЯК,Tuesday,Булки,Активный
2025-06-25,Булка с тхиной,6.0,МАЯК,Wednesday,Булки,Активный
2025-06-26,Булка с тхиной,6.0,МАЯК,Thursday,Булки,Активный
2025-06-27,Булка с тхиной,6.0,МАЯК,Friday,Булки,Активный
2025-06-28,Булка с тхиной,6.0,МАЯК,Saturday,Булки,Активный
2025-06-29,Булка с тхиной,6.0,МАЯК,Sunday,Булки,Активный
2025-06-30,Булка с тхиной,6.0,МАЯК,Monday,Булки,Активный
2025-07-01,Булка с тхиной,6.0,МАЯК,Tuesday,Булки,Активный
2025-07-02,Булка с тхиной,6.0,МАЯК,Wednesday,Булки,Активный
2025-07-03,Булка с тхиной,6.0,МАЯК,Thursday,Булки,Активный
2025-07-04,Булка с тхиной,6.0,МАЯК,Friday,Булки,Активный
2025-07-05,Булка с тхиной,6.0,МАЯК,Saturday,Булки,Активный
2025-07-06,Булка с тхиной,6.0,МАЯК,Sunday,Булки,Активный
2025-07-07,Булка с тхиной,6.0,МАЯК,Monday,Булки,Активный
2025-07-08,Булка с тхиной,6.0,МАЯК,Tuesday,Булки,Активный
2025-07-09,Булка с тхиной,6.0,МАЯК,Wednesday,Булки,Активный
2025-07-10,Булка с тхиной,6.0,МАЯК,Thursday,Булки,Активный
2025-07-11,Булка с тхиной,6.0,МАЯК,Friday,Булки,Активный
2025-07-12,Булка с тхиной,6.0,МАЯК,Saturday,Булки,Активный
2025-07-13,Булка с тхиной,6.0,МАЯК,Sunday,Булки,Активный
2025-07-14,Булка с тхиной,6.0,МАЯК,Monday,Булки,Активный
2025-07-15,Булка с тхиной,6.0,МАЯК,Tuesday,Булки,Активный
2025-07-16,Булка с тхиной,6.0,МАЯК,Wednesday,Булки,Активный
2025-07-17,Булка с тхиной,6.0,МАЯК,Thursday,Булки,Активный
2025-07-18,Булка с тхиной,6.0,МАЯК,Friday,Булки,Активный
2025-07-19,Булка с тхиной,8.0,МАЯК,Saturday,Булки,Активный
2025-07-20,Булка с тхиной,8.0,МАЯК,Sunday,Булки,Активный
2025-07-21,Булка с тхиной,5.0,МАЯК,Monday,Булки,Активный
2025-07-22,Булка с тхиной,5.0,МАЯК,Tuesday,Булки,Активный
2025-07-23,Булка с тхиной,5.0,МАЯК,Wednesday,Булки,Активный
2025-07-24,Булка с тхиной,6.0,МАЯК,Thursday,Булки,Активный
2025-07-25,Булка с тхиной,6.0,МАЯК,Friday,Булки,Активный
2025-07-26,Булка с тхиной,8.0,МАЯК,Saturday,Булки,Активный
2025-07-27,Булка с тхиной,8.0,МАЯК,Sunday,Булки,Активный
2025-07-28,Булка с тхиной,5.0,МАЯК,Monday,Булки,Активный
2025-07-29,Булка с тхиной,5.0,МАЯК,Tuesday,Булки,Активный
2025-07-30,Булка с тхиной,5.0,МАЯК,Wednesday,Булки,Активный
2025-07-31,Булка с тхиной,6.0,МАЯК,Thursday,Булки,Активный
2025-08-01,Булка с тхиной,6.0,МАЯК,Friday,Булки,Активный
2025-08-02,Булка с тхиной,8.0,МАЯК,Saturday,Булки,Активный
2025-08-03,Булка с тхиной,8.0,МАЯК,Sunday,Булки,Активный
2025-08-04,Булка с тхиной,5.0,МАЯК,Monday,Булки,Активный
2025-08-05,Булка с тхиной,5.0,МАЯК,Tuesday,Булки,Активный
2025-08-06,Булка с тхиной,5.0,МАЯК,Wednesday,Булки,Активный
2025-08-07,Булка с тхиной,5.0,МАЯК,Thursday,Булки,Активный
2025-08-08,Булка с тхиной,6.0,МАЯК,Friday,Булки,Активный
2025-08-09,Булка с тхиной,6.0,МАЯК,Saturday,Булки,Активный
2025-08-10,Булка с тхиной,6.0,МАЯК,Sunday,Булки,Активный
2025-08-11,Булка с тхиной,5.0,МАЯК,Monday,Булки,Активный
2025-08-12,Булка с тхиной,5.0,МАЯК,Tuesday,Булки,Активный
2025-08-13,Булка с тхиной,5.0,МАЯК,Wednesday,Булки,Активный
2025-08-14,Булка с тхиной,5.0,МАЯК,Thursday,Булки,Активный
2025-08-15,Булка с тхиной,5.0,МАЯК,Friday,Булки,Активный
2025-08-16,Булка с тхиной,6.0,МАЯК,Saturday,Булки,Активный
2025-08-17,Булка с тхиной,6.0,МАЯК,Sunday,Булки,Активный
2025-08-18,Булка с тхиной,5.0,МАЯК,Monday,Булки,Активный
2025-08-19,Булка с тхиной,5.0,МАЯК,Tuesday,Булки,Активный
2025-08-20,Булка с тхиной,5.0,МАЯК,Wednesday,Булки,Активный
2025-08-21,Булка с тхиной,5.0,МАЯК,Thursday,Булки,Активный
2025-08-22,Булка с тхиной,5.0,МАЯК,Friday,Булки,Активный
2025-08-23,Булка с тхиной,5.0,МАЯК,Saturday,Булки,Активный
2025-08-24,Булка с тхиной,5.0,МАЯК,Sunday,Булки,Активный
2025-08-25,Булка с тхиной,4.0,МАЯК,Monday,Булки,Активный
2025-08-26,Булка с тхиной,4.0,МАЯК,Tuesday,Булки,Активный
2025-08-27,Булка с тхиной,4.0,МАЯК,Wednesday,Булки,Активный
2025-08-28,Булка с тхиной,4.0,МАЯК,Thursday,Булки,Активный
2025-08-29,Булка с тхиной,4.0,МАЯК,Friday,Булки,Активный
2025-08-30,Булка с тхиной,6.0,МАЯК,Saturday,Булки,Активный
2025-08-31,Булка с тхиной,6.0,МАЯК,Sunday,Булки,Активный
2025-08-28,Даниш яблочный пирог с заварным кремом,4.0,МАЯК,Thursday,Выпечка,Снят
2025-08-29,Даниш яблочный пирог с заварным кремом,4.0,МАЯК,Friday,Выпечка,Снят
2025-08-30,Даниш яблочный пирог с заварным кремом,6.0,МАЯК,Saturday,Выпечка,Снят
2025-08-31,Даниш яблочный пирог с заварным кремом,6.0,МАЯК,Sunday,Выпечка,Снят
2025-06-23,Канле,12.0,МАЯК,Monday,Десерты,Снят
2025-06-24,Канле,12.0,МАЯК,Tuesday,Десерты,Снят
2025-06-25,Канле,12.0,МАЯК,Wednesday,Десерты,Снят
2025-06-26,Канле,12.0,МАЯК,Thursday,Десерты,Снят
2025-06-27,Канле,12.0,МАЯК,Friday,Десерты,Снят
2025-06-28,Канле,12.0,МАЯК,Saturday,Десерты,Снят
2025-06-29,Канле,12.0,МАЯК,Sunday,Десерты,Снят
2025-06-30,Канле,12.0,МАЯК,Monday,Десерты,Снят
2025-07-01,Канле,12.0,МАЯК,Tuesday,Десерты,Снят
2025-07-02,Канле,12.0,МАЯК,Wednesday,Десерты,Снят
2025-07-03,Канле,12.0,МАЯК,Thursday,Десерты,Снят
2025-07-04,Канле,12.0,МАЯК,Friday,Десерты,Снят
2025-07-05,Канле,12.0,МАЯК,Saturday,Десерты,Снят
2025-07-06,Канле,12.0,МАЯК,Sunday,Десерты,Снят
2025-08-02,Канле,8.0,МАЯК,Saturday,Десерты,Снят
2025-08-03,Канле,8.0,МАЯК,Sunday,Десерты,Снят
2025-08-09,Канле,6.0,МАЯК,Saturday,Десерты,Снят
2025-08-10,Канле,6.0,МАЯК,Sunday,Десерты,Снят
2025-08-16,Канле,6.0,МАЯК,Saturday,Десерты,Снят
2025-08-17,Канле,6.0,МАЯК,Sunday,Десерты,Снят
2025-08-23,Канле,6.0,МАЯК,Saturday,Десерты,Снят
2025-08-24,Канле,6.0,МАЯК,Sunday,Десерты,Снят
2025-08-30,Канле,6.0,МАЯК,Saturday,Десерты,Снят
2025-08-31,Канле,6.0,МАЯК,Sunday,Десерты,Снят
2025-07-15,Кекс мак-лимон с кремом,4.0,МАЯК,Tuesday,Выпечка,Активный
2025-07-18,Кекс мак-лимон с кремом,2.0,МАЯК,Friday,Выпечка,Активный
2025-07-19,Кекс мак-лимон с кремом,3.0,МАЯК,Saturday,Выпечка,Активный
2025-07-20,Кекс мак-лимон с кремом,3.0,МАЯК,Sunday,Выпечка,Активный
2025-07-21,Кекс мак-лимон с кремом,2.0,МАЯК,Monday,Выпечка,Активный
2025-07-23,Кекс мак-лимон с кремом,2.0,МАЯК,Wednesday,Выпечка,Активный
2025-07-24,Кекс мак-лимон с кремом,2.0,МАЯК,Thursday,Выпечка,Активный
2025-07-25,Кекс мак-лимон с кремом,2.0,МАЯК,Friday,Выпечка,Активный
2025-07-26,Кекс мак-лимон с кремом,3.0,МАЯК,Saturday,Выпечка,Активный
2025-07-27,Кекс мак-лимон с кремом,3.0,МАЯК,Sunday,Выпечка,Активный
2025-07-28,Кекс мак-лимон с кремом,2.0,МАЯК,Monday,Выпечка,Активный
2025-07-30,Кекс мак-лимон с кремом,2.0,МАЯК,Wednesday,Выпечка,Активный
2025-08-01,Кекс мак-лимон с кремом,2.0,МАЯК,Friday,Выпечка,Активный
2025-08-03,Кекс мак-лимон с кремом,2.0,МАЯК,Sunday,Выпечка,Активный
2025-08-05,Кекс мак-лимон с кремом,2.0,МАЯК,Tuesday,Выпечка,Активный
2025-08-07,Кекс мак-лимон с кремом,2.0,МАЯК,Thursday,Выпечка,Активный
2025-08-09,Кекс мак-лимон с кремом,2.0,МАЯК,Saturday,Выпечка,Активный
2025-08-11,Кекс мак-лимон с кремом,2.0,МАЯК,Monday,Выпечка,Активный
2025-08-13,Кекс мак-лимон с кремом,2.0,МАЯК,Wednesday,Выпечка,Активный
2025-08-15,Кекс мак-лимон с кремом,2.0,МАЯК,Friday,Выпечка,Активный
2025-08-17,Кекс мак-лимон с кремом,2.0,МАЯК,Sunday,Выпечка,Активный
2025-08-19,Кекс мак-лимон с кремом,2.0,МАЯК,Tuesday,Выпечка,Активный
2025-08-21,Кекс мак-лимон с кремом,2.0,МАЯК,Thursday,Выпечка,Активный
2025-08-23,Кекс мак-лимон с кремом,2.0,МАЯК,Saturday,Выпечка,Активный
2025-08-25,Кекс мак-лимон с кремом,2.0,МАЯК,Monday,Выпечка,Активный
2025-08-27,Кекс мак-лимон с кремом,2.0,МАЯК,Wednesday,Выпечка,Активный
2025-08-29,Кекс мак-лимон с кремом,2.0,МАЯК,Friday,Выпечка,Активный
2025-08-31,Кекс мак-лимон с кремом,2.0,МАЯК,Sunday,Выпечка,Активный
2025-06-26,Кекс морковный с карамельной глазурью,1.0,МАЯК,Thursday,Выпечка,Активный
2025-06-28,Кекс морковный с карамельной глазурью,1.0,МАЯК,Saturday,Выпечка,Активный
2025-07-02,Кекс морковный с карамельной глазурью,1.0,МАЯК,Wednesday,Выпечка,Активный
2025-07-05,Кекс морковный с карамельной глазурью,1.0,МАЯК,Saturday,Выпечка,Активный
2025-07-08,Кекс морковный с карамельной глазурью,1.0,МАЯК,Tuesday,Выпечка,Активный
2025-07-11,Кекс морковный с карамельной глазурью,1.0,МАЯК,Friday,Выпечка,Активный
2025-07-15,Кекс морковный с карамельной глазурью,1.0,МАЯК,Tuesday,Выпечка,Активный
2025-07-18,Кекс морковный с карамельной глазурью,1.0,МАЯК,Friday,Выпечка,Активный
2025-07-20,Кекс морковный с карамельной глазурью,1.0,МАЯК,Sunday,Выпечка,Активный
2025-07-23,Кекс морковный с карамельной глазурью,1.0,МАЯК,Wednesday,Выпечка,Активный
2025-07-25,Кекс морковный с карамельной глазурью,1.0,МАЯК,Friday,Выпечка,Активный
2025-07-27,Кекс морковный с карамельной глазурью,1.0,МАЯК,Sunday,Выпечка,Активный
2025-07-30,Кекс морковный с карамельной глазурью,1.0,МАЯК,Wednesday,Выпечка,Активный
2025-08-03,Кекс морковный с карамельной глазурью,1.0,МАЯК,Sunday,Выпечка,Активный
2025-08-07,Кекс морковный с карамельной глазурью,1.0,МАЯК,Thursday,Выпечка,Активный
2025-08-11,Кекс морковный с карамельной глазурью,1.0,МАЯК,Monday,Выпечка,Активный
2025-08-15,Кекс морковный с карамельной глазурью,1.0,МАЯК,Friday,Выпечка,Активный
2025-08-19,Кекс морковный с карамельной глазурью,1.0,МАЯК,Tuesday,Выпечка,Активный
2025-08-23,Кекс морковный с карамельной глазурью,1.0,МАЯК,Saturday,Выпечка,Активный
2025-08-27,Кекс морковный с карамельной глазурью,1.0,МАЯК,Wednesday,Выпечка,Активный
2025-08-31,Кекс морковный с карамельной глазурью,1.0,МАЯК,Sunday,Выпечка,Активный
2025-06-23,Краффин брауни-вишня,4.0,МАЯК,Monday,Выпечка,Снят
2025-06-24,Краффин брауни-вишня,4.0,МАЯК,Tuesday,Выпечка,Снят
2025-06-25,Краффин брауни-вишня,4.0,МАЯК,Wednesday,Выпечка,Снят
2025-06-26,Краффин брауни-вишня,4.0,МАЯК,Thursday,Выпечка,Снят
2025-06-27,Краффин брауни-вишня,5.0,МАЯК,Friday,Выпечка,Снят
2025-06-28,Краффин брауни-вишня,6.0,МАЯК,Saturday,Выпечка,Снят
2025-06-29,Краффин брауни-вишня,6.0,МАЯК,Sunday,Выпечка,Снят
2025-06-30,Краффин брауни-вишня,4.0,МАЯК,Monday,Выпечка,Снят
2025-07-01,Краффин брауни-вишня,4.0,МАЯК,Tuesday,Выпечка,Снят
2025-07-02,Краффин брауни-вишня,4.0,МАЯК,Wednesday,Выпечка,Снят
2025-07-03,Краффин брауни-вишня,4.0,МАЯК,Thursday,Выпечка,Снят
2025-07-04,Краффин брауни-вишня,5.0,МАЯК,Friday,Выпечка,Снят
2025-07-05,Краффин брауни-вишня,6.0,МАЯК,Saturday,Выпечка,Снят
2025-07-06,Краффин брауни-вишня,6.0,МАЯК,Sunday,Выпечка,Снят
2025-07-07,Краффин брауни-вишня,4.0,МАЯК,Monday,Выпечка,Снят
2025-07-08,Краффин брауни-вишня,4.0,МАЯК,Tuesday,Выпечка,Снят
2025-07-09,Краффин брауни-вишня,4.0,МАЯК,Wednesday,Выпечка,Снят
2025-07-10,Краффин брауни-вишня,4.0,МАЯК,Thursday,Выпечка,Снят
2025-07-11,Краффин брауни-вишня,4.0,МАЯК,Friday,Выпечка,Снят
2025-07-12,Краффин брауни-вишня,6.0,МАЯК,Saturday,Выпечка,Снят
2025-07-13,Краффин брауни-вишня,6.0,МАЯК,Sunday,Выпечка,Снят
2025-07-14,Краффин брауни-вишня,4.0,МАЯК,Monday,Выпечка,Снят
2025-07-15,Краффин брауни-вишня,4.0,МАЯК,Tuesday,Выпечка,Снят
2025-07-16,Краффин брауни-вишня,4.0,МАЯК,Wednesday,Выпечка,Снят
2025-07-17,Краффин брауни-вишня,4.0,МАЯК,Thursday,Выпечка,Снят
2025-07-18,Краффин брауни-вишня,3.0,МАЯК,Friday,Выпечка,Снят
2025-07-19,Краффин брауни-вишня,5.0,МАЯК,Saturday,Выпечка,Снят
2025-07-20,Краффин брауни-вишня,5.0,МАЯК,Sunday,Выпечка,Снят
2025-07-21,Краффин брауни-вишня,3.0,МАЯК,Monday,Выпечка,Снят
2025-07-22,Краффин брауни-вишня,2.0,МАЯК,Tuesday,Выпечка,Снят
2025-07-23,Краффин брауни-вишня,3.0,МАЯК,Wednesday,Выпечка,Снят
2025-07-24,Краффин брауни-вишня,2.0,МАЯК,Thursday,Выпечка,Снят
2025-07-25,Краффин брауни-вишня,3.0,МАЯК,Friday,Выпечка,Снят
2025-07-26,Краффин брауни-вишня,3.0,МАЯК,Saturday,Выпечка,Снят
2025-07-27,Краффин брауни-вишня,3.0,МАЯК,Sunday,Выпечка,Снят
2025-07-28,Краффин брауни-вишня,2.0,МАЯК,Monday,Выпечка,Снят
2025-07-29,Краффин брауни-вишня,2.0,МАЯК,Tuesday,Выпечка,Снят
2025-07-30,Краффин брауни-вишня,2.0,МАЯК,Wednesday,Выпечка,Снят
2025-07-31,Краффин брауни-вишня,3.0,МАЯК,Thursday,Выпечка,Снят
2025-08-01,Краффин брауни-вишня,3.0,МАЯК,Friday,Выпечка,Снят
2025-08-02,Краффин брауни-вишня,3.0,МАЯК,Saturday,Выпечка,Снят
2025-08-03,Краффин брауни-вишня,3.0,МАЯК,Sunday,Выпечка,Снят
2025-08-04,Краффин брауни-вишня,2.0,МАЯК,Monday,Выпечка,Снят
2025-08-05,Краффин брауни-вишня,2.0,МАЯК,Tuesday,Выпечка,Снят
2025-08-06,Краффин брауни-вишня,2.0,МАЯК,Wednesday,Выпечка,Снят
2025-08-07,Краффин брауни-вишня,2.0,МАЯК,Thursday,Выпечка,Снят
2025-08-08,Краффин брауни-вишня,3.0,МАЯК,Friday,Выпечка,Снят
2025-08-09,Краффин брауни-вишня,3.0,МАЯК,Saturday,Выпечка,Снят
2025-08-10,Краффин брауни-вишня,3.0,МАЯК,Sunday,Выпечка,Снят
2025-08-11,Краффин брауни-вишня,2.0,МАЯК,Monday,Выпечка,Снят
2025-08-12,Краффин брауни-вишня,2.0,МАЯК,Tuesday,Выпечка,Снят
2025-08-13,Краффин брауни-вишня,2.0,МАЯК,Wednesday,Выпечка,Снят
2025-08-14,Краффин брауни-вишня,2.0,МАЯК,Thursday,Выпечка,Снят
2025-08-15,Краффин брауни-вишня,3.0,МАЯК,Friday,Выпечка,Снят
2025-08-16,Краффин брауни-вишня,3.0,МАЯК,Saturday,Выпечка,Снят
2025-08-17,Краффин брауни-вишня,3.0,МАЯК,Sunday,Выпечка,Снят
2025-08-18,Краффин брауни-вишня,2.0,МАЯК,Monday,Выпечка,Снят
2025-08-19,Краффин брауни-вишня,2.0,МАЯК,Tuesday,Выпечка,Снят
2025-08-20,Краффин брауни-вишня,2.0,МАЯК,Wednesday,Выпечка,Снят
2025-08-21,Краффин брауни-вишня,2.0,МАЯК,Thursday,Выпечка,Снят
2025-08-22,Краффин брауни-вишня,2.0,МАЯК,Friday,Выпечка,Снят
2025-08-23,Краффин брауни-вишня,3.0,МАЯК,Saturday,Выпечка,Снят
2025-08-24,Краффин брауни-вишня,3.0,МАЯК,Sunday,Выпечка,Снят
2025-08-25,Краффин брауни-вишня,2.0,МАЯК,Monday,Выпечка,Снят
2025-08-26,Краффин брауни-вишня,2.0,МАЯК,Tuesday,Выпечка,Снят
2025-08-27,Краффин брауни-вишня,2.0,МАЯК,Wednesday,Выпечка,Снят
2025-08-28,Краффин брауни-вишня,2.0,МАЯК,Thursday,Выпечка,Снят
2025-08-29,Краффин брауни-вишня,2.0,МАЯК,Friday,Выпечка,Снят
2025-08-30,Краффин брауни-вишня,3.0,МАЯК,Saturday,Выпечка,Снят
2025-08-31,Краффин брауни-вишня,3.0,МАЯК,Sunday,Выпечка,Снят
2025-06-23,Круассан 75г,6.0,МАЯК,Monday,Выпечка,Активный
2025-06-24,Круассан 75г,6.0,МАЯК,Tuesday,Выпечка,Активный
2025-06-25,Круассан 75г,6.0,МАЯК,Wednesday,Выпечка,Активный
2025-06-26,Круассан 75г,6.0,МАЯК,Thursday,Выпечка,Активный
2025-06-27,Круассан 75г,6.0,МАЯК,Friday,Выпечка,Активный
2025-06-28,Круассан 75г,6.0,МАЯК,Saturday,Выпечка,Активный
2025-06-29,Круассан 75г,6.0,МАЯК,Sunday,Выпечка,Активный
2025-06-30,Круассан 75г,6.0,МАЯК,Monday,Выпечка,Активный
2025-07-01,Круассан 75г,6.0,МАЯК,Tuesday,Выпечка,Активный
2025-07-02,Круассан 75г,6.0,МАЯК,Wednesday,Выпечка,Активный
2025-07-03,Круассан 75г,6.0,МАЯК,Thursday,Выпечка,Активный
2025-07-04,Круассан 75г,6.0,МАЯК,Friday,Выпечка,Активный
2025-07-05,Круассан 75г,6.0,МАЯК,Saturday,Выпечка,Активный
2025-07-06,Круассан 75г,6.0,МАЯК,Sunday,Выпечка,Активный
2025-07-07,Круассан 75г,6.0,МАЯК,Monday,Выпечка,Активный
2025-07-08,Круассан 75г,6.0,МАЯК,Tuesday,Выпечка,Активный
2025-07-09,Круассан 75г,6.0,МАЯК,Wednesday,Выпечка,Активный
2025-07-10,Круассан 75г,6.0,МАЯК,Thursday,Выпечка,Активный
2025-07-11,Круассан 75г,6.0,МАЯК,Friday,Выпечка,Активный
2025-07-12,Круассан 75г,8.0,МАЯК,Saturday,Выпечка,Активный
2025-07-13,Круассан 75г,8.0,МАЯК,Sunday,Выпечка,Активный
2025-07-14,Круассан 75г,4.0,МАЯК,Monday,Выпечка,Активный
2025-07-15,Круассан 75г,4.0,МАЯК,Tuesday,Выпечка,Активный
2025-07-16,Круассан 75г,6.0,МАЯК,Wednesday,Выпечка,Активный
2025-07-17,Круассан 75г,6.0,МАЯК,Thursday,Выпечка,Активный
2025-07-18,Круассан 75г,6.0,МАЯК,Friday,Выпечка,Активный
2025-07-19,Круассан 75г,8.0,МАЯК,Saturday,Выпечка,Активный
2025-07-20,Круассан 75г,6.0,МАЯК,Sunday,Выпечка,Активный
2025-07-21,Круассан 75г,4.0,МАЯК,Monday,Выпечка,Активный
2025-07-22,Круассан 75г,4.0,МАЯК,Tuesday,Выпечка,Активный
2025-07-23,Круассан 75г,4.0,МАЯК,Wednesday,Выпечка,Активный
2025-07-24,Круассан 75г,6.0,МАЯК,Thursday,Выпечка,Активный
2025-07-25,Круассан 75г,6.0,МАЯК,Friday,Выпечка,Активный
2025-07-26,Круассан 75г,8.0,МАЯК,Saturday,Выпечка,Активный
2025-07-27,Круассан 75г,8.0,МАЯК,Sunday,Выпечка,Активный
2025-07-28,Круассан 75г,4.0,МАЯК,Monday,Выпечка,Активный
2025-07-29,Круассан 75г,4.0,МАЯК,Tuesday,Выпечка,Активный
2025-07-30,Круассан 75г,4.0,МАЯК,Wednesday,Выпечка,Активный
2025-07-31,Круассан 75г,4.0,МАЯК,Thursday,Выпечка,Активный
2025-08-01,Круассан 75г,4.0,МАЯК,Friday,Выпечка,Активный
2025-08-02,Круассан 75г,4.0,МАЯК,Saturday,Выпечка,Активный
2025-08-03,Круассан 75г,4.0,МАЯК,Sunday,Выпечка,Активный
2025-08-04,Круассан 75г,4.0,МАЯК,Monday,Выпечка,Активный
2025-08-05,Круассан 75г,4.0,МАЯК,Tuesday,Выпечка,Активный
2025-08-06,Круассан 75г,4.0,МАЯК,Wednesday,Выпечка,Активный
2025-08-07,Круассан 75г,4.0,МАЯК,Thursday,Выпечка,Активный
2025-08-08,Круассан 75г,4.0,МАЯК,Friday,Выпечка,Активный
2025-08-09,Круассан 75г,4.0,МАЯК,Saturday,Выпечка,Активный
2025-08-10,Круассан 75г,4.0,МАЯК,Sunday,Выпечка,Активный
2025-08-11,Круассан 75г,4.0,МАЯК,Monday,Выпечка,Активный
2025-08-12,Круассан 75г,4.0,МАЯК,Tuesday,Выпечка,Активный
2025-08-13,Круассан 75г,4.0,МАЯК,Wednesday,Выпечка,Активный
2025-08-14,Круассан 75г,4.0,МАЯК,Thursday,Выпечка,Активный
2025-08-15,Круассан 75г,4.0,МАЯК,Friday,Выпечка,Активный
2025-08-16,Круассан 75г,4.0,МАЯК,Saturday,Выпечка,Активный
2025-08-17,Круассан 75г,4.0,МАЯК,Sunday,Выпечка,Активный
2025-08-18,Круассан 75г,4.0,МАЯК,Monday,Выпечка,Активный
2025-08-19,Круассан 75г,4.0,МАЯК,Tuesday,Выпечка,Активный
2025-08-20,Круассан 75г,4.0,МАЯК,Wednesday,Выпечка,Активный
2025-08-21,Круассан 75г,4.0,МАЯК,Thursday,Выпечка,Активный
2025-08-22,Круассан 75г,4.0,МАЯК,Friday,Выпечка,Активный
2025-08-23,Круассан 75г,4.0,МАЯК,Saturday,Выпечка,Активный
2025-08-24,Круассан 75г,4.0,МАЯК,Sunday,Выпечка,Активный
2025-08-25,Круассан 75г,4.0,МАЯК,Monday,Выпечка,Активный
2025-08-26,Круассан 75г,4.0,МАЯК,Tuesday,Выпечка,Активный
2025-08-27,Круассан 75г,4.0,МАЯК,Wednesday,Выпечка,Активный
2025-08-28,Круассан 75г,4.0,МАЯК,Thursday,Выпечка,Активный
2025-08-29,Круассан 75г,4.0,МАЯК,Friday,Выпечка,Активный
2025-08-30,Круассан 75г,4.0,МАЯК,Saturday,Выпечка,Активный
2025-08-31,Круассан 75г,4.0,МАЯК,Sunday,Выпечка,Активный
2025-06-27,Маритоццо ваниль-мисо карамель,4.0,МАЯК,Friday,Выпечка,Активный
2025-06-28,Маритоццо ваниль-мисо карамель,6.0,МАЯК,Saturday,Выпечка,Активный
2025-06-29,Маритоццо ваниль-мисо карамель,6.0,МАЯК,Sunday,Выпечка,Активный
2025-07-04,Маритоццо ваниль-мисо карамель,4.0,МАЯК,Friday,Выпечка,Активный
2025-07-05,Маритоццо ваниль-мисо карамель,6.0,МАЯК,Saturday,Выпечка,Активный
2025-07-06,Маритоццо ваниль-мисо карамель,6.0,МАЯК,Sunday,Выпечка,Активный
2025-07-07,Маритоццо ваниль-мисо карамель,4.0,МАЯК,Monday,Выпечка,Активный
2025-07-08,Маритоццо ваниль-мисо карамель,4.0,МАЯК,Tuesday,Выпечка,Активный
2025-07-09,Маритоццо ваниль-мисо карамель,4.0,МАЯК,Wednesday,Выпечка,Активный
2025-07-10,Маритоццо ваниль-мисо карамель,4.0,МАЯК,Thursday,Выпечка,Активный
2025-07-11,Маритоццо ваниль-мисо карамель,4.0,МАЯК,Friday,Выпечка,Активный
2025-07-12,Маритоццо ваниль-мисо карамель,6.0,МАЯК,Saturday,Выпечка,Активный
2025-07-13,Маритоццо ваниль-мисо карамель,6.0,МАЯК,Sunday,Выпечка,Активный
2025-07-14,Маритоццо ваниль-мисо карамель,4.0,МАЯК,Monday,Выпечка,Активный
2025-07-15,Маритоццо ваниль-мисо карамель,4.0,МАЯК,Tuesday,Выпечка,Активный
2025-07-16,Маритоццо ваниль-мисо карамель,4.0,МАЯК,Wednesday,Выпечка,Активный
2025-07-17,Маритоццо ваниль-мисо карамель,4.0,МАЯК,Thursday,Выпечка,Активный
2025-07-18,Маритоццо ваниль-мисо карамель,3.0,МАЯК,Friday,Выпечка,Активный
2025-07-19,Маритоццо ваниль-мисо карамель,4.0,МАЯК,Saturday,Выпечка,Активный
2025-07-20,Маритоццо ваниль-мисо карамель,4.0,МАЯК,Sunday,Выпечка,Активный
2025-07-21,Маритоццо ваниль-мисо карамель,3.0,МАЯК,Monday,Выпечка,Активный
2025-07-22,Маритоццо ваниль-мисо карамель,3.0,МАЯК,Tuesday,Выпечка,Активный
2025-07-23,Маритоццо ваниль-мисо карамель,3.0,МАЯК,Wednesday,Выпечка,Активный
2025-07-24,Маритоццо ваниль-мисо карамель,3.0,МАЯК,Thursday,Выпечка,Активный
2025-07-25,Маритоццо ваниль-мисо карамель,3.0,МАЯК,Friday,Выпечка,Активный
2025-07-26,Маритоццо ваниль-мисо карамель,3.0,МАЯК,Saturday,Выпечка,Активный
2025-07-27,Маритоццо ваниль-мисо карамель,3.0,МАЯК,Sunday,Выпечка,Активный
2025-07-28,Маритоццо ваниль-мисо карамель,2.0,МАЯК,Monday,Выпечка,Активный
2025-07-29,Маритоццо ваниль-мисо карамель,2.0,МАЯК,Tuesday,Выпечка,Активный
2025-07-30,Маритоццо ваниль-мисо карамель,2.0,МАЯК,Wednesday,Выпечка,Активный
2025-07-31,Маритоццо ваниль-мисо карамель,3.0,МАЯК,Thursday,Выпечка,Активный
2025-08-01,Маритоццо ваниль-мисо карамель,3.0,МАЯК,Friday,Выпечка,Активный
2025-08-02,Маритоццо ваниль-мисо карамель,3.0,МАЯК,Saturday,Выпечка,Активный
2025-08-03,Маритоццо ваниль-мисо карамель,3.0,МАЯК,Sunday,Выпечка,Активный
2025-08-04,Маритоццо ваниль-мисо карамель,2.0,МАЯК,Monday,Выпечка,Активный
2025-08-05,Маритоццо ваниль-мисо карамель,2.0,МАЯК,Tuesday,Выпечка,Активный
2025-08-06,Маритоццо ваниль-мисо карамель,2.0,МАЯК,Wednesday,Выпечка,Активный
2025-08-07,Маритоццо ваниль-мисо карамель,2.0,МАЯК,Thursday,Выпечка,Активный
2025-08-08,Маритоццо ваниль-мисо карамель,3.0,МАЯК,Friday,Выпечка,Активный
2025-08-09,Маритоццо ваниль-мисо карамель,3.0,МАЯК,Saturday,Выпечка,Активный
2025-08-10,Маритоццо ваниль-мисо карамель,3.0,МАЯК,Sunday,Выпечка,Активный
2025-08-11,Маритоццо ваниль-мисо карамель,2.0,МАЯК,Monday,Выпечка,Активный
2025-08-12,Маритоццо ваниль-мисо карамель,2.0,МАЯК,Tuesday,Выпечка,Активный
2025-08-13,Маритоццо ваниль-мисо карамель,2.0,МАЯК,Wednesday,Выпечка,Активный
2025-08-14,Маритоццо ваниль-мисо карамель,2.0,МАЯК,Thursday,Выпечка,Активный
2025-08-15,Маритоццо ваниль-мисо карамель,3.0,МАЯК,Friday,Выпечка,Активный
2025-08-16,Маритоццо ваниль-мисо карамель,3.0,МАЯК,Saturday,Выпечка,Активный
2025-08-17,Маритоццо ваниль-мисо карамель,3.0,МАЯК,Sunday,Выпечка,Активный
2025-08-18,Маритоццо ваниль-мисо карамель,2.0,МАЯК,Monday,Выпечка,Активный
2025-08-19,Маритоццо ваниль-мисо карамель,2.0,МАЯК,Tuesday,Выпечка,Активный
2025-08-20,Маритоццо ваниль-мисо карамель,2.0,МАЯК,Wednesday,Выпечка,Активный
2025-08-21,Маритоццо ваниль-мисо карамель,2.0,МАЯК,Thursday,Выпечка,Активный
2025-08-22,Маритоццо ваниль-мисо карамель,2.0,МАЯК,Friday,Выпечка,Активный
2025-08-23,Маритоццо ваниль-мисо карамель,3.0,МАЯК,Saturday,Выпечка,Активный
2025-08-24,Маритоццо ваниль-мисо карамель,3.0,МАЯК,Sunday,Выпечка,Активный
2025-08-25,Маритоццо ваниль-мисо карамель,2.0,МАЯК,Monday,Выпечка,Активный
2025-08-26,Маритоццо ваниль-мисо карамель,2.0,МАЯК,Tuesday,Выпечка,Активный
2025-08-27,Маритоццо ваниль-мисо карамель,2.0,МАЯК,Wednesday,Выпечка,Активный
2025-08-28,Маритоццо ваниль-мисо карамель,2.0,МАЯК,Thursday,Выпечка,Активный
2025-08-29,Маритоццо ваниль-мисо карамель,2.0,МАЯК,Friday,Выпечка,Активный
2025-08-30,Маритоццо ваниль-мисо карамель,3.0,МАЯК,Saturday,Выпечка,Активный
2025-08-31,Маритоццо ваниль-мисо карамель,3.0,МАЯК,Sunday,Выпечка,Активный
2025-06-26,Печенье на закваске шоколад,4.0,МАЯК,Thursday,Печенье,Снят
2025-06-27,Печенье на закваске шоколад,6.0,МАЯК,Friday,Печенье,Снят
2025-06-28,Печенье на закваске шоколад,6.0,МАЯК,Saturday,Печенье,Снят
2025-06-29,Печенье на закваске шоколад,6.0,МАЯК,Sunday,Печенье,Снят
2025-06-30,Печенье на закваске шоколад,3.0,МАЯК,Monday,Печенье,Снят
2025-07-01,Печенье на закваске шоколад,3.0,МАЯК,Tuesday,Печенье,Снят
2025-07-02,Печенье на закваске шоколад,3.0,МАЯК,Wednesday,Печенье,Снят
2025-07-03,Печенье на закваске шоколад,4.0,МАЯК,Thursday,Печенье,Снят
2025-07-04,Печенье на закваске шоколад,6.0,МАЯК,Friday,Печенье,Снят
2025-07-05,Печенье на закваске шоколад,6.0,МАЯК,Saturday,Печенье,Снят
2025-07-06,Печенье на закваске шоколад,6.0,МАЯК,Sunday,Печенье,Снят
2025-07-07,Печенье на закваске шоколад,3.0,МАЯК,Monday,Печенье,Снят
2025-07-08,Печенье на закваске шоколад,3.0,МАЯК,Tuesday,Печенье,Снят
2025-07-09,Печенье на закваске шоколад,3.0,МАЯК,Wednesday,Печенье,Снят
2025-07-10,Печенье на закваске шоколад,3.0,МАЯК,Thursday,Печенье,Снят
2025-07-11,Печенье на закваске шоколад,3.0,МАЯК,Friday,Печенье,Снят
2025-07-12,Печенье на закваске шоколад,6.0,МАЯК,Saturday,Печенье,Снят
2025-07-13,Печенье на закваске шоколад,6.0,МАЯК,Sunday,Печенье,Снят
2025-07-14,Печенье на закваске шоколад,3.0,МАЯК,Monday,Печенье,Снят
2025-07-15,Печенье на закваске шоколад,3.0,МАЯК,Tuesday,Печенье,Снят
2025-07-16,Печенье на закваске шоколад,3.0,МАЯК,Wednesday,Печенье,Снят
2025-07-17,Печенье на закваске шоколад,3.0,МАЯК,Thursday,Печенье,Снят
2025-07-18,Печенье на закваске шоколад,3.0,МАЯК,Friday,Печенье,Снят
2025-07-19,Печенье на закваске шоколад,6.0,МАЯК,Saturday,Печенье,Снят
2025-07-20,Печенье на закваске шоколад,6.0,МАЯК,Sunday,Печенье,Снят
2025-07-21,Печенье на закваске шоколад,3.0,МАЯК,Monday,Печенье,Снят
2025-07-22,Печенье на закваске шоколад,3.0,МАЯК,Tuesday,Печенье,Снят
2025-07-23,Печенье на закваске шоколад,3.0,МАЯК,Wednesday,Печенье,Снят
2025-07-28,Печенье на закваске шоколад,2.0,МАЯК,Monday,Печенье,Снят
2025-07-30,Печенье на закваске шоколад,2.0,МАЯК,Wednesday,Печенье,Снят
2025-08-01,Печенье на закваске шоколад,2.0,МАЯК,Friday,Печенье,Снят
2025-08-03,Печенье на закваске шоколад,2.0,МАЯК,Sunday,Печенье,Снят
2025-08-05,Печенье на закваске шоколад,2.0,МАЯК,Tuesday,Печенье,Снят
2025-08-07,Печенье на закваске шоколад,2.0,МАЯК,Thursday,Печенье,Снят
2025-08-09,Печенье на закваске шоколад,2.0,МАЯК,Saturday,Печенье,Снят
2025-08-11,Печенье на закваске шоколад,2.0,МАЯК,Monday,Печенье,Снят
2025-08-13,Печенье на закваске шоколад,2.0,МАЯК,Wednesday,Печенье,Снят
2025-08-15,Печенье на закваске шоколад,2.0,МАЯК,Friday,Печенье,Снят
2025-08-17,Печенье на закваске шоколад,2.0,МАЯК,Sunday,Печенье,Снят
2025-08-19,Печенье на закваске шоколад,2.0,МАЯК,Tuesday,Печенье,Снят
2025-08-21,Печенье на закваске шоколад,2.0,МАЯК,Thursday,Печенье,Снят
2025-08-23,Печенье на закваске шоколад,2.0,МАЯК,Saturday,Печенье,Снят
2025-08-25,Печенье на закваске шоколад,2.0,МАЯК,Monday,Печенье,Снят
2025-08-27,Печенье на закваске шоколад,2.0,МАЯК,Wednesday,Печенье,Снят
2025-06-26,Печенье финик-пекан,4.0,МАЯК,Thursday,Печенье,Активный
2025-06-27,Печенье финик-пекан,6.0,МАЯК,Friday,Печенье,Активный
2025-06-28,Печенье финик-пекан,6.0,МАЯК,Saturday,Печенье,Активный
2025-06-29,Печенье финик-пекан,6.0,МАЯК,Sunday,Печенье,Активный
2025-06-30,Печенье финик-пекан,3.0,МАЯК,Monday,Печенье,Активный
2025-07-01,Печенье финик-пекан,3.0,МАЯК,Tuesday,Печенье,Активный
2025-07-02,Печенье финик-пекан,3.0,МАЯК,Wednesday,Печенье,Активный
2025-07-03,Печенье финик-пекан,4.0,МАЯК,Thursday,Печенье,Активный
2025-07-04,Печенье финик-пекан,6.0,МАЯК,Friday,Печенье,Активный
2025-07-05,Печенье финик-пекан,6.0,МАЯК,Saturday,Печенье,Активный
2025-07-06,Печенье финик-пекан,6.0,МАЯК,Sunday,Печенье,Активный
2025-07-07,Печенье финик-пекан,3.0,МАЯК,Monday,Печенье,Активный
2025-07-08,Печенье финик-пекан,3.0,МАЯК,Tuesday,Печенье,Активный
2025-07-09,Печенье финик-пекан,3.0,МАЯК,Wednesday,Печенье,Активный
2025-07-10,Печенье финик-пекан,3.0,МАЯК,Thursday,Печенье,Активный
2025-07-11,Печенье финик-пекан,4.0,МАЯК,Friday,Печенье,Активный
2025-07-12,Печенье финик-пекан,6.0,МАЯК,Saturday,Печенье,Активный
2025-07-13,Печенье финик-пекан,6.0,МАЯК,Sunday,Печенье,Активный
2025-07-14,Печенье финик-пекан,3.0,МАЯК,Monday,Печенье,Активный
2025-07-15,Печенье финик-пекан,3.0,МАЯК,Tuesday,Печенье,Активный
2025-07-16,Печенье финик-пекан,3.0,МАЯК,Wednesday,Печенье,Активный
2025-07-17,Печенье финик-пекан,3.0,МАЯК,Thursday,Печенье,Активный
2025-07-18,Печенье финик-пекан,3.0,МАЯК,Friday,Печенье,Активный
2025-07-19,Печенье финик-пекан,6.0,МАЯК,Saturday,Печенье,Активный
2025-07-20,Печенье финик-пекан,6.0,МАЯК,Sunday,Печенье,Активный
2025-07-21,Печенье финик-пекан,3.0,МАЯК,Monday,Печенье,Активный
2025-07-22,Печенье финик-пекан,3.0,МАЯК,Tuesday,Печенье,Активный
2025-07-23,Печенье финик-пекан,3.0,МАЯК,Wednesday,Печенье,Активный
2025-07-28,Печенье финик-пекан,2.0,МАЯК,Monday,Печенье,Активный
2025-07-30,Печенье финик-пекан,2.0,МАЯК,Wednesday,Печенье,Активный
2025-08-01,Печенье финик-пекан,2.0,МАЯК,Friday,Печенье,Активный
2025-08-03,Печенье финик-пекан,2.0,МАЯК,Sunday,Печенье,Активный
2025-08-05,Печенье финик-пекан,2.0,МАЯК,Tuesday,Печенье,Активный
2025-08-07,Печенье финик-пекан,2.0,МАЯК,Thursday,Печенье,Активный
2025-08-09,Печенье финик-пекан,2.0,МАЯК,Saturday,Печенье,Активный
2025-08-11,Печенье финик-пекан,2.0,МАЯК,Monday,Печенье,Активный
2025-08-13,Печенье финик-пекан,2.0,МАЯК,Wednesday,Печенье,Активный
2025-08-15,Печенье финик-пекан,2.0,МАЯК,Friday,Печенье,Активный
2025-08-17,Печенье финик-пекан,2.0,МАЯК,Sunday,Печенье,Активный
2025-08-19,Печенье финик-пекан,2.0,МАЯК,Tuesday,Печенье,Активный
2025-08-21,Печенье финик-пекан,2.0,МАЯК,Thursday,Печенье,Активный
2025-08-23,Печенье финик-пекан,2.0,МАЯК,Saturday,Печенье,Активный
2025-08-25,Печенье финик-пекан,2.0,МАЯК,Monday,Печенье,Активный
2025-08-27,Печенье финик-пекан,2.0,МАЯК,Wednesday,Печенье,Активный
2025-08-29,Печенье шоколадное с солью,2.0,МАЯК,Friday,Печенье,Активный
2025-08-31,Печенье шоколадное с солью,2.0,МАЯК,Sunday,Печенье,Активный
2025-07-28,Пуддинг мак-лимон с кремом  (кусок),2.0,МАЯК,Monday,Десерты,Снят
2025-07-29,Пуддинг мак-лимон с кремом  (кусок),2.0,МАЯК,Tuesday,Десерты,Снят
2025-07-30,Пуддинг мак-лимон с кремом  (кусок),2.0,МАЯК,Wednesday,Десерты,Снят
2025-07-31,Пуддинг мак-лимон с кремом  (кусок),2.0,МАЯК,Thursday,Десерты,Снят
2025-08-01,Пуддинг мак-лимон с кремом  (кусок),2.0,МАЯК,Friday,Десерты,Снят
2025-08-02,Пуддинг мак-лимон с кремом  (кусок),2.0,МАЯК,Saturday,Десерты,Снят
2025-08-03,Пуддинг мак-лимон с кремом  (кусок),2.0,МАЯК,Sunday,Десерты,Снят
2025-08-28,Пуддинг мак-лимон с кремом  (кусок),2.0,МАЯК,Thursday,Десерты,Снят
2025-08-29,Пуддинг мак-лимон с кремом  (кусок),2.0,МАЯК,Friday,Десерты,Снят
2025-08-30,Пуддинг мак-лимон с кремом  (кусок),2.0,МАЯК,Saturday,Десерты,Снят
2025-08-31,Пуддинг мак-лимон с кремом  (кусок),2.0,МАЯК,Sunday,Десерты,Снят
2025-07-28,Пудинг корица с карамелью и кремом (кусок),2.0,МАЯК,Monday,Десерты,Активный
2025-07-29,Пудинг корица с карамелью и кремом (кусок),2.0,МАЯК,Tuesday,Десерты,Активный
2025-07-30,Пудинг корица с карамелью и кремом (кусок),2.0,МАЯК,Wednesday,Десерты,Активный
2025-07-31,Пудинг корица с карамелью и кремом (кусок),2.0,МАЯК,Thursday,Десерты,Активный
2025-08-01,Пудинг корица с карамелью и кремом (кусок),2.0,МАЯК,Friday,Десерты,Активный
2025-08-02,Пудинг корица с карамелью и кремом (кусок),2.0,МАЯК,Saturday,Десерты,Активный
2025-08-03,Пудинг корица с карамелью и кремом (кусок),2.0,МАЯК,Sunday,Десерты,Активный
2025-08-06,Пудинг корица с карамелью и кремом (кусок),2.0,МАЯК,Wednesday,Десерты,Активный
2025-08-09,Пудинг корица с карамелью и кремом (кусок),2.0,МАЯК,Saturday,Десерты,Активный
2025-08-12,Пудинг корица с карамелью и кремом (кусок),2.0,МАЯК,Tuesday,Десерты,Активный
2025-08-15,Пудинг корица с карамелью и кремом (кусок),2.0,МАЯК,Friday,Десерты,Активный
2025-08-18,Пудинг корица с карамелью и кремом (кусок),2.0,МАЯК,Monday,Десерты,Активный
2025-08-21,Пудинг корица с карамелью и кремом (кусок),2.0,МАЯК,Thursday,Десерты,Активный
2025-08-24,Пудинг корица с карамелью и кремом (кусок),2.0,МАЯК,Sunday,Десерты,Активный
2025-08-27,Пудинг корица с карамелью и кремом (кусок),2.0,МАЯК,Wednesday,Десерты,Активный
2025-08-28,Пудинг корица с карамелью и кремом (кусок),4.0,МАЯК,Thursday,Десерты,Активный
2025-08-29,Пудинг корица с карамелью и кремом (кусок),4.0,МАЯК,Friday,Десерты,Активный
2025-08-30,Пудинг корица с карамелью и кремом (кусок),4.0,МАЯК,Saturday,Десерты,Активный
2025-08-31,Пудинг корица с карамелью и кремом (кусок),4.0,МАЯК,Sunday,Десерты,Активный
2025-06-23,Синнабоны шоколад-пекан-карамель,12.0,МАЯК,Monday,Выпечка,Активный
2025-06-24,Синнабоны шоколад-пекан-карамель,12.0,МАЯК,Tuesday,Выпечка,Активный
2025-06-25,Синнабоны шоколад-пекан-карамель,12.0,МАЯК,Wednesday,Выпечка,Активный
2025-06-26,Синнабоны шоколад-пекан-карамель,12.0,МАЯК,Thursday,Выпечка,Активный
2025-06-27,Синнабоны шоколад-пекан-карамель,12.0,МАЯК,Friday,Выпечка,Активный
2025-06-28,Синнабоны шоколад-пекан-карамель,16.0,МАЯК,Saturday,Выпечка,Активный
2025-06-29,Синнабоны шоколад-пекан-карамель,16.0,МАЯК,Sunday,Выпечка,Активный
2025-06-30,Синнабоны шоколад-пекан-карамель,12.0,МАЯК,Monday,Выпечка,Активный
2025-07-01,Синнабоны шоколад-пекан-карамель,12.0,МАЯК,Tuesday,Выпечка,Активный
2025-07-02,Синнабоны шоколад-пекан-карамель,12.0,МАЯК,Wednesday,Выпечка,Активный
2025-07-03,Синнабоны шоколад-пекан-карамель,12.0,МАЯК,Thursday,Выпечка,Активный
2025-07-04,Синнабоны шоколад-пекан-карамель,12.0,МАЯК,Friday,Выпечка,Активный
2025-07-05,Синнабоны шоколад-пекан-карамель,16.0,МАЯК,Saturday,Выпечка,Активный
2025-07-06,Синнабоны шоколад-пекан-карамель,16.0,МАЯК,Sunday,Выпечка,Активный
2025-07-07,Синнабоны шоколад-пекан-карамель,8.0,МАЯК,Monday,Выпечка,Активный
2025-07-08,Синнабоны шоколад-пекан-карамель,8.0,МАЯК,Tuesday,Выпечка,Активный
2025-07-09,Синнабоны шоколад-пекан-карамель,8.0,МАЯК,Wednesday,Выпечка,Активный
2025-07-10,Синнабоны шоколад-пекан-карамель,8.0,МАЯК,Thursday,Выпечка,Активный
2025-07-11,Синнабоны шоколад-пекан-карамель,8.0,МАЯК,Friday,Выпечка,Активный
2025-07-12,Синнабоны шоколад-пекан-карамель,12.0,МАЯК,Saturday,Выпечка,Активный
2025-07-13,Синнабоны шоколад-пекан-карамель,12.0,МАЯК,Sunday,Выпечка,Активный
2025-07-14,Синнабоны шоколад-пекан-карамель,8.0,МАЯК,Monday,Выпечка,Активный
2025-07-15,Синнабоны шоколад-пекан-карамель,8.0,МАЯК,Tuesday,Выпечка,Активный
2025-07-16,Синнабоны шоколад-пекан-карамель,8.0,МАЯК,Wednesday,Выпечка,Активный
2025-07-17,Синнабоны шоколад-пекан-карамель,8.0,МАЯК,Thursday,Выпечка,Активный
2025-07-18,Синнабоны шоколад-пекан-карамель,8.0,МАЯК,Friday,Выпечка,Активный
2025-07-19,Синнабоны шоколад-пекан-карамель,12.0,МАЯК,Saturday,Выпечка,Активный
2025-07-20,Синнабоны шоколад-пекан-карамель,12.0,МАЯК,Sunday,Выпечка,Активный
2025-07-21,Синнабоны шоколад-пекан-карамель,8.0,МАЯК,Monday,Выпечка,Активный
2025-07-22,Синнабоны шоколад-пекан-карамель,8.0,МАЯК,Tuesday,Выпечка,Активный
2025-07-23,Синнабоны шоколад-пекан-карамель,6.0,МАЯК,Wednesday,Выпечка,Активный
2025-07-24,Синнабоны шоколад-пекан-карамель,8.0,МАЯК,Thursday,Выпечка,Активный
2025-07-25,Синнабоны шоколад-пекан-карамель,8.0,МАЯК,Friday,Выпечка,Активный
2025-07-26,Синнабоны шоколад-пекан-карамель,8.0,МАЯК,Saturday,Выпечка,Активный
2025-07-27,Синнабоны шоколад-пекан-карамель,8.0,МАЯК,Sunday,Выпечка,Активный
2025-07-28,Синнабоны шоколад-пекан-карамель,6.0,МАЯК,Monday,Выпечка,Активный
2025-07-29,Синнабоны шоколад-пекан-карамель,6.0,МАЯК,Tuesday,Выпечка,Активный
2025-07-30,Синнабоны шоколад-пекан-карамель,6.0,МАЯК,Wednesday,Выпечка,Активный
2025-07-31,Синнабоны шоколад-пекан-карамель,6.0,МАЯК,Thursday,Выпечка,Активный
2025-08-01,Синнабоны шоколад-пекан-карамель,6.0,МАЯК,Friday,Выпечка,Активный
2025-08-02,Синнабоны шоколад-пекан-карамель,8.0,МАЯК,Saturday,Выпечка,Активный
2025-08-03,Синнабоны шоколад-пекан-карамель,8.0,МАЯК,Sunday,Выпечка,Активный
2025-08-04,Синнабоны шоколад-пекан-карамель,4.0,МАЯК,Monday,Выпечка,Активный
2025-08-05,Синнабоны шоколад-пекан-карамель,4.0,МАЯК,Tuesday,Выпечка,Активный
2025-08-06,Синнабоны шоколад-пекан-карамель,4.0,МАЯК,Wednesday,Выпечка,Активный
2025-08-07,Синнабоны шоколад-пекан-карамель,4.0,МАЯК,Thursday,Выпечка,Активный
2025-08-08,Синнабоны шоколад-пекан-карамель,6.0,МАЯК,Friday,Выпечка,Активный
2025-08-09,Синнабоны шоколад-пекан-карамель,6.0,МАЯК,Saturday,Выпечка,Активный
2025-08-10,Синнабоны шоколад-пекан-карамель,6.0,МАЯК,Sunday,Выпечка,Активный
2025-08-11,Синнабоны шоколад-пекан-карамель,4.0,МАЯК,Monday,Выпечка,Активный
2025-08-12,Синнабоны шоколад-пекан-карамель,4.0,МАЯК,Tuesday,Выпечка,Активный
2025-08-13,Синнабоны шоколад-пекан-карамель,4.0,МАЯК,Wednesday,Выпечка,Активный
2025-08-14,Синнабоны шоколад-пекан-карамель,4.0,МАЯК,Thursday,Выпечка,Активный
2025-08-15,Синнабоны шоколад-пекан-карамель,6.0,МАЯК,Friday,Выпечка,Активный
2025-08-16,Синнабоны шоколад-пекан-карамель,6.0,МАЯК,Saturday,Выпечка,Активный
2025-08-17,Синнабоны шоколад-пекан-карамель,6.0,МАЯК,Sunday,Выпечка,Активный
2025-08-18,Синнабоны шоколад-пекан-карамель,4.0,МАЯК,Monday,Выпечка,Активный
2025-08-19,Синнабоны шоколад-пекан-карамель,4.0,МАЯК,Tuesday,Выпечка,Активный
2025-08-20,Синнабоны шоколад-пекан-карамель,4.0,МАЯК,Wednesday,Выпечка,Активный
2025-08-21,Синнабоны шоколад-пекан-карамель,4.0,МАЯК,Thursday,Выпечка,Активный
2025-08-22,Синнабоны шоколад-пекан-карамель,4.0,МАЯК,Friday,Выпечка,Активный
2025-08-23,Синнабоны шоколад-пекан-карамель,4.0,МАЯК,Saturday,Выпечка,Активный
2025-08-24,Синнабоны шоколад-пекан-карамель,4.0,МАЯК,Sunday,Выпечка,Активный
2025-08-25,Синнабоны шоколад-пекан-карамель,4.0,МАЯК,Monday,Выпечка,Активный
2025-08-26,Синнабоны шоколад-пекан-карамель,4.0,МАЯК,Tuesday,Выпечка,Активный
2025-08-27,Синнабоны шоколад-пекан-карамель,4.0,МАЯК,Wednesday,Выпечка,Активный
2025-08-28,Синнабоны шоколад-пекан-карамель,4.0,МАЯК,Thursday,Выпечка,Активный
2025-08-29,Синнабоны шоколад-пекан-карамель,4.0,МАЯК,Friday,Выпечка,Активный
2025-08-30,Синнабоны шоколад-пекан-карамель,4.0,МАЯК,Saturday,Выпечка,Активный
2025-08-31,Синнабоны шоколад-пекан-карамель,4.0,МАЯК,Sunday,Выпечка,Активный
2025-06-23,"Тартин 0,75",5.0,МАЯК,Monday,Хлеб,Активный
2025-06-24,"Тартин 0,75",6.0,МАЯК,Tuesday,Хлеб,Активный
2025-06-25,"Тартин 0,75",6.0,МАЯК,Wednesday,Хлеб,Активный
2025-06-26,"Тартин 0,75",6.0,МАЯК,Thursday,Хлеб,Активный
2025-06-27,"Тартин 0,75",8.0,МАЯК,Friday,Хлеб,Активный
2025-06-28,"Тартин 0,75",8.0,МАЯК,Saturday,Хлеб,Активный
2025-06-29,"Тартин 0,75",6.0,МАЯК,Sunday,Хлеб,Активный
2025-06-30,"Тартин 0,75",5.0,МАЯК,Monday,Хлеб,Активный
2025-07-01,"Тартин 0,75",6.0,МАЯК,Tuesday,Хлеб,Активный
2025-07-02,"Тартин 0,75",6.0,МАЯК,Wednesday,Хлеб,Активный
2025-07-03,"Тартин 0,75",6.0,МАЯК,Thursday,Хлеб,Активный
2025-07-04,"Тартин 0,75",8.0,МАЯК,Friday,Хлеб,Активный
2025-07-05,"Тартин 0,75",8.0,МАЯК,Saturday,Хлеб,Активный
2025-07-06,"Тартин 0,75",8.0,МАЯК,Sunday,Хлеб,Активный
2025-07-07,"Тартин 0,75",6.0,МАЯК,Monday,Хлеб,Активный
2025-07-08,"Тартин 0,75",6.0,МАЯК,Tuesday,Хлеб,Активный
2025-07-09,"Тартин 0,75",6.0,МАЯК,Wednesday,Хлеб,Активный
2025-07-10,"Тартин 0,75",6.0,МАЯК,Thursday,Хлеб,Активный
2025-07-11,"Тартин 0,75",6.0,МАЯК,Friday,Хлеб,Активный
2025-07-12,"Тартин 0,75",8.0,МАЯК,Saturday,Хлеб,Активный
2025-07-13,"Тартин 0,75",8.0,МАЯК,Sunday,Хлеб,Активный
2025-07-14,"Тартин 0,75",6.0,МАЯК,Monday,Хлеб,Активный
2025-07-15,"Тартин 0,75",6.0,МАЯК,Tuesday,Хлеб,Активный
2025-07-16,"Тартин 0,75",6.0,МАЯК,Wednesday,Хлеб,Активный
2025-07-17,"Тартин 0,75",6.0,МАЯК,Thursday,Хлеб,Активный
2025-07-20,"Тартин 0,75",8.0,МАЯК,Sunday,Хлеб,Активный
2025-07-21,"Тартин 0,75",6.0,МАЯК,Monday,Хлеб,Активный
2025-07-22,"Тартин 0,75",6.0,МАЯК,Tuesday,Хлеб,Активный
2025-07-23,"Тартин 0,75",6.0,МАЯК,Wednesday,Хлеб,Активный
2025-07-24,"Тартин 0,75",6.0,МАЯК,Thursday,Хлеб,Активный
2025-07-25,"Тартин 0,75",6.0,МАЯК,Friday,Хлеб,Активный
2025-07-26,"Тартин 0,75",8.0,МАЯК,Saturday,Хлеб,Активный
2025-07-27,"Тартин 0,75",8.0,МАЯК,Sunday,Хлеб,Активный
2025-07-28,"Тартин 0,75",6.0,МАЯК,Monday,Хлеб,Активный
2025-07-29,"Тартин 0,75",6.0,МАЯК,Tuesday,Хлеб,Активный
2025-07-30,"Тартин 0,75",6.0,МАЯК,Wednesday,Хлеб,Активный
2025-07-31,"Тартин 0,75",6.0,МАЯК,Thursday,Хлеб,Активный
2025-08-01,"Тартин 0,75",6.0,МАЯК,Friday,Хлеб,Активный
2025-08-02,"Тартин 0,75",8.0,МАЯК,Saturday,Хлеб,Активный
2025-08-03,"Тартин 0,75",8.0,МАЯК,Sunday,Хлеб,Активный
2025-08-04,"Тартин 0,75",6.0,МАЯК,Monday,Хлеб,Активный
2025-08-05,"Тартин 0,75",6.0,МАЯК,Tuesday,Хлеб,Активный
2025-08-06,"Тартин 0,75",6.0,МАЯК,Wednesday,Хлеб,Активный
2025-08-07,"Тартин 0,75",6.0,МАЯК,Thursday,Хлеб,Активный
2025-08-08,"Тартин 0,75",6.0,МАЯК,Friday,Хлеб,Активный
2025-08-09,"Тартин 0,75",8.0,МАЯК,Saturday,Хлеб,Активный
2025-08-10,"Тартин 0,75",8.0,МАЯК,Sunday,Хлеб,Активный
2025-08-11,"Тартин 0,75",4.0,МАЯК,Monday,Хлеб,Активный
2025-08-12,"Тартин 0,75",4.0,МАЯК,Tuesday,Хлеб,Активный
2025-08-13,"Тартин 0,75",4.0,МАЯК,Wednesday,Хлеб,Активный
2025-08-14,"Тартин 0,75",4.0,МАЯК,Thursday,Хлеб,Активный
2025-08-15,"Тартин 0,75",5.0,МАЯК,Friday,Хлеб,Активный
2025-08-16,"Тартин 0,75",6.0,МАЯК,Saturday,Хлеб,Активный
2025-08-17,"Тартин 0,75",6.0,МАЯК,Sunday,Хлеб,Активный
2025-08-18,"Тартин 0,75",4.0,МАЯК,Monday,Хлеб,Активный
2025-08-19,"Тартин 0,75",4.0,МАЯК,Tuesday,Хлеб,Активный
2025-08-20,"Тартин 0,75",4.0,МАЯК,Wednesday,Хлеб,Активный
2025-08-21,"Тартин 0,75",4.0,МАЯК,Thursday,Хлеб,Активный
2025-08-22,"Тартин 0,75",5.0,МАЯК,Friday,Хлеб,Активный
2025-08-23,"Тартин 0,75",5.0,МАЯК,Saturday,Хлеб,Активный
2025-08-24,"Тартин 0,75",5.0,МАЯК,Sunday,Хлеб,Активный
2025-08-25,"Тартин 0,75",4.0,МАЯК,Monday,Хлеб,Активный
2025-08-26,"Тартин 0,75",4.0,МАЯК,Tuesday,Хлеб,Активный
2025-08-27,"Тартин 0,75",4.0,МАЯК,Wednesday,Хлеб,Активный
2025-08-28,"Тартин 0,75",4.0,МАЯК,Thursday,Хлеб,Активный
2025-08-29,"Тартин 0,75",4.0,МАЯК,Friday,Хлеб,Активный
2025-08-30,"Тартин 0,75",4.0,МАЯК,Saturday,Хлеб,Активный
2025-08-31,"Тартин 0,75",4.0,МАЯК,Sunday,Хлеб,Активный
2025-06-23,Тартин гречка,4.0,МАЯК,Monday,Хлеб,Активный
2025-06-24,Тартин гречка,4.0,МАЯК,Tuesday,Хлеб,Активный
2025-06-25,Тартин гречка,4.0,МАЯК,Wednesday,Хлеб,Активный
2025-06-26,Тартин гречка,4.0,МАЯК,Thursday,Хлеб,Активный
2025-06-27,Тартин гречка,4.0,МАЯК,Friday,Хлеб,Активный
2025-06-28,Тартин гречка,4.0,МАЯК,Saturday,Хлеб,Активный
2025-06-29,Тартин гречка,4.0,МАЯК,Sunday,Хлеб,Активный
2025-06-30,Тартин гречка,4.0,МАЯК,Monday,Хлеб,Активный
2025-07-01,Тартин гречка,4.0,МАЯК,Tuesday,Хлеб,Активный
2025-07-02,Тартин гречка,4.0,МАЯК,Wednesday,Хлеб,Активный
2025-07-03,Тартин гречка,4.0,МАЯК,Thursday,Хлеб,Активный
2025-07-04,Тартин гречка,4.0,МАЯК,Friday,Хлеб,Активный
2025-07-05,Тартин гречка,4.0,МАЯК,Saturday,Хлеб,Активный
2025-07-06,Тартин гречка,4.0,МАЯК,Sunday,Хлеб,Активный
2025-07-07,Тартин гречка,3.0,МАЯК,Monday,Хлеб,Активный
2025-07-08,Тартин гречка,3.0,МАЯК,Tuesday,Хлеб,Активный
2025-07-09,Тартин гречка,3.0,МАЯК,Wednesday,Хлеб,Активный
2025-07-10,Тартин гречка,3.0,МАЯК,Thursday,Хлеб,Активный
2025-07-11,Тартин гречка,3.0,МАЯК,Friday,Хлеб,Активный
2025-07-12,Тартин гречка,4.0,МАЯК,Saturday,Хлеб,Активный
2025-07-13,Тартин гречка,4.0,МАЯК,Sunday,Хлеб,Активный
2025-07-14,Тартин гречка,3.0,МАЯК,Monday,Хлеб,Активный
2025-07-15,Тартин гречка,3.0,МАЯК,Tuesday,Хлеб,Активный
2025-07-16,Тартин гречка,3.0,МАЯК,Wednesday,Хлеб,Активный
2025-07-17,Тартин гречка,3.0,МАЯК,Thursday,Хлеб,Активный
2025-07-18,Тартин гречка,3.0,МАЯК,Friday,Хлеб,Активный
2025-07-19,Тартин гречка,5.0,МАЯК,Saturday,Хлеб,Активный
2025-07-20,Тартин гречка,4.0,МАЯК,Sunday,Хлеб,Активный
2025-07-21,Тартин гречка,3.0,МАЯК,Monday,Хлеб,Активный
2025-07-22,Тартин гречка,3.0,МАЯК,Tuesday,Хлеб,Активный
2025-07-23,Тартин гречка,3.0,МАЯК,Wednesday,Хлеб,Активный
2025-07-24,Тартин гречка,3.0,МАЯК,Thursday,Хлеб,Активный
2025-07-25,Тартин гречка,3.0,МАЯК,Friday,Хлеб,Активный
2025-07-26,Тартин гречка,5.0,МАЯК,Saturday,Хлеб,Активный
2025-07-27,Тартин гречка,4.0,МАЯК,Sunday,Хлеб,Активный
2025-07-28,Тартин гречка,3.0,МАЯК,Monday,Хлеб,Активный
2025-07-29,Тартин гречка,3.0,МАЯК,Tuesday,Хлеб,Активный
2025-07-30,Тартин гречка,3.0,МАЯК,Wednesday,Хлеб,Активный
2025-07-31,Тартин гречка,3.0,МАЯК,Thursday,Хлеб,Активный
2025-08-01,Тартин гречка,3.0,МАЯК,Friday,Хлеб,Активный
2025-08-02,Тартин гречка,5.0,МАЯК,Saturday,Хлеб,Активный
2025-08-03,Тартин гречка,4.0,МАЯК,Sunday,Хлеб,Активный
2025-08-04,Тартин гречка,3.0,МАЯК,Monday,Хлеб,Активный
2025-08-05,Тартин гречка,3.0,МАЯК,Tuesday,Хлеб,Активный
2025-08-06,Тартин гречка,3.0,МАЯК,Wednesday,Хлеб,Активный
2025-08-07,Тартин гречка,3.0,МАЯК,Thursday,Хлеб,Активный
2025-08-08,Тартин гречка,3.0,МАЯК,Friday,Хлеб,Активный
2025-08-09,Тартин гречка,5.0,МАЯК,Saturday,Хлеб,Активный
2025-08-10,Тартин гречка,4.0,МАЯК,Sunday,Хлеб,Активный
2025-08-11,Тартин гречка,4.0,МАЯК,Monday,Хлеб,Активный
2025-08-12,Тартин гречка,4.0,МАЯК,Tuesday,Хлеб,Активный
2025-08-13,Тартин гречка,4.0,МАЯК,Wednesday,Хлеб,Активный
2025-08-14,Тартин гречка,4.0,МАЯК,Thursday,Хлеб,Активный
2025-08-15,Тартин гречка,5.0,МАЯК,Friday,Хлеб,Активный
2025-08-16,Тартин гречка,5.0,МАЯК,Saturday,Хлеб,Активный
2025-08-17,Тартин гречка,5.0,МАЯК,Sunday,Хлеб,Активный
2025-08-18,Тартин гречка,4.0,МАЯК,Monday,Хлеб,Активный
2025-08-19,Тартин гречка,4.0,МАЯК,Tuesday,Хлеб,Активный
2025-08-20,Тартин гречка,4.0,МАЯК,Wednesday,Хлеб,Активный
2025-08-21,Тартин гречка,4.0,МАЯК,Thursday,Хлеб,Активный
2025-08-22,Тартин гречка,5.0,МАЯК,Friday,Хлеб,Активный
2025-08-23,Тартин гречка,5.0,МАЯК,Saturday,Хлеб,Активный
2025-08-24,Тартин гречка,5.0,МАЯК,Sunday,Хлеб,Активный
2025-08-25,Тартин гречка,4.0,МАЯК,Monday,Хлеб,Активный
2025-08-26,Тартин гречка,4.0,МАЯК,Tuesday,Хлеб,Активный
2025-08-27,Тартин гречка,4.0,МАЯК,Wednesday,Хлеб,Активный
2025-08-30,Тартин гречка,1.0,МАЯК,Saturday,Хлеб,Активный
2025-08-31,Тартин гречка,1.0,МАЯК,Sunday,Хлеб,Активный
2025-07-11,Фокачча GN 1/3,1.0,МАЯК,Friday,Хлеб,Снят
2025-07-12,Фокачча GN 1/3,1.0,МАЯК,Saturday,Хлеб,Снят
2025-07-13,Фокачча GN 1/3,1.0,МАЯК,Sunday,Хлеб,Снят
2025-07-19,Фокачча GN 1/3,1.0,МАЯК,Saturday,Хлеб,Снят
2025-07-20,Фокачча GN 1/3,1.0,МАЯК,Sunday,Хлеб,Снят
2025-07-26,Фокачча GN 1/3,1.0,МАЯК,Saturday,Хлеб,Снят
2025-07-27,Фокачча GN 1/3,1.0,МАЯК,Sunday,Хлеб,Снят
2025-08-02,Фокачча GN 1/3,1.0,МАЯК,Saturday,Хлеб,Снят
2025-08-03,Фокачча GN 1/3,1.0,МАЯК,Sunday,Хлеб,Снят
2025-08-09,Фокачча GN 1/3,1.0,МАЯК,Saturday,Хлеб,Снят
2025-08-10,Фокачча GN 1/3,1.0,МАЯК,Sunday,Хлеб,Снят
2025-08-16,Фокачча GN 1/3,1.0,МАЯК,Saturday,Хлеб,Снят
2025-08-17,Фокачча GN 1/3,1.0,МАЯК,Sunday,Хлеб,Снят
2025-08-23,Фокачча GN 1/3,1.0,МАЯК,Saturday,Хлеб,Снят
2025-08-24,Фокачча GN 1/3,1.0,МАЯК,Sunday,Хлеб,Снят
2025-07-18,Шу мини ваниль-лимон,4.0,МАЯК,Friday,Десерты,Снят
2025-07-19,Шу мини ваниль-лимон,4.0,МАЯК,Saturday,Десерты,Снят
2025-07-20,Шу мини ваниль-лимон,4.0,МАЯК,Sunday,Десерты,Снят
2025-07-21,Шу мини ваниль-лимон,4.0,МАЯК,Monday,Десерты,Снят
2025-07-22,Шу мини ваниль-лимон,4.0,МАЯК,Tuesday,Десерты,Снят
2025-07-23,Шу мини ваниль-лимон,4.0,МАЯК,Wednesday,Десерты,Снят
2025-07-24,Шу мини ваниль-лимон,4.0,МАЯК,Thursday,Десерты,Снят
2025-07-25,Шу мини ваниль-лимон,4.0,МАЯК,Friday,Десерты,Снят
2025-07-26,Шу мини ваниль-лимон,4.0,МАЯК,Saturday,Десерты,Снят
2025-07-27,Шу мини ваниль-лимон,4.0,МАЯК,Sunday,Десерты,Снят
2025-07-28,Шу мини ваниль-лимон,4.0,МАЯК,Monday,Десерты,Снят
2025-07-29,Шу мини ваниль-лимон,4.0,МАЯК,Tuesday,Десерты,Снят
2025-07-30,Шу мини ваниль-лимон,4.0,МАЯК,Wednesday,Десерты,Снят
2025-07-31,Шу мини ваниль-лимон,4.0,МАЯК,Thursday,Десерты,Снят
2025-08-01,Шу мини ваниль-лимон,4.0,МАЯК,Friday,Десерты,Снят
2025-08-02,Шу мини ваниль-лимон,4.0,МАЯК,Saturday,Десерты,Снят
2025-08-03,Шу мини ваниль-лимон,4.0,МАЯК,Sunday,Десерты,Снят
2025-08-11,Шу мини ваниль-лимон,3.0,МАЯК,Monday,Десерты,Снят
2025-08-12,Шу мини ваниль-лимон,3.0,МАЯК,Tuesday,Десерты,Снят
2025-08-13,Шу мини ваниль-лимон,3.0,МАЯК,Wednesday,Десерты,Снят
2025-08-14,Шу мини ваниль-лимон,3.0,МАЯК,Thursday,Десерты,Снят
2025-08-15,Шу мини ваниль-лимон,3.0,МАЯК,Friday,Десерты,Снят
2025-08-16,Шу мини ваниль-лимон,4.0,МАЯК,Saturday,Десерты,Снят
2025-08-17,Шу мини ваниль-лимон,4.0,МАЯК,Sunday,Десерты,Снят
2025-08-18,Шу мини ваниль-лимон,3.0,МАЯК,Monday,Десерты,Снят
2025-08-19,Шу мини ваниль-лимон,3.0,МАЯК,Tuesday,Десерты,Снят
2025-08-20,Шу мини ваниль-лимон,3.0,МАЯК,Wednesday,Десерты,Снят
2025-08-21,Шу мини ваниль-лимон,3.0,МАЯК,Thursday,Десерты,Снят
2025-08-22,Шу мини ваниль-лимон,3.0,МАЯК,Friday,Десерты,Снят
2025-08-23,Шу мини ваниль-лимон,3.0,МАЯК,Saturday,Десерты,Снят
2025-08-24,Шу мини ваниль-лимон,3.0,МАЯК,Sunday,Десерты,Снят
2025-08-25,Шу мини ваниль-лимон,3.0,МАЯК,Monday,Десерты,Снят
2025-08-26,Шу мини ваниль-лимон,3.0,МАЯК,Tuesday,Десерты,Снят
2025-08-27,Шу мини ваниль-лимон,3.0,МАЯК,Wednesday,Десерты,Снят
2025-08-28,Шу мини ваниль-лимон,4.0,МАЯК,Thursday,Десерты,Снят
2025-08-29,Шу мини ваниль-лимон,4.0,МАЯК,Friday,Десерты,Снят
2025-08-30,Шу мини ваниль-лимон,6.0,МАЯК,Saturday,Десерты,Снят
2025-08-31,Шу мини ваниль-лимон,6.0,МАЯК,Sunday,Десерты,Снят
2025-06-09,Аманн,12.0,СПЕЦ_25,Monday,Выпечка,Активный
2025-06-10,Аманн,12.0,СПЕЦ_25,Tuesday,Выпечка,Активный
2025-06-11,Аманн,12.0,СПЕЦ_25,Wednesday,Выпечка,Активный
2025-06-12,Аманн,12.0,СПЕЦ_25,Thursday,Выпечка,Активный
2025-06-13,Аманн,12.0,СПЕЦ_25,Friday,Выпечка,Активный
2025-06-14,Аманн,12.0,СПЕЦ_25,Saturday,Выпечка,Активный
2025-06-15,Аманн,12.0,СПЕЦ_25,Sunday,Выпечка,Активный
2025-06-17,Аманн,12.0,СПЕЦ_25,Tuesday,Выпечка,Активный
2025-06-18,Аманн,12.0,СПЕЦ_25,Wednesday,Выпечка,Активный
2025-06-19,Аманн,12.0,СПЕЦ_25,Thursday,Выпечка,Активный
2025-06-20,Аманн,8.0,СПЕЦ_25,Friday,Выпечка,Активный
2025-06-21,Аманн,12.0,СПЕЦ_25,Saturday,Выпечка,Активный
2025-06-22,Аманн,12.0,СПЕЦ_25,Sunday,Выпечка,Активный
2025-07-11,Бабка Кардамон,1.0,СПЕЦ_25,Friday,Выпечка,Снят
2025-08-12,Бабка Кардамон,2.0,СПЕЦ_25,Tuesday,Выпечка,Снят
2025-08-26,Бабка Кардамон,2.0,СПЕЦ_25,Tuesday,Выпечка,Снят
2025-06-09,Бабка корица и карамель,1.0,СПЕЦ_25,Monday,Выпечка,Активный
2025-06-10,Бабка корица и карамель,1.0,СПЕЦ_25,Tuesday,Выпечка,Активный
2025-06-11,Бабка корица и карамель,1.0,СПЕЦ_25,Wednesday,Выпечка,Активный
2025-06-12,Бабка корица и карамель,1.0,СПЕЦ_25,Thursday,Выпечка,Активный
2025-06-13,Бабка корица и карамель,1.0,СПЕЦ_25,Friday,Выпечка,Активный
2025-06-14,Бабка корица и карамель,1.0,СПЕЦ_25,Saturday,Выпечка,Активный
2025-06-15,Бабка корица и карамель,1.0,СПЕЦ_25,Sunday,Выпечка,Активный
2025-06-16,Бабка корица и карамель,1.0,СПЕЦ_25,Monday,Выпечка,Активный
2025-06-17,Бабка корица и карамель,1.0,СПЕЦ_25,Tuesday,Выпечка,Активный
2025-06-18,Бабка корица и карамель,1.0,СПЕЦ_25,Wednesday,Выпечка,Активный
2025-06-19,Бабка корица и карамель,1.0,СПЕЦ_25,Thursday,Выпечка,Активный
2025-06-20,Бабка корица и карамель,1.0,СПЕЦ_25,Friday,Выпечка,Активный
2025-06-21,Бабка корица и карамель,1.0,СПЕЦ_25,Saturday,Выпечка,Активный
2025-06-22,Бабка корица и карамель,1.0,СПЕЦ_25,Sunday,Выпечка,Активный
2025-07-11,Бабка корица и карамель,1.0,СПЕЦ_25,Friday,Выпечка,Активный
2025-06-10,Багет,5.0,СПЕЦ_25,Tuesday,Хлеб,Активный
2025-06-11,Багет,5.0,СПЕЦ_25,Wednesday,Хлеб,Активный
2025-06-12,Багет,5.0,СПЕЦ_25,Thursday,Хлеб,Активный
2025-06-13,Багет,5.0,СПЕЦ_25,Friday,Хлеб,Активный
2025-06-14,Багет,5.0,СПЕЦ_25,Saturday,Хлеб,Активный
2025-06-15,Багет,5.0,СПЕЦ_25,Sunday,Хлеб,Активный
2025-06-18,Багет,3.0,СПЕЦ_25,Wednesday,Хлеб,Активный
2025-06-19,Багет,3.0,СПЕЦ_25,Thursday,Хлеб,Активный
2025-06-20,Багет,4.0,СПЕЦ_25,Friday,Хлеб,Активный
2025-06-21,Багет,5.0,СПЕЦ_25,Saturday,Хлеб,Активный
2025-06-22,Багет,5.0,СПЕЦ_25,Sunday,Хлеб,Активный
2025-06-09,Бейгл 100,15.0,СПЕЦ_25,Monday,Булки,Активный
2025-06-10,Бейгл 100,12.0,СПЕЦ_25,Tuesday,Булки,Активный
2025-06-11,Бейгл 100,12.0,СПЕЦ_25,Wednesday,Булки,Активный
2025-06-12,Бейгл 100,12.0,СПЕЦ_25,Thursday,Булки,Активный
2025-06-13,Бейгл 100,12.0,СПЕЦ_25,Friday,Булки,Активный
2025-06-14,Бейгл 100,12.0,СПЕЦ_25,Saturday,Булки,Активный
2025-06-15,Бейгл 100,12.0,СПЕЦ_25,Sunday,Булки,Активный
2025-06-16,Бейгл 100,12.0,СПЕЦ_25,Monday,Булки,Активный
2025-06-17,Бейгл 100,10.0,СПЕЦ_25,Tuesday,Булки,Активный
2025-06-18,Бейгл 100,10.0,СПЕЦ_25,Wednesday,Булки,Активный
2025-06-19,Бейгл 100,12.0,СПЕЦ_25,Thursday,Булки,Активный
2025-06-20,Бейгл 100,7.0,СПЕЦ_25,Friday,Булки,Активный
2025-06-21,Бейгл 100,12.0,СПЕЦ_25,Saturday,Булки,Активный
2025-06-22,Бейгл 100,12.0,СПЕЦ_25,Sunday,Булки,Активный
2025-06-09,Бородинский хлеб,5.0,СПЕЦ_25,Monday,Хлеб,Активный
2025-06-20,Бородинский хлеб,3.0,СПЕЦ_25,Friday,Хлеб,Активный
2025-07-20,Бородинский хлеб,4.0,СПЕЦ_25,Sunday,Хлеб,Активный
2025-07-11,Брауни бг фундук,6.0,СПЕЦ_25,Friday,Десерты,Снят
2025-06-05,Бриошь с шапкой,1.0,СПЕЦ_25,Thursday,Хлеб,Снят
2025-06-09,Бриошь с шапкой,1.0,СПЕЦ_25,Monday,Хлеб,Снят
2025-06-10,Бриошь с шапкой,1.0,СПЕЦ_25,Tuesday,Хлеб,Снят
2025-06-11,Бриошь с шапкой,1.0,СПЕЦ_25,Wednesday,Хлеб,Снят
2025-06-12,Бриошь с шапкой,1.0,СПЕЦ_25,Thursday,Хлеб,Снят
2025-06-13,Бриошь с шапкой,1.0,СПЕЦ_25,Friday,Хлеб,Снят
2025-06-14,Бриошь с шапкой,1.0,СПЕЦ_25,Saturday,Хлеб,Снят
2025-06-17,Бриошь с шапкой,1.0,СПЕЦ_25,Tuesday,Хлеб,Снят
2025-06-18,Бриошь с шапкой,1.0,СПЕЦ_25,Wednesday,Хлеб,Снят
2025-06-19,Бриошь с шапкой,1.0,СПЕЦ_25,Thursday,Хлеб,Снят
2025-06-20,Бриошь с шапкой,1.0,СПЕЦ_25,Friday,Хлеб,Снят
2025-06-21,Бриошь с шапкой,1.0,СПЕЦ_25,Saturday,Хлеб,Снят
2025-06-22,Бриошь с шапкой,1.0,СПЕЦ_25,Sunday,Хлеб,Снят
2025-06-09,Булка конопля,8.0,СПЕЦ_25,Monday,Выпечка,Снят
2025-06-10,Булка конопля,5.0,СПЕЦ_25,Tuesday,Выпечка,Снят
2025-06-11,Булка конопля,5.0,СПЕЦ_25,Wednesday,Выпечка,Снят
2025-06-12,Булка конопля,5.0,СПЕЦ_25,Thursday,Выпечка,Снят
2025-06-13,Булка конопля,5.0,СПЕЦ_25,Friday,Выпечка,Снят
2025-06-14,Булка конопля,5.0,СПЕЦ_25,Saturday,Выпечка,Снят
2025-06-15,Булка конопля,5.0,СПЕЦ_25,Sunday,Выпечка,Снят
2025-06-16,Булка конопля,5.0,СПЕЦ_25,Monday,Выпечка,Снят
2025-06-17,Булка конопля,5.0,СПЕЦ_25,Tuesday,Выпечка,Снят
2025-06-18,Булка конопля,5.0,СПЕЦ_25,Wednesday,Выпечка,Снят
2025-06-19,Булка конопля,5.0,СПЕЦ_25,Thursday,Выпечка,Снят
2025-06-20,Булка конопля,5.0,СПЕЦ_25,Friday,Выпечка,Снят
2025-06-21,Булка конопля,5.0,СПЕЦ_25,Saturday,Выпечка,Снят
2025-06-22,Булка конопля,5.0,СПЕЦ_25,Sunday,Выпечка,Снят
2025-06-09,Булка с кардамоном,15.0,СПЕЦ_25,Monday,Булки,Активный
2025-06-10,Булка с кардамоном,7.0,СПЕЦ_25,Tuesday,Булки,Активный
2025-06-11,Булка с кардамоном,7.0,СПЕЦ_25,Wednesday,Булки,Активный
2025-06-12,Булка с кардамоном,10.0,СПЕЦ_25,Thursday,Булки,Активный
2025-06-13,Булка с кардамоном,10.0,СПЕЦ_25,Friday,Булки,Активный
2025-06-14,Булка с кардамоном,10.0,СПЕЦ_25,Saturday,Булки,Активный
2025-06-15,Булка с кардамоном,10.0,СПЕЦ_25,Sunday,Булки,Активный
2025-06-16,Булка с кардамоном,7.0,СПЕЦ_25,Monday,Булки,Активный
2025-06-17,Булка с кардамоном,8.0,СПЕЦ_25,Tuesday,Булки,Активный
2025-06-18,Булка с кардамоном,8.0,СПЕЦ_25,Wednesday,Булки,Активный
2025-06-19,Булка с кардамоном,10.0,СПЕЦ_25,Thursday,Булки,Активный
2025-06-20,Булка с кардамоном,7.0,СПЕЦ_25,Friday,Булки,Активный
2025-06-21,Булка с кардамоном,10.0,СПЕЦ_25,Saturday,Булки,Активный
2025-06-22,Булка с кардамоном,10.0,СПЕЦ_25,Sunday,Булки,Активный
2025-06-09,Булка с корицей,15.0,СПЕЦ_25,Monday,Булки,Активный
2025-06-10,Булка с корицей,8.0,СПЕЦ_25,Tuesday,Булки,Активный
2025-06-11,Булка с корицей,8.0,СПЕЦ_25,Wednesday,Булки,Активный
2025-06-12,Булка с корицей,15.0,СПЕЦ_25,Thursday,Булки,Активный
2025-06-13,Булка с корицей,15.0,СПЕЦ_25,Friday,Булки,Активный
2025-06-14,Булка с корицей,15.0,СПЕЦ_25,Saturday,Булки,Активный
2025-06-15,Булка с корицей,15.0,СПЕЦ_25,Sunday,Булки,Активный
2025-06-16,Булка с корицей,8.0,СПЕЦ_25,Monday,Булки,Активный
2025-06-17,Булка с корицей,10.0,СПЕЦ_25,Tuesday,Булки,Активный
2025-06-18,Булка с корицей,10.0,СПЕЦ_25,Wednesday,Булки,Активный
2025-06-19,Булка с корицей,10.0,СПЕЦ_25,Thursday,Булки,Активный
2025-06-20,Булка с корицей,10.0,СПЕЦ_25,Friday,Булки,Активный
2025-06-21,Булка с корицей,15.0,СПЕЦ_25,Saturday,Булки,Активный
2025-06-22,Булка с корицей,15.0,СПЕЦ_25,Sunday,Булки,Активный
2025-06-09,Булка с маком,15.0,СПЕЦ_25,Monday,Булки,Активный
2025-06-10,Булка с маком,10.0,СПЕЦ_25,Tuesday,Булки,Активный
2025-06-11,Булка с маком,10.0,СПЕЦ_25,Wednesday,Булки,Активный
2025-06-12,Булка с маком,10.0,СПЕЦ_25,Thursday,Булки,Активный
2025-06-13,Булка с маком,12.0,СПЕЦ_25,Friday,Булки,Активный
2025-06-14,Булка с маком,12.0,СПЕЦ_25,Saturday,Булки,Активный
2025-06-15,Булка с маком,12.0,СПЕЦ_25,Sunday,Булки,Активный
2025-06-16,Булка с маком,10.0,СПЕЦ_25,Monday,Булки,Активный
2025-06-17,Булка с маком,10.0,СПЕЦ_25,Tuesday,Булки,Активный
2025-06-18,Булка с маком,10.0,СПЕЦ_25,Wednesday,Булки,Активный
2025-06-19,Булка с маком,12.0,СПЕЦ_25,Thursday,Булки,Активный
2025-06-20,Булка с маком,7.0,СПЕЦ_25,Friday,Булки,Активный
2025-06-21,Булка с маком,12.0,СПЕЦ_25,Saturday,Булки,Активный
2025-06-22,Булка с маком,12.0,СПЕЦ_25,Sunday,Булки,Активный
2025-06-09,Булка с тхиной,10.0,СПЕЦ_25,Monday,Булки,Активный
2025-06-10,Булка с тхиной,6.0,СПЕЦ_25,Tuesday,Булки,Активный
2025-06-11,Булка с тхиной,6.0,СПЕЦ_25,Wednesday,Булки,Активный
2025-06-12,Булка с тхиной,8.0,СПЕЦ_25,Thursday,Булки,Активный
2025-06-13,Булка с тхиной,8.0,СПЕЦ_25,Friday,Булки,Активный
2025-06-14,Булка с тхиной,8.0,СПЕЦ_25,Saturday,Булки,Активный
2025-06-15,Булка с тхиной,8.0,СПЕЦ_25,Sunday,Булки,Активный
2025-06-16,Булка с тхиной,6.0,СПЕЦ_25,Monday,Булки,Активный
2025-06-17,Булка с тхиной,6.0,СПЕЦ_25,Tuesday,Булки,Активный
2025-06-18,Булка с тхиной,6.0,СПЕЦ_25,Wednesday,Булки,Активный
2025-06-19,Булка с тхиной,8.0,СПЕЦ_25,Thursday,Булки,Активный
2025-06-20,Булка с тхиной,8.0,СПЕЦ_25,Friday,Булки,Активный
2025-06-21,Булка с тхиной,8.0,СПЕЦ_25,Saturday,Булки,Активный
2025-06-22,Булка с тхиной,8.0,СПЕЦ_25,Sunday,Булки,Активный
2025-07-11,Булка с тхиной,6.0,СПЕЦ_25,Friday,Булки,Активный
2025-06-09,Гранола грецкий орех-клюква,10.0,СПЕЦ_25,Monday,Полуфабрикаты,
2025-06-09,Запеканка на рисовой муке без сахара в форме,8.0,СПЕЦ_25,Monday,Полуфабрикаты,Снят
2025-06-09,Канле,12.0,СПЕЦ_25,Monday,Десерты,Снят
2025-06-10,Канле,12.0,СПЕЦ_25,Tuesday,Десерты,Снят
2025-06-11,Канле,12.0,СПЕЦ_25,Wednesday,Десерты,Снят
2025-06-12,Канле,12.0,СПЕЦ_25,Thursday,Десерты,Снят
2025-06-13,Канле,12.0,СПЕЦ_25,Friday,Десерты,Снят
2025-06-14,Канле,12.0,СПЕЦ_25,Saturday,Десерты,Снят
2025-06-15,Канле,12.0,СПЕЦ_25,Sunday,Десерты,Снят
2025-06-16,Канле,12.0,СПЕЦ_25,Monday,Десерты,Снят
2025-06-17,Канле,12.0,СПЕЦ_25,Tuesday,Десерты,Снят
2025-06-18,Канле,12.0,СПЕЦ_25,Wednesday,Десерты,Снят
2025-06-19,Канле,12.0,СПЕЦ_25,Thursday,Десерты,Снят
2025-06-20,Канле,12.0,СПЕЦ_25,Friday,Десерты,Снят
2025-06-21,Канле,12.0,СПЕЦ_25,Saturday,Десерты,Снят
2025-06-22,Канле,12.0,СПЕЦ_25,Sunday,Десерты,Снят
2025-06-20,Кекс мак-лимон,1.0,СПЕЦ_25,Friday,Выпечка,Снят
2025-06-20,Кекс мак-лимон,1.0,СПЕЦ_25,Friday,Выпечка,Снят
2025-07-25,Кекс мак-лимон,1.0,СПЕЦ_25,Friday,Выпечка,Снят
2025-07-25,Кекс мак-лимон,1.0,СПЕЦ_25,Friday,Выпечка,Снят
2025-06-09,Кекс мак-лимон с кремом,8.0,СПЕЦ_25,Monday,Выпечка,Активный
2025-06-13,Кекс мак-лимон с кремом,8.0,СПЕЦ_25,Friday,Выпечка,Активный
2025-06-21,Кекс мак-лимон с кремом,4.0,СПЕЦ_25,Saturday,Выпечка,Активный
2025-06-09,Кекс морковный с карамельной глазурью,1.0,СПЕЦ_25,Monday,Выпечка,Активный
2025-06-13,Кекс морковный с карамельной глазурью,1.0,СПЕЦ_25,Friday,Выпечка,Активный
2025-06-18,Кекс морковный с карамельной глазурью,1.0,СПЕЦ_25,Wednesday,Выпечка,Активный
2025-06-21,Кекс морковный с карамельной глазурью,1.0,СПЕЦ_25,Saturday,Выпечка,Активный
2025-07-25,Кекс морковный с карамельной глазурью,1.0,СПЕЦ_25,Friday,Выпечка,Активный
2025-06-09,Краффин брауни-вишня,8.0,СПЕЦ_25,Monday,Выпечка,Снят
2025-06-10,Краффин брауни-вишня,4.0,СПЕЦ_25,Tuesday,Выпечка,Снят
2025-06-11,Краффин брауни-вишня,4.0,СПЕЦ_25,Wednesday,Выпечка,Снят
2025-06-12,Краффин брауни-вишня,6.0,СПЕЦ_25,Thursday,Выпечка,Снят
2025-06-13,Краффин брауни-вишня,6.0,СПЕЦ_25,Friday,Выпечка,Снят
2025-06-14,Краффин брауни-вишня,6.0,СПЕЦ_25,Saturday,Выпечка,Снят
2025-06-15,Краффин брауни-вишня,6.0,СПЕЦ_25,Sunday,Выпечка,Снят
2025-06-16,Краффин брауни-вишня,4.0,СПЕЦ_25,Monday,Выпечка,Снят
2025-06-17,Краффин брауни-вишня,4.0,СПЕЦ_25,Tuesday,Выпечка,Снят
2025-06-18,Краффин брауни-вишня,4.0,СПЕЦ_25,Wednesday,Выпечка,Снят
2025-06-19,Краффин брауни-вишня,6.0,СПЕЦ_25,Thursday,Выпечка,Снят
2025-06-20,Краффин брауни-вишня,6.0,СПЕЦ_25,Friday,Выпечка,Снят
2025-06-21,Краффин брауни-вишня,6.0,СПЕЦ_25,Saturday,Выпечка,Снят
2025-06-22,Краффин брауни-вишня,6.0,СПЕЦ_25,Sunday,Выпечка,Снят
2025-07-11,Краффин брауни-вишня,6.0,СПЕЦ_25,Friday,Выпечка,Снят
2025-06-09,Круассан 75г,8.0,СПЕЦ_25,Monday,Выпечка,Активный
2025-06-10,Круассан 75г,6.0,СПЕЦ_25,Tuesday,Выпечка,Активный
2025-06-11,Круассан 75г,8.0,СПЕЦ_25,Wednesday,Выпечка,Активный
2025-06-12,Круассан 75г,6.0,СПЕЦ_25,Thursday,Выпечка,Активный
2025-06-13,Круассан 75г,6.0,СПЕЦ_25,Friday,Выпечка,Активный
2025-06-14,Круассан 75г,6.0,СПЕЦ_25,Saturday,Выпечка,Активный
2025-06-15,Круассан 75г,6.0,СПЕЦ_25,Sunday,Выпечка,Активный
2025-06-16,Круассан 75г,6.0,СПЕЦ_25,Monday,Выпечка,Активный
2025-06-17,Круассан 75г,6.0,СПЕЦ_25,Tuesday,Выпечка,Активный
2025-06-18,Круассан 75г,6.0,СПЕЦ_25,Wednesday,Выпечка,Активный
2025-06-19,Круассан 75г,6.0,СПЕЦ_25,Thursday,Выпечка,Активный
2025-06-20,Круассан 75г,6.0,СПЕЦ_25,Friday,Выпечка,Активный
2025-06-21,Круассан 75г,6.0,СПЕЦ_25,Saturday,Выпечка,Активный
2025-06-22,Круассан 75г,6.0,СПЕЦ_25,Sunday,Выпечка,Активный
2025-07-20,Круассан 75г,40.0,СПЕЦ_25,Sunday,Выпечка,Активный
2025-06-12,Маритоццо ваниль-мисо карамель,4.0,СПЕЦ_25,Thursday,Выпечка,Активный
2025-06-13,Маритоццо ваниль-мисо карамель,6.0,СПЕЦ_25,Friday,Выпечка,Активный
2025-06-14,Маритоццо ваниль-мисо карамель,6.0,СПЕЦ_25,Saturday,Выпечка,Активный
2025-06-15,Маритоццо ваниль-мисо карамель,6.0,СПЕЦ_25,Sunday,Выпечка,Активный
2025-06-20,Маритоццо ваниль-мисо карамель,4.0,СПЕЦ_25,Friday,Выпечка,Активный
2025-06-21,Маритоццо ваниль-мисо карамель,6.0,СПЕЦ_25,Saturday,Выпечка,Активный
2025-06-22,Маритоццо ваниль-мисо карамель,6.0,СПЕЦ_25,Sunday,Выпечка,Активный
2025-06-09,Печенье на закваске шоколад,10.0,СПЕЦ_25,Monday,Печенье,Снят
2025-06-20,Печенье на закваске шоколад,3.0,СПЕЦ_25,Friday,Печенье,Снят
2025-06-21,Печенье на закваске шоколад,3.0,СПЕЦ_25,Saturday,Печенье,Снят
2025-06-22,Печенье на закваске шоколад,3.0,СПЕЦ_25,Sunday,Печенье,Снят
2025-07-11,Печенье на закваске шоколад,10.0,СПЕЦ_25,Friday,Печенье,Снят
2025-07-25,Печенье на закваске шоколад,10.0,СПЕЦ_25,Friday,Печенье,Снят
2025-06-09,Печенье финик-пекан,8.0,СПЕЦ_25,Monday,Печенье,Активный
2025-06-20,Печенье финик-пекан,3.0,СПЕЦ_25,Friday,Печенье,Активный
2025-06-21,Печенье финик-пекан,3.0,СПЕЦ_25,Saturday,Печенье,Активный
2025-06-22,Печенье финик-пекан,3.0,СПЕЦ_25,Sunday,Печенье,Активный
2025-07-11,Печенье финик-пекан,10.0,СПЕЦ_25,Friday,Печенье,Активный
2025-07-25,Печенье финик-пекан,10.0,СПЕЦ_25,Friday,Печенье,Активный
2025-06-12,Пуддинг с корицей целый,1.0,СПЕЦ_25,Thursday,Десерты,пф
2025-06-13,Пуддинг с корицей целый,1.0,СПЕЦ_25,Friday,Десерты,пф
2025-06-19,Пуддинг с корицей целый,1.0,СПЕЦ_25,Thursday,Десерты,пф
2025-06-09,Синнабоны шоколад-пекан-карамель,12.0,СПЕЦ_25,Monday,Выпечка,Активный
2025-06-10,Синнабоны шоколад-пекан-карамель,12.0,СПЕЦ_25,Tuesday,Выпечка,Активный
2025-06-11,Синнабоны шоколад-пекан-карамель,12.0,СПЕЦ_25,Wednesday,Выпечка,Активный
2025-06-12,Синнабоны шоколад-пекан-карамель,16.0,СПЕЦ_25,Thursday,Выпечка,Активный
2025-06-13,Синнабоны шоколад-пекан-карамель,16.0,СПЕЦ_25,Friday,Выпечка,Активный
2025-06-14,Синнабоны шоколад-пекан-карамель,16.0,СПЕЦ_25,Saturday,Выпечка,Активный
2025-06-15,Синнабоны шоколад-пекан-карамель,16.0,СПЕЦ_25,Sunday,Выпечка,Активный
2025-06-16,Синнабоны шоколад-пекан-карамель,12.0,СПЕЦ_25,Monday,Выпечка,Активный
2025-06-17,Синнабоны шоколад-пекан-карамель,12.0,СПЕЦ_25,Tuesday,Выпечка,Активный
2025-06-18,Синнабоны шоколад-пекан-карамель,12.0,СПЕЦ_25,Wednesday,Выпечка,Активный
2025-06-19,Синнабоны шоколад-пекан-карамель,12.0,СПЕЦ_25,Thursday,Выпечка,Активный
2025-06-20,Синнабоны шоколад-пекан-карамель,12.0,СПЕЦ_25,Friday,Выпечка,Активный
2025-06-21,Синнабоны шоколад-пекан-карамель,16.0,СПЕЦ_25,Saturday,Выпечка,Активный
2025-06-22,Синнабоны шоколад-пекан-карамель,16.0,СПЕЦ_25,Sunday,Выпечка,Активный
2025-06-05,"Тартин 0,75",2.0,СПЕЦ_25,Thursday,Хлеб,Активный
2025-06-09,"Тартин 0,75",8.0,СПЕЦ_25,Monday,Хлеб,Активный
2025-06-10,"Тартин 0,75",8.0,СПЕЦ_25,Tuesday,Хлеб,Активный
2025-06-11,"Тартин 0,75",8.0,СПЕЦ_25,Wednesday,Хлеб,Активный
2025-06-12,"Тартин 0,75",8.0,СПЕЦ_25,Thursday,Хлеб,Активный
2025-06-13,"Тартин 0,75",8.0,СПЕЦ_25,Friday,Хлеб,Активный
2025-06-14,"Тартин 0,75",8.0,СПЕЦ_25,Saturday,Хлеб,Активный
2025-06-15,"Тартин 0,75",8.0,СПЕЦ_25,Sunday,Хлеб,Активный
2025-06-16,"Тартин 0,75",8.0,СПЕЦ_25,Monday,Хлеб,Активный
2025-06-17,"Тартин 0,75",8.0,СПЕЦ_25,Tuesday,Хлеб,Активный
2025-06-18,"Тартин 0,75",5.0,СПЕЦ_25,Wednesday,Хлеб,Активный
2025-06-19,"Тартин 0,75",5.0,СПЕЦ_25,Thursday,Хлеб,Активный
2025-06-20,"Тартин 0,75",6.0,СПЕЦ_25,Friday,Хлеб,Активный
2025-06-21,"Тартин 0,75",6.0,СПЕЦ_25,Saturday,Хлеб,Активный
2025-06-22,"Тартин 0,75",6.0,СПЕЦ_25,Sunday,Хлеб,Активный
2025-07-11,"Тартин 1,5",2.0,СПЕЦ_25,Friday,Хлеб,Активный
2025-07-20,"Тартин 1,5",2.0,СПЕЦ_25,Sunday,Хлеб,Активный
2025-06-05,Тартин гречка,1.0,СПЕЦ_25,Thursday,Хлеб,Активный
2025-06-09,Тартин гречка,6.0,СПЕЦ_25,Monday,Хлеб,Активный
2025-06-10,Тартин гречка,6.0,СПЕЦ_25,Tuesday,Хлеб,Активный
2025-06-11,Тартин гречка,6.0,СПЕЦ_25,Wednesday,Хлеб,Активный
2025-06-12,Тартин гречка,6.0,СПЕЦ_25,Thursday,Хлеб,Активный
2025-06-13,Тартин гречка,6.0,СПЕЦ_25,Friday,Хлеб,Активный
2025-06-14,Тартин гречка,6.0,СПЕЦ_25,Saturday,Хлеб,Активный
2025-06-15,Тартин гречка,6.0,СПЕЦ_25,Sunday,Хлеб,Активный
2025-06-16,Тартин гречка,6.0,СПЕЦ_25,Monday,Хлеб,Активный
2025-06-17,Тартин гречка,6.0,СПЕЦ_25,Tuesday,Хлеб,Активный
2025-06-18,Тартин гречка,4.0,СПЕЦ_25,Wednesday,Хлеб,Активный
2025-06-19,Тартин гречка,4.0,СПЕЦ_25,Thursday,Хлеб,Активный
2025-06-20,Тартин гречка,4.0,СПЕЦ_25,Friday,Хлеб,Активный
2025-06-21,Тартин гречка,4.0,СПЕЦ_25,Saturday,Хлеб,Активный
2025-06-22,Тартин гречка,4.0,СПЕЦ_25,Sunday,Хлеб,Активный
2025-07-11,Тартин гречка,2.0,СПЕЦ_25,Friday,Хлеб,Активный
2025-06-05,Фокачча 400х600,3.0,СПЕЦ_25,Thursday,Хлеб,пф
2025-07-26,Фокачча 400х600,12.0,СПЕЦ_25,Saturday,Хлеб,пф
2025-06-09,Фокачча GN 1/3,3.0,СПЕЦ_25,Monday,Хлеб,Снят
2025-06-18,Фокачча GN 1/3,2.0,СПЕЦ_25,Wednesday,Хлеб,Снят
2025-06-21,Фокачча GN 1/3,1.0,СПЕЦ_25,Saturday,Хлеб,Снят
2025-06-22,Фокачча GN 1/3,1.0,СПЕЦ_25,Sunday,Хлеб,Снят
2025-06-05,Шу мини ваниль,40.0,СПЕЦ_25,Thursday,Десерты,Снят
2025-07-25,Шу мини ваниль,15.0,СПЕЦ_25,Friday,Десерты,Снят
2025-06-09,Morning bun корица,6.0,СПЕЦ_25,Monday,Выпечка,Снят
2025-06-10,Morning bun корица,6.0,СПЕЦ_25,Tuesday,Выпечка,Снят
2025-06-11,Morning bun корица,6.0,СПЕЦ_25,Wednesday,Выпечка,Снят
2025-06-12,Morning bun корица,6.0,СПЕЦ_25,Thursday,Выпечка,Снят
2025-06-13,Morning bun корица,6.0,СПЕЦ_25,Friday,Выпечка,Снят
2025-06-14,Morning bun корица,6.0,СПЕЦ_25,Saturday,Выпечка,Снят
2025-06-15,Morning bun корица,6.0,СПЕЦ_25,Sunday,Выпечка,Снят
2025-06-16,Morning bun корица,6.0,СПЕЦ_25,Monday,Выпечка,Снят
2025-06-17,Morning bun корица,6.0,СПЕЦ_25,Tuesday,Выпечка,Снят
2025-06-18,Morning bun корица,6.0,СПЕЦ_25,Wednesday,Выпечка,Снят
2025-06-19,Morning bun корица,6.0,СПЕЦ_25,Thursday,Выпечка,Снят
2025-06-20,Morning bun корица,6.0,СПЕЦ_25,Friday,Выпечка,Снят
2025-06-21,Morning bun корица,6.0,СПЕЦ_25,Saturday,Выпечка,Снят
2025-06-22,Morning bun корица,6.0,СПЕЦ_25,Sunday,Выпечка,Снят
2025-07-25,Morning bun корица,10.0,СПЕЦ_25,Friday,Выпечка,Снят
2025-06-09,Morning bun цедра - кардамон,6.0,СПЕЦ_25,Monday,Выпечка,Снят
2025-06-10,Morning bun цедра - кардамон,6.0,СПЕЦ_25,Tuesday,Выпечка,Снят
2025-06-11,Morning bun цедра - кардамон,6.0,СПЕЦ_25,Wednesday,Выпечка,Снят
2025-06-12,Morning bun цедра - кардамон,6.0,СПЕЦ_25,Thursday,Выпечка,Снят
2025-06-13,Morning bun цедра - кардамон,6.0,СПЕЦ_25,Friday,Выпечка,Снят
2025-06-14,Morning bun цедра - кардамон,6.0,СПЕЦ_25,Saturday,Выпечка,Снят
2025-06-15,Morning bun цедра - кардамон,6.0,СПЕЦ_25,Sunday,Выпечка,Снят
2025-06-16,Morning bun цедра - кардамон,6.0,СПЕЦ_25,Monday,Выпечка,Снят
2025-06-17,Morning bun цедра - кардамон,6.0,СПЕЦ_25,Tuesday,Выпечка,Снят
2025-06-18,Morning bun цедра - кардамон,6.0,СПЕЦ_25,Wednesday,Выпечка,Снят
2025-06-19,Morning bun цедра - кардамон,6.0,СПЕЦ_25,Thursday,Выпечка,Снят
2025-06-20,Morning bun цедра - кардамон,6.0,СПЕЦ_25,Friday,Выпечка,Снят
2025-06-21,Morning bun цедра - кардамон,6.0,СПЕЦ_25,Saturday,Выпечка,Снят
2025-06-22,Morning bun цедра - кардамон,6.0,СПЕЦ_25,Sunday,Выпечка,Снят
2025-07-25,Morning bun цедра - кардамон,10.0,СПЕЦ_25,Friday,Выпечка,Снят
