Date,Name,Count,Point,Day_of_week,Category,Status
2026-06-01,Аманн,10.0,ЦЕХ_2026,Monday,Выпечка,Активный
2026-06-02,Аманн,10.0,ЦЕХ_2026,Tuesday,Выпечка,Активный
2026-06-03,Аманн,10.0,ЦЕХ_2026,Wednesday,Выпечка,Активный
2026-06-04,Аманн,12.0,ЦЕХ_2026,Thursday,Выпечка,Активный
2026-06-05,Аманн,20.0,ЦЕХ_2026,Friday,Выпечка,Активный
2026-06-06,Аманн,20.0,ЦЕХ_2026,Saturday,Выпечка,Активный
2026-06-07,Аманн,20.0,ЦЕХ_2026,Sunday,Выпечка,Активный
2026-06-08,Аманн,15.0,ЦЕХ_2026,Monday,Выпечка,Активный
2026-06-09,Аманн,15.0,ЦЕХ_2026,Tuesday,Выпечка,Активный
2026-06-10,Аманн,15.0,ЦЕХ_2026,Wednesday,Выпечка,Активный
2026-06-11,Аманн,15.0,ЦЕХ_2026,Thursday,Выпечка,Активный
2026-06-12,Аманн,17.0,ЦЕХ_2026,Friday,Выпечка,Активный
2026-06-13,Аманн,20.0,ЦЕХ_2026,Saturday,Выпечка,Активный
2026-06-14,Аманн,20.0,ЦЕХ_2026,Sunday,Выпечка,Активный
2026-06-15,Аманн,12.0,ЦЕХ_2026,Monday,Выпечка,Активный
2026-06-16,Аманн,12.0,ЦЕХ_2026,Tuesday,Выпечка,Активный
2026-06-17,Аманн,12.0,ЦЕХ_2026,Wednesday,Выпечка,Активный
2026-06-18,Аманн,12.0,ЦЕХ_2026,Thursday,Выпечка,Активный
2026-06-19,Аманн,15.0,ЦЕХ_2026,Friday,Выпечка,Активный
2026-06-20,Аманн,20.0,ЦЕХ_2026,Saturday,Выпечка,Активный
2026-06-21,Аманн,20.0,ЦЕХ_2026,Sunday,Выпечка,Активный
2026-06-22,Аманн,14.0,ЦЕХ_2026,Monday,Выпечка,Активный
2026-06-23,Аманн,14.0,ЦЕХ_2026,Tuesday,Выпечка,Активный
2026-06-24,Аманн,14.0,ЦЕХ_2026,Wednesday,Выпечка,Активный
2026-06-25,Аманн,14.0,ЦЕХ_2026,Thursday,Выпечка,Активный
2026-06-26,Аманн,16.0,ЦЕХ_2026,Friday,Выпечка,Активный
2026-06-27,Аманн,30.0,ЦЕХ_2026,Saturday,Выпечка,Активный
2026-06-28,Аманн,30.0,ЦЕХ_2026,Sunday,Выпечка,Активный
2026-06-29,Аманн,15.0,ЦЕХ_2026,Monday,Выпечка,Активный
2026-06-30,Аманн,10.0,ЦЕХ_2026,Tuesday,Выпечка,Активный
2026-07-01,Аманн,15.0,ЦЕХ_2026,Wednesday,Выпечка,Активный
2026-07-02,Аманн,15.0,ЦЕХ_2026,Thursday,Выпечка,Активный
2026-07-03,Аманн,20.0,ЦЕХ_2026,Friday,Выпечка,Активный
2026-07-04,Аманн,30.0,ЦЕХ_2026,Saturday,Выпечка,Активный
2026-07-05,Аманн,30.0,ЦЕХ_2026,Sunday,Выпечка,Активный
2026-07-06,Аманн,10.0,ЦЕХ_2026,Monday,Выпечка,Активный
2026-07-07,Аманн,15.0,ЦЕХ_2026,Tuesday,Выпечка,Активный
2026-07-08,Аманн,15.0,ЦЕХ_2026,Wednesday,Выпечка,Активный
2026-07-09,Аманн,15.0,ЦЕХ_2026,Thursday,Выпечка,Активный
2026-07-10,Аманн,20.0,ЦЕХ_2026,Friday,Выпечка,Активный
2026-07-11,Аманн,30.0,ЦЕХ_2026,Saturday,Выпечка,Активный
2026-07-12,Аманн,30.0,ЦЕХ_2026,Sunday,Выпечка,Активный
2026-07-13,Аманн,10.0,ЦЕХ_2026,Monday,Выпечка,Активный
2026-07-14,Аманн,20.0,ЦЕХ_2026,Tuesday,Выпечка,Активный
2026-07-15,Аманн,15.0,ЦЕХ_2026,Wednesday,Выпечка,Активный
2026-07-16,Аманн,17.0,ЦЕХ_2026,Thursday,Выпечка,Активный
2026-07-17,Аманн,20.0,ЦЕХ_2026,Friday,Выпечка,Активный
2026-07-18,Аманн,30.0,ЦЕХ_2026,Saturday,Выпечка,Активный
2026-07-19,Аманн,30.0,ЦЕХ_2026,Sunday,Выпечка,Активный
2026-07-20,Аманн,10.0,ЦЕХ_2026,Monday,Выпечка,Активный
2026-07-21,Аманн,10.0,ЦЕХ_2026,Tuesday,Выпечка,Активный
2026-07-22,Аманн,10.0,ЦЕХ_2026,Wednesday,Выпечка,Активный
2026-07-23,Аманн,15.0,ЦЕХ_2026,Thursday,Выпечка,Активный
2026-07-24,Аманн,15.0,ЦЕХ_2026,Friday,Выпечка,Активный
2026-07-25,Аманн,30.0,ЦЕХ_2026,Saturday,Выпечка,Активный
2026-07-26,Аманн,30.0,ЦЕХ_2026,Sunday,Выпечка,Активный
2026-07-27,Аманн,10.0,ЦЕХ_2026,Monday,Выпечка,Активный
2026-07-28,Аманн,10.0,ЦЕХ_2026,Tuesday,Выпечка,Активный
2026-07-29,Аманн,10.0,ЦЕХ_2026,Wednesday,Выпечка,Активный
2026-07-30,Аманн,12.0,ЦЕХ_2026,Thursday,Выпечка,Активный
2026-07-31,Аманн,12.0,ЦЕХ_2026,Friday,Выпечка,Активный
2026-08-01,Аманн,30.0,ЦЕХ_2026,Saturday,Выпечка,Активный
2026-08-02,Аманн,30.0,ЦЕХ_2026,Sunday,Выпечка,Активный
2026-08-03,Аманн,10.0,ЦЕХ_2026,Monday,Выпечка,Активный
2026-08-04,Аманн,10.0,ЦЕХ_2026,Tuesday,Выпечка,Активный
2026-08-05,Аманн,10.0,ЦЕХ_2026,Wednesday,Выпечка,Активный
2026-08-06,Аманн,10.0,ЦЕХ_2026,Thursday,Выпечка,Активный
2026-08-07,Аманн,10.0,ЦЕХ_2026,Friday,Выпечка,Активный
2026-08-08,Аманн,30.0,ЦЕХ_2026,Saturday,Выпечка,Активный
2026-08-09,Аманн,30.0,ЦЕХ_2026,Sunday,Выпечка,Активный
2026-08-10,Аманн,10.0,ЦЕХ_2026,Monday,Выпечка,Активный
2026-08-11,Аманн,10.0,ЦЕХ_2026,Tuesday,Выпечка,Активный
2026-08-12,Аманн,10.0,ЦЕХ_2026,Wednesday,Выпечка,Активный
2026-08-13,Аманн,10.0,ЦЕХ_2026,Thursday,Выпечка,Активный
2026-08-14,Аманн,10.0,ЦЕХ_2026,Friday,Выпечка,Активный
2026-08-15,Аманн,20.0,ЦЕХ_2026,Saturday,Выпечка,Активный
2026-08-16,Аманн,20.0,ЦЕХ_2026,Sunday,Выпечка,Активный
2026-08-17,Аманн,8.0,ЦЕХ_2026,Monday,Выпечка,Активный
2026-08-18,Аманн,8.0,ЦЕХ_2026,Tuesday,Выпечка,Активный
2026-08-19,Аманн,8.0,ЦЕХ_2026,Wednesday,Выпечка,Активный
2026-08-20,Аманн,10.0,ЦЕХ_2026,Thursday,Выпечка,Активный
2026-08-21,Аманн,10.0,ЦЕХ_2026,Friday,Выпечка,Активный
2026-08-22,Аманн,25.0,ЦЕХ_2026,Saturday,Выпечка,Активный
2026-08-23,Аманн,25.0,ЦЕХ_2026,Sunday,Выпечка,Активный
2026-08-24,Аманн,8.0,ЦЕХ_2026,Monday,Выпечка,Активный
2026-08-25,Аманн,8.0,ЦЕХ_2026,Tuesday,Выпечка,Активный
2026-08-26,Аманн,10.0,ЦЕХ_2026,Wednesday,Выпечка,Активный
2026-08-27,Аманн,10.0,ЦЕХ_2026,Thursday,Выпечка,Активный
2026-08-28,Аманн,10.0,ЦЕХ_2026,Friday,Выпечка,Активный
2026-08-29,Аманн,25.0,ЦЕХ_2026,Saturday,Выпечка,Активный
2026-08-30,Аманн,25.0,ЦЕХ_2026,Sunday,Выпечка,Активный
2026-08-31,Аманн,10.0,ЦЕХ_2026,Monday,Выпечка,Активный
2026-06-01,Бабка корица и карамель,1.0,ЦЕХ_2026,Monday,Выпечка,Активный
2026-06-02,Бабка корица и карамель,1.0,ЦЕХ_2026,Tuesday,Выпечка,Активный
2026-06-03,Бабка корица и карамель,1.0,ЦЕХ_2026,Wednesday,Выпечка,Активный
2026-06-04,Бабка корица и карамель,2.0,ЦЕХ_2026,Thursday,Выпечка,Активный
2026-06-05,Бабка корица и карамель,2.0,ЦЕХ_2026,Friday,Выпечка,Активный
2026-06-06,Бабка корица и карамель,3.0,ЦЕХ_2026,Saturday,Выпечка,Активный
2026-06-07,Бабка корица и карамель,3.0,ЦЕХ_2026,Sunday,Выпечка,Активный
2026-06-08,Бабка корица и карамель,1.0,ЦЕХ_2026,Monday,Выпечка,Активный
2026-06-09,Бабка корица и карамель,1.0,ЦЕХ_2026,Tuesday,Выпечка,Активный
2026-06-10,Бабка корица и карамель,1.0,ЦЕХ_2026,Wednesday,Выпечка,Активный
2026-06-11,Бабка корица и карамель,1.0,ЦЕХ_2026,Thursday,Выпечка,Активный
2026-06-12,Бабка корица и карамель,2.0,ЦЕХ_2026,Friday,Выпечка,Активный
2026-06-13,Бабка корица и карамель,3.0,ЦЕХ_2026,Saturday,Выпечка,Активный
2026-06-14,Бабка корица и карамель,3.0,ЦЕХ_2026,Sunday,Выпечка,Активный
2026-06-15,Бабка корица и карамель,1.0,ЦЕХ_2026,Monday,Выпечка,Активный
2026-06-16,Бабка корица и карамель,1.0,ЦЕХ_2026,Tuesday,Выпечка,Активный
2026-06-17,Бабка корица и карамель,1.0,ЦЕХ_2026,Wednesday,Выпечка,Активный
2026-06-18,Бабка корица и карамель,1.0,ЦЕХ_2026,Thursday,Выпечка,Активный
2026-06-19,Бабка корица и карамель,1.0,ЦЕХ_2026,Friday,Выпечка,Активный
2026-06-20,Бабка корица и карамель,2.0,ЦЕХ_2026,Saturday,Выпечка,Активный
2026-06-21,Бабка корица и карамель,3.0,ЦЕХ_2026,Sunday,Выпечка,Активный
2026-06-22,Бабка корица и карамель,1.0,ЦЕХ_2026,Monday,Выпечка,Активный
2026-06-23,Бабка корица и карамель,1.0,ЦЕХ_2026,Tuesday,Выпечка,Активный
2026-06-24,Бабка корица и карамель,1.0,ЦЕХ_2026,Wednesday,Выпечка,Активный
2026-06-25,Бабка корица и карамель,1.0,ЦЕХ_2026,Thursday,Выпечка,Активный
2026-06-26,Бабка корица и карамель,1.0,ЦЕХ_2026,Friday,Выпечка,Активный
2026-06-27,Бабка корица и карамель,3.0,ЦЕХ_2026,Saturday,Выпечка,Активный
2026-06-28,Бабка корица и карамель,3.0,ЦЕХ_2026,Sunday,Выпечка,Активный
2026-06-29,Бабка корица и карамель,1.0,ЦЕХ_2026,Monday,Выпечка,Активный
2026-06-30,Бабка корица и карамель,1.0,ЦЕХ_2026,Tuesday,Выпечка,Активный
2026-07-01,Бабка корица и карамель,1.0,ЦЕХ_2026,Wednesday,Выпечка,Активный
2026-07-02,Бабка корица и карамель,1.0,ЦЕХ_2026,Thursday,Выпечка,Активный
2026-07-03,Бабка корица и карамель,1.0,ЦЕХ_2026,Friday,Выпечка,Активный
2026-07-04,Бабка корица и карамель,3.0,ЦЕХ_2026,Saturday,Выпечка,Активный
2026-07-05,Бабка корица и карамель,3.0,ЦЕХ_2026,Sunday,Выпечка,Активный
2026-07-06,Бабка корица и карамель,1.0,ЦЕХ_2026,Monday,Выпечка,Активный
2026-07-07,Бабка корица и карамель,1.0,ЦЕХ_2026,Tuesday,Выпечка,Активный
2026-07-08,Бабка корица и карамель,1.0,ЦЕХ_2026,Wednesday,Выпечка,Активный
2026-07-09,Бабка корица и карамель,1.0,ЦЕХ_2026,Thursday,Выпечка,Активный
2026-07-10,Бабка корица и карамель,1.0,ЦЕХ_2026,Friday,Выпечка,Активный
2026-07-11,Бабка корица и карамель,3.0,ЦЕХ_2026,Saturday,Выпечка,Активный
2026-07-12,Бабка корица и карамель,3.0,ЦЕХ_2026,Sunday,Выпечка,Активный
2026-07-13,Бабка корица и карамель,1.0,ЦЕХ_2026,Monday,Выпечка,Активный
2026-07-14,Бабка корица и карамель,1.0,ЦЕХ_2026,Tuesday,Выпечка,Активный
2026-07-15,Бабка корица и карамель,1.0,ЦЕХ_2026,Wednesday,Выпечка,Активный
2026-07-16,Бабка корица и карамель,1.0,ЦЕХ_2026,Thursday,Выпечка,Активный
2026-07-17,Бабка корица и карамель,1.0,ЦЕХ_2026,Friday,Выпечка,Активный
2026-07-18,Бабка корица и карамель,3.0,ЦЕХ_2026,Saturday,Выпечка,Активный
2026-07-19,Бабка корица и карамель,3.0,ЦЕХ_2026,Sunday,Выпечка,Активный
2026-07-20,Бабка корица и карамель,1.0,ЦЕХ_2026,Monday,Выпечка,Активный
2026-07-21,Бабка корица и карамель,1.0,ЦЕХ_2026,Tuesday,Выпечка,Активный
2026-07-22,Бабка корица и карамель,1.0,ЦЕХ_2026,Wednesday,Выпечка,Активный
2026-07-23,Бабка корица и карамель,1.0,ЦЕХ_2026,Thursday,Выпечка,Активный
2026-07-24,Бабка корица и карамель,1.0,ЦЕХ_2026,Friday,Выпечка,Активный
2026-07-25,Бабка корица и карамель,3.0,ЦЕХ_2026,Saturday,Выпечка,Активный
2026-07-26,Бабка корица и карамель,3.0,ЦЕХ_2026,Sunday,Выпечка,Активный
2026-07-27,Бабка корица и карамель,1.0,ЦЕХ_2026,Monday,Выпечка,Активный
2026-07-28,Бабка корица и карамель,1.0,ЦЕХ_2026,Tuesday,Выпечка,Активный
2026-07-29,Бабка корица и карамель,1.0,ЦЕХ_2026,Wednesday,Выпечка,Активный
2026-07-30,Бабка корица и карамель,1.0,ЦЕХ_2026,Thursday,Выпечка,Активный
2026-07-31,Бабка корица и карамель,2.0,ЦЕХ_2026,Friday,Выпечка,Активный
2026-08-01,Бабка корица и карамель,3.0,ЦЕХ_2026,Saturday,Выпечка,Активный
2026-08-02,Бабка корица и карамель,3.0,ЦЕХ_2026,Sunday,Выпечка,Активный
2026-08-03,Бабка корица и карамель,1.0,ЦЕХ_2026,Monday,Выпечка,Активный
2026-08-04,Бабка корица и карамель,1.0,ЦЕХ_2026,Tuesday,Выпечка,Активный
2026-08-05,Бабка корица и карамель,1.0,ЦЕХ_2026,Wednesday,Выпечка,Активный
2026-08-06,Бабка корица и карамель,1.0,ЦЕХ_2026,Thursday,Выпечка,Активный
2026-08-07,Бабка корица и карамель,1.0,ЦЕХ_2026,Friday,Выпечка,Активный
2026-08-08,Бабка корица и карамель,3.0,ЦЕХ_2026,Saturday,Выпечка,Активный
2026-08-09,Бабка корица и карамель,3.0,ЦЕХ_2026,Sunday,Выпечка,Активный
2026-08-10,Бабка корица и карамель,1.0,ЦЕХ_2026,Monday,Выпечка,Активный
2026-08-11,Бабка корица и карамель,1.0,ЦЕХ_2026,Tuesday,Выпечка,Активный
2026-08-12,Бабка корица и карамель,1.0,ЦЕХ_2026,Wednesday,Выпечка,Активный
2026-08-13,Бабка корица и карамель,1.0,ЦЕХ_2026,Thursday,Выпечка,Активный
2026-08-14,Бабка корица и карамель,1.0,ЦЕХ_2026,Friday,Выпечка,Активный
2026-08-15,Бабка корица и карамель,2.0,ЦЕХ_2026,Saturday,Выпечка,Активный
2026-08-16,Бабка корица и карамель,2.0,ЦЕХ_2026,Sunday,Выпечка,Активный
2026-08-17,Бабка корица и карамель,1.0,ЦЕХ_2026,Monday,Выпечка,Активный
2026-08-18,Бабка корица и карамель,1.0,ЦЕХ_2026,Tuesday,Выпечка,Активный
2026-08-19,Бабка корица и карамель,1.0,ЦЕХ_2026,Wednesday,Выпечка,Активный
2026-08-20,Бабка корица и карамель,1.0,ЦЕХ_2026,Thursday,Выпечка,Активный
2026-08-21,Бабка корица и карамель,1.0,ЦЕХ_2026,Friday,Выпечка,Активный
2026-08-22,Бабка корица и карамель,2.0,ЦЕХ_2026,Saturday,Выпечка,Активный
2026-08-23,Бабка корица и карамель,2.0,ЦЕХ_2026,Sunday,Выпечка,Активный
2026-08-24,Бабка корица и карамель,1.0,ЦЕХ_2026,Monday,Выпечка,Активный
2026-08-25,Бабка корица и карамель,1.0,ЦЕХ_2026,Tuesday,Выпечка,Активный
2026-08-26,Бабка корица и карамель,1.0,ЦЕХ_2026,Wednesday,Выпечка,Активный
2026-08-27,Бабка корица и карамель,1.0,ЦЕХ_2026,Thursday,Выпечка,Активный
2026-08-28,Бабка корица и карамель,1.0,ЦЕХ_2026,Friday,Выпечка,Активный
2026-08-29,Бабка корица и карамель,2.0,ЦЕХ_2026,Saturday,Выпечка,Активный
2026-08-30,Бабка корица и карамель,2.0,ЦЕХ_2026,Sunday,Выпечка,Активный
2026-08-31,Бабка корица и карамель,1.0,ЦЕХ_2026,Monday,Выпечка,Активный
2026-06-01,Багет,5.0,ЦЕХ_2026,Monday,Хлеб,Активный
2026-06-02,Багет,4.0,ЦЕХ_2026,Tuesday,Хлеб,Активный
2026-06-03,Багет,6.0,ЦЕХ_2026,Wednesday,Хлеб,Активный
2026-06-04,Багет,6.0,ЦЕХ_2026,Thursday,Хлеб,Активный
2026-06-05,Багет,10.0,ЦЕХ_2026,Friday,Хлеб,Активный
2026-06-06,Багет,20.0,ЦЕХ_2026,Saturday,Хлеб,Активный
2026-06-07,Багет,20.0,ЦЕХ_2026,Sunday,Хлеб,Активный
2026-06-08,Багет,5.0,ЦЕХ_2026,Monday,Хлеб,Активный
2026-06-09,Багет,5.0,ЦЕХ_2026,Tuesday,Хлеб,Активный
2026-06-10,Багет,5.0,ЦЕХ_2026,Wednesday,Хлеб,Активный
2026-06-11,Багет,5.0,ЦЕХ_2026,Thursday,Хлеб,Активный
2026-06-12,Багет,10.0,ЦЕХ_2026,Friday,Хлеб,Активный
2026-06-13,Багет,12.0,ЦЕХ_2026,Saturday,Хлеб,Активный
2026-06-14,Багет,12.0,ЦЕХ_2026,Sunday,Хлеб,Активный
2026-06-15,Багет,5.0,ЦЕХ_2026,Monday,Хлеб,Активный
2026-06-16,Багет,5.0,ЦЕХ_2026,Tuesday,Хлеб,Активный
2026-06-17,Багет,5.0,ЦЕХ_2026,Wednesday,Хлеб,Активный
2026-06-18,Багет,5.0,ЦЕХ_2026,Thursday,Хлеб,Активный
2026-06-19,Багет,10.0,ЦЕХ_2026,Friday,Хлеб,Активный
2026-06-20,Багет,12.0,ЦЕХ_2026,Saturday,Хлеб,Активный
2026-06-21,Багет,12.0,ЦЕХ_2026,Sunday,Хлеб,Активный
2026-06-22,Багет,5.0,ЦЕХ_2026,Monday,Хлеб,Активный
2026-06-23,Багет,5.0,ЦЕХ_2026,Tuesday,Хлеб,Активный
2026-06-24,Багет,5.0,ЦЕХ_2026,Wednesday,Хлеб,Активный
2026-06-25,Багет,5.0,ЦЕХ_2026,Thursday,Хлеб,Активный
2026-06-26,Багет,7.0,ЦЕХ_2026,Friday,Хлеб,Активный
2026-06-27,Багет,12.0,ЦЕХ_2026,Saturday,Хлеб,Активный
2026-06-28,Багет,12.0,ЦЕХ_2026,Sunday,Хлеб,Активный
2026-06-29,Багет,8.0,ЦЕХ_2026,Monday,Хлеб,Активный
2026-06-30,Багет,8.0,ЦЕХ_2026,Tuesday,Хлеб,Активный
2026-07-01,Багет,8.0,ЦЕХ_2026,Wednesday,Хлеб,Активный
2026-07-02,Багет,8.0,ЦЕХ_2026,Thursday,Хлеб,Активный
2026-07-03,Багет,10.0,ЦЕХ_2026,Friday,Хлеб,Активный
2026-07-04,Багет,15.0,ЦЕХ_2026,Saturday,Хлеб,Активный
2026-07-05,Багет,15.0,ЦЕХ_2026,Sunday,Хлеб,Активный
2026-07-06,Багет,6.0,ЦЕХ_2026,Monday,Хлеб,Активный
2026-07-07,Багет,6.0,ЦЕХ_2026,Tuesday,Хлеб,Активный
2026-07-08,Багет,6.0,ЦЕХ_2026,Wednesday,Хлеб,Активный
2026-07-09,Багет,6.0,ЦЕХ_2026,Thursday,Хлеб,Активный
2026-07-10,Багет,8.0,ЦЕХ_2026,Friday,Хлеб,Активный
2026-07-11,Багет,15.0,ЦЕХ_2026,Saturday,Хлеб,Активный
2026-07-12,Багет,15.0,ЦЕХ_2026,Sunday,Хлеб,Активный
2026-07-13,Багет,5.0,ЦЕХ_2026,Monday,Хлеб,Активный
2026-07-14,Багет,10.0,ЦЕХ_2026,Tuesday,Хлеб,Активный
2026-07-15,Багет,5.0,ЦЕХ_2026,Wednesday,Хлеб,Активный
2026-07-16,Багет,6.0,ЦЕХ_2026,Thursday,Хлеб,Активный
2026-07-17,Багет,8.0,ЦЕХ_2026,Friday,Хлеб,Активный
2026-07-18,Багет,15.0,ЦЕХ_2026,Saturday,Хлеб,Активный
2026-07-19,Багет,15.0,ЦЕХ_2026,Sunday,Хлеб,Активный
2026-07-20,Багет,4.0,ЦЕХ_2026,Monday,Хлеб,Активный
2026-07-21,Багет,4.0,ЦЕХ_2026,Tuesday,Хлеб,Активный
2026-07-22,Багет,4.0,ЦЕХ_2026,Wednesday,Хлеб,Активный
2026-07-23,Багет,4.0,ЦЕХ_2026,Thursday,Хлеб,Активный
2026-07-24,Багет,5.0,ЦЕХ_2026,Friday,Хлеб,Активный
2026-07-25,Багет,5.0,ЦЕХ_2026,Saturday,Хлеб,Активный
2026-07-26,Багет,5.0,ЦЕХ_2026,Sunday,Хлеб,Активный
2026-07-27,Багет,4.0,ЦЕХ_2026,Monday,Хлеб,Активный
2026-07-28,Багет,4.0,ЦЕХ_2026,Tuesday,Хлеб,Активный
2026-07-29,Багет,4.0,ЦЕХ_2026,Wednesday,Хлеб,Активный
2026-07-30,Багет,4.0,ЦЕХ_2026,Thursday,Хлеб,Активный
2026-07-31,Багет,5.0,ЦЕХ_2026,Friday,Хлеб,Активный
2026-08-01,Багет,5.0,ЦЕХ_2026,Saturday,Хлеб,Активный
2026-08-02,Багет,5.0,ЦЕХ_2026,Sunday,Хлеб,Активный
2026-08-03,Багет,4.0,ЦЕХ_2026,Monday,Хлеб,Активный
2026-08-04,Багет,4.0,ЦЕХ_2026,Tuesday,Хлеб,Активный
2026-08-05,Багет,4.0,ЦЕХ_2026,Wednesday,Хлеб,Активный
2026-08-06,Багет,4.0,ЦЕХ_2026,Thursday,Хлеб,Активный
2026-08-07,Багет,5.0,ЦЕХ_2026,Friday,Хлеб,Активный
2026-08-08,Багет,5.0,ЦЕХ_2026,Saturday,Хлеб,Активный
2026-08-09,Багет,5.0,ЦЕХ_2026,Sunday,Хлеб,Активный
2026-08-10,Багет,4.0,ЦЕХ_2026,Monday,Хлеб,Активный
2026-08-11,Багет,4.0,ЦЕХ_2026,Tuesday,Хлеб,Активный
2026-08-12,Багет,4.0,ЦЕХ_2026,Wednesday,Хлеб,Активный
2026-08-13,Багет,4.0,ЦЕХ_2026,Thursday,Хлеб,Активный
2026-08-14,Багет,5.0,ЦЕХ_2026,Friday,Хлеб,Активный
2026-08-15,Багет,5.0,ЦЕХ_2026,Saturday,Хлеб,Активный
2026-08-16,Багет,5.0,ЦЕХ_2026,Sunday,Хлеб,Активный
2026-08-17,Багет,4.0,ЦЕХ_2026,Monday,Хлеб,Активный
2026-08-18,Багет,4.0,ЦЕХ_2026,Tuesday,Хлеб,Активный
2026-08-19,Багет,4.0,ЦЕХ_2026,Wednesday,Хлеб,Активный
2026-08-20,Багет,4.0,ЦЕХ_2026,Thursday,Хлеб,Активный
2026-08-21,Багет,5.0,ЦЕХ_2026,Friday,Хлеб,Активный
2026-08-22,Багет,5.0,ЦЕХ_2026,Saturday,Хлеб,Активный
2026-08-23,Багет,5.0,ЦЕХ_2026,Sunday,Хлеб,Активный
2026-08-24,Багет,4.0,ЦЕХ_2026,Monday,Хлеб,Активный
2026-08-25,Багет,4.0,ЦЕХ_2026,Tuesday,Хлеб,Активный
2026-08-26,Багет,4.0,ЦЕХ_2026,Wednesday,Хлеб,Активный
2026-08-27,Багет,4.0,ЦЕХ_2026,Thursday,Хлеб,Активный
2026-08-28,Багет,5.0,ЦЕХ_2026,Friday,Хлеб,Активный
2026-08-29,Багет,5.0,ЦЕХ_2026,Saturday,Хлеб,Активный
2026-08-30,Багет,5.0,ЦЕХ_2026,Sunday,Хлеб,Активный
2026-08-31,Багет,4.0,ЦЕХ_2026,Monday,Хлеб,Активный
2026-06-01,Бейгл 100,20.0,ЦЕХ_2026,Monday,Булки,Активный
2026-06-02,Бейгл 100,20.0,ЦЕХ_2026,Tuesday,Булки,Активный
2026-06-03,Бейгл 100,20.0,ЦЕХ_2026,Wednesday,Булки,Активный
2026-06-04,Бейгл 100,20.0,ЦЕХ_2026,Thursday,Булки,Активный
2026-06-05,Бейгл 100,40.0,ЦЕХ_2026,Friday,Булки,Активный
2026-06-06,Бейгл 100,70.0,ЦЕХ_2026,Saturday,Булки,Активный
2026-06-07,Бейгл 100,70.0,ЦЕХ_2026,Sunday,Булки,Активный
2026-06-08,Бейгл 100,25.0,ЦЕХ_2026,Monday,Булки,Активный
2026-06-09,Бейгл 100,25.0,ЦЕХ_2026,Tuesday,Булки,Активный
2026-06-10,Бейгл 100,25.0,ЦЕХ_2026,Wednesday,Булки,Активный
2026-06-11,Бейгл 100,25.0,ЦЕХ_2026,Thursday,Булки,Активный
2026-06-12,Бейгл 100,30.0,ЦЕХ_2026,Friday,Булки,Активный
2026-06-13,Бейгл 100,40.0,ЦЕХ_2026,Saturday,Булки,Активный
2026-06-14,Бейгл 100,40.0,ЦЕХ_2026,Sunday,Булки,Активный
2026-06-15,Бейгл 100,20.0,ЦЕХ_2026,Monday,Булки,Активный
2026-06-16,Бейгл 100,20.0,ЦЕХ_2026,Tuesday,Булки,Активный
2026-06-17,Бейгл 100,20.0,ЦЕХ_2026,Wednesday,Булки,Активный
2026-06-18,Бейгл 100,23.0,ЦЕХ_2026,Thursday,Булки,Активный
2026-06-19,Бейгл 100,23.0,ЦЕХ_2026,Friday,Булки,Активный
2026-06-20,Бейгл 100,35.0,ЦЕХ_2026,Saturday,Булки,Активный
2026-06-21,Бейгл 100,35.0,ЦЕХ_2026,Sunday,Булки,Активный
2026-06-22,Бейгл 100,20.0,ЦЕХ_2026,Monday,Булки,Активный
2026-06-23,Бейгл 100,20.0,ЦЕХ_2026,Tuesday,Булки,Активный
2026-06-24,Бейгл 100,30.0,ЦЕХ_2026,Wednesday,Булки,Активный
2026-06-25,Бейгл 100,20.0,ЦЕХ_2026,Thursday,Булки,Активный
2026-06-26,Бейгл 100,23.0,ЦЕХ_2026,Friday,Булки,Активный
2026-06-27,Бейгл 100,50.0,ЦЕХ_2026,Saturday,Булки,Активный
2026-06-28,Бейгл 100,50.0,ЦЕХ_2026,Sunday,Булки,Активный
2026-06-29,Бейгл 100,25.0,ЦЕХ_2026,Monday,Булки,Активный
2026-06-30,Бейгл 100,17.0,ЦЕХ_2026,Tuesday,Булки,Активный
2026-07-01,Бейгл 100,25.0,ЦЕХ_2026,Wednesday,Булки,Активный
2026-07-02,Бейгл 100,25.0,ЦЕХ_2026,Thursday,Булки,Активный
2026-07-03,Бейгл 100,30.0,ЦЕХ_2026,Friday,Булки,Активный
2026-07-04,Бейгл 100,45.0,ЦЕХ_2026,Saturday,Булки,Активный
2026-07-05,Бейгл 100,45.0,ЦЕХ_2026,Sunday,Булки,Активный
2026-07-06,Бейгл 100,20.0,ЦЕХ_2026,Monday,Булки,Активный
2026-07-07,Бейгл 100,20.0,ЦЕХ_2026,Tuesday,Булки,Активный
2026-07-08,Бейгл 100,20.0,ЦЕХ_2026,Wednesday,Булки,Активный
2026-07-09,Бейгл 100,20.0,ЦЕХ_2026,Thursday,Булки,Активный
2026-07-10,Бейгл 100,25.0,ЦЕХ_2026,Friday,Булки,Активный
2026-07-11,Бейгл 100,45.0,ЦЕХ_2026,Saturday,Булки,Активный
2026-07-12,Бейгл 100,45.0,ЦЕХ_2026,Sunday,Булки,Активный
2026-07-13,Бейгл 100,17.0,ЦЕХ_2026,Monday,Булки,Активный
2026-07-14,Бейгл 100,30.0,ЦЕХ_2026,Tuesday,Булки,Активный
2026-07-15,Бейгл 100,17.0,ЦЕХ_2026,Wednesday,Булки,Активный
2026-07-16,Бейгл 100,20.0,ЦЕХ_2026,Thursday,Булки,Активный
2026-07-17,Бейгл 100,25.0,ЦЕХ_2026,Friday,Булки,Активный
2026-07-18,Бейгл 100,45.0,ЦЕХ_2026,Saturday,Булки,Активный
2026-07-19,Бейгл 100,45.0,ЦЕХ_2026,Sunday,Булки,Активный
2026-07-20,Бейгл 100,17.0,ЦЕХ_2026,Monday,Булки,Активный
2026-07-21,Бейгл 100,17.0,ЦЕХ_2026,Tuesday,Булки,Активный
2026-07-22,Бейгл 100,17.0,ЦЕХ_2026,Wednesday,Булки,Активный
2026-07-23,Бейгл 100,20.0,ЦЕХ_2026,Thursday,Булки,Активный
2026-07-24,Бейгл 100,20.0,ЦЕХ_2026,Friday,Булки,Активный
2026-07-25,Бейгл 100,40.0,ЦЕХ_2026,Saturday,Булки,Активный
2026-07-26,Бейгл 100,40.0,ЦЕХ_2026,Sunday,Булки,Активный
2026-07-27,Бейгл 100,17.0,ЦЕХ_2026,Monday,Булки,Активный
2026-07-28,Бейгл 100,17.0,ЦЕХ_2026,Tuesday,Булки,Активный
2026-07-29,Бейгл 100,17.0,ЦЕХ_2026,Wednesday,Булки,Активный
2026-07-30,Бейгл 100,20.0,ЦЕХ_2026,Thursday,Булки,Активный
2026-07-31,Бейгл 100,20.0,ЦЕХ_2026,Friday,Булки,Активный
2026-08-01,Бейгл 100,40.0,ЦЕХ_2026,Saturday,Булки,Активный
2026-08-02,Бейгл 100,40.0,ЦЕХ_2026,Sunday,Булки,Активный
2026-08-03,Бейгл 100,17.0,ЦЕХ_2026,Monday,Булки,Активный
2026-08-04,Бейгл 100,17.0,ЦЕХ_2026,Tuesday,Булки,Активный
2026-08-05,Бейгл 100,17.0,ЦЕХ_2026,Wednesday,Булки,Активный
2026-08-06,Бейгл 100,17.0,ЦЕХ_2026,Thursday,Булки,Активный
2026-08-07,Бейгл 100,17.0,ЦЕХ_2026,Friday,Булки,Активный
2026-08-08,Бейгл 100,40.0,ЦЕХ_2026,Saturday,Булки,Активный
2026-08-09,Бейгл 100,40.0,ЦЕХ_2026,Sunday,Булки,Активный
2026-08-10,Бейгл 100,17.0,ЦЕХ_2026,Monday,Булки,Активный
2026-08-11,Бейгл 100,17.0,ЦЕХ_2026,Tuesday,Булки,Активный
2026-08-12,Бейгл 100,17.0,ЦЕХ_2026,Wednesday,Булки,Активный
2026-08-13,Бейгл 100,17.0,ЦЕХ_2026,Thursday,Булки,Активный
2026-08-14,Бейгл 100,17.0,ЦЕХ_2026,Friday,Булки,Активный
2026-08-15,Бейгл 100,35.0,ЦЕХ_2026,Saturday,Булки,Активный
2026-08-16,Бейгл 100,35.0,ЦЕХ_2026,Sunday,Булки,Активный
2026-08-17,Бейгл 100,17.0,ЦЕХ_2026,Monday,Булки,Активный
2026-08-18,Бейгл 100,17.0,ЦЕХ_2026,Tuesday,Булки,Активный
2026-08-19,Бейгл 100,17.0,ЦЕХ_2026,Wednesday,Булки,Активный
2026-08-20,Бейгл 100,17.0,ЦЕХ_2026,Thursday,Булки,Активный
2026-08-21,Бейгл 100,17.0,ЦЕХ_2026,Friday,Булки,Активный
2026-08-22,Бейгл 100,35.0,ЦЕХ_2026,Saturday,Булки,Активный
2026-08-23,Бейгл 100,35.0,ЦЕХ_2026,Sunday,Булки,Активный
2026-08-24,Бейгл 100,17.0,ЦЕХ_2026,Monday,Булки,Активный
2026-08-25,Бейгл 100,17.0,ЦЕХ_2026,Tuesday,Булки,Активный
2026-08-26,Бейгл 100,17.0,ЦЕХ_2026,Wednesday,Булки,Активный
2026-08-27,Бейгл 100,17.0,ЦЕХ_2026,Thursday,Булки,Активный
2026-08-28,Бейгл 100,17.0,ЦЕХ_2026,Friday,Булки,Активный
2026-08-29,Бейгл 100,40.0,ЦЕХ_2026,Saturday,Булки,Активный
2026-08-30,Бейгл 100,40.0,ЦЕХ_2026,Sunday,Булки,Активный
2026-08-31,Бейгл 100,15.0,ЦЕХ_2026,Monday,Булки,Активный
2026-06-01,Булка с маком,15.0,ЦЕХ_2026,Monday,Булки,Активный
2026-06-02,Булка с маком,15.0,ЦЕХ_2026,Tuesday,Булки,Активный
2026-06-03,Булка с маком,15.0,ЦЕХ_2026,Wednesday,Булки,Активный
2026-06-04,Булка с маком,20.0,ЦЕХ_2026,Thursday,Булки,Активный
2026-06-05,Булка с маком,25.0,ЦЕХ_2026,Friday,Булки,Активный
2026-06-06,Булка с маком,50.0,ЦЕХ_2026,Saturday,Булки,Активный
2026-06-07,Булка с маком,50.0,ЦЕХ_2026,Sunday,Булки,Активный
2026-06-09,Булка с маком,15.0,ЦЕХ_2026,Tuesday,Булки,Активный
2026-06-10,Булка с маком,15.0,ЦЕХ_2026,Wednesday,Булки,Активный
2026-06-11,Булка с маком,20.0,ЦЕХ_2026,Thursday,Булки,Активный
2026-06-12,Булка с маком,25.0,ЦЕХ_2026,Friday,Булки,Активный
2026-06-13,Булка с маком,30.0,ЦЕХ_2026,Saturday,Булки,Активный
2026-06-14,Булка с маком,30.0,ЦЕХ_2026,Sunday,Булки,Активный
2026-06-15,Булка с маком,15.0,ЦЕХ_2026,Monday,Булки,Активный
2026-06-16,Булка с маком,15.0,ЦЕХ_2026,Tuesday,Булки,Активный
2026-06-17,Булка с маком,15.0,ЦЕХ_2026,Wednesday,Булки,Активный
2026-06-18,Булка с маком,17.0,ЦЕХ_2026,Thursday,Булки,Активный
2026-06-19,Булка с маком,17.0,ЦЕХ_2026,Friday,Булки,Активный
2026-06-20,Булка с маком,30.0,ЦЕХ_2026,Saturday,Булки,Активный
2026-06-21,Булка с маком,30.0,ЦЕХ_2026,Sunday,Булки,Активный
2026-06-22,Булка с маком,15.0,ЦЕХ_2026,Monday,Булки,Активный
2026-06-23,Булка с маком,15.0,ЦЕХ_2026,Tuesday,Булки,Активный
2026-06-24,Булка с маком,15.0,ЦЕХ_2026,Wednesday,Булки,Активный
2026-06-25,Булка с маком,15.0,ЦЕХ_2026,Thursday,Булки,Активный
2026-06-26,Булка с маком,17.0,ЦЕХ_2026,Friday,Булки,Активный
2026-06-27,Булка с маком,40.0,ЦЕХ_2026,Saturday,Булки,Активный
2026-06-28,Булка с маком,40.0,ЦЕХ_2026,Sunday,Булки,Активный
2026-06-29,Булка с маком,17.0,ЦЕХ_2026,Monday,Булки,Активный
2026-06-30,Булка с маком,15.0,ЦЕХ_2026,Tuesday,Булки,Активный
2026-07-01,Булка с маком,17.0,ЦЕХ_2026,Wednesday,Булки,Активный
2026-07-02,Булка с маком,17.0,ЦЕХ_2026,Thursday,Булки,Активный
2026-07-03,Булка с маком,20.0,ЦЕХ_2026,Friday,Булки,Активный
2026-07-04,Булка с маком,40.0,ЦЕХ_2026,Saturday,Булки,Активный
2026-07-05,Булка с маком,40.0,ЦЕХ_2026,Sunday,Булки,Активный
2026-07-06,Булка с маком,15.0,ЦЕХ_2026,Monday,Булки,Активный
2026-07-07,Булка с маком,15.0,ЦЕХ_2026,Tuesday,Булки,Активный
2026-07-08,Булка с маком,15.0,ЦЕХ_2026,Wednesday,Булки,Активный
2026-07-09,Булка с маком,17.0,ЦЕХ_2026,Thursday,Булки,Активный
2026-07-10,Булка с маком,17.0,ЦЕХ_2026,Friday,Булки,Активный
2026-07-11,Булка с маком,40.0,ЦЕХ_2026,Saturday,Булки,Активный
2026-07-12,Булка с маком,40.0,ЦЕХ_2026,Sunday,Булки,Активный
2026-07-13,Булка с маком,15.0,ЦЕХ_2026,Monday,Булки,Активный
2026-07-14,Булка с маком,25.0,ЦЕХ_2026,Tuesday,Булки,Активный
2026-07-15,Булка с маком,15.0,ЦЕХ_2026,Wednesday,Булки,Активный
2026-07-16,Булка с маком,17.0,ЦЕХ_2026,Thursday,Булки,Активный
2026-07-17,Булка с маком,17.0,ЦЕХ_2026,Friday,Булки,Активный
2026-07-18,Булка с маком,25.0,ЦЕХ_2026,Saturday,Булки,Активный
2026-07-19,Булка с маком,25.0,ЦЕХ_2026,Sunday,Булки,Активный
2026-07-20,Булка с маком,15.0,ЦЕХ_2026,Monday,Булки,Активный
2026-07-21,Булка с маком,15.0,ЦЕХ_2026,Tuesday,Булки,Активный
2026-07-22,Булка с маком,15.0,ЦЕХ_2026,Wednesday,Булки,Активный
2026-07-23,Булка с маком,17.0,ЦЕХ_2026,Thursday,Булки,Активный
2026-07-24,Булка с маком,17.0,ЦЕХ_2026,Friday,Булки,Активный
2026-07-25,Булка с маком,25.0,ЦЕХ_2026,Saturday,Булки,Активный
2026-07-26,Булка с маком,25.0,ЦЕХ_2026,Sunday,Булки,Активный
2026-07-27,Булка с маком,12.0,ЦЕХ_2026,Monday,Булки,Активный
2026-07-28,Булка с маком,12.0,ЦЕХ_2026,Tuesday,Булки,Активный
2026-07-29,Булка с маком,12.0,ЦЕХ_2026,Wednesday,Булки,Активный
2026-07-30,Булка с маком,15.0,ЦЕХ_2026,Thursday,Булки,Активный
2026-07-31,Булка с маком,15.0,ЦЕХ_2026,Friday,Булки,Активный
2026-08-01,Булка с маком,25.0,ЦЕХ_2026,Saturday,Булки,Активный
2026-08-02,Булка с маком,25.0,ЦЕХ_2026,Sunday,Булки,Активный
2026-08-03,Булка с маком,15.0,ЦЕХ_2026,Monday,Булки,Активный
2026-08-04,Булка с маком,15.0,ЦЕХ_2026,Tuesday,Булки,Активный
2026-08-05,Булка с маком,15.0,ЦЕХ_2026,Wednesday,Булки,Активный
2026-08-06,Булка с маком,15.0,ЦЕХ_2026,Thursday,Булки,Активный
2026-08-07,Булка с маком,15.0,ЦЕХ_2026,Friday,Булки,Активный
2026-08-08,Булка с маком,30.0,ЦЕХ_2026,Saturday,Булки,Активный
2026-08-09,Булка с маком,30.0,ЦЕХ_2026,Sunday,Булки,Активный
2026-08-10,Булка с маком,15.0,ЦЕХ_2026,Monday,Булки,Активный
2026-08-11,Булка с маком,15.0,ЦЕХ_2026,Tuesday,Булки,Активный
2026-08-12,Булка с маком,15.0,ЦЕХ_2026,Wednesday,Булки,Активный
2026-08-13,Булка с маком,15.0,ЦЕХ_2026,Thursday,Булки,Активный
2026-08-14,Булка с маком,15.0,ЦЕХ_2026,Friday,Булки,Активный
2026-08-15,Булка с маком,30.0,ЦЕХ_2026,Saturday,Булки,Активный
2026-08-16,Булка с маком,30.0,ЦЕХ_2026,Sunday,Булки,Активный
2026-08-17,Булка с маком,15.0,ЦЕХ_2026,Monday,Булки,Активный
2026-08-18,Булка с маком,15.0,ЦЕХ_2026,Tuesday,Булки,Активный
2026-08-19,Булка с маком,15.0,ЦЕХ_2026,Wednesday,Булки,Активный
2026-08-20,Булка с маком,15.0,ЦЕХ_2026,Thursday,Булки,Активный
2026-08-21,Булка с маком,15.0,ЦЕХ_2026,Friday,Булки,Активный
2026-08-22,Булка с маком,30.0,ЦЕХ_2026,Saturday,Булки,Активный
2026-08-23,Булка с маком,30.0,ЦЕХ_2026,Sunday,Булки,Активный
2026-08-24,Булка с маком,13.0,ЦЕХ_2026,Monday,Булки,Активный
2026-08-25,Булка с маком,13.0,ЦЕХ_2026,Tuesday,Булки,Активный
2026-08-26,Булка с маком,13.0,ЦЕХ_2026,Wednesday,Булки,Активный
2026-08-27,Булка с маком,13.0,ЦЕХ_2026,Thursday,Булки,Активный
2026-08-28,Булка с маком,15.0,ЦЕХ_2026,Friday,Булки,Активный
2026-08-29,Булка с маком,30.0,ЦЕХ_2026,Saturday,Булки,Активный
2026-08-30,Булка с маком,30.0,ЦЕХ_2026,Sunday,Булки,Активный
2026-08-31,Булка с маком,13.0,ЦЕХ_2026,Monday,Булки,Активный
2026-06-01,Булка с тхиной,15.0,ЦЕХ_2026,Monday,Булки,Активный
2026-06-02,Булка с тхиной,15.0,ЦЕХ_2026,Tuesday,Булки,Активный
2026-06-03,Булка с тхиной,15.0,ЦЕХ_2026,Wednesday,Булки,Активный
2026-06-04,Булка с тхиной,15.0,ЦЕХ_2026,Thursday,Булки,Активный
2026-06-05,Булка с тхиной,25.0,ЦЕХ_2026,Friday,Булки,Активный
2026-06-06,Булка с тхиной,40.0,ЦЕХ_2026,Saturday,Булки,Активный
2026-06-07,Булка с тхиной,40.0,ЦЕХ_2026,Sunday,Булки,Активный
2026-06-08,Булка с тхиной,15.0,ЦЕХ_2026,Monday,Булки,Активный
2026-06-09,Булка с тхиной,10.0,ЦЕХ_2026,Tuesday,Булки,Активный
2026-06-10,Булка с тхиной,10.0,ЦЕХ_2026,Wednesday,Булки,Активный
2026-06-11,Булка с тхиной,10.0,ЦЕХ_2026,Thursday,Булки,Активный
2026-06-12,Булка с тхиной,15.0,ЦЕХ_2026,Friday,Булки,Активный
2026-06-13,Булка с тхиной,32.0,ЦЕХ_2026,Saturday,Булки,Активный
2026-06-14,Булка с тхиной,30.0,ЦЕХ_2026,Sunday,Булки,Активный
2026-06-15,Булка с тхиной,10.0,ЦЕХ_2026,Monday,Булки,Активный
2026-06-16,Булка с тхиной,10.0,ЦЕХ_2026,Tuesday,Булки,Активный
2026-06-17,Булка с тхиной,10.0,ЦЕХ_2026,Wednesday,Булки,Активный
2026-06-18,Булка с тхиной,10.0,ЦЕХ_2026,Thursday,Булки,Активный
2026-06-19,Булка с тхиной,12.0,ЦЕХ_2026,Friday,Булки,Активный
2026-06-20,Булка с тхиной,30.0,ЦЕХ_2026,Saturday,Булки,Активный
2026-06-21,Булка с тхиной,30.0,ЦЕХ_2026,Sunday,Булки,Активный
2026-06-22,Булка с тхиной,12.0,ЦЕХ_2026,Monday,Булки,Активный
2026-06-23,Булка с тхиной,12.0,ЦЕХ_2026,Tuesday,Булки,Активный
2026-06-24,Булка с тхиной,12.0,ЦЕХ_2026,Wednesday,Булки,Активный
2026-06-25,Булка с тхиной,12.0,ЦЕХ_2026,Thursday,Булки,Активный
2026-06-26,Булка с тхиной,15.0,ЦЕХ_2026,Friday,Булки,Активный
2026-06-27,Булка с тхиной,35.0,ЦЕХ_2026,Saturday,Булки,Активный
2026-06-28,Булка с тхиной,35.0,ЦЕХ_2026,Sunday,Булки,Активный
2026-06-29,Булка с тхиной,12.0,ЦЕХ_2026,Monday,Булки,Активный
2026-06-30,Булка с тхиной,10.0,ЦЕХ_2026,Tuesday,Булки,Активный
2026-07-01,Булка с тхиной,12.0,ЦЕХ_2026,Wednesday,Булки,Активный
2026-07-02,Булка с тхиной,12.0,ЦЕХ_2026,Thursday,Булки,Активный
2026-07-03,Булка с тхиной,15.0,ЦЕХ_2026,Friday,Булки,Активный
2026-07-04,Булка с тхиной,35.0,ЦЕХ_2026,Saturday,Булки,Активный
2026-07-05,Булка с тхиной,35.0,ЦЕХ_2026,Sunday,Булки,Активный
2026-07-06,Булка с тхиной,12.0,ЦЕХ_2026,Monday,Булки,Активный
2026-07-07,Булка с тхиной,12.0,ЦЕХ_2026,Tuesday,Булки,Активный
2026-07-08,Булка с тхиной,12.0,ЦЕХ_2026,Wednesday,Булки,Активный
2026-07-09,Булка с тхиной,12.0,ЦЕХ_2026,Thursday,Булки,Активный
2026-07-10,Булка с тхиной,15.0,ЦЕХ_2026,Friday,Булки,Активный
2026-07-11,Булка с тхиной,35.0,ЦЕХ_2026,Saturday,Булки,Активный
2026-07-12,Булка с тхиной,35.0,ЦЕХ_2026,Sunday,Булки,Активный
2026-07-13,Булка с тхиной,12.0,ЦЕХ_2026,Monday,Булки,Активный
2026-07-14,Булка с тхиной,25.0,ЦЕХ_2026,Tuesday,Булки,Активный
2026-07-15,Булка с тхиной,12.0,ЦЕХ_2026,Wednesday,Булки,Активный
2026-07-16,Булка с тхиной,15.0,ЦЕХ_2026,Thursday,Булки,Активный
2026-07-17,Булка с тхиной,15.0,ЦЕХ_2026,Friday,Булки,Активный
2026-07-18,Булка с тхиной,35.0,ЦЕХ_2026,Saturday,Булки,Активный
2026-07-19,Булка с тхиной,35.0,ЦЕХ_2026,Sunday,Булки,Активный
2026-07-20,Булка с тхиной,12.0,ЦЕХ_2026,Monday,Булки,Активный
2026-07-21,Булка с тхиной,12.0,ЦЕХ_2026,Tuesday,Булки,Активный
2026-07-22,Булка с тхиной,12.0,ЦЕХ_2026,Wednesday,Булки,Активный
2026-07-23,Булка с тхиной,12.0,ЦЕХ_2026,Thursday,Булки,Активный
2026-07-24,Булка с тхиной,15.0,ЦЕХ_2026,Friday,Булки,Активный
2026-07-25,Булка с тхиной,35.0,ЦЕХ_2026,Saturday,Булки,Активный
2026-07-26,Булка с тхиной,35.0,ЦЕХ_2026,Sunday,Булки,Активный
2026-07-27,Булка с тхиной,10.0,ЦЕХ_2026,Monday,Булки,Активный
2026-07-28,Булка с тхиной,10.0,ЦЕХ_2026,Tuesday,Булки,Активный
2026-07-29,Булка с тхиной,10.0,ЦЕХ_2026,Wednesday,Булки,Активный
2026-07-30,Булка с тхиной,12.0,ЦЕХ_2026,Thursday,Булки,Активный
2026-07-31,Булка с тхиной,12.0,ЦЕХ_2026,Friday,Булки,Активный
2026-06-01,Морнинг бан жасмин,12.0,ЦЕХ_2026,Monday,Выпечка,Активный
2026-06-02,Морнинг бан жасмин,8.0,ЦЕХ_2026,Tuesday,Выпечка,Активный
2026-06-03,Морнинг бан жасмин,15.0,ЦЕХ_2026,Wednesday,Выпечка,Активный
2026-06-04,Морнинг бан жасмин,15.0,ЦЕХ_2026,Thursday,Выпечка,Активный
2026-06-05,Морнинг бан жасмин,30.0,ЦЕХ_2026,Friday,Выпечка,Активный
2026-06-06,Морнинг бан жасмин,50.0,ЦЕХ_2026,Saturday,Выпечка,Активный
2026-06-07,Морнинг бан жасмин,50.0,ЦЕХ_2026,Sunday,Выпечка,Активный
2026-06-08,Морнинг бан жасмин,15.0,ЦЕХ_2026,Monday,Выпечка,Активный
2026-06-09,Морнинг бан жасмин,15.0,ЦЕХ_2026,Tuesday,Выпечка,Активный
2026-06-10,Морнинг бан жасмин,15.0,ЦЕХ_2026,Wednesday,Выпечка,Активный
2026-06-11,Морнинг бан жасмин,15.0,ЦЕХ_2026,Thursday,Выпечка,Активный
2026-06-12,Морнинг бан жасмин,20.0,ЦЕХ_2026,Friday,Выпечка,Активный
2026-06-13,Морнинг бан жасмин,35.0,ЦЕХ_2026,Saturday,Выпечка,Активный
2026-06-14,Морнинг бан жасмин,35.0,ЦЕХ_2026,Sunday,Выпечка,Активный
2026-06-15,Морнинг бан жасмин,10.0,ЦЕХ_2026,Monday,Выпечка,Активный
2026-06-16,Морнинг бан жасмин,10.0,ЦЕХ_2026,Tuesday,Выпечка,Активный
2026-06-17,Морнинг бан жасмин,10.0,ЦЕХ_2026,Wednesday,Выпечка,Активный
2026-06-18,Морнинг бан жасмин,10.0,ЦЕХ_2026,Thursday,Выпечка,Активный
2026-06-19,Морнинг бан жасмин,15.0,ЦЕХ_2026,Friday,Выпечка,Активный
2026-06-20,Морнинг бан жасмин,35.0,ЦЕХ_2026,Saturday,Выпечка,Активный
2026-06-21,Морнинг бан жасмин,35.0,ЦЕХ_2026,Sunday,Выпечка,Активный
2026-06-22,Морнинг бан жасмин,12.0,ЦЕХ_2026,Monday,Выпечка,Активный
2026-06-23,Морнинг бан жасмин,12.0,ЦЕХ_2026,Tuesday,Выпечка,Активный
2026-06-24,Морнинг бан жасмин,12.0,ЦЕХ_2026,Wednesday,Выпечка,Активный
2026-06-25,Морнинг бан жасмин,12.0,ЦЕХ_2026,Thursday,Выпечка,Активный
2026-06-26,Морнинг бан жасмин,15.0,ЦЕХ_2026,Friday,Выпечка,Активный
2026-06-27,Морнинг бан жасмин,40.0,ЦЕХ_2026,Saturday,Выпечка,Активный
2026-06-28,Морнинг бан жасмин,40.0,ЦЕХ_2026,Sunday,Выпечка,Активный
2026-06-29,Морнинг бан жасмин,12.0,ЦЕХ_2026,Monday,Выпечка,Активный
2026-06-30,Морнинг бан жасмин,12.0,ЦЕХ_2026,Tuesday,Выпечка,Активный
2026-07-01,Морнинг бан жасмин,12.0,ЦЕХ_2026,Wednesday,Выпечка,Активный
2026-07-02,Морнинг бан жасмин,12.0,ЦЕХ_2026,Thursday,Выпечка,Активный
2026-07-03,Морнинг бан жасмин,15.0,ЦЕХ_2026,Friday,Выпечка,Активный
2026-07-04,Морнинг бан жасмин,30.0,ЦЕХ_2026,Saturday,Выпечка,Активный
2026-07-05,Морнинг бан жасмин,30.0,ЦЕХ_2026,Sunday,Выпечка,Активный
2026-07-06,Морнинг бан жасмин,12.0,ЦЕХ_2026,Monday,Выпечка,Активный
2026-07-07,Морнинг бан жасмин,12.0,ЦЕХ_2026,Tuesday,Выпечка,Активный
2026-07-08,Морнинг бан жасмин,12.0,ЦЕХ_2026,Wednesday,Выпечка,Активный
2026-07-09,Морнинг бан жасмин,12.0,ЦЕХ_2026,Thursday,Выпечка,Активный
2026-07-10,Морнинг бан жасмин,15.0,ЦЕХ_2026,Friday,Выпечка,Активный
2026-07-11,Морнинг бан жасмин,30.0,ЦЕХ_2026,Saturday,Выпечка,Активный
2026-07-12,Морнинг бан жасмин,30.0,ЦЕХ_2026,Sunday,Выпечка,Активный
2026-07-13,Морнинг бан жасмин,10.0,ЦЕХ_2026,Monday,Выпечка,Активный
2026-07-14,Морнинг бан жасмин,20.0,ЦЕХ_2026,Tuesday,Выпечка,Активный
2026-07-15,Морнинг бан жасмин,10.0,ЦЕХ_2026,Wednesday,Выпечка,Активный
2026-07-16,Морнинг бан жасмин,15.0,ЦЕХ_2026,Thursday,Выпечка,Активный
2026-07-17,Морнинг бан жасмин,15.0,ЦЕХ_2026,Friday,Выпечка,Активный
2026-07-18,Морнинг бан жасмин,30.0,ЦЕХ_2026,Saturday,Выпечка,Активный
2026-07-19,Морнинг бан жасмин,30.0,ЦЕХ_2026,Sunday,Выпечка,Активный
2026-07-20,Морнинг бан жасмин,8.0,ЦЕХ_2026,Monday,Выпечка,Активный
2026-07-21,Морнинг бан жасмин,8.0,ЦЕХ_2026,Tuesday,Выпечка,Активный
2026-07-22,Морнинг бан жасмин,8.0,ЦЕХ_2026,Wednesday,Выпечка,Активный
2026-07-23,Морнинг бан жасмин,10.0,ЦЕХ_2026,Thursday,Выпечка,Активный
2026-07-24,Морнинг бан жасмин,10.0,ЦЕХ_2026,Friday,Выпечка,Активный
2026-07-25,Морнинг бан жасмин,30.0,ЦЕХ_2026,Saturday,Выпечка,Активный
2026-07-26,Морнинг бан жасмин,30.0,ЦЕХ_2026,Sunday,Выпечка,Активный
2026-07-27,Морнинг бан жасмин,8.0,ЦЕХ_2026,Monday,Выпечка,Активный
2026-07-28,Морнинг бан жасмин,8.0,ЦЕХ_2026,Tuesday,Выпечка,Активный
2026-07-29,Морнинг бан жасмин,8.0,ЦЕХ_2026,Wednesday,Выпечка,Активный
2026-07-30,Морнинг бан жасмин,10.0,ЦЕХ_2026,Thursday,Выпечка,Активный
2026-07-31,Морнинг бан жасмин,10.0,ЦЕХ_2026,Friday,Выпечка,Активный
2026-08-01,Морнинг бан жасмин,30.0,ЦЕХ_2026,Saturday,Выпечка,Активный
2026-08-02,Морнинг бан жасмин,30.0,ЦЕХ_2026,Sunday,Выпечка,Активный
2026-08-03,Морнинг бан жасмин,10.0,ЦЕХ_2026,Monday,Выпечка,Активный
2026-08-04,Морнинг бан жасмин,10.0,ЦЕХ_2026,Tuesday,Выпечка,Активный
2026-08-05,Морнинг бан жасмин,10.0,ЦЕХ_2026,Wednesday,Выпечка,Активный
2026-08-06,Морнинг бан жасмин,10.0,ЦЕХ_2026,Thursday,Выпечка,Активный
2026-08-07,Морнинг бан жасмин,10.0,ЦЕХ_2026,Friday,Выпечка,Активный
2026-08-08,Морнинг бан жасмин,30.0,ЦЕХ_2026,Saturday,Выпечка,Активный
2026-08-09,Морнинг бан жасмин,30.0,ЦЕХ_2026,Sunday,Выпечка,Активный
2026-08-10,Морнинг бан жасмин,10.0,ЦЕХ_2026,Monday,Выпечка,Активный
2026-08-11,Морнинг бан жасмин,10.0,ЦЕХ_2026,Tuesday,Выпечка,Активный
2026-08-12,Морнинг бан жасмин,10.0,ЦЕХ_2026,Wednesday,Выпечка,Активный
2026-08-13,Морнинг бан жасмин,10.0,ЦЕХ_2026,Thursday,Выпечка,Активный
2026-08-14,Морнинг бан жасмин,10.0,ЦЕХ_2026,Friday,Выпечка,Активный
2026-08-15,Морнинг бан жасмин,30.0,ЦЕХ_2026,Saturday,Выпечка,Активный
2026-08-16,Морнинг бан жасмин,30.0,ЦЕХ_2026,Sunday,Выпечка,Активный
2026-08-17,Морнинг бан жасмин,10.0,ЦЕХ_2026,Monday,Выпечка,Активный
2026-08-18,Морнинг бан жасмин,10.0,ЦЕХ_2026,Tuesday,Выпечка,Активный
2026-08-19,Морнинг бан жасмин,10.0,ЦЕХ_2026,Wednesday,Выпечка,Активный
2026-08-20,Морнинг бан жасмин,10.0,ЦЕХ_2026,Thursday,Выпечка,Активный
2026-08-21,Морнинг бан жасмин,10.0,ЦЕХ_2026,Friday,Выпечка,Активный
2026-08-22,Морнинг бан жасмин,30.0,ЦЕХ_2026,Saturday,Выпечка,Активный
2026-08-23,Морнинг бан жасмин,30.0,ЦЕХ_2026,Sunday,Выпечка,Активный
2026-08-24,Морнинг бан жасмин,10.0,ЦЕХ_2026,Monday,Выпечка,Активный
2026-08-25,Морнинг бан жасмин,10.0,ЦЕХ_2026,Tuesday,Выпечка,Активный
2026-08-26,Морнинг бан жасмин,10.0,ЦЕХ_2026,Wednesday,Выпечка,Активный
2026-08-27,Морнинг бан жасмин,10.0,ЦЕХ_2026,Thursday,Выпечка,Активный
2026-08-28,Морнинг бан жасмин,10.0,ЦЕХ_2026,Friday,Выпечка,Активный
2026-08-29,Морнинг бан жасмин,30.0,ЦЕХ_2026,Saturday,Выпечка,Активный
2026-08-30,Морнинг бан жасмин,30.0,ЦЕХ_2026,Sunday,Выпечка,Активный
2026-08-31,Морнинг бан жасмин,8.0,ЦЕХ_2026,Monday,Выпечка,Активный
2026-06-01,Даниш франжипан грецкий орех,8.0,ЦЕХ_2026,Monday,Выпечка,пф
2026-06-02,Даниш франжипан грецкий орех,4.0,ЦЕХ_2026,Tuesday,Выпечка,пф
2026-06-03,Даниш франжипан грецкий орех,10.0,ЦЕХ_2026,Wednesday,Выпечка,пф
2026-06-04,Даниш франжипан грецкий орех,12.0,ЦЕХ_2026,Thursday,Выпечка,пф
2026-06-05,Даниш франжипан грецкий орех,17.0,ЦЕХ_2026,Friday,Выпечка,пф
2026-06-06,Даниш франжипан грецкий орех,40.0,ЦЕХ_2026,Saturday,Выпечка,пф
2026-06-07,Даниш франжипан грецкий орех,40.0,ЦЕХ_2026,Sunday,Выпечка,пф
2026-06-08,Даниш франжипан грецкий орех,8.0,ЦЕХ_2026,Monday,Выпечка,пф
2026-06-09,Даниш франжипан грецкий орех,8.0,ЦЕХ_2026,Tuesday,Выпечка,пф
2026-06-10,Даниш франжипан грецкий орех,8.0,ЦЕХ_2026,Wednesday,Выпечка,пф
2026-06-11,Даниш франжипан грецкий орех,8.0,ЦЕХ_2026,Thursday,Выпечка,пф
2026-06-12,Даниш франжипан грецкий орех,12.0,ЦЕХ_2026,Friday,Выпечка,пф
2026-06-13,Даниш франжипан грецкий орех,25.0,ЦЕХ_2026,Saturday,Выпечка,пф
2026-06-14,Даниш франжипан грецкий орех,20.0,ЦЕХ_2026,Sunday,Выпечка,пф
2026-06-15,Даниш франжипан грецкий орех,6.0,ЦЕХ_2026,Monday,Выпечка,пф
2026-06-16,Даниш франжипан грецкий орех,6.0,ЦЕХ_2026,Tuesday,Выпечка,пф
2026-06-17,Даниш франжипан грецкий орех,6.0,ЦЕХ_2026,Wednesday,Выпечка,пф
2026-06-18,Даниш франжипан грецкий орех,4.0,ЦЕХ_2026,Thursday,Выпечка,пф
2026-06-19,Даниш франжипан грецкий орех,6.0,ЦЕХ_2026,Friday,Выпечка,пф
2026-06-20,Даниш франжипан грецкий орех,15.0,ЦЕХ_2026,Saturday,Выпечка,пф
2026-06-21,Даниш франжипан грецкий орех,15.0,ЦЕХ_2026,Sunday,Выпечка,пф
2026-06-22,Даниш франжипан грецкий орех,6.0,ЦЕХ_2026,Monday,Выпечка,пф
2026-06-23,Даниш франжипан грецкий орех,6.0,ЦЕХ_2026,Tuesday,Выпечка,пф
2026-06-24,Даниш франжипан грецкий орех,6.0,ЦЕХ_2026,Wednesday,Выпечка,пф
2026-06-25,Даниш франжипан грецкий орех,6.0,ЦЕХ_2026,Thursday,Выпечка,пф
2026-06-26,Даниш франжипан грецкий орех,8.0,ЦЕХ_2026,Friday,Выпечка,пф
2026-06-27,Даниш франжипан грецкий орех,20.0,ЦЕХ_2026,Saturday,Выпечка,пф
2026-06-28,Даниш франжипан грецкий орех,20.0,ЦЕХ_2026,Sunday,Выпечка,пф
2026-06-29,Даниш франжипан грецкий орех,6.0,ЦЕХ_2026,Monday,Выпечка,пф
2026-06-30,Даниш франжипан грецкий орех,6.0,ЦЕХ_2026,Tuesday,Выпечка,пф
2026-07-01,Даниш франжипан грецкий орех,6.0,ЦЕХ_2026,Wednesday,Выпечка,пф
2026-07-02,Даниш франжипан грецкий орех,6.0,ЦЕХ_2026,Thursday,Выпечка,пф
2026-07-03,Даниш франжипан грецкий орех,8.0,ЦЕХ_2026,Friday,Выпечка,пф
2026-07-04,Даниш франжипан грецкий орех,20.0,ЦЕХ_2026,Saturday,Выпечка,пф
2026-07-05,Даниш франжипан грецкий орех,20.0,ЦЕХ_2026,Sunday,Выпечка,пф
2026-07-06,Даниш франжипан грецкий орех,4.0,ЦЕХ_2026,Monday,Выпечка,пф
2026-07-07,Даниш франжипан грецкий орех,4.0,ЦЕХ_2026,Tuesday,Выпечка,пф
2026-07-08,Даниш франжипан грецкий орех,4.0,ЦЕХ_2026,Wednesday,Выпечка,пф
2026-07-09,Даниш франжипан грецкий орех,6.0,ЦЕХ_2026,Thursday,Выпечка,пф
2026-07-10,Даниш франжипан грецкий орех,6.0,ЦЕХ_2026,Friday,Выпечка,пф
2026-07-11,Даниш франжипан грецкий орех,20.0,ЦЕХ_2026,Saturday,Выпечка,пф
2026-07-12,Даниш франжипан грецкий орех,20.0,ЦЕХ_2026,Sunday,Выпечка,пф
2026-07-13,Даниш франжипан грецкий орех,4.0,ЦЕХ_2026,Monday,Выпечка,пф
2026-07-14,Даниш франжипан грецкий орех,10.0,ЦЕХ_2026,Tuesday,Выпечка,пф
2026-07-15,Даниш франжипан грецкий орех,4.0,ЦЕХ_2026,Wednesday,Выпечка,пф
2026-07-16,Даниш франжипан грецкий орех,6.0,ЦЕХ_2026,Thursday,Выпечка,пф
2026-07-17,Даниш франжипан грецкий орех,6.0,ЦЕХ_2026,Friday,Выпечка,пф
2026-06-01,Даниш яблочный пирог с заварным кремом,10.0,ЦЕХ_2026,Monday,Выпечка,Снят
2026-06-02,Даниш яблочный пирог с заварным кремом,6.0,ЦЕХ_2026,Tuesday,Выпечка,Снят
2026-06-03,Даниш яблочный пирог с заварным кремом,10.0,ЦЕХ_2026,Wednesday,Выпечка,Снят
2026-06-04,Даниш яблочный пирог с заварным кремом,12.0,ЦЕХ_2026,Thursday,Выпечка,Снят
2026-06-05,Даниш яблочный пирог с заварным кремом,20.0,ЦЕХ_2026,Friday,Выпечка,Снят
2026-06-06,Даниш яблочный пирог с заварным кремом,50.0,ЦЕХ_2026,Saturday,Выпечка,Снят
2026-06-07,Даниш яблочный пирог с заварным кремом,50.0,ЦЕХ_2026,Sunday,Выпечка,Снят
2026-06-08,Даниш яблочный пирог с заварным кремом,10.0,ЦЕХ_2026,Monday,Выпечка,Снят
2026-06-09,Даниш яблочный пирог с заварным кремом,8.0,ЦЕХ_2026,Tuesday,Выпечка,Снят
2026-06-10,Даниш яблочный пирог с заварным кремом,8.0,ЦЕХ_2026,Wednesday,Выпечка,Снят
2026-06-01,Кекс морковный с карамельной глазурью,1.0,ЦЕХ_2026,Monday,Выпечка,Активный
2026-06-03,Кекс морковный с карамельной глазурью,1.0,ЦЕХ_2026,Wednesday,Выпечка,Активный
2026-06-05,Кекс морковный с карамельной глазурью,2.0,ЦЕХ_2026,Friday,Выпечка,Активный
2026-06-06,Кекс морковный с карамельной глазурью,3.0,ЦЕХ_2026,Saturday,Выпечка,Активный
2026-06-07,Кекс морковный с карамельной глазурью,3.0,ЦЕХ_2026,Sunday,Выпечка,Активный
2026-06-08,Кекс морковный с карамельной глазурью,1.0,ЦЕХ_2026,Monday,Выпечка,Активный
2026-06-10,Кекс морковный с карамельной глазурью,1.0,ЦЕХ_2026,Wednesday,Выпечка,Активный
2026-06-12,Кекс морковный с карамельной глазурью,2.0,ЦЕХ_2026,Friday,Выпечка,Активный
2026-06-13,Кекс морковный с карамельной глазурью,2.0,ЦЕХ_2026,Saturday,Выпечка,Активный
2026-06-15,Кекс морковный с карамельной глазурью,1.0,ЦЕХ_2026,Monday,Выпечка,Активный
2026-06-17,Кекс морковный с карамельной глазурью,1.0,ЦЕХ_2026,Wednesday,Выпечка,Активный
2026-06-19,Кекс морковный с карамельной глазурью,1.0,ЦЕХ_2026,Friday,Выпечка,Активный
2026-06-20,Кекс морковный с карамельной глазурью,2.0,ЦЕХ_2026,Saturday,Выпечка,Активный
2026-06-22,Кекс морковный с карамельной глазурью,1.0,ЦЕХ_2026,Monday,Выпечка,Активный
2026-06-24,Кекс морковный с карамельной глазурью,1.0,ЦЕХ_2026,Wednesday,Выпечка,Активный
2026-06-26,Кекс морковный с карамельной глазурью,4.0,ЦЕХ_2026,Friday,Выпечка,Активный
2026-06-27,Кекс морковный с карамельной глазурью,2.0,ЦЕХ_2026,Saturday,Выпечка,Активный
2026-06-29,Кекс морковный с карамельной глазурью,1.0,ЦЕХ_2026,Monday,Выпечка,Активный
2026-07-01,Кекс морковный с карамельной глазурью,2.0,ЦЕХ_2026,Wednesday,Выпечка,Активный
2026-07-03,Кекс морковный с карамельной глазурью,2.0,ЦЕХ_2026,Friday,Выпечка,Активный
2026-07-04,Кекс морковный с карамельной глазурью,2.0,ЦЕХ_2026,Saturday,Выпечка,Активный
2026-07-06,Кекс морковный с карамельной глазурью,1.0,ЦЕХ_2026,Monday,Выпечка,Активный
2026-07-08,Кекс морковный с карамельной глазурью,2.0,ЦЕХ_2026,Wednesday,Выпечка,Активный
2026-07-10,Кекс морковный с карамельной глазурью,2.0,ЦЕХ_2026,Friday,Выпечка,Активный
2026-07-11,Кекс морковный с карамельной глазурью,2.0,ЦЕХ_2026,Saturday,Выпечка,Активный
2026-07-13,Кекс морковный с карамельной глазурью,2.0,ЦЕХ_2026,Monday,Выпечка,Активный
2026-07-15,Кекс морковный с карамельной глазурью,1.0,ЦЕХ_2026,Wednesday,Выпечка,Активный
2026-07-17,Кекс морковный с карамельной глазурью,2.0,ЦЕХ_2026,Friday,Выпечка,Активный
2026-07-18,Кекс морковный с карамельной глазурью,2.0,ЦЕХ_2026,Saturday,Выпечка,Активный
2026-07-20,Кекс морковный с карамельной глазурью,2.0,ЦЕХ_2026,Monday,Выпечка,Активный
2026-07-22,Кекс морковный с карамельной глазурью,2.0,ЦЕХ_2026,Wednesday,Выпечка,Активный
2026-07-24,Кекс морковный с карамельной глазурью,2.0,ЦЕХ_2026,Friday,Выпечка,Активный
2026-07-25,Кекс морковный с карамельной глазурью,2.0,ЦЕХ_2026,Saturday,Выпечка,Активный
2026-07-27,Кекс морковный с карамельной глазурью,1.0,ЦЕХ_2026,Monday,Выпечка,Активный
2026-07-29,Кекс морковный с карамельной глазурью,1.0,ЦЕХ_2026,Wednesday,Выпечка,Активный
2026-07-31,Кекс морковный с карамельной глазурью,2.0,ЦЕХ_2026,Friday,Выпечка,Активный
2026-08-01,Кекс морковный с карамельной глазурью,2.0,ЦЕХ_2026,Saturday,Выпечка,Активный
2026-08-03,Кекс морковный с карамельной глазурью,2.0,ЦЕХ_2026,Monday,Выпечка,Активный
2026-08-05,Кекс морковный с карамельной глазурью,2.0,ЦЕХ_2026,Wednesday,Выпечка,Активный
2026-08-07,Кекс морковный с карамельной глазурью,2.0,ЦЕХ_2026,Friday,Выпечка,Активный
2026-08-08,Кекс морковный с карамельной глазурью,2.0,ЦЕХ_2026,Saturday,Выпечка,Активный
2026-08-10,Кекс морковный с карамельной глазурью,2.0,ЦЕХ_2026,Monday,Выпечка,Активный
2026-08-12,Кекс морковный с карамельной глазурью,2.0,ЦЕХ_2026,Wednesday,Выпечка,Активный
2026-08-14,Кекс морковный с карамельной глазурью,2.0,ЦЕХ_2026,Friday,Выпечка,Активный
2026-08-15,Кекс морковный с карамельной глазурью,2.0,ЦЕХ_2026,Saturday,Выпечка,Активный
2026-08-17,Кекс морковный с карамельной глазурью,2.0,ЦЕХ_2026,Monday,Выпечка,Активный
2026-08-19,Кекс морковный с карамельной глазурью,2.0,ЦЕХ_2026,Wednesday,Выпечка,Активный
2026-08-21,Кекс морковный с карамельной глазурью,2.0,ЦЕХ_2026,Friday,Выпечка,Активный
2026-08-22,Кекс морковный с карамельной глазурью,2.0,ЦЕХ_2026,Saturday,Выпечка,Активный
2026-08-24,Кекс морковный с карамельной глазурью,2.0,ЦЕХ_2026,Monday,Выпечка,Активный
2026-08-26,Кекс морковный с карамельной глазурью,2.0,ЦЕХ_2026,Wednesday,Выпечка,Активный
2026-08-28,Кекс морковный с карамельной глазурью,2.0,ЦЕХ_2026,Friday,Выпечка,Активный
2026-08-29,Кекс морковный с карамельной глазурью,2.0,ЦЕХ_2026,Saturday,Выпечка,Активный
2026-08-31,Кекс морковный с карамельной глазурью,2.0,ЦЕХ_2026,Monday,Выпечка,Активный
2026-06-01,Паштель де ната,12.0,ЦЕХ_2026,Monday,Десерты,Активный
2026-06-02,Паштель де ната,10.0,ЦЕХ_2026,Tuesday,Десерты,Активный
2026-06-03,Паштель де ната,12.0,ЦЕХ_2026,Wednesday,Десерты,Активный
2026-06-04,Паштель де ната,12.0,ЦЕХ_2026,Thursday,Десерты,Активный
2026-06-05,Паштель де ната,20.0,ЦЕХ_2026,Friday,Десерты,Активный
2026-06-06,Паштель де ната,30.0,ЦЕХ_2026,Saturday,Десерты,Активный
2026-06-07,Паштель де ната,30.0,ЦЕХ_2026,Sunday,Десерты,Активный
2026-06-08,Паштель де ната,12.0,ЦЕХ_2026,Monday,Десерты,Активный
2026-06-09,Паштель де ната,12.0,ЦЕХ_2026,Tuesday,Десерты,Активный
2026-06-10,Паштель де ната,12.0,ЦЕХ_2026,Wednesday,Десерты,Активный
2026-06-11,Паштель де ната,12.0,ЦЕХ_2026,Thursday,Десерты,Активный
2026-06-12,Паштель де ната,15.0,ЦЕХ_2026,Friday,Десерты,Активный
2026-06-13,Паштель де ната,20.0,ЦЕХ_2026,Saturday,Десерты,Активный
2026-06-14,Паштель де ната,20.0,ЦЕХ_2026,Sunday,Десерты,Активный
2026-06-15,Паштель де ната,10.0,ЦЕХ_2026,Monday,Десерты,Активный
2026-06-16,Паштель де ната,10.0,ЦЕХ_2026,Tuesday,Десерты,Активный
2026-06-17,Паштель де ната,10.0,ЦЕХ_2026,Wednesday,Десерты,Активный
2026-06-18,Паштель де ната,12.0,ЦЕХ_2026,Thursday,Десерты,Активный
2026-06-19,Паштель де ната,12.0,ЦЕХ_2026,Friday,Десерты,Активный
2026-06-20,Паштель де ната,20.0,ЦЕХ_2026,Saturday,Десерты,Активный
2026-06-21,Паштель де ната,20.0,ЦЕХ_2026,Sunday,Десерты,Активный
2026-06-22,Паштель де ната,10.0,ЦЕХ_2026,Monday,Десерты,Активный
2026-06-23,Паштель де ната,10.0,ЦЕХ_2026,Tuesday,Десерты,Активный
2026-06-24,Паштель де ната,10.0,ЦЕХ_2026,Wednesday,Десерты,Активный
2026-06-25,Паштель де ната,12.0,ЦЕХ_2026,Thursday,Десерты,Активный
2026-06-26,Паштель де ната,12.0,ЦЕХ_2026,Friday,Десерты,Активный
2026-06-27,Паштель де ната,20.0,ЦЕХ_2026,Saturday,Десерты,Активный
2026-06-28,Паштель де ната,20.0,ЦЕХ_2026,Sunday,Десерты,Активный
2026-06-29,Паштель де ната,10.0,ЦЕХ_2026,Monday,Десерты,Активный
2026-06-30,Паштель де ната,10.0,ЦЕХ_2026,Tuesday,Десерты,Активный
2026-07-01,Паштель де ната,10.0,ЦЕХ_2026,Wednesday,Десерты,Активный
2026-07-02,Паштель де ната,12.0,ЦЕХ_2026,Thursday,Десерты,Активный
2026-07-03,Паштель де ната,12.0,ЦЕХ_2026,Friday,Десерты,Активный
2026-07-04,Паштель де ната,20.0,ЦЕХ_2026,Saturday,Десерты,Активный
2026-07-05,Паштель де ната,20.0,ЦЕХ_2026,Sunday,Десерты,Активный
2026-07-06,Паштель де ната,12.0,ЦЕХ_2026,Monday,Десерты,Активный
2026-07-07,Паштель де ната,12.0,ЦЕХ_2026,Tuesday,Десерты,Активный
2026-07-08,Паштель де ната,12.0,ЦЕХ_2026,Wednesday,Десерты,Активный
2026-07-09,Паштель де ната,12.0,ЦЕХ_2026,Thursday,Десерты,Активный
2026-07-10,Паштель де ната,15.0,ЦЕХ_2026,Friday,Десерты,Активный
2026-07-11,Паштель де ната,20.0,ЦЕХ_2026,Saturday,Десерты,Активный
2026-07-12,Паштель де ната,20.0,ЦЕХ_2026,Sunday,Десерты,Активный
2026-07-13,Паштель де ната,12.0,ЦЕХ_2026,Monday,Десерты,Активный
2026-07-14,Паштель де ната,15.0,ЦЕХ_2026,Tuesday,Десерты,Активный
2026-07-15,Паштель де ната,12.0,ЦЕХ_2026,Wednesday,Десерты,Активный
2026-07-16,Паштель де ната,12.0,ЦЕХ_2026,Thursday,Десерты,Активный
2026-07-17,Паштель де ната,15.0,ЦЕХ_2026,Friday,Десерты,Активный
2026-07-18,Паштель де ната,20.0,ЦЕХ_2026,Saturday,Десерты,Активный
2026-07-19,Паштель де ната,20.0,ЦЕХ_2026,Sunday,Десерты,Активный
2026-07-20,Паштель де ната,12.0,ЦЕХ_2026,Monday,Десерты,Активный
2026-07-21,Паштель де ната,12.0,ЦЕХ_2026,Tuesday,Десерты,Активный
2026-07-22,Паштель де ната,12.0,ЦЕХ_2026,Wednesday,Десерты,Активный
2026-07-23,Паштель де ната,12.0,ЦЕХ_2026,Thursday,Десерты,Активный
2026-07-24,Паштель де ната,12.0,ЦЕХ_2026,Friday,Десерты,Активный
2026-07-25,Паштель де ната,20.0,ЦЕХ_2026,Saturday,Десерты,Активный
2026-07-26,Паштель де ната,20.0,ЦЕХ_2026,Sunday,Десерты,Активный
2026-07-27,Паштель де ната,12.0,ЦЕХ_2026,Monday,Десерты,Активный
2026-07-28,Паштель де ната,12.0,ЦЕХ_2026,Tuesday,Десерты,Активный
2026-07-29,Паштель де ната,12.0,ЦЕХ_2026,Wednesday,Десерты,Активный
2026-07-30,Паштель де ната,12.0,ЦЕХ_2026,Thursday,Десерты,Активный
2026-07-31,Паштель де ната,12.0,ЦЕХ_2026,Friday,Десерты,Активный
2026-08-01,Паштель де ната,20.0,ЦЕХ_2026,Saturday,Десерты,Активный
2026-08-02,Паштель де ната,20.0,ЦЕХ_2026,Sunday,Десерты,Активный
2026-08-03,Паштель де ната,12.0,ЦЕХ_2026,Monday,Десерты,Активный
2026-08-04,Паштель де ната,12.0,ЦЕХ_2026,Tuesday,Десерты,Активный
2026-08-05,Паштель де ната,12.0,ЦЕХ_2026,Wednesday,Десерты,Активный
2026-08-06,Паштель де ната,12.0,ЦЕХ_2026,Thursday,Десерты,Активный
2026-08-07,Паштель де ната,12.0,ЦЕХ_2026,Friday,Десерты,Активный
2026-08-08,Паштель де ната,20.0,ЦЕХ_2026,Saturday,Десерты,Активный
2026-08-09,Паштель де ната,20.0,ЦЕХ_2026,Sunday,Десерты,Активный
2026-08-10,Паштель де ната,12.0,ЦЕХ_2026,Monday,Десерты,Активный
2026-08-11,Паштель де ната,12.0,ЦЕХ_2026,Tuesday,Десерты,Активный
2026-08-12,Паштель де ната,12.0,ЦЕХ_2026,Wednesday,Десерты,Активный
2026-08-13,Паштель де ната,12.0,ЦЕХ_2026,Thursday,Десерты,Активный
2026-08-14,Паштель де ната,12.0,ЦЕХ_2026,Friday,Десерты,Активный
2026-08-15,Паштель де ната,20.0,ЦЕХ_2026,Saturday,Десерты,Активный
2026-08-16,Паштель де ната,20.0,ЦЕХ_2026,Sunday,Десерты,Активный
2026-08-17,Паштель де ната,12.0,ЦЕХ_2026,Monday,Десерты,Активный
2026-08-18,Паштель де ната,12.0,ЦЕХ_2026,Tuesday,Десерты,Активный
2026-08-19,Паштель де ната,12.0,ЦЕХ_2026,Wednesday,Десерты,Активный
2026-08-20,Паштель де ната,12.0,ЦЕХ_2026,Thursday,Десерты,Активный
2026-08-21,Паштель де ната,12.0,ЦЕХ_2026,Friday,Десерты,Активный
2026-08-22,Паштель де ната,20.0,ЦЕХ_2026,Saturday,Десерты,Активный
2026-08-23,Паштель де ната,20.0,ЦЕХ_2026,Sunday,Десерты,Активный
2026-08-24,Паштель де ната,12.0,ЦЕХ_2026,Monday,Десерты,Активный
2026-08-25,Паштель де ната,12.0,ЦЕХ_2026,Tuesday,Десерты,Активный
2026-08-26,Паштель де ната,12.0,ЦЕХ_2026,Wednesday,Десерты,Активный
2026-08-27,Паштель де ната,12.0,ЦЕХ_2026,Thursday,Десерты,Активный
2026-08-28,Паштель де ната,12.0,ЦЕХ_2026,Friday,Десерты,Активный
2026-08-29,Паштель де ната,25.0,ЦЕХ_2026,Saturday,Десерты,Активный
2026-08-30,Паштель де ната,25.0,ЦЕХ_2026,Sunday,Десерты,Активный
2026-08-31,Паштель де ната,15.0,ЦЕХ_2026,Monday,Десерты,Активный
2026-06-05,"Тартин 1,5",1.0,ЦЕХ_2026,Friday,Хлеб,Активный
2026-06-01,Фокачча 400х600,1.0,ЦЕХ_2026,Monday,Хлеб,пф
2026-06-02,Фокачча 400х600,1.0,ЦЕХ_2026,Tuesday,Хлеб,пф
2026-06-03,Фокачча 400х600,1.0,ЦЕХ_2026,Wednesday,Хлеб,пф
2026-06-04,Фокачча 400х600,1.0,ЦЕХ_2026,Thursday,Хлеб,пф
2026-06-05,Фокачча 400х600,2.0,ЦЕХ_2026,Friday,Хлеб,пф
2026-06-06,Фокачча 400х600,3.0,ЦЕХ_2026,Saturday,Хлеб,пф
2026-06-07,Фокачча 400х600,3.0,ЦЕХ_2026,Sunday,Хлеб,пф
2026-06-08,Фокачча 400х600,1.0,ЦЕХ_2026,Monday,Хлеб,пф
2026-06-09,Фокачча 400х600,1.0,ЦЕХ_2026,Tuesday,Хлеб,пф
2026-06-10,Фокачча 400х600,1.0,ЦЕХ_2026,Wednesday,Хлеб,пф
2026-06-11,Фокачча 400х600,1.0,ЦЕХ_2026,Thursday,Хлеб,пф
2026-06-12,Фокачча 400х600,2.0,ЦЕХ_2026,Friday,Хлеб,пф
2026-06-13,Фокачча 400х600,3.0,ЦЕХ_2026,Saturday,Хлеб,пф
2026-06-14,Фокачча 400х600,3.0,ЦЕХ_2026,Sunday,Хлеб,пф
2026-06-15,Фокачча 400х600,1.0,ЦЕХ_2026,Monday,Хлеб,пф
2026-06-16,Фокачча 400х600,1.0,ЦЕХ_2026,Tuesday,Хлеб,пф
2026-06-17,Фокачча 400х600,1.0,ЦЕХ_2026,Wednesday,Хлеб,пф
2026-06-18,Фокачча 400х600,1.0,ЦЕХ_2026,Thursday,Хлеб,пф
2026-06-19,Фокачча 400х600,1.0,ЦЕХ_2026,Friday,Хлеб,пф
2026-06-20,Фокачча 400х600,2.0,ЦЕХ_2026,Saturday,Хлеб,пф
2026-06-21,Фокачча 400х600,3.0,ЦЕХ_2026,Sunday,Хлеб,пф
2026-06-22,Фокачча 400х600,1.0,ЦЕХ_2026,Monday,Хлеб,пф
2026-06-23,Фокачча 400х600,1.0,ЦЕХ_2026,Tuesday,Хлеб,пф
2026-06-24,Фокачча 400х600,2.0,ЦЕХ_2026,Wednesday,Хлеб,пф
2026-06-25,Фокачча 400х600,1.0,ЦЕХ_2026,Thursday,Хлеб,пф
2026-06-26,Фокачча 400х600,1.0,ЦЕХ_2026,Friday,Хлеб,пф
2026-06-27,Фокачча 400х600,6.0,ЦЕХ_2026,Saturday,Хлеб,пф
2026-06-28,Фокачча 400х600,6.0,ЦЕХ_2026,Sunday,Хлеб,пф
2026-06-29,Фокачча 400х600,1.0,ЦЕХ_2026,Monday,Хлеб,пф
2026-06-30,Фокачча 400х600,1.0,ЦЕХ_2026,Tuesday,Хлеб,пф
2026-07-01,Фокачча 400х600,1.0,ЦЕХ_2026,Wednesday,Хлеб,пф
2026-07-02,Фокачча 400х600,1.0,ЦЕХ_2026,Thursday,Хлеб,пф
2026-07-03,Фокачча 400х600,2.0,ЦЕХ_2026,Friday,Хлеб,пф
2026-07-04,Фокачча 400х600,2.0,ЦЕХ_2026,Saturday,Хлеб,пф
2026-07-05,Фокачча 400х600,2.0,ЦЕХ_2026,Sunday,Хлеб,пф
2026-07-06,Фокачча 400х600,1.0,ЦЕХ_2026,Monday,Хлеб,пф
2026-07-07,Фокачча 400х600,1.0,ЦЕХ_2026,Tuesday,Хлеб,пф
2026-07-08,Фокачча 400х600,1.0,ЦЕХ_2026,Wednesday,Хлеб,пф
2026-07-09,Фокачча 400х600,1.0,ЦЕХ_2026,Thursday,Хлеб,пф
2026-07-10,Фокачча 400х600,2.0,ЦЕХ_2026,Friday,Хлеб,пф
2026-07-11,Фокачча 400х600,3.0,ЦЕХ_2026,Saturday,Хлеб,пф
2026-07-12,Фокачча 400х600,3.0,ЦЕХ_2026,Sunday,Хлеб,пф
2026-07-13,Фокачча 400х600,1.0,ЦЕХ_2026,Monday,Хлеб,пф
2026-07-14,Фокачча 400х600,1.0,ЦЕХ_2026,Tuesday,Хлеб,пф
2026-07-15,Фокачча 400х600,1.0,ЦЕХ_2026,Wednesday,Хлеб,пф
2026-07-16,Фокачча 400х600,1.0,ЦЕХ_2026,Thursday,Хлеб,пф
2026-07-17,Фокачча 400х600,2.0,ЦЕХ_2026,Friday,Хлеб,пф
2026-07-18,Фокачча 400х600,3.0,ЦЕХ_2026,Saturday,Хлеб,пф
2026-07-19,Фокачча 400х600,3.0,ЦЕХ_2026,Sunday,Хлеб,пф
2026-07-20,Фокачча 400х600,1.0,ЦЕХ_2026,Monday,Хлеб,пф
2026-07-21,Фокачча 400х600,1.0,ЦЕХ_2026,Tuesday,Хлеб,пф
2026-07-22,Фокачча 400х600,1.0,ЦЕХ_2026,Wednesday,Хлеб,пф
2026-07-23,Фокачча 400х600,1.0,ЦЕХ_2026,Thursday,Хлеб,пф
2026-07-24,Фокачча 400х600,2.0,ЦЕХ_2026,Friday,Хлеб,пф
2026-07-25,Фокачча 400х600,3.0,ЦЕХ_2026,Saturday,Хлеб,пф
2026-07-26,Фокачча 400х600,3.0,ЦЕХ_2026,Sunday,Хлеб,пф
2026-07-27,Фокачча 400х600,1.0,ЦЕХ_2026,Monday,Хлеб,пф
2026-07-28,Фокачча 400х600,1.0,ЦЕХ_2026,Tuesday,Хлеб,пф
2026-07-29,Фокачча 400х600,1.0,ЦЕХ_2026,Wednesday,Хлеб,пф
2026-07-30,Фокачча 400х600,1.0,ЦЕХ_2026,Thursday,Хлеб,пф
2026-07-31,Фокачча 400х600,2.0,ЦЕХ_2026,Friday,Хлеб,пф
2026-08-01,Фокачча 400х600,3.0,ЦЕХ_2026,Saturday,Хлеб,пф
2026-08-02,Фокачча 400х600,3.0,ЦЕХ_2026,Sunday,Хлеб,пф
2026-08-03,Фокачча 400х600,1.0,ЦЕХ_2026,Monday,Хлеб,пф
2026-08-04,Фокачча 400х600,1.0,ЦЕХ_2026,Tuesday,Хлеб,пф
2026-08-05,Фокачча 400х600,1.0,ЦЕХ_2026,Wednesday,Хлеб,пф
2026-08-06,Фокачча 400х600,1.0,ЦЕХ_2026,Thursday,Хлеб,пф
2026-08-07,Фокачча 400х600,2.0,ЦЕХ_2026,Friday,Хлеб,пф
2026-08-08,Фокачча 400х600,3.0,ЦЕХ_2026,Saturday,Хлеб,пф
2026-08-09,Фокачча 400х600,3.0,ЦЕХ_2026,Sunday,Хлеб,пф
2026-08-10,Фокачча 400х600,1.0,ЦЕХ_2026,Monday,Хлеб,пф
2026-08-11,Фокачча 400х600,1.0,ЦЕХ_2026,Tuesday,Хлеб,пф
2026-08-12,Фокачча 400х600,1.0,ЦЕХ_2026,Wednesday,Хлеб,пф
2026-08-13,Фокачча 400х600,1.0,ЦЕХ_2026,Thursday,Хлеб,пф
2026-08-14,Фокачча 400х600,2.0,ЦЕХ_2026,Friday,Хлеб,пф
2026-08-15,Фокачча 400х600,3.0,ЦЕХ_2026,Saturday,Хлеб,пф
2026-08-16,Фокачча 400х600,3.0,ЦЕХ_2026,Sunday,Хлеб,пф
2026-08-17,Фокачча 400х600,1.0,ЦЕХ_2026,Monday,Хлеб,пф
2026-08-18,Фокачча 400х600,1.0,ЦЕХ_2026,Tuesday,Хлеб,пф
2026-08-19,Фокачча 400х600,1.0,ЦЕХ_2026,Wednesday,Хлеб,пф
2026-08-20,Фокачча 400х600,1.0,ЦЕХ_2026,Thursday,Хлеб,пф
2026-08-21,Фокачча 400х600,2.0,ЦЕХ_2026,Friday,Хлеб,пф
2026-08-22,Фокачча 400х600,3.0,ЦЕХ_2026,Saturday,Хлеб,пф
2026-08-23,Фокачча 400х600,3.0,ЦЕХ_2026,Sunday,Хлеб,пф
2026-08-24,Фокачча 400х600,1.0,ЦЕХ_2026,Monday,Хлеб,пф
2026-08-25,Фокачча 400х600,1.0,ЦЕХ_2026,Tuesday,Хлеб,пф
2026-08-26,Фокачча 400х600,1.0,ЦЕХ_2026,Wednesday,Хлеб,пф
2026-08-27,Фокачча 400х600,1.0,ЦЕХ_2026,Thursday,Хлеб,пф
2026-08-28,Фокачча 400х600,2.0,ЦЕХ_2026,Friday,Хлеб,пф
2026-08-29,Фокачча 400х600,3.0,ЦЕХ_2026,Saturday,Хлеб,пф
2026-08-30,Фокачча 400х600,3.0,ЦЕХ_2026,Sunday,Хлеб,пф
2026-08-31,Фокачча 400х600,1.0,ЦЕХ_2026,Monday,Хлеб,пф
2026-06-10,Бриошь ревень-клубника,6.0,ЦЕХ_2026,Wednesday,Булки,Активный
2026-06-11,Бриошь ревень-клубника,6.0,ЦЕХ_2026,Thursday,Булки,Активный
2026-06-12,Бриошь ревень-клубника,12.0,ЦЕХ_2026,Friday,Булки,Активный
2026-06-13,Бриошь ревень-клубника,15.0,ЦЕХ_2026,Saturday,Булки,Активный
2026-06-14,Бриошь ревень-клубника,15.0,ЦЕХ_2026,Sunday,Булки,Активный
2026-06-15,Бриошь ревень-клубника,6.0,ЦЕХ_2026,Monday,Булки,Активный
2026-06-16,Бриошь ревень-клубника,6.0,ЦЕХ_2026,Tuesday,Булки,Активный
2026-06-17,Бриошь ревень-клубника,6.0,ЦЕХ_2026,Wednesday,Булки,Активный
2026-06-18,Бриошь ревень-клубника,6.0,ЦЕХ_2026,Thursday,Булки,Активный
2026-06-19,Бриошь ревень-клубника,10.0,ЦЕХ_2026,Friday,Булки,Активный
2026-06-20,Бриошь ревень-клубника,20.0,ЦЕХ_2026,Saturday,Булки,Активный
2026-06-21,Бриошь ревень-клубника,25.0,ЦЕХ_2026,Sunday,Булки,Активный
2026-06-22,Бриошь ревень-клубника,6.0,ЦЕХ_2026,Monday,Булки,Активный
2026-06-23,Бриошь ревень-клубника,6.0,ЦЕХ_2026,Tuesday,Булки,Активный
2026-06-24,Бриошь ревень-клубника,6.0,ЦЕХ_2026,Wednesday,Булки,Активный
2026-06-25,Бриошь ревень-клубника,10.0,ЦЕХ_2026,Thursday,Булки,Активный
2026-06-26,Бриошь ревень-клубника,10.0,ЦЕХ_2026,Friday,Булки,Активный
2026-06-27,Бриошь ревень-клубника,30.0,ЦЕХ_2026,Saturday,Булки,Активный
2026-06-28,Бриошь ревень-клубника,30.0,ЦЕХ_2026,Sunday,Булки,Активный
2026-06-29,Бриошь ревень-клубника,6.0,ЦЕХ_2026,Monday,Булки,Активный
2026-06-30,Бриошь ревень-клубника,4.0,ЦЕХ_2026,Tuesday,Булки,Активный
2026-07-01,Бриошь ревень-клубника,6.0,ЦЕХ_2026,Wednesday,Булки,Активный
2026-07-02,Бриошь ревень-клубника,8.0,ЦЕХ_2026,Thursday,Булки,Активный
2026-07-03,Бриошь ревень-клубника,10.0,ЦЕХ_2026,Friday,Булки,Активный
2026-07-04,Бриошь ревень-клубника,30.0,ЦЕХ_2026,Saturday,Булки,Активный
2026-07-05,Бриошь ревень-клубника,30.0,ЦЕХ_2026,Sunday,Булки,Активный
2026-07-06,Бриошь ревень-клубника,8.0,ЦЕХ_2026,Monday,Булки,Активный
2026-07-07,Бриошь ревень-клубника,8.0,ЦЕХ_2026,Tuesday,Булки,Активный
2026-07-08,Бриошь ревень-клубника,8.0,ЦЕХ_2026,Wednesday,Булки,Активный
2026-07-09,Бриошь ревень-клубника,8.0,ЦЕХ_2026,Thursday,Булки,Активный
2026-07-10,Бриошь ревень-клубника,10.0,ЦЕХ_2026,Friday,Булки,Активный
2026-07-11,Бриошь ревень-клубника,30.0,ЦЕХ_2026,Saturday,Булки,Активный
2026-07-12,Бриошь ревень-клубника,30.0,ЦЕХ_2026,Sunday,Булки,Активный
2026-07-13,Бриошь ревень-клубника,8.0,ЦЕХ_2026,Monday,Булки,Активный
2026-07-14,Бриошь ревень-клубника,10.0,ЦЕХ_2026,Tuesday,Булки,Активный
2026-07-15,Бриошь ревень-клубника,8.0,ЦЕХ_2026,Wednesday,Булки,Активный
2026-07-16,Бриошь ревень-клубника,10.0,ЦЕХ_2026,Thursday,Булки,Активный
2026-07-17,Бриошь ревень-клубника,10.0,ЦЕХ_2026,Friday,Булки,Активный
2026-07-18,Бриошь ревень-клубника,30.0,ЦЕХ_2026,Saturday,Булки,Активный
2026-07-19,Бриошь ревень-клубника,30.0,ЦЕХ_2026,Sunday,Булки,Активный
2026-07-20,Бриошь ревень-клубника,8.0,ЦЕХ_2026,Monday,Булки,Активный
2026-07-21,Бриошь ревень-клубника,8.0,ЦЕХ_2026,Tuesday,Булки,Активный
2026-07-22,Бриошь ревень-клубника,8.0,ЦЕХ_2026,Wednesday,Булки,Активный
2026-07-23,Бриошь ревень-клубника,10.0,ЦЕХ_2026,Thursday,Булки,Активный
2026-07-24,Бриошь ревень-клубника,10.0,ЦЕХ_2026,Friday,Булки,Активный
2026-07-25,Бриошь ревень-клубника,30.0,ЦЕХ_2026,Saturday,Булки,Активный
2026-07-26,Бриошь ревень-клубника,30.0,ЦЕХ_2026,Sunday,Булки,Активный
2026-07-27,Бриошь ревень-клубника,8.0,ЦЕХ_2026,Monday,Булки,Активный
2026-07-28,Бриошь ревень-клубника,8.0,ЦЕХ_2026,Tuesday,Булки,Активный
2026-07-29,Бриошь ревень-клубника,8.0,ЦЕХ_2026,Wednesday,Булки,Активный
2026-07-30,Бриошь ревень-клубника,10.0,ЦЕХ_2026,Thursday,Булки,Активный
2026-07-31,Бриошь ревень-клубника,10.0,ЦЕХ_2026,Friday,Булки,Активный
2026-08-01,Бриошь ревень-клубника,30.0,ЦЕХ_2026,Saturday,Булки,Активный
2026-08-02,Бриошь ревень-клубника,30.0,ЦЕХ_2026,Sunday,Булки,Активный
2026-08-03,Бриошь ревень-клубника,10.0,ЦЕХ_2026,Monday,Булки,Активный
2026-08-10,Бриошь ревень-клубника,10.0,ЦЕХ_2026,Monday,Булки,Активный
2026-08-17,Бриошь ревень-клубника,10.0,ЦЕХ_2026,Monday,Булки,Активный
2026-08-24,Бриошь ревень-клубника,10.0,ЦЕХ_2026,Monday,Булки,Активный
2026-08-31,Бриошь ревень-клубника,10.0,ЦЕХ_2026,Monday,Булки,Активный
2026-06-01,Багет,5.0,КИТЧЕН,Monday,Хлеб,Активный
2026-06-02,Багет,5.0,КИТЧЕН,Tuesday,Хлеб,Активный
2026-06-03,Багет,7.0,КИТЧЕН,Wednesday,Хлеб,Активный
2026-06-04,Багет,7.0,КИТЧЕН,Thursday,Хлеб,Активный
2026-06-05,Багет,13.0,КИТЧЕН,Friday,Хлеб,Активный
2026-06-06,Багет,16.0,КИТЧЕН,Saturday,Хлеб,Активный
2026-06-07,Багет,12.0,КИТЧЕН,Sunday,Хлеб,Активный
2026-06-08,Багет,7.0,КИТЧЕН,Monday,Хлеб,Активный
2026-06-09,Багет,7.0,КИТЧЕН,Tuesday,Хлеб,Активный
2026-06-10,Багет,7.0,КИТЧЕН,Wednesday,Хлеб,Активный
2026-06-11,Багет,7.0,КИТЧЕН,Thursday,Хлеб,Активный
2026-06-12,Багет,8.0,КИТЧЕН,Friday,Хлеб,Активный
2026-06-13,Багет,8.0,КИТЧЕН,Saturday,Хлеб,Активный
2026-06-14,Багет,8.0,КИТЧЕН,Sunday,Хлеб,Активный
2026-06-15,Багет,7.0,КИТЧЕН,Monday,Хлеб,Активный
2026-06-16,Багет,7.0,КИТЧЕН,Tuesday,Хлеб,Активный
2026-06-17,Багет,7.0,КИТЧЕН,Wednesday,Хлеб,Активный
2026-06-18,Багет,7.0,КИТЧЕН,Thursday,Хлеб,Активный
2026-06-19,Багет,8.0,КИТЧЕН,Friday,Хлеб,Активный
2026-06-20,Багет,8.0,КИТЧЕН,Saturday,Хлеб,Активный
2026-06-21,Багет,8.0,КИТЧЕН,Sunday,Хлеб,Активный
2026-06-22,Багет,7.0,КИТЧЕН,Monday,Хлеб,Активный
2026-06-23,Багет,7.0,КИТЧЕН,Tuesday,Хлеб,Активный
2026-06-24,Багет,7.0,КИТЧЕН,Wednesday,Хлеб,Активный
2026-06-25,Багет,7.0,КИТЧЕН,Thursday,Хлеб,Активный
2026-06-26,Багет,8.0,КИТЧЕН,Friday,Хлеб,Активный
2026-06-27,Багет,8.0,КИТЧЕН,Saturday,Хлеб,Активный
2026-06-28,Багет,8.0,КИТЧЕН,Sunday,Хлеб,Активный
2026-06-29,Багет,7.0,КИТЧЕН,Monday,Хлеб,Активный
2026-06-30,Багет,7.0,КИТЧЕН,Tuesday,Хлеб,Активный
2026-07-01,Багет,7.0,КИТЧЕН,Wednesday,Хлеб,Активный
2026-07-02,Багет,7.0,КИТЧЕН,Thursday,Хлеб,Активный
2026-07-03,Багет,8.0,КИТЧЕН,Friday,Хлеб,Активный
2026-07-04,Багет,8.0,КИТЧЕН,Saturday,Хлеб,Активный
2026-07-05,Багет,8.0,КИТЧЕН,Sunday,Хлеб,Активный
2026-07-06,Багет,7.0,КИТЧЕН,Monday,Хлеб,Активный
2026-07-07,Багет,7.0,КИТЧЕН,Tuesday,Хлеб,Активный
2026-07-08,Багет,7.0,КИТЧЕН,Wednesday,Хлеб,Активный
2026-07-09,Багет,7.0,КИТЧЕН,Thursday,Хлеб,Активный
2026-07-10,Багет,8.0,КИТЧЕН,Friday,Хлеб,Активный
2026-07-11,Багет,8.0,КИТЧЕН,Saturday,Хлеб,Активный
2026-07-12,Багет,8.0,КИТЧЕН,Sunday,Хлеб,Активный
2026-07-13,Багет,7.0,КИТЧЕН,Monday,Хлеб,Активный
2026-07-14,Багет,7.0,КИТЧЕН,Tuesday,Хлеб,Активный
2026-07-15,Багет,7.0,КИТЧЕН,Wednesday,Хлеб,Активный
2026-07-16,Багет,7.0,КИТЧЕН,Thursday,Хлеб,Активный
2026-07-17,Багет,8.0,КИТЧЕН,Friday,Хлеб,Активный
2026-07-18,Багет,8.0,КИТЧЕН,Saturday,Хлеб,Активный
2026-07-19,Багет,8.0,КИТЧЕН,Sunday,Хлеб,Активный
2026-07-20,Багет,7.0,КИТЧЕН,Monday,Хлеб,Активный
2026-07-21,Багет,7.0,КИТЧЕН,Tuesday,Хлеб,Активный
2026-07-22,Багет,7.0,КИТЧЕН,Wednesday,Хлеб,Активный
2026-07-23,Багет,7.0,КИТЧЕН,Thursday,Хлеб,Активный
2026-07-24,Багет,8.0,КИТЧЕН,Friday,Хлеб,Активный
2026-07-25,Багет,8.0,КИТЧЕН,Saturday,Хлеб,Активный
2026-07-26,Багет,8.0,КИТЧЕН,Sunday,Хлеб,Активный
2026-07-27,Багет,7.0,КИТЧЕН,Monday,Хлеб,Активный
2026-07-28,Багет,7.0,КИТЧЕН,Tuesday,Хлеб,Активный
2026-07-29,Багет,7.0,КИТЧЕН,Wednesday,Хлеб,Активный
2026-07-30,Багет,7.0,КИТЧЕН,Thursday,Хлеб,Активный
2026-07-31,Багет,8.0,КИТЧЕН,Friday,Хлеб,Активный
2026-08-01,Багет,8.0,КИТЧЕН,Saturday,Хлеб,Активный
2026-08-02,Багет,8.0,КИТЧЕН,Sunday,Хлеб,Активный
2026-08-03,Багет,7.0,КИТЧЕН,Monday,Хлеб,Активный
2026-08-04,Багет,7.0,КИТЧЕН,Tuesday,Хлеб,Активный
2026-08-05,Багет,7.0,КИТЧЕН,Wednesday,Хлеб,Активный
2026-08-06,Багет,7.0,КИТЧЕН,Thursday,Хлеб,Активный
2026-08-07,Багет,8.0,КИТЧЕН,Friday,Хлеб,Активный
2026-08-08,Багет,8.0,КИТЧЕН,Saturday,Хлеб,Активный
2026-08-09,Багет,8.0,КИТЧЕН,Sunday,Хлеб,Активный
2026-08-10,Багет,7.0,КИТЧЕН,Monday,Хлеб,Активный
2026-08-11,Багет,7.0,КИТЧЕН,Tuesday,Хлеб,Активный
2026-08-12,Багет,7.0,КИТЧЕН,Wednesday,Хлеб,Активный
2026-08-13,Багет,7.0,КИТЧЕН,Thursday,Хлеб,Активный
2026-08-14,Багет,8.0,КИТЧЕН,Friday,Хлеб,Активный
2026-08-15,Багет,8.0,КИТЧЕН,Saturday,Хлеб,Активный
2026-08-16,Багет,8.0,КИТЧЕН,Sunday,Хлеб,Активный
2026-08-17,Багет,7.0,КИТЧЕН,Monday,Хлеб,Активный
2026-08-18,Багет,7.0,КИТЧЕН,Tuesday,Хлеб,Активный
2026-08-19,Багет,7.0,КИТЧЕН,Wednesday,Хлеб,Активный
2026-08-20,Багет,7.0,КИТЧЕН,Thursday,Хлеб,Активный
2026-08-21,Багет,8.0,КИТЧЕН,Friday,Хлеб,Активный
2026-08-22,Багет,8.0,КИТЧЕН,Saturday,Хлеб,Активный
2026-08-23,Багет,8.0,КИТЧЕН,Sunday,Хлеб,Активный
2026-08-24,Багет,7.0,КИТЧЕН,Monday,Хлеб,Активный
2026-08-25,Багет,7.0,КИТЧЕН,Tuesday,Хлеб,Активный
2026-08-26,Багет,7.0,КИТЧЕН,Wednesday,Хлеб,Активный
2026-08-27,Багет,7.0,КИТЧЕН,Thursday,Хлеб,Активный
2026-08-28,Багет,8.0,КИТЧЕН,Friday,Хлеб,Активный
2026-08-29,Багет,8.0,КИТЧЕН,Saturday,Хлеб,Активный
2026-08-30,Багет,8.0,КИТЧЕН,Sunday,Хлеб,Активный
2026-08-31,Багет,7.0,КИТЧЕН,Monday,Хлеб,Активный
2026-06-01,"Тартин 1,5",4.0,КИТЧЕН,Monday,Хлеб,Активный
2026-06-02,"Тартин 1,5",4.0,КИТЧЕН,Tuesday,Хлеб,Активный
2026-06-03,"Тартин 1,5",5.0,КИТЧЕН,Wednesday,Хлеб,Активный
2026-06-04,"Тартин 1,5",5.0,КИТЧЕН,Thursday,Хлеб,Активный
2026-06-05,"Тартин 1,5",10.0,КИТЧЕН,Friday,Хлеб,Активный
2026-06-06,"Тартин 1,5",14.0,КИТЧЕН,Saturday,Хлеб,Активный
2026-06-07,"Тартин 1,5",10.0,КИТЧЕН,Sunday,Хлеб,Активный
2026-06-08,"Тартин 1,5",5.0,КИТЧЕН,Monday,Хлеб,Активный
2026-06-09,"Тартин 1,5",5.0,КИТЧЕН,Tuesday,Хлеб,Активный
2026-06-10,"Тартин 1,5",5.0,КИТЧЕН,Wednesday,Хлеб,Активный
2026-06-11,"Тартин 1,5",5.0,КИТЧЕН,Thursday,Хлеб,Активный
2026-06-12,"Тартин 1,5",10.0,КИТЧЕН,Friday,Хлеб,Активный
2026-06-13,"Тартин 1,5",14.0,КИТЧЕН,Saturday,Хлеб,Активный
2026-06-14,"Тартин 1,5",10.0,КИТЧЕН,Sunday,Хлеб,Активный
2026-06-15,"Тартин 1,5",5.0,КИТЧЕН,Monday,Хлеб,Активный
2026-06-16,"Тартин 1,5",5.0,КИТЧЕН,Tuesday,Хлеб,Активный
2026-06-17,"Тартин 1,5",5.0,КИТЧЕН,Wednesday,Хлеб,Активный
2026-06-18,"Тартин 1,5",5.0,КИТЧЕН,Thursday,Хлеб,Активный
2026-06-19,"Тартин 1,5",10.0,КИТЧЕН,Friday,Хлеб,Активный
2026-06-20,"Тартин 1,5",14.0,КИТЧЕН,Saturday,Хлеб,Активный
2026-06-21,"Тартин 1,5",10.0,КИТЧЕН,Sunday,Хлеб,Активный
2026-06-22,"Тартин 1,5",5.0,КИТЧЕН,Monday,Хлеб,Активный
2026-06-23,"Тартин 1,5",5.0,КИТЧЕН,Tuesday,Хлеб,Активный
2026-06-24,"Тартин 1,5",5.0,КИТЧЕН,Wednesday,Хлеб,Активный
2026-06-25,"Тартин 1,5",5.0,КИТЧЕН,Thursday,Хлеб,Активный
2026-06-26,"Тартин 1,5",10.0,КИТЧЕН,Friday,Хлеб,Активный
2026-06-27,"Тартин 1,5",14.0,КИТЧЕН,Saturday,Хлеб,Активный
2026-06-28,"Тартин 1,5",10.0,КИТЧЕН,Sunday,Хлеб,Активный
2026-06-29,"Тартин 1,5",5.0,КИТЧЕН,Monday,Хлеб,Активный
2026-06-30,"Тартин 1,5",5.0,КИТЧЕН,Tuesday,Хлеб,Активный
2026-07-01,"Тартин 1,5",5.0,КИТЧЕН,Wednesday,Хлеб,Активный
2026-07-02,"Тартин 1,5",5.0,КИТЧЕН,Thursday,Хлеб,Активный
2026-07-03,"Тартин 1,5",10.0,КИТЧЕН,Friday,Хлеб,Активный
2026-07-04,"Тартин 1,5",14.0,КИТЧЕН,Saturday,Хлеб,Активный
2026-07-05,"Тартин 1,5",10.0,КИТЧЕН,Sunday,Хлеб,Активный
2026-07-06,"Тартин 1,5",5.0,КИТЧЕН,Monday,Хлеб,Активный
2026-07-07,"Тартин 1,5",5.0,КИТЧЕН,Tuesday,Хлеб,Активный
2026-07-08,"Тартин 1,5",5.0,КИТЧЕН,Wednesday,Хлеб,Активный
2026-07-09,"Тартин 1,5",5.0,КИТЧЕН,Thursday,Хлеб,Активный
2026-07-10,"Тартин 1,5",8.0,КИТЧЕН,Friday,Хлеб,Активный
2026-07-11,"Тартин 1,5",12.0,КИТЧЕН,Saturday,Хлеб,Активный
2026-07-12,"Тартин 1,5",10.0,КИТЧЕН,Sunday,Хлеб,Активный
2026-07-13,"Тартин 1,5",5.0,КИТЧЕН,Monday,Хлеб,Активный
2026-07-14,"Тартин 1,5",8.0,КИТЧЕН,Tuesday,Хлеб,Активный
2026-07-15,"Тартин 1,5",5.0,КИТЧЕН,Wednesday,Хлеб,Активный
2026-07-16,"Тартин 1,5",5.0,КИТЧЕН,Thursday,Хлеб,Активный
2026-07-17,"Тартин 1,5",8.0,КИТЧЕН,Friday,Хлеб,Активный
2026-07-18,"Тартин 1,5",12.0,КИТЧЕН,Saturday,Хлеб,Активный
2026-07-19,"Тартин 1,5",10.0,КИТЧЕН,Sunday,Хлеб,Активный
2026-07-20,"Тартин 1,5",4.0,КИТЧЕН,Monday,Хлеб,Активный
2026-07-21,"Тартин 1,5",4.0,КИТЧЕН,Tuesday,Хлеб,Активный
2026-07-22,"Тартин 1,5",4.0,КИТЧЕН,Wednesday,Хлеб,Активный
2026-07-23,"Тартин 1,5",4.0,КИТЧЕН,Thursday,Хлеб,Активный
2026-07-24,"Тартин 1,5",7.0,КИТЧЕН,Friday,Хлеб,Активный
2026-07-25,"Тартин 1,5",12.0,КИТЧЕН,Saturday,Хлеб,Активный
2026-07-26,"Тартин 1,5",10.0,КИТЧЕН,Sunday,Хлеб,Активный
2026-07-27,"Тартин 1,5",4.0,КИТЧЕН,Monday,Хлеб,Активный
2026-07-28,"Тартин 1,5",4.0,КИТЧЕН,Tuesday,Хлеб,Активный
2026-07-29,"Тартин 1,5",4.0,КИТЧЕН,Wednesday,Хлеб,Активный
2026-07-30,"Тартин 1,5",4.0,КИТЧЕН,Thursday,Хлеб,Активный
2026-07-31,"Тартин 1,5",7.0,КИТЧЕН,Friday,Хлеб,Активный
2026-08-01,"Тартин 1,5",12.0,КИТЧЕН,Saturday,Хлеб,Активный
2026-08-02,"Тартин 1,5",10.0,КИТЧЕН,Sunday,Хлеб,Активный
2026-08-03,"Тартин 1,5",4.0,КИТЧЕН,Monday,Хлеб,Активный
2026-08-04,"Тартин 1,5",4.0,КИТЧЕН,Tuesday,Хлеб,Активный
2026-08-05,"Тартин 1,5",4.0,КИТЧЕН,Wednesday,Хлеб,Активный
2026-08-06,"Тартин 1,5",4.0,КИТЧЕН,Thursday,Хлеб,Активный
2026-08-07,"Тартин 1,5",7.0,КИТЧЕН,Friday,Хлеб,Активный
2026-08-08,"Тартин 1,5",12.0,КИТЧЕН,Saturday,Хлеб,Активный
2026-08-09,"Тартин 1,5",10.0,КИТЧЕН,Sunday,Хлеб,Активный
2026-08-10,"Тартин 1,5",4.0,КИТЧЕН,Monday,Хлеб,Активный
2026-08-11,"Тартин 1,5",4.0,КИТЧЕН,Tuesday,Хлеб,Активный
2026-08-12,"Тартин 1,5",4.0,КИТЧЕН,Wednesday,Хлеб,Активный
2026-08-13,"Тартин 1,5",4.0,КИТЧЕН,Thursday,Хлеб,Активный
2026-08-14,"Тартин 1,5",7.0,КИТЧЕН,Friday,Хлеб,Активный
2026-08-15,"Тартин 1,5",12.0,КИТЧЕН,Saturday,Хлеб,Активный
2026-08-16,"Тартин 1,5",10.0,КИТЧЕН,Sunday,Хлеб,Активный
2026-08-17,"Тартин 1,5",4.0,КИТЧЕН,Monday,Хлеб,Активный
2026-08-18,"Тартин 1,5",4.0,КИТЧЕН,Tuesday,Хлеб,Активный
2026-08-19,"Тартин 1,5",4.0,КИТЧЕН,Wednesday,Хлеб,Активный
2026-08-20,"Тартин 1,5",4.0,КИТЧЕН,Thursday,Хлеб,Активный
2026-08-21,"Тартин 1,5",7.0,КИТЧЕН,Friday,Хлеб,Активный
2026-08-22,"Тартин 1,5",12.0,КИТЧЕН,Saturday,Хлеб,Активный
2026-08-23,"Тартин 1,5",10.0,КИТЧЕН,Sunday,Хлеб,Активный
2026-08-24,"Тартин 1,5",4.0,КИТЧЕН,Monday,Хлеб,Активный
2026-08-25,"Тартин 1,5",4.0,КИТЧЕН,Tuesday,Хлеб,Активный
2026-08-26,"Тартин 1,5",4.0,КИТЧЕН,Wednesday,Хлеб,Активный
2026-08-27,"Тартин 1,5",4.0,КИТЧЕН,Thursday,Хлеб,Активный
2026-08-28,"Тартин 1,5",7.0,КИТЧЕН,Friday,Хлеб,Активный
2026-08-29,"Тартин 1,5",12.0,КИТЧЕН,Saturday,Хлеб,Активный
2026-08-30,"Тартин 1,5",10.0,КИТЧЕН,Sunday,Хлеб,Активный
2026-08-31,"Тартин 1,5",4.0,КИТЧЕН,Monday,Хлеб,Активный
2026-06-01,"Тартин 0,75",2.0,КИТЧЕН,Monday,Хлеб,Активный
2026-06-02,"Тартин 0,75",2.0,КИТЧЕН,Tuesday,Хлеб,Активный
2026-06-03,"Тартин 0,75",2.0,КИТЧЕН,Wednesday,Хлеб,Активный
2026-06-04,"Тартин 0,75",2.0,КИТЧЕН,Thursday,Хлеб,Активный
2026-06-05,"Тартин 0,75",4.0,КИТЧЕН,Friday,Хлеб,Активный
2026-06-06,"Тартин 0,75",4.0,КИТЧЕН,Saturday,Хлеб,Активный
2026-06-07,"Тартин 0,75",4.0,КИТЧЕН,Sunday,Хлеб,Активный
2026-06-08,"Тартин 0,75",2.0,КИТЧЕН,Monday,Хлеб,Активный
2026-06-09,"Тартин 0,75",2.0,КИТЧЕН,Tuesday,Хлеб,Активный
2026-06-10,"Тартин 0,75",2.0,КИТЧЕН,Wednesday,Хлеб,Активный
2026-06-11,"Тартин 0,75",2.0,КИТЧЕН,Thursday,Хлеб,Активный
2026-06-12,"Тартин 0,75",4.0,КИТЧЕН,Friday,Хлеб,Активный
2026-06-13,"Тартин 0,75",4.0,КИТЧЕН,Saturday,Хлеб,Активный
2026-06-14,"Тартин 0,75",4.0,КИТЧЕН,Sunday,Хлеб,Активный
2026-06-15,"Тартин 0,75",2.0,КИТЧЕН,Monday,Хлеб,Активный
2026-06-16,"Тартин 0,75",2.0,КИТЧЕН,Tuesday,Хлеб,Активный
2026-06-17,"Тартин 0,75",2.0,КИТЧЕН,Wednesday,Хлеб,Активный
2026-06-18,"Тартин 0,75",2.0,КИТЧЕН,Thursday,Хлеб,Активный
2026-06-19,"Тартин 0,75",4.0,КИТЧЕН,Friday,Хлеб,Активный
2026-06-20,"Тартин 0,75",4.0,КИТЧЕН,Saturday,Хлеб,Активный
2026-06-21,"Тартин 0,75",4.0,КИТЧЕН,Sunday,Хлеб,Активный
2026-06-22,"Тартин 0,75",2.0,КИТЧЕН,Monday,Хлеб,Активный
2026-06-23,"Тартин 0,75",2.0,КИТЧЕН,Tuesday,Хлеб,Активный
2026-06-24,"Тартин 0,75",2.0,КИТЧЕН,Wednesday,Хлеб,Активный
2026-06-25,"Тартин 0,75",2.0,КИТЧЕН,Thursday,Хлеб,Активный
2026-06-26,"Тартин 0,75",4.0,КИТЧЕН,Friday,Хлеб,Активный
2026-06-27,"Тартин 0,75",4.0,КИТЧЕН,Saturday,Хлеб,Активный
2026-06-28,"Тартин 0,75",4.0,КИТЧЕН,Sunday,Хлеб,Активный
2026-06-29,"Тартин 0,75",2.0,КИТЧЕН,Monday,Хлеб,Активный
2026-06-30,"Тартин 0,75",2.0,КИТЧЕН,Tuesday,Хлеб,Активный
2026-07-01,"Тартин 0,75",2.0,КИТЧЕН,Wednesday,Хлеб,Активный
2026-07-02,"Тартин 0,75",2.0,КИТЧЕН,Thursday,Хлеб,Активный
2026-07-03,"Тартин 0,75",4.0,КИТЧЕН,Friday,Хлеб,Активный
2026-07-04,"Тартин 0,75",4.0,КИТЧЕН,Saturday,Хлеб,Активный
2026-07-05,"Тартин 0,75",4.0,КИТЧЕН,Sunday,Хлеб,Активный
2026-07-06,"Тартин 0,75",2.0,КИТЧЕН,Monday,Хлеб,Активный
2026-07-07,"Тартин 0,75",2.0,КИТЧЕН,Tuesday,Хлеб,Активный
2026-07-08,"Тартин 0,75",2.0,КИТЧЕН,Wednesday,Хлеб,Активный
2026-07-09,"Тартин 0,75",2.0,КИТЧЕН,Thursday,Хлеб,Активный
2026-07-10,"Тартин 0,75",4.0,КИТЧЕН,Friday,Хлеб,Активный
2026-07-11,"Тартин 0,75",4.0,КИТЧЕН,Saturday,Хлеб,Активный
2026-07-12,"Тартин 0,75",4.0,КИТЧЕН,Sunday,Хлеб,Активный
2026-07-13,"Тартин 0,75",4.0,КИТЧЕН,Monday,Хлеб,Активный
2026-07-14,"Тартин 0,75",2.0,КИТЧЕН,Tuesday,Хлеб,Активный
2026-07-15,"Тартин 0,75",2.0,КИТЧЕН,Wednesday,Хлеб,Активный
2026-07-16,"Тартин 0,75",2.0,КИТЧЕН,Thursday,Хлеб,Активный
2026-07-17,"Тартин 0,75",4.0,КИТЧЕН,Friday,Хлеб,Активный
2026-07-18,"Тартин 0,75",4.0,КИТЧЕН,Saturday,Хлеб,Активный
2026-07-19,"Тартин 0,75",4.0,КИТЧЕН,Sunday,Хлеб,Активный
2026-07-20,"Тартин 0,75",4.0,КИТЧЕН,Monday,Хлеб,Активный
2026-07-21,"Тартин 0,75",2.0,КИТЧЕН,Tuesday,Хлеб,Активный
2026-07-22,"Тартин 0,75",2.0,КИТЧЕН,Wednesday,Хлеб,Активный
2026-07-23,"Тартин 0,75",2.0,КИТЧЕН,Thursday,Хлеб,Активный
2026-07-24,"Тартин 0,75",4.0,КИТЧЕН,Friday,Хлеб,Активный
2026-07-25,"Тартин 0,75",4.0,КИТЧЕН,Saturday,Хлеб,Активный
2026-07-26,"Тартин 0,75",4.0,КИТЧЕН,Sunday,Хлеб,Активный
2026-07-27,"Тартин 0,75",4.0,КИТЧЕН,Monday,Хлеб,Активный
2026-07-28,"Тартин 0,75",2.0,КИТЧЕН,Tuesday,Хлеб,Активный
2026-07-29,"Тартин 0,75",2.0,КИТЧЕН,Wednesday,Хлеб,Активный
2026-07-30,"Тартин 0,75",2.0,КИТЧЕН,Thursday,Хлеб,Активный
2026-07-31,"Тартин 0,75",4.0,КИТЧЕН,Friday,Хлеб,Активный
2026-08-01,"Тартин 0,75",4.0,КИТЧЕН,Saturday,Хлеб,Активный
2026-08-02,"Тартин 0,75",4.0,КИТЧЕН,Sunday,Хлеб,Активный
2026-08-03,"Тартин 0,75",4.0,КИТЧЕН,Monday,Хлеб,Активный
2026-08-04,"Тартин 0,75",2.0,КИТЧЕН,Tuesday,Хлеб,Активный
2026-08-05,"Тартин 0,75",2.0,КИТЧЕН,Wednesday,Хлеб,Активный
2026-08-06,"Тартин 0,75",2.0,КИТЧЕН,Thursday,Хлеб,Активный
2026-08-07,"Тартин 0,75",3.0,КИТЧЕН,Friday,Хлеб,Активный
2026-08-08,"Тартин 0,75",4.0,КИТЧЕН,Saturday,Хлеб,Активный
2026-08-09,"Тартин 0,75",4.0,КИТЧЕН,Sunday,Хлеб,Активный
2026-08-10,"Тартин 0,75",4.0,КИТЧЕН,Monday,Хлеб,Активный
2026-08-11,"Тартин 0,75",2.0,КИТЧЕН,Tuesday,Хлеб,Активный
2026-08-12,"Тартин 0,75",2.0,КИТЧЕН,Wednesday,Хлеб,Активный
2026-08-13,"Тартин 0,75",2.0,КИТЧЕН,Thursday,Хлеб,Активный
2026-08-14,"Тартин 0,75",3.0,КИТЧЕН,Friday,Хлеб,Активный
2026-08-15,"Тартин 0,75",4.0,КИТЧЕН,Saturday,Хлеб,Активный
2026-08-16,"Тартин 0,75",4.0,КИТЧЕН,Sunday,Хлеб,Активный
2026-08-17,"Тартин 0,75",4.0,КИТЧЕН,Monday,Хлеб,Активный
2026-08-18,"Тартин 0,75",2.0,КИТЧЕН,Tuesday,Хлеб,Активный
2026-08-19,"Тартин 0,75",2.0,КИТЧЕН,Wednesday,Хлеб,Активный
2026-08-20,"Тартин 0,75",2.0,КИТЧЕН,Thursday,Хлеб,Активный
2026-08-21,"Тартин 0,75",3.0,КИТЧЕН,Friday,Хлеб,Активный
2026-08-22,"Тартин 0,75",4.0,КИТЧЕН,Saturday,Хлеб,Активный
2026-08-23,"Тартин 0,75",4.0,КИТЧЕН,Sunday,Хлеб,Активный
2026-08-24,"Тартин 0,75",4.0,КИТЧЕН,Monday,Хлеб,Активный
2026-08-25,"Тартин 0,75",2.0,КИТЧЕН,Tuesday,Хлеб,Активный
2026-08-26,"Тартин 0,75",2.0,КИТЧЕН,Wednesday,Хлеб,Активный
2026-08-27,"Тартин 0,75",2.0,КИТЧЕН,Thursday,Хлеб,Активный
2026-08-28,"Тартин 0,75",3.0,КИТЧЕН,Friday,Хлеб,Активный
2026-08-29,"Тартин 0,75",4.0,КИТЧЕН,Saturday,Хлеб,Активный
2026-08-30,"Тартин 0,75",4.0,КИТЧЕН,Sunday,Хлеб,Активный
2026-08-31,"Тартин 0,75",0.0,КИТЧЕН,Monday,Хлеб,Активный
2026-06-01,Тартин гречка,2.0,КИТЧЕН,Monday,Хлеб,Активный
2026-06-02,Тартин гречка,2.0,КИТЧЕН,Tuesday,Хлеб,Активный
2026-06-03,Тартин гречка,3.0,КИТЧЕН,Wednesday,Хлеб,Активный
2026-06-04,Тартин гречка,2.0,КИТЧЕН,Thursday,Хлеб,Активный
2026-06-05,Тартин гречка,4.0,КИТЧЕН,Friday,Хлеб,Активный
2026-06-06,Тартин гречка,4.0,КИТЧЕН,Saturday,Хлеб,Активный
2026-06-07,Тартин гречка,4.0,КИТЧЕН,Sunday,Хлеб,Активный
2026-06-08,Тартин гречка,2.0,КИТЧЕН,Monday,Хлеб,Активный
2026-06-09,Тартин гречка,2.0,КИТЧЕН,Tuesday,Хлеб,Активный
2026-06-10,Тартин гречка,2.0,КИТЧЕН,Wednesday,Хлеб,Активный
2026-06-11,Тартин гречка,2.0,КИТЧЕН,Thursday,Хлеб,Активный
2026-06-12,Тартин гречка,4.0,КИТЧЕН,Friday,Хлеб,Активный
2026-06-13,Тартин гречка,4.0,КИТЧЕН,Saturday,Хлеб,Активный
2026-06-14,Тартин гречка,4.0,КИТЧЕН,Sunday,Хлеб,Активный
2026-06-15,Тартин гречка,2.0,КИТЧЕН,Monday,Хлеб,Активный
2026-06-16,Тартин гречка,2.0,КИТЧЕН,Tuesday,Хлеб,Активный
2026-06-17,Тартин гречка,2.0,КИТЧЕН,Wednesday,Хлеб,Активный
2026-06-18,Тартин гречка,2.0,КИТЧЕН,Thursday,Хлеб,Активный
2026-06-19,Тартин гречка,4.0,КИТЧЕН,Friday,Хлеб,Активный
2026-06-20,Тартин гречка,4.0,КИТЧЕН,Saturday,Хлеб,Активный
2026-06-21,Тартин гречка,4.0,КИТЧЕН,Sunday,Хлеб,Активный
2026-06-22,Тартин гречка,2.0,КИТЧЕН,Monday,Хлеб,Активный
2026-06-23,Тартин гречка,2.0,КИТЧЕН,Tuesday,Хлеб,Активный
2026-06-24,Тартин гречка,2.0,КИТЧЕН,Wednesday,Хлеб,Активный
2026-06-25,Тартин гречка,2.0,КИТЧЕН,Thursday,Хлеб,Активный
2026-06-26,Тартин гречка,4.0,КИТЧЕН,Friday,Хлеб,Активный
2026-06-27,Тартин гречка,6.0,КИТЧЕН,Saturday,Хлеб,Активный
2026-06-28,Тартин гречка,6.0,КИТЧЕН,Sunday,Хлеб,Активный
2026-06-29,Тартин гречка,2.0,КИТЧЕН,Monday,Хлеб,Активный
2026-06-30,Тартин гречка,2.0,КИТЧЕН,Tuesday,Хлеб,Активный
2026-07-01,Тартин гречка,2.0,КИТЧЕН,Wednesday,Хлеб,Активный
2026-07-02,Тартин гречка,2.0,КИТЧЕН,Thursday,Хлеб,Активный
2026-07-03,Тартин гречка,2.0,КИТЧЕН,Friday,Хлеб,Активный
2026-07-04,Тартин гречка,4.0,КИТЧЕН,Saturday,Хлеб,Активный
2026-07-05,Тартин гречка,4.0,КИТЧЕН,Sunday,Хлеб,Активный
2026-07-06,Тартин гречка,2.0,КИТЧЕН,Monday,Хлеб,Активный
2026-07-07,Тартин гречка,2.0,КИТЧЕН,Tuesday,Хлеб,Активный
2026-07-08,Тартин гречка,2.0,КИТЧЕН,Wednesday,Хлеб,Активный
2026-07-09,Тартин гречка,2.0,КИТЧЕН,Thursday,Хлеб,Активный
2026-07-10,Тартин гречка,2.0,КИТЧЕН,Friday,Хлеб,Активный
2026-07-11,Тартин гречка,4.0,КИТЧЕН,Saturday,Хлеб,Активный
2026-07-12,Тартин гречка,4.0,КИТЧЕН,Sunday,Хлеб,Активный
2026-07-13,Тартин гречка,2.0,КИТЧЕН,Monday,Хлеб,Активный
2026-07-14,Тартин гречка,2.0,КИТЧЕН,Tuesday,Хлеб,Активный
2026-07-15,Тартин гречка,2.0,КИТЧЕН,Wednesday,Хлеб,Активный
2026-07-16,Тартин гречка,2.0,КИТЧЕН,Thursday,Хлеб,Активный
2026-07-17,Тартин гречка,2.0,КИТЧЕН,Friday,Хлеб,Активный
2026-07-18,Тартин гречка,4.0,КИТЧЕН,Saturday,Хлеб,Активный
2026-07-19,Тартин гречка,4.0,КИТЧЕН,Sunday,Хлеб,Активный
2026-07-20,Тартин гречка,2.0,КИТЧЕН,Monday,Хлеб,Активный
2026-07-21,Тартин гречка,2.0,КИТЧЕН,Tuesday,Хлеб,Активный
2026-07-22,Тартин гречка,2.0,КИТЧЕН,Wednesday,Хлеб,Активный
2026-07-23,Тартин гречка,2.0,КИТЧЕН,Thursday,Хлеб,Активный
2026-07-24,Тартин гречка,2.0,КИТЧЕН,Friday,Хлеб,Активный
2026-07-25,Тартин гречка,4.0,КИТЧЕН,Saturday,Хлеб,Активный
2026-07-26,Тартин гречка,4.0,КИТЧЕН,Sunday,Хлеб,Активный
2026-07-27,Тартин гречка,2.0,КИТЧЕН,Monday,Хлеб,Активный
2026-07-28,Тартин гречка,2.0,КИТЧЕН,Tuesday,Хлеб,Активный
2026-07-29,Тартин гречка,2.0,КИТЧЕН,Wednesday,Хлеб,Активный
2026-07-30,Тартин гречка,2.0,КИТЧЕН,Thursday,Хлеб,Активный
2026-07-31,Тартин гречка,2.0,КИТЧЕН,Friday,Хлеб,Активный
2026-08-01,Тартин гречка,4.0,КИТЧЕН,Saturday,Хлеб,Активный
2026-08-02,Тартин гречка,4.0,КИТЧЕН,Sunday,Хлеб,Активный
2026-08-03,Тартин гречка,2.0,КИТЧЕН,Monday,Хлеб,Активный
2026-08-04,Тартин гречка,2.0,КИТЧЕН,Tuesday,Хлеб,Активный
2026-08-05,Тартин гречка,2.0,КИТЧЕН,Wednesday,Хлеб,Активный
2026-08-06,Тартин гречка,2.0,КИТЧЕН,Thursday,Хлеб,Активный
2026-08-07,Тартин гречка,2.0,КИТЧЕН,Friday,Хлеб,Активный
2026-08-08,Тартин гречка,4.0,КИТЧЕН,Saturday,Хлеб,Активный
2026-08-09,Тартин гречка,4.0,КИТЧЕН,Sunday,Хлеб,Активный
2026-08-10,Тартин гречка,2.0,КИТЧЕН,Monday,Хлеб,Активный
2026-08-11,Тартин гречка,2.0,КИТЧЕН,Tuesday,Хлеб,Активный
2026-08-12,Тартин гречка,2.0,КИТЧЕН,Wednesday,Хлеб,Активный
2026-08-13,Тартин гречка,2.0,КИТЧЕН,Thursday,Хлеб,Активный
2026-08-14,Тартин гречка,2.0,КИТЧЕН,Friday,Хлеб,Активный
2026-08-15,Тартин гречка,4.0,КИТЧЕН,Saturday,Хлеб,Активный
2026-08-16,Тартин гречка,4.0,КИТЧЕН,Sunday,Хлеб,Активный
2026-08-17,Тартин гречка,2.0,КИТЧЕН,Monday,Хлеб,Активный
2026-08-18,Тартин гречка,2.0,КИТЧЕН,Tuesday,Хлеб,Активный
2026-08-19,Тартин гречка,2.0,КИТЧЕН,Wednesday,Хлеб,Активный
2026-08-20,Тартин гречка,2.0,КИТЧЕН,Thursday,Хлеб,Активный
2026-08-21,Тартин гречка,2.0,КИТЧЕН,Friday,Хлеб,Активный
2026-08-22,Тартин гречка,4.0,КИТЧЕН,Saturday,Хлеб,Активный
2026-08-23,Тартин гречка,4.0,КИТЧЕН,Sunday,Хлеб,Активный
2026-08-24,Тартин гречка,2.0,КИТЧЕН,Monday,Хлеб,Активный
2026-08-25,Тартин гречка,2.0,КИТЧЕН,Tuesday,Хлеб,Активный
2026-08-26,Тартин гречка,2.0,КИТЧЕН,Wednesday,Хлеб,Активный
2026-08-27,Тартин гречка,2.0,КИТЧЕН,Thursday,Хлеб,Активный
2026-08-28,Тартин гречка,2.0,КИТЧЕН,Friday,Хлеб,Активный
2026-08-29,Тартин гречка,4.0,КИТЧЕН,Saturday,Хлеб,Активный
2026-08-30,Тартин гречка,4.0,КИТЧЕН,Sunday,Хлеб,Активный
2026-08-31,Тартин гречка,1.0,КИТЧЕН,Monday,Хлеб,Активный
2026-06-02,Бородинский хлеб,3.0,КИТЧЕН,Tuesday,Хлеб,Активный
2026-06-04,Бородинский хлеб,3.0,КИТЧЕН,Thursday,Хлеб,Активный
2026-06-06,Бородинский хлеб,3.0,КИТЧЕН,Saturday,Хлеб,Активный
2026-06-09,Бородинский хлеб,3.0,КИТЧЕН,Tuesday,Хлеб,Активный
2026-06-11,Бородинский хлеб,3.0,КИТЧЕН,Thursday,Хлеб,Активный
2026-06-13,Бородинский хлеб,3.0,КИТЧЕН,Saturday,Хлеб,Активный
2026-06-16,Бородинский хлеб,3.0,КИТЧЕН,Tuesday,Хлеб,Активный
2026-06-18,Бородинский хлеб,3.0,КИТЧЕН,Thursday,Хлеб,Активный
2026-06-20,Бородинский хлеб,3.0,КИТЧЕН,Saturday,Хлеб,Активный
2026-06-23,Бородинский хлеб,3.0,КИТЧЕН,Tuesday,Хлеб,Активный
2026-06-25,Бородинский хлеб,3.0,КИТЧЕН,Thursday,Хлеб,Активный
2026-06-27,Бородинский хлеб,6.0,КИТЧЕН,Saturday,Хлеб,Активный
2026-06-30,Бородинский хлеб,3.0,КИТЧЕН,Tuesday,Хлеб,Активный
2026-07-02,Бородинский хлеб,3.0,КИТЧЕН,Thursday,Хлеб,Активный
2026-07-04,Бородинский хлеб,4.0,КИТЧЕН,Saturday,Хлеб,Активный
2026-07-07,Бородинский хлеб,3.0,КИТЧЕН,Tuesday,Хлеб,Активный
2026-07-09,Бородинский хлеб,3.0,КИТЧЕН,Thursday,Хлеб,Активный
2026-07-11,Бородинский хлеб,4.0,КИТЧЕН,Saturday,Хлеб,Активный
2026-07-14,Бородинский хлеб,3.0,КИТЧЕН,Tuesday,Хлеб,Активный
2026-07-16,Бородинский хлеб,3.0,КИТЧЕН,Thursday,Хлеб,Активный
2026-07-18,Бородинский хлеб,4.0,КИТЧЕН,Saturday,Хлеб,Активный
2026-07-21,Бородинский хлеб,3.0,КИТЧЕН,Tuesday,Хлеб,Активный
2026-07-23,Бородинский хлеб,3.0,КИТЧЕН,Thursday,Хлеб,Активный
2026-07-25,Бородинский хлеб,4.0,КИТЧЕН,Saturday,Хлеб,Активный
2026-07-28,Бородинский хлеб,3.0,КИТЧЕН,Tuesday,Хлеб,Активный
2026-07-30,Бородинский хлеб,3.0,КИТЧЕН,Thursday,Хлеб,Активный
2026-08-01,Бородинский хлеб,4.0,КИТЧЕН,Saturday,Хлеб,Активный
2026-08-04,Бородинский хлеб,3.0,КИТЧЕН,Tuesday,Хлеб,Активный
2026-08-06,Бородинский хлеб,3.0,КИТЧЕН,Thursday,Хлеб,Активный
2026-08-08,Бородинский хлеб,4.0,КИТЧЕН,Saturday,Хлеб,Активный
2026-08-11,Бородинский хлеб,3.0,КИТЧЕН,Tuesday,Хлеб,Активный
2026-08-13,Бородинский хлеб,3.0,КИТЧЕН,Thursday,Хлеб,Активный
2026-08-15,Бородинский хлеб,4.0,КИТЧЕН,Saturday,Хлеб,Активный
2026-08-18,Бородинский хлеб,3.0,КИТЧЕН,Tuesday,Хлеб,Активный
2026-08-20,Бородинский хлеб,3.0,КИТЧЕН,Thursday,Хлеб,Активный
2026-08-22,Бородинский хлеб,4.0,КИТЧЕН,Saturday,Хлеб,Активный
2026-08-25,Бородинский хлеб,3.0,КИТЧЕН,Tuesday,Хлеб,Активный
2026-08-27,Бородинский хлеб,3.0,КИТЧЕН,Thursday,Хлеб,Активный
2026-08-29,Бородинский хлеб,4.0,КИТЧЕН,Saturday,Хлеб,Активный
2026-06-01,Кунжутная булка,10.0,КИТЧЕН,Monday,Булки,Активный
2026-06-02,Кунжутная булка,10.0,КИТЧЕН,Tuesday,Булки,Активный
2026-06-03,Кунжутная булка,10.0,КИТЧЕН,Wednesday,Булки,Активный
2026-06-04,Кунжутная булка,10.0,КИТЧЕН,Thursday,Булки,Активный
2026-06-05,Кунжутная булка,10.0,КИТЧЕН,Friday,Булки,Активный
2026-06-06,Кунжутная булка,12.0,КИТЧЕН,Saturday,Булки,Активный
2026-06-07,Кунжутная булка,12.0,КИТЧЕН,Sunday,Булки,Активный
2026-06-08,Кунжутная булка,10.0,КИТЧЕН,Monday,Булки,Активный
2026-06-09,Кунжутная булка,10.0,КИТЧЕН,Tuesday,Булки,Активный
2026-06-10,Кунжутная булка,10.0,КИТЧЕН,Wednesday,Булки,Активный
2026-06-11,Кунжутная булка,10.0,КИТЧЕН,Thursday,Булки,Активный
2026-06-12,Кунжутная булка,12.0,КИТЧЕН,Friday,Булки,Активный
2026-06-13,Кунжутная булка,16.0,КИТЧЕН,Saturday,Булки,Активный
2026-06-14,Кунжутная булка,12.0,КИТЧЕН,Sunday,Булки,Активный
2026-06-15,Кунжутная булка,10.0,КИТЧЕН,Monday,Булки,Активный
2026-06-16,Кунжутная булка,10.0,КИТЧЕН,Tuesday,Булки,Активный
2026-06-17,Кунжутная булка,10.0,КИТЧЕН,Wednesday,Булки,Активный
2026-06-18,Кунжутная булка,10.0,КИТЧЕН,Thursday,Булки,Активный
2026-06-19,Кунжутная булка,12.0,КИТЧЕН,Friday,Булки,Активный
2026-06-20,Кунжутная булка,16.0,КИТЧЕН,Saturday,Булки,Активный
2026-06-21,Кунжутная булка,12.0,КИТЧЕН,Sunday,Булки,Активный
2026-06-22,Кунжутная булка,12.0,КИТЧЕН,Monday,Булки,Активный
2026-06-23,Кунжутная булка,12.0,КИТЧЕН,Tuesday,Булки,Активный
2026-06-24,Кунжутная булка,12.0,КИТЧЕН,Wednesday,Булки,Активный
2026-06-25,Кунжутная булка,12.0,КИТЧЕН,Thursday,Булки,Активный
2026-06-26,Кунжутная булка,12.0,КИТЧЕН,Friday,Булки,Активный
2026-06-27,Кунжутная булка,25.0,КИТЧЕН,Saturday,Булки,Активный
2026-06-28,Кунжутная булка,20.0,КИТЧЕН,Sunday,Булки,Активный
2026-06-29,Кунжутная булка,10.0,КИТЧЕН,Monday,Булки,Активный
2026-06-30,Кунжутная булка,10.0,КИТЧЕН,Tuesday,Булки,Активный
2026-07-01,Кунжутная булка,10.0,КИТЧЕН,Wednesday,Булки,Активный
2026-07-02,Кунжутная булка,10.0,КИТЧЕН,Thursday,Булки,Активный
2026-07-03,Кунжутная булка,12.0,КИТЧЕН,Friday,Булки,Активный
2026-07-04,Кунжутная булка,14.0,КИТЧЕН,Saturday,Булки,Активный
2026-07-05,Кунжутная булка,14.0,КИТЧЕН,Sunday,Булки,Активный
2026-07-06,Кунжутная булка,10.0,КИТЧЕН,Monday,Булки,Активный
2026-07-07,Кунжутная булка,10.0,КИТЧЕН,Tuesday,Булки,Активный
2026-07-08,Кунжутная булка,10.0,КИТЧЕН,Wednesday,Булки,Активный
2026-07-09,Кунжутная булка,10.0,КИТЧЕН,Thursday,Булки,Активный
2026-07-10,Кунжутная булка,12.0,КИТЧЕН,Friday,Булки,Активный
2026-07-11,Кунжутная булка,14.0,КИТЧЕН,Saturday,Булки,Активный
2026-07-12,Кунжутная булка,14.0,КИТЧЕН,Sunday,Булки,Активный
2026-07-13,Кунжутная булка,10.0,КИТЧЕН,Monday,Булки,Активный
2026-07-14,Кунжутная булка,10.0,КИТЧЕН,Tuesday,Булки,Активный
2026-07-15,Кунжутная булка,10.0,КИТЧЕН,Wednesday,Булки,Активный
2026-07-16,Кунжутная булка,10.0,КИТЧЕН,Thursday,Булки,Активный
2026-07-17,Кунжутная булка,12.0,КИТЧЕН,Friday,Булки,Активный
2026-07-18,Кунжутная булка,14.0,КИТЧЕН,Saturday,Булки,Активный
2026-07-19,Кунжутная булка,14.0,КИТЧЕН,Sunday,Булки,Активный
2026-07-20,Кунжутная булка,6.0,КИТЧЕН,Monday,Булки,Активный
2026-07-21,Кунжутная булка,6.0,КИТЧЕН,Tuesday,Булки,Активный
2026-07-22,Кунжутная булка,6.0,КИТЧЕН,Wednesday,Булки,Активный
2026-07-23,Кунжутная булка,6.0,КИТЧЕН,Thursday,Булки,Активный
2026-07-24,Кунжутная булка,8.0,КИТЧЕН,Friday,Булки,Активный
2026-07-25,Кунжутная булка,14.0,КИТЧЕН,Saturday,Булки,Активный
2026-07-26,Кунжутная булка,14.0,КИТЧЕН,Sunday,Булки,Активный
2026-07-27,Кунжутная булка,6.0,КИТЧЕН,Monday,Булки,Активный
2026-07-28,Кунжутная булка,6.0,КИТЧЕН,Tuesday,Булки,Активный
2026-07-29,Кунжутная булка,6.0,КИТЧЕН,Wednesday,Булки,Активный
2026-07-30,Кунжутная булка,6.0,КИТЧЕН,Thursday,Булки,Активный
2026-07-31,Кунжутная булка,8.0,КИТЧЕН,Friday,Булки,Активный
2026-08-01,Кунжутная булка,14.0,КИТЧЕН,Saturday,Булки,Активный
2026-08-02,Кунжутная булка,14.0,КИТЧЕН,Sunday,Булки,Активный
2026-08-03,Кунжутная булка,6.0,КИТЧЕН,Monday,Булки,Активный
2026-08-04,Кунжутная булка,6.0,КИТЧЕН,Tuesday,Булки,Активный
2026-08-05,Кунжутная булка,6.0,КИТЧЕН,Wednesday,Булки,Активный
2026-08-06,Кунжутная булка,6.0,КИТЧЕН,Thursday,Булки,Активный
2026-08-07,Кунжутная булка,8.0,КИТЧЕН,Friday,Булки,Активный
2026-08-08,Кунжутная булка,14.0,КИТЧЕН,Saturday,Булки,Активный
2026-08-09,Кунжутная булка,14.0,КИТЧЕН,Sunday,Булки,Активный
2026-08-10,Кунжутная булка,6.0,КИТЧЕН,Monday,Булки,Активный
2026-08-11,Кунжутная булка,6.0,КИТЧЕН,Tuesday,Булки,Активный
2026-08-12,Кунжутная булка,6.0,КИТЧЕН,Wednesday,Булки,Активный
2026-08-13,Кунжутная булка,6.0,КИТЧЕН,Thursday,Булки,Активный
2026-08-14,Кунжутная булка,8.0,КИТЧЕН,Friday,Булки,Активный
2026-08-15,Кунжутная булка,14.0,КИТЧЕН,Saturday,Булки,Активный
2026-08-16,Кунжутная булка,14.0,КИТЧЕН,Sunday,Булки,Активный
2026-08-17,Кунжутная булка,6.0,КИТЧЕН,Monday,Булки,Активный
2026-08-18,Кунжутная булка,6.0,КИТЧЕН,Tuesday,Булки,Активный
2026-08-19,Кунжутная булка,6.0,КИТЧЕН,Wednesday,Булки,Активный
2026-08-20,Кунжутная булка,6.0,КИТЧЕН,Thursday,Булки,Активный
2026-08-21,Кунжутная булка,8.0,КИТЧЕН,Friday,Булки,Активный
2026-08-22,Кунжутная булка,14.0,КИТЧЕН,Saturday,Булки,Активный
2026-08-23,Кунжутная булка,14.0,КИТЧЕН,Sunday,Булки,Активный
2026-08-24,Кунжутная булка,6.0,КИТЧЕН,Monday,Булки,Активный
2026-08-25,Кунжутная булка,6.0,КИТЧЕН,Tuesday,Булки,Активный
2026-08-26,Кунжутная булка,6.0,КИТЧЕН,Wednesday,Булки,Активный
2026-08-27,Кунжутная булка,6.0,КИТЧЕН,Thursday,Булки,Активный
2026-08-28,Кунжутная булка,8.0,КИТЧЕН,Friday,Булки,Активный
2026-08-29,Кунжутная булка,16.0,КИТЧЕН,Saturday,Булки,Активный
2026-08-30,Кунжутная булка,16.0,КИТЧЕН,Sunday,Булки,Активный
2026-08-31,Кунжутная булка,5.0,КИТЧЕН,Monday,Булки,Активный
2026-06-01,Круассан 75г,3.0,КИТЧЕН,Monday,Выпечка,Активный
2026-06-02,Круассан 75г,3.0,КИТЧЕН,Tuesday,Выпечка,Активный
2026-06-03,Круассан 75г,6.0,КИТЧЕН,Wednesday,Выпечка,Активный
2026-06-04,Круассан 75г,6.0,КИТЧЕН,Thursday,Выпечка,Активный
2026-06-05,Круассан 75г,11.0,КИТЧЕН,Friday,Выпечка,Активный
2026-06-06,Круассан 75г,13.0,КИТЧЕН,Saturday,Выпечка,Активный
2026-06-07,Круассан 75г,13.0,КИТЧЕН,Sunday,Выпечка,Активный
2026-06-08,Круассан 75г,6.0,КИТЧЕН,Monday,Выпечка,Активный
2026-06-09,Круассан 75г,6.0,КИТЧЕН,Tuesday,Выпечка,Активный
2026-06-10,Круассан 75г,6.0,КИТЧЕН,Wednesday,Выпечка,Активный
2026-06-11,Круассан 75г,6.0,КИТЧЕН,Thursday,Выпечка,Активный
2026-06-12,Круассан 75г,11.0,КИТЧЕН,Friday,Выпечка,Активный
2026-06-13,Круассан 75г,13.0,КИТЧЕН,Saturday,Выпечка,Активный
2026-06-14,Круассан 75г,13.0,КИТЧЕН,Sunday,Выпечка,Активный
2026-06-15,Круассан 75г,6.0,КИТЧЕН,Monday,Выпечка,Активный
2026-06-16,Круассан 75г,6.0,КИТЧЕН,Tuesday,Выпечка,Активный
2026-06-17,Круассан 75г,6.0,КИТЧЕН,Wednesday,Выпечка,Активный
2026-06-18,Круассан 75г,6.0,КИТЧЕН,Thursday,Выпечка,Активный
2026-06-19,Круассан 75г,11.0,КИТЧЕН,Friday,Выпечка,Активный
2026-06-20,Круассан 75г,13.0,КИТЧЕН,Saturday,Выпечка,Активный
2026-06-21,Круассан 75г,13.0,КИТЧЕН,Sunday,Выпечка,Активный
2026-06-22,Круассан 75г,6.0,КИТЧЕН,Monday,Выпечка,Активный
2026-06-23,Круассан 75г,6.0,КИТЧЕН,Tuesday,Выпечка,Активный
2026-06-24,Круассан 75г,6.0,КИТЧЕН,Wednesday,Выпечка,Активный
2026-06-25,Круассан 75г,6.0,КИТЧЕН,Thursday,Выпечка,Активный
2026-06-26,Круассан 75г,11.0,КИТЧЕН,Friday,Выпечка,Активный
2026-06-27,Круассан 75г,18.0,КИТЧЕН,Saturday,Выпечка,Активный
2026-06-28,Круассан 75г,18.0,КИТЧЕН,Sunday,Выпечка,Активный
2026-06-29,Круассан 75г,6.0,КИТЧЕН,Monday,Выпечка,Активный
2026-06-30,Круассан 75г,6.0,КИТЧЕН,Tuesday,Выпечка,Активный
2026-07-01,Круассан 75г,6.0,КИТЧЕН,Wednesday,Выпечка,Активный
2026-07-02,Круассан 75г,6.0,КИТЧЕН,Thursday,Выпечка,Активный
2026-07-03,Круассан 75г,11.0,КИТЧЕН,Friday,Выпечка,Активный
2026-07-04,Круассан 75г,13.0,КИТЧЕН,Saturday,Выпечка,Активный
2026-07-05,Круассан 75г,13.0,КИТЧЕН,Sunday,Выпечка,Активный
2026-07-06,Круассан 75г,6.0,КИТЧЕН,Monday,Выпечка,Активный
2026-07-07,Круассан 75г,6.0,КИТЧЕН,Tuesday,Выпечка,Активный
2026-07-08,Круассан 75г,6.0,КИТЧЕН,Wednesday,Выпечка,Активный
2026-07-09,Круассан 75г,6.0,КИТЧЕН,Thursday,Выпечка,Активный
2026-07-10,Круассан 75г,11.0,КИТЧЕН,Friday,Выпечка,Активный
2026-07-11,Круассан 75г,13.0,КИТЧЕН,Saturday,Выпечка,Активный
2026-07-12,Круассан 75г,13.0,КИТЧЕН,Sunday,Выпечка,Активный
2026-07-13,Круассан 75г,6.0,КИТЧЕН,Monday,Выпечка,Активный
2026-07-14,Круассан 75г,6.0,КИТЧЕН,Tuesday,Выпечка,Активный
2026-07-15,Круассан 75г,6.0,КИТЧЕН,Wednesday,Выпечка,Активный
2026-07-16,Круассан 75г,6.0,КИТЧЕН,Thursday,Выпечка,Активный
2026-07-17,Круассан 75г,11.0,КИТЧЕН,Friday,Выпечка,Активный
2026-07-18,Круассан 75г,13.0,КИТЧЕН,Saturday,Выпечка,Активный
2026-07-19,Круассан 75г,13.0,КИТЧЕН,Sunday,Выпечка,Активный
2026-07-20,Круассан 75г,6.0,КИТЧЕН,Monday,Выпечка,Активный
2026-07-21,Круассан 75г,6.0,КИТЧЕН,Tuesday,Выпечка,Активный
2026-07-22,Круассан 75г,6.0,КИТЧЕН,Wednesday,Выпечка,Активный
2026-07-23,Круассан 75г,6.0,КИТЧЕН,Thursday,Выпечка,Активный
2026-07-24,Круассан 75г,11.0,КИТЧЕН,Friday,Выпечка,Активный
2026-07-25,Круассан 75г,13.0,КИТЧЕН,Saturday,Выпечка,Активный
2026-07-26,Круассан 75г,13.0,КИТЧЕН,Sunday,Выпечка,Активный
2026-07-27,Круассан 75г,6.0,КИТЧЕН,Monday,Выпечка,Активный
2026-07-28,Круассан 75г,6.0,КИТЧЕН,Tuesday,Выпечка,Активный
2026-07-29,Круассан 75г,6.0,КИТЧЕН,Wednesday,Выпечка,Активный
2026-07-30,Круассан 75г,6.0,КИТЧЕН,Thursday,Выпечка,Активный
2026-07-31,Круассан 75г,10.0,КИТЧЕН,Friday,Выпечка,Активный
2026-08-01,Круассан 75г,13.0,КИТЧЕН,Saturday,Выпечка,Активный
2026-08-02,Круассан 75г,13.0,КИТЧЕН,Sunday,Выпечка,Активный
2026-08-03,Круассан 75г,5.0,КИТЧЕН,Monday,Выпечка,Активный
2026-08-04,Круассан 75г,5.0,КИТЧЕН,Tuesday,Выпечка,Активный
2026-08-05,Круассан 75г,5.0,КИТЧЕН,Wednesday,Выпечка,Активный
2026-08-06,Круассан 75г,5.0,КИТЧЕН,Thursday,Выпечка,Активный
2026-08-07,Круассан 75г,10.0,КИТЧЕН,Friday,Выпечка,Активный
2026-08-08,Круассан 75г,13.0,КИТЧЕН,Saturday,Выпечка,Активный
2026-08-09,Круассан 75г,13.0,КИТЧЕН,Sunday,Выпечка,Активный
2026-08-10,Круассан 75г,3.0,КИТЧЕН,Monday,Выпечка,Активный
2026-08-11,Круассан 75г,3.0,КИТЧЕН,Tuesday,Выпечка,Активный
2026-08-12,Круассан 75г,3.0,КИТЧЕН,Wednesday,Выпечка,Активный
2026-08-13,Круассан 75г,3.0,КИТЧЕН,Thursday,Выпечка,Активный
2026-08-14,Круассан 75г,6.0,КИТЧЕН,Friday,Выпечка,Активный
2026-08-15,Круассан 75г,11.0,КИТЧЕН,Saturday,Выпечка,Активный
2026-08-16,Круассан 75г,11.0,КИТЧЕН,Sunday,Выпечка,Активный
2026-08-17,Круассан 75г,3.0,КИТЧЕН,Monday,Выпечка,Активный
2026-08-18,Круассан 75г,3.0,КИТЧЕН,Tuesday,Выпечка,Активный
2026-08-19,Круассан 75г,3.0,КИТЧЕН,Wednesday,Выпечка,Активный
2026-08-20,Круассан 75г,3.0,КИТЧЕН,Thursday,Выпечка,Активный
2026-08-21,Круассан 75г,6.0,КИТЧЕН,Friday,Выпечка,Активный
2026-08-22,Круассан 75г,11.0,КИТЧЕН,Saturday,Выпечка,Активный
2026-08-23,Круассан 75г,11.0,КИТЧЕН,Sunday,Выпечка,Активный
2026-08-24,Круассан 75г,3.0,КИТЧЕН,Monday,Выпечка,Активный
2026-08-25,Круассан 75г,3.0,КИТЧЕН,Tuesday,Выпечка,Активный
2026-08-26,Круассан 75г,3.0,КИТЧЕН,Wednesday,Выпечка,Активный
2026-08-27,Круассан 75г,3.0,КИТЧЕН,Thursday,Выпечка,Активный
2026-08-28,Круассан 75г,6.0,КИТЧЕН,Friday,Выпечка,Активный
2026-08-29,Круассан 75г,11.0,КИТЧЕН,Saturday,Выпечка,Активный
2026-08-30,Круассан 75г,11.0,КИТЧЕН,Sunday,Выпечка,Активный
2026-08-31,Круассан 75г,3.0,КИТЧЕН,Monday,Выпечка,Активный
2026-06-01,Печенье финик-пекан,3.0,КИТЧЕН,Monday,Печенье,Активный
2026-06-02,Печенье финик-пекан,3.0,КИТЧЕН,Tuesday,Печенье,Активный
2026-06-03,Печенье финик-пекан,3.0,КИТЧЕН,Wednesday,Печенье,Активный
2026-06-04,Печенье финик-пекан,3.0,КИТЧЕН,Thursday,Печенье,Активный
2026-06-05,Печенье финик-пекан,3.0,КИТЧЕН,Friday,Печенье,Активный
2026-06-06,Печенье финик-пекан,7.0,КИТЧЕН,Saturday,Печенье,Активный
2026-06-07,Печенье финик-пекан,7.0,КИТЧЕН,Sunday,Печенье,Активный
2026-06-08,Печенье финик-пекан,3.0,КИТЧЕН,Monday,Печенье,Активный
2026-06-09,Печенье финик-пекан,3.0,КИТЧЕН,Tuesday,Печенье,Активный
2026-06-10,Печенье финик-пекан,3.0,КИТЧЕН,Wednesday,Печенье,Активный
2026-06-11,Печенье финик-пекан,3.0,КИТЧЕН,Thursday,Печенье,Активный
2026-06-12,Печенье финик-пекан,3.0,КИТЧЕН,Friday,Печенье,Активный
2026-06-13,Печенье финик-пекан,7.0,КИТЧЕН,Saturday,Печенье,Активный
2026-06-14,Печенье финик-пекан,7.0,КИТЧЕН,Sunday,Печенье,Активный
2026-06-15,Печенье финик-пекан,3.0,КИТЧЕН,Monday,Печенье,Активный
2026-06-16,Печенье финик-пекан,3.0,КИТЧЕН,Tuesday,Печенье,Активный
2026-06-17,Печенье финик-пекан,3.0,КИТЧЕН,Wednesday,Печенье,Активный
2026-06-18,Печенье финик-пекан,3.0,КИТЧЕН,Thursday,Печенье,Активный
2026-06-19,Печенье финик-пекан,3.0,КИТЧЕН,Friday,Печенье,Активный
2026-06-20,Печенье финик-пекан,7.0,КИТЧЕН,Saturday,Печенье,Активный
2026-06-21,Печенье финик-пекан,7.0,КИТЧЕН,Sunday,Печенье,Активный
2026-06-22,Печенье финик-пекан,3.0,КИТЧЕН,Monday,Печенье,Активный
2026-06-23,Печенье финик-пекан,3.0,КИТЧЕН,Tuesday,Печенье,Активный
2026-06-24,Печенье финик-пекан,3.0,КИТЧЕН,Wednesday,Печенье,Активный
2026-06-25,Печенье финик-пекан,3.0,КИТЧЕН,Thursday,Печенье,Активный
2026-06-26,Печенье финик-пекан,3.0,КИТЧЕН,Friday,Печенье,Активный
2026-06-27,Печенье финик-пекан,7.0,КИТЧЕН,Saturday,Печенье,Активный
2026-06-28,Печенье финик-пекан,7.0,КИТЧЕН,Sunday,Печенье,Активный
2026-06-29,Печенье финик-пекан,3.0,КИТЧЕН,Monday,Печенье,Активный
2026-06-30,Печенье финик-пекан,3.0,КИТЧЕН,Tuesday,Печенье,Активный
2026-07-01,Печенье финик-пекан,3.0,КИТЧЕН,Wednesday,Печенье,Активный
2026-07-02,Печенье финик-пекан,3.0,КИТЧЕН,Thursday,Печенье,Активный
2026-07-03,Печенье финик-пекан,3.0,КИТЧЕН,Friday,Печенье,Активный
2026-07-04,Печенье финик-пекан,7.0,КИТЧЕН,Saturday,Печенье,Активный
2026-07-05,Печенье финик-пекан,7.0,КИТЧЕН,Sunday,Печенье,Активный
2026-07-06,Печенье финик-пекан,3.0,КИТЧЕН,Monday,Печенье,Активный
2026-07-07,Печенье финик-пекан,3.0,КИТЧЕН,Tuesday,Печенье,Активный
2026-07-08,Печенье финик-пекан,3.0,КИТЧЕН,Wednesday,Печенье,Активный
2026-07-09,Печенье финик-пекан,3.0,КИТЧЕН,Thursday,Печенье,Активный
2026-07-10,Печенье финик-пекан,3.0,КИТЧЕН,Friday,Печенье,Активный
2026-07-11,Печенье финик-пекан,7.0,КИТЧЕН,Saturday,Печенье,Активный
2026-07-12,Печенье финик-пекан,7.0,КИТЧЕН,Sunday,Печенье,Активный
2026-07-13,Печенье финик-пекан,3.0,КИТЧЕН,Monday,Печенье,Активный
2026-07-14,Печенье финик-пекан,3.0,КИТЧЕН,Tuesday,Печенье,Активный
2026-07-15,Печенье финик-пекан,3.0,КИТЧЕН,Wednesday,Печенье,Активный
2026-07-16,Печенье финик-пекан,3.0,КИТЧЕН,Thursday,Печенье,Активный
2026-07-17,Печенье финик-пекан,3.0,КИТЧЕН,Friday,Печенье,Активный
2026-07-18,Печенье финик-пекан,7.0,КИТЧЕН,Saturday,Печенье,Активный
2026-07-19,Печенье финик-пекан,7.0,КИТЧЕН,Sunday,Печенье,Активный
2026-07-20,Печенье финик-пекан,3.0,КИТЧЕН,Monday,Печенье,Активный
2026-07-21,Печенье финик-пекан,3.0,КИТЧЕН,Tuesday,Печенье,Активный
2026-07-22,Печенье финик-пекан,3.0,КИТЧЕН,Wednesday,Печенье,Активный
2026-07-23,Печенье финик-пекан,3.0,КИТЧЕН,Thursday,Печенье,Активный
2026-07-24,Печенье финик-пекан,3.0,КИТЧЕН,Friday,Печенье,Активный
2026-07-25,Печенье финик-пекан,7.0,КИТЧЕН,Saturday,Печенье,Активный
2026-07-26,Печенье финик-пекан,7.0,КИТЧЕН,Sunday,Печенье,Активный
2026-07-27,Печенье финик-пекан,3.0,КИТЧЕН,Monday,Печенье,Активный
2026-07-28,Печенье финик-пекан,3.0,КИТЧЕН,Tuesday,Печенье,Активный
2026-07-29,Печенье финик-пекан,3.0,КИТЧЕН,Wednesday,Печенье,Активный
2026-07-30,Печенье финик-пекан,3.0,КИТЧЕН,Thursday,Печенье,Активный
2026-07-31,Печенье финик-пекан,3.0,КИТЧЕН,Friday,Печенье,Активный
2026-08-01,Печенье финик-пекан,7.0,КИТЧЕН,Saturday,Печенье,Активный
2026-08-02,Печенье финик-пекан,7.0,КИТЧЕН,Sunday,Печенье,Активный
2026-08-03,Печенье финик-пекан,3.0,КИТЧЕН,Monday,Печенье,Активный
2026-08-04,Печенье финик-пекан,3.0,КИТЧЕН,Tuesday,Печенье,Активный
2026-08-05,Печенье финик-пекан,3.0,КИТЧЕН,Wednesday,Печенье,Активный
2026-08-06,Печенье финик-пекан,3.0,КИТЧЕН,Thursday,Печенье,Активный
2026-08-07,Печенье финик-пекан,3.0,КИТЧЕН,Friday,Печенье,Активный
2026-08-08,Печенье финик-пекан,7.0,КИТЧЕН,Saturday,Печенье,Активный
2026-08-09,Печенье финик-пекан,7.0,КИТЧЕН,Sunday,Печенье,Активный
2026-08-10,Печенье финик-пекан,3.0,КИТЧЕН,Monday,Печенье,Активный
2026-08-11,Печенье финик-пекан,3.0,КИТЧЕН,Tuesday,Печенье,Активный
2026-08-12,Печенье финик-пекан,3.0,КИТЧЕН,Wednesday,Печенье,Активный
2026-08-13,Печенье финик-пекан,3.0,КИТЧЕН,Thursday,Печенье,Активный
2026-08-14,Печенье финик-пекан,3.0,КИТЧЕН,Friday,Печенье,Активный
2026-08-15,Печенье финик-пекан,7.0,КИТЧЕН,Saturday,Печенье,Активный
2026-08-16,Печенье финик-пекан,7.0,КИТЧЕН,Sunday,Печенье,Активный
2026-08-17,Печенье финик-пекан,3.0,КИТЧЕН,Monday,Печенье,Активный
2026-08-18,Печенье финик-пекан,3.0,КИТЧЕН,Tuesday,Печенье,Активный
2026-08-19,Печенье финик-пекан,3.0,КИТЧЕН,Wednesday,Печенье,Активный
2026-08-20,Печенье финик-пекан,3.0,КИТЧЕН,Thursday,Печенье,Активный
2026-08-21,Печенье финик-пекан,3.0,КИТЧЕН,Friday,Печенье,Активный
2026-08-22,Печенье финик-пекан,7.0,КИТЧЕН,Saturday,Печенье,Активный
2026-08-23,Печенье финик-пекан,7.0,КИТЧЕН,Sunday,Печенье,Активный
2026-08-24,Печенье финик-пекан,3.0,КИТЧЕН,Monday,Печенье,Активный
2026-08-25,Печенье финик-пекан,3.0,КИТЧЕН,Tuesday,Печенье,Активный
2026-08-26,Печенье финик-пекан,3.0,КИТЧЕН,Wednesday,Печенье,Активный
2026-08-27,Печенье финик-пекан,3.0,КИТЧЕН,Thursday,Печенье,Активный
2026-08-28,Печенье финик-пекан,3.0,КИТЧЕН,Friday,Печенье,Активный
2026-08-29,Печенье финик-пекан,7.0,КИТЧЕН,Saturday,Печенье,Активный
2026-08-30,Печенье финик-пекан,7.0,КИТЧЕН,Sunday,Печенье,Активный
2026-08-31,Печенье финик-пекан,3.0,КИТЧЕН,Monday,Печенье,Активный
2026-06-01,Печенье шоколадное с солью,3.0,КИТЧЕН,Monday,Печенье,Активный
2026-06-02,Печенье шоколадное с солью,3.0,КИТЧЕН,Tuesday,Печенье,Активный
2026-06-03,Печенье шоколадное с солью,3.0,КИТЧЕН,Wednesday,Печенье,Активный
2026-06-04,Печенье шоколадное с солью,3.0,КИТЧЕН,Thursday,Печенье,Активный
2026-06-05,Печенье шоколадное с солью,3.0,КИТЧЕН,Friday,Печенье,Активный
2026-06-06,Печенье шоколадное с солью,7.0,КИТЧЕН,Saturday,Печенье,Активный
2026-06-07,Печенье шоколадное с солью,7.0,КИТЧЕН,Sunday,Печенье,Активный
2026-06-08,Печенье шоколадное с солью,3.0,КИТЧЕН,Monday,Печенье,Активный
2026-06-09,Печенье шоколадное с солью,3.0,КИТЧЕН,Tuesday,Печенье,Активный
2026-06-10,Печенье шоколадное с солью,3.0,КИТЧЕН,Wednesday,Печенье,Активный
2026-06-11,Печенье шоколадное с солью,3.0,КИТЧЕН,Thursday,Печенье,Активный
2026-06-12,Печенье шоколадное с солью,3.0,КИТЧЕН,Friday,Печенье,Активный
2026-06-13,Печенье шоколадное с солью,7.0,КИТЧЕН,Saturday,Печенье,Активный
2026-06-14,Печенье шоколадное с солью,7.0,КИТЧЕН,Sunday,Печенье,Активный
2026-06-15,Печенье шоколадное с солью,3.0,КИТЧЕН,Monday,Печенье,Активный
2026-06-16,Печенье шоколадное с солью,3.0,КИТЧЕН,Tuesday,Печенье,Активный
2026-06-17,Печенье шоколадное с солью,3.0,КИТЧЕН,Wednesday,Печенье,Активный
2026-06-18,Печенье шоколадное с солью,3.0,КИТЧЕН,Thursday,Печенье,Активный
2026-06-19,Печенье шоколадное с солью,3.0,КИТЧЕН,Friday,Печенье,Активный
2026-06-20,Печенье шоколадное с солью,7.0,КИТЧЕН,Saturday,Печенье,Активный
2026-06-21,Печенье шоколадное с солью,7.0,КИТЧЕН,Sunday,Печенье,Активный
2026-06-22,Печенье шоколадное с солью,3.0,КИТЧЕН,Monday,Печенье,Активный
2026-06-23,Печенье шоколадное с солью,3.0,КИТЧЕН,Tuesday,Печенье,Активный
2026-06-24,Печенье шоколадное с солью,3.0,КИТЧЕН,Wednesday,Печенье,Активный
2026-06-25,Печенье шоколадное с солью,3.0,КИТЧЕН,Thursday,Печенье,Активный
2026-06-26,Печенье шоколадное с солью,3.0,КИТЧЕН,Friday,Печенье,Активный
2026-06-27,Печенье шоколадное с солью,7.0,КИТЧЕН,Saturday,Печенье,Активный
2026-06-28,Печенье шоколадное с солью,7.0,КИТЧЕН,Sunday,Печенье,Активный
2026-06-29,Печенье шоколадное с солью,3.0,КИТЧЕН,Monday,Печенье,Активный
2026-06-30,Печенье шоколадное с солью,3.0,КИТЧЕН,Tuesday,Печенье,Активный
2026-07-01,Печенье шоколадное с солью,3.0,КИТЧЕН,Wednesday,Печенье,Активный
2026-07-02,Печенье шоколадное с солью,3.0,КИТЧЕН,Thursday,Печенье,Активный
2026-07-03,Печенье шоколадное с солью,3.0,КИТЧЕН,Friday,Печенье,Активный
2026-07-04,Печенье шоколадное с солью,7.0,КИТЧЕН,Saturday,Печенье,Активный
2026-07-05,Печенье шоколадное с солью,7.0,КИТЧЕН,Sunday,Печенье,Активный
2026-07-06,Печенье шоколадное с солью,3.0,КИТЧЕН,Monday,Печенье,Активный
2026-07-07,Печенье шоколадное с солью,3.0,КИТЧЕН,Tuesday,Печенье,Активный
2026-07-08,Печенье шоколадное с солью,3.0,КИТЧЕН,Wednesday,Печенье,Активный
2026-07-09,Печенье шоколадное с солью,3.0,КИТЧЕН,Thursday,Печенье,Активный
2026-07-10,Печенье шоколадное с солью,3.0,КИТЧЕН,Friday,Печенье,Активный
2026-07-11,Печенье шоколадное с солью,7.0,КИТЧЕН,Saturday,Печенье,Активный
2026-07-12,Печенье шоколадное с солью,7.0,КИТЧЕН,Sunday,Печенье,Активный
2026-07-13,Печенье шоколадное с солью,3.0,КИТЧЕН,Monday,Печенье,Активный
2026-07-14,Печенье шоколадное с солью,3.0,КИТЧЕН,Tuesday,Печенье,Активный
2026-07-15,Печенье шоколадное с солью,3.0,КИТЧЕН,Wednesday,Печенье,Активный
2026-07-16,Печенье шоколадное с солью,3.0,КИТЧЕН,Thursday,Печенье,Активный
2026-07-17,Печенье шоколадное с солью,3.0,КИТЧЕН,Friday,Печенье,Активный
2026-07-18,Печенье шоколадное с солью,7.0,КИТЧЕН,Saturday,Печенье,Активный
2026-07-19,Печенье шоколадное с солью,7.0,КИТЧЕН,Sunday,Печенье,Активный
2026-07-20,Печенье шоколадное с солью,3.0,КИТЧЕН,Monday,Печенье,Активный
2026-07-21,Печенье шоколадное с солью,3.0,КИТЧЕН,Tuesday,Печенье,Активный
2026-07-22,Печенье шоколадное с солью,3.0,КИТЧЕН,Wednesday,Печенье,Активный
2026-07-23,Печенье шоколадное с солью,3.0,КИТЧЕН,Thursday,Печенье,Активный
2026-07-24,Печенье шоколадное с солью,3.0,КИТЧЕН,Friday,Печенье,Активный
2026-07-25,Печенье шоколадное с солью,7.0,КИТЧЕН,Saturday,Печенье,Активный
2026-07-26,Печенье шоколадное с солью,7.0,КИТЧЕН,Sunday,Печенье,Активный
2026-07-27,Печенье шоколадное с солью,3.0,КИТЧЕН,Monday,Печенье,Активный
2026-07-28,Печенье шоколадное с солью,3.0,КИТЧЕН,Tuesday,Печенье,Активный
2026-07-29,Печенье шоколадное с солью,3.0,КИТЧЕН,Wednesday,Печенье,Активный
2026-07-30,Печенье шоколадное с солью,3.0,КИТЧЕН,Thursday,Печенье,Активный
2026-07-31,Печенье шоколадное с солью,3.0,КИТЧЕН,Friday,Печенье,Активный
2026-08-01,Печенье шоколадное с солью,7.0,КИТЧЕН,Saturday,Печенье,Активный
2026-08-02,Печенье шоколадное с солью,7.0,КИТЧЕН,Sunday,Печенье,Активный
2026-08-03,Печенье шоколадное с солью,3.0,КИТЧЕН,Monday,Печенье,Активный
2026-08-04,Печенье шоколадное с солью,3.0,КИТЧЕН,Tuesday,Печенье,Активный
2026-08-05,Печенье шоколадное с солью,3.0,КИТЧЕН,Wednesday,Печенье,Активный
2026-08-06,Печенье шоколадное с солью,3.0,КИТЧЕН,Thursday,Печенье,Активный
2026-08-07,Печенье шоколадное с солью,3.0,КИТЧЕН,Friday,Печенье,Активный
2026-08-08,Печенье шоколадное с солью,7.0,КИТЧЕН,Saturday,Печенье,Активный
2026-08-09,Печенье шоколадное с солью,7.0,КИТЧЕН,Sunday,Печенье,Активный
2026-08-10,Печенье шоколадное с солью,3.0,КИТЧЕН,Monday,Печенье,Активный
2026-08-11,Печенье шоколадное с солью,3.0,КИТЧЕН,Tuesday,Печенье,Активный
2026-08-12,Печенье шоколадное с солью,3.0,КИТЧЕН,Wednesday,Печенье,Активный
2026-08-13,Печенье шоколадное с солью,3.0,КИТЧЕН,Thursday,Печенье,Активный
2026-08-14,Печенье шоколадное с солью,3.0,КИТЧЕН,Friday,Печенье,Активный
2026-08-15,Печенье шоколадное с солью,7.0,КИТЧЕН,Saturday,Печенье,Активный
2026-08-16,Печенье шоколадное с солью,7.0,КИТЧЕН,Sunday,Печенье,Активный
2026-08-17,Печенье шоколадное с солью,3.0,КИТЧЕН,Monday,Печенье,Активный
2026-08-18,Печенье шоколадное с солью,3.0,КИТЧЕН,Tuesday,Печенье,Активный
2026-08-19,Печенье шоколадное с солью,3.0,КИТЧЕН,Wednesday,Печенье,Активный
2026-08-20,Печенье шоколадное с солью,3.0,КИТЧЕН,Thursday,Печенье,Активный
2026-08-21,Печенье шоколадное с солью,3.0,КИТЧЕН,Friday,Печенье,Активный
2026-08-22,Печенье шоколадное с солью,7.0,КИТЧЕН,Saturday,Печенье,Активный
2026-08-23,Печенье шоколадное с солью,7.0,КИТЧЕН,Sunday,Печенье,Активный
2026-08-24,Печенье шоколадное с солью,3.0,КИТЧЕН,Monday,Печенье,Активный
2026-08-25,Печенье шоколадное с солью,3.0,КИТЧЕН,Tuesday,Печенье,Активный
2026-08-26,Печенье шоколадное с солью,3.0,КИТЧЕН,Wednesday,Печенье,Активный
2026-08-27,Печенье шоколадное с солью,3.0,КИТЧЕН,Thursday,Печенье,Активный
2026-08-28,Печенье шоколадное с солью,3.0,КИТЧЕН,Friday,Печенье,Активный
2026-08-29,Печенье шоколадное с солью,7.0,КИТЧЕН,Saturday,Печенье,Активный
2026-08-30,Печенье шоколадное с солью,7.0,КИТЧЕН,Sunday,Печенье,Активный
2026-08-31,Печенье шоколадное с солью,3.0,КИТЧЕН,Monday,Печенье,Активный
2026-06-05,Паштель де ната,8.0,КИТЧЕН,Friday,Десерты,Активный
2026-06-06,Паштель де ната,12.0,КИТЧЕН,Saturday,Десерты,Активный
2026-06-07,Паштель де ната,12.0,КИТЧЕН,Sunday,Десерты,Активный
2026-06-12,Паштель де ната,8.0,КИТЧЕН,Friday,Десерты,Активный
2026-06-13,Паштель де ната,12.0,КИТЧЕН,Saturday,Десерты,Активный
2026-06-14,Паштель де ната,12.0,КИТЧЕН,Sunday,Десерты,Активный
2026-06-19,Паштель де ната,8.0,КИТЧЕН,Friday,Десерты,Активный
2026-06-20,Паштель де ната,12.0,КИТЧЕН,Saturday,Десерты,Активный
2026-06-21,Паштель де ната,12.0,КИТЧЕН,Sunday,Десерты,Активный
2026-06-26,Паштель де ната,8.0,КИТЧЕН,Friday,Десерты,Активный
2026-06-27,Паштель де ната,15.0,КИТЧЕН,Saturday,Десерты,Активный
2026-06-28,Паштель де ната,15.0,КИТЧЕН,Sunday,Десерты,Активный
2026-07-03,Паштель де ната,8.0,КИТЧЕН,Friday,Десерты,Активный
2026-07-04,Паштель де ната,12.0,КИТЧЕН,Saturday,Десерты,Активный
2026-07-05,Паштель де ната,12.0,КИТЧЕН,Sunday,Десерты,Активный
2026-07-10,Паштель де ната,8.0,КИТЧЕН,Friday,Десерты,Активный
2026-07-11,Паштель де ната,12.0,КИТЧЕН,Saturday,Десерты,Активный
2026-07-12,Паштель де ната,12.0,КИТЧЕН,Sunday,Десерты,Активный
2026-07-17,Паштель де ната,8.0,КИТЧЕН,Friday,Десерты,Активный
2026-07-18,Паштель де ната,12.0,КИТЧЕН,Saturday,Десерты,Активный
2026-07-19,Паштель де ната,12.0,КИТЧЕН,Sunday,Десерты,Активный
2026-07-24,Паштель де ната,8.0,КИТЧЕН,Friday,Десерты,Активный
2026-07-25,Паштель де ната,12.0,КИТЧЕН,Saturday,Десерты,Активный
2026-07-26,Паштель де ната,12.0,КИТЧЕН,Sunday,Десерты,Активный
2026-07-31,Паштель де ната,8.0,КИТЧЕН,Friday,Десерты,Активный
2026-08-01,Паштель де ната,12.0,КИТЧЕН,Saturday,Десерты,Активный
2026-08-02,Паштель де ната,12.0,КИТЧЕН,Sunday,Десерты,Активный
2026-08-07,Паштель де ната,8.0,КИТЧЕН,Friday,Десерты,Активный
2026-08-08,Паштель де ната,12.0,КИТЧЕН,Saturday,Десерты,Активный
2026-08-09,Паштель де ната,12.0,КИТЧЕН,Sunday,Десерты,Активный
2026-08-14,Паштель де ната,8.0,КИТЧЕН,Friday,Десерты,Активный
2026-08-15,Паштель де ната,12.0,КИТЧЕН,Saturday,Десерты,Активный
2026-08-16,Паштель де ната,12.0,КИТЧЕН,Sunday,Десерты,Активный
2026-08-21,Паштель де ната,8.0,КИТЧЕН,Friday,Десерты,Активный
2026-08-22,Паштель де ната,12.0,КИТЧЕН,Saturday,Десерты,Активный
2026-08-23,Паштель де ната,12.0,КИТЧЕН,Sunday,Десерты,Активный
2026-08-28,Паштель де ната,8.0,КИТЧЕН,Friday,Десерты,Активный
2026-08-29,Паштель де ната,12.0,КИТЧЕН,Saturday,Десерты,Активный
2026-08-30,Паштель де ната,12.0,КИТЧЕН,Sunday,Десерты,Активный
2026-06-01,Аманн,4.0,КИТЧЕН,Monday,Выпечка,Активный
2026-06-02,Аманн,4.0,КИТЧЕН,Tuesday,Выпечка,Активный
2026-06-03,Аманн,4.0,КИТЧЕН,Wednesday,Выпечка,Активный
2026-06-04,Аманн,4.0,КИТЧЕН,Thursday,Выпечка,Активный
2026-06-05,Аманн,6.0,КИТЧЕН,Friday,Выпечка,Активный
2026-06-06,Аманн,8.0,КИТЧЕН,Saturday,Выпечка,Активный
2026-06-07,Аманн,8.0,КИТЧЕН,Sunday,Выпечка,Активный
2026-06-08,Аманн,4.0,КИТЧЕН,Monday,Выпечка,Активный
2026-06-09,Аманн,4.0,КИТЧЕН,Tuesday,Выпечка,Активный
2026-06-10,Аманн,4.0,КИТЧЕН,Wednesday,Выпечка,Активный
2026-06-11,Аманн,4.0,КИТЧЕН,Thursday,Выпечка,Активный
2026-06-12,Аманн,6.0,КИТЧЕН,Friday,Выпечка,Активный
2026-06-13,Аманн,8.0,КИТЧЕН,Saturday,Выпечка,Активный
2026-06-14,Аманн,8.0,КИТЧЕН,Sunday,Выпечка,Активный
2026-06-15,Аманн,4.0,КИТЧЕН,Monday,Выпечка,Активный
2026-06-16,Аманн,4.0,КИТЧЕН,Tuesday,Выпечка,Активный
2026-06-17,Аманн,4.0,КИТЧЕН,Wednesday,Выпечка,Активный
2026-06-18,Аманн,4.0,КИТЧЕН,Thursday,Выпечка,Активный
2026-06-19,Аманн,6.0,КИТЧЕН,Friday,Выпечка,Активный
2026-06-20,Аманн,8.0,КИТЧЕН,Saturday,Выпечка,Активный
2026-06-21,Аманн,8.0,КИТЧЕН,Sunday,Выпечка,Активный
2026-06-22,Аманн,4.0,КИТЧЕН,Monday,Выпечка,Активный
2026-06-23,Аманн,4.0,КИТЧЕН,Tuesday,Выпечка,Активный
2026-06-24,Аманн,4.0,КИТЧЕН,Wednesday,Выпечка,Активный
2026-06-25,Аманн,4.0,КИТЧЕН,Thursday,Выпечка,Активный
2026-06-26,Аманн,6.0,КИТЧЕН,Friday,Выпечка,Активный
2026-06-27,Аманн,12.0,КИТЧЕН,Saturday,Выпечка,Активный
2026-06-28,Аманн,12.0,КИТЧЕН,Sunday,Выпечка,Активный
2026-06-29,Аманн,4.0,КИТЧЕН,Monday,Выпечка,Активный
2026-06-30,Аманн,4.0,КИТЧЕН,Tuesday,Выпечка,Активный
2026-07-01,Аманн,4.0,КИТЧЕН,Wednesday,Выпечка,Активный
2026-07-02,Аманн,4.0,КИТЧЕН,Thursday,Выпечка,Активный
2026-07-03,Аманн,6.0,КИТЧЕН,Friday,Выпечка,Активный
2026-07-04,Аманн,8.0,КИТЧЕН,Saturday,Выпечка,Активный
2026-07-05,Аманн,8.0,КИТЧЕН,Sunday,Выпечка,Активный
2026-07-06,Аманн,4.0,КИТЧЕН,Monday,Выпечка,Активный
2026-07-07,Аманн,4.0,КИТЧЕН,Tuesday,Выпечка,Активный
2026-07-08,Аманн,4.0,КИТЧЕН,Wednesday,Выпечка,Активный
2026-07-09,Аманн,4.0,КИТЧЕН,Thursday,Выпечка,Активный
2026-07-10,Аманн,6.0,КИТЧЕН,Friday,Выпечка,Активный
2026-07-11,Аманн,8.0,КИТЧЕН,Saturday,Выпечка,Активный
2026-07-12,Аманн,8.0,КИТЧЕН,Sunday,Выпечка,Активный
2026-07-13,Аманн,4.0,КИТЧЕН,Monday,Выпечка,Активный
2026-07-14,Аманн,4.0,КИТЧЕН,Tuesday,Выпечка,Активный
2026-07-15,Аманн,4.0,КИТЧЕН,Wednesday,Выпечка,Активный
2026-07-16,Аманн,4.0,КИТЧЕН,Thursday,Выпечка,Активный
2026-07-17,Аманн,6.0,КИТЧЕН,Friday,Выпечка,Активный
2026-07-18,Аманн,8.0,КИТЧЕН,Saturday,Выпечка,Активный
2026-07-19,Аманн,8.0,КИТЧЕН,Sunday,Выпечка,Активный
2026-07-20,Аманн,4.0,КИТЧЕН,Monday,Выпечка,Активный
2026-07-21,Аманн,4.0,КИТЧЕН,Tuesday,Выпечка,Активный
2026-07-22,Аманн,4.0,КИТЧЕН,Wednesday,Выпечка,Активный
2026-07-23,Аманн,4.0,КИТЧЕН,Thursday,Выпечка,Активный
2026-07-24,Аманн,6.0,КИТЧЕН,Friday,Выпечка,Активный
2026-07-25,Аманн,8.0,КИТЧЕН,Saturday,Выпечка,Активный
2026-07-26,Аманн,8.0,КИТЧЕН,Sunday,Выпечка,Активный
2026-07-27,Аманн,4.0,КИТЧЕН,Monday,Выпечка,Активный
2026-07-28,Аманн,4.0,КИТЧЕН,Tuesday,Выпечка,Активный
2026-07-29,Аманн,4.0,КИТЧЕН,Wednesday,Выпечка,Активный
2026-07-30,Аманн,4.0,КИТЧЕН,Thursday,Выпечка,Активный
2026-07-31,Аманн,6.0,КИТЧЕН,Friday,Выпечка,Активный
2026-08-01,Аманн,8.0,КИТЧЕН,Saturday,Выпечка,Активный
2026-08-02,Аманн,8.0,КИТЧЕН,Sunday,Выпечка,Активный
2026-08-03,Аманн,4.0,КИТЧЕН,Monday,Выпечка,Активный
2026-08-04,Аманн,4.0,КИТЧЕН,Tuesday,Выпечка,Активный
2026-08-05,Аманн,4.0,КИТЧЕН,Wednesday,Выпечка,Активный
2026-08-06,Аманн,4.0,КИТЧЕН,Thursday,Выпечка,Активный
2026-08-07,Аманн,6.0,КИТЧЕН,Friday,Выпечка,Активный
2026-08-08,Аманн,8.0,КИТЧЕН,Saturday,Выпечка,Активный
2026-08-09,Аманн,8.0,КИТЧЕН,Sunday,Выпечка,Активный
2026-08-10,Аманн,4.0,КИТЧЕН,Monday,Выпечка,Активный
2026-08-11,Аманн,4.0,КИТЧЕН,Tuesday,Выпечка,Активный
2026-08-12,Аманн,4.0,КИТЧЕН,Wednesday,Выпечка,Активный
2026-08-13,Аманн,4.0,КИТЧЕН,Thursday,Выпечка,Активный
2026-08-14,Аманн,6.0,КИТЧЕН,Friday,Выпечка,Активный
2026-08-15,Аманн,8.0,КИТЧЕН,Saturday,Выпечка,Активный
2026-08-16,Аманн,8.0,КИТЧЕН,Sunday,Выпечка,Активный
2026-08-17,Аманн,4.0,КИТЧЕН,Monday,Выпечка,Активный
2026-08-18,Аманн,4.0,КИТЧЕН,Tuesday,Выпечка,Активный
2026-08-19,Аманн,4.0,КИТЧЕН,Wednesday,Выпечка,Активный
2026-08-20,Аманн,4.0,КИТЧЕН,Thursday,Выпечка,Активный
2026-08-21,Аманн,6.0,КИТЧЕН,Friday,Выпечка,Активный
2026-08-22,Аманн,8.0,КИТЧЕН,Saturday,Выпечка,Активный
2026-08-23,Аманн,8.0,КИТЧЕН,Sunday,Выпечка,Активный
2026-08-24,Аманн,4.0,КИТЧЕН,Monday,Выпечка,Активный
2026-08-25,Аманн,4.0,КИТЧЕН,Tuesday,Выпечка,Активный
2026-08-26,Аманн,4.0,КИТЧЕН,Wednesday,Выпечка,Активный
2026-08-27,Аманн,4.0,КИТЧЕН,Thursday,Выпечка,Активный
2026-08-28,Аманн,6.0,КИТЧЕН,Friday,Выпечка,Активный
2026-08-29,Аманн,8.0,КИТЧЕН,Saturday,Выпечка,Активный
2026-08-30,Аманн,8.0,КИТЧЕН,Sunday,Выпечка,Активный
2026-08-31,Аманн,4.0,КИТЧЕН,Monday,Выпечка,Активный
2026-06-10,Фокачча GN 2/3,1.0,КИТЧЕН,Wednesday,Хлеб,Снят
2026-06-05,Фокачча GN 1/3,1.0,КИТЧЕН,Friday,Хлеб,Снят
2026-08-03,Ржаной хлеб с мисо пастой и семечками,3.0,КИТЧЕН,Monday,Хлеб,Активный
2026-08-07,Ржаной хлеб с мисо пастой и семечками,3.0,КИТЧЕН,Friday,Хлеб,Активный
2026-08-10,Ржаной хлеб с мисо пастой и семечками,3.0,КИТЧЕН,Monday,Хлеб,Активный
2026-08-14,Ржаной хлеб с мисо пастой и семечками,3.0,КИТЧЕН,Friday,Хлеб,Активный
2026-08-17,Ржаной хлеб с мисо пастой и семечками,3.0,КИТЧЕН,Monday,Хлеб,Активный
2026-08-21,Ржаной хлеб с мисо пастой и семечками,3.0,КИТЧЕН,Friday,Хлеб,Активный
2026-08-24,Ржаной хлеб с мисо пастой и семечками,3.0,КИТЧЕН,Monday,Хлеб,Активный
2026-08-28,Ржаной хлеб с мисо пастой и семечками,3.0,КИТЧЕН,Friday,Хлеб,Активный
2026-08-31,Ржаной хлеб с мисо пастой и семечками,2.0,КИТЧЕН,Monday,Хлеб,Активный
2026-06-01,Аманн,7.0,ВЯТСКАЯ_26,Monday,Выпечка,Активный
2026-06-02,Аманн,7.0,ВЯТСКАЯ_26,Tuesday,Выпечка,Активный
2026-06-04,Аманн,6.0,ВЯТСКАЯ_26,Thursday,Выпечка,Активный
2026-06-05,Аманн,6.0,ВЯТСКАЯ_26,Friday,Выпечка,Активный
2026-06-07,Аманн,6.0,ВЯТСКАЯ_26,Sunday,Выпечка,Активный
2026-06-08,Аманн,6.0,ВЯТСКАЯ_26,Monday,Выпечка,Активный
2026-06-09,Аманн,6.0,ВЯТСКАЯ_26,Tuesday,Выпечка,Активный
2026-06-11,Аманн,6.0,ВЯТСКАЯ_26,Thursday,Выпечка,Активный
2026-06-12,Аманн,6.0,ВЯТСКАЯ_26,Friday,Выпечка,Активный
2026-06-14,Аманн,6.0,ВЯТСКАЯ_26,Sunday,Выпечка,Активный
2026-06-15,Аманн,6.0,ВЯТСКАЯ_26,Monday,Выпечка,Активный
2026-06-16,Аманн,6.0,ВЯТСКАЯ_26,Tuesday,Выпечка,Активный
2026-06-18,Аманн,6.0,ВЯТСКАЯ_26,Thursday,Выпечка,Активный
2026-06-19,Аманн,6.0,ВЯТСКАЯ_26,Friday,Выпечка,Активный
2026-06-21,Аманн,6.0,ВЯТСКАЯ_26,Sunday,Выпечка,Активный
2026-06-22,Аманн,6.0,ВЯТСКАЯ_26,Monday,Выпечка,Активный
2026-06-23,Аманн,6.0,ВЯТСКАЯ_26,Tuesday,Выпечка,Активный
2026-06-25,Аманн,6.0,ВЯТСКАЯ_26,Thursday,Выпечка,Активный
2026-06-26,Аманн,6.0,ВЯТСКАЯ_26,Friday,Выпечка,Активный
2026-06-28,Аманн,6.0,ВЯТСКАЯ_26,Sunday,Выпечка,Активный
2026-07-02,Аманн,6.0,ВЯТСКАЯ_26,Thursday,Выпечка,Активный
2026-07-03,Аманн,6.0,ВЯТСКАЯ_26,Friday,Выпечка,Активный
2026-07-05,Аманн,6.0,ВЯТСКАЯ_26,Sunday,Выпечка,Активный
2026-07-06,Аманн,6.0,ВЯТСКАЯ_26,Monday,Выпечка,Активный
2026-07-07,Аманн,6.0,ВЯТСКАЯ_26,Tuesday,Выпечка,Активный
2026-07-09,Аманн,6.0,ВЯТСКАЯ_26,Thursday,Выпечка,Активный
2026-07-10,Аманн,6.0,ВЯТСКАЯ_26,Friday,Выпечка,Активный
2026-07-12,Аманн,6.0,ВЯТСКАЯ_26,Sunday,Выпечка,Активный
2026-07-13,Аманн,5.0,ВЯТСКАЯ_26,Monday,Выпечка,Активный
2026-07-14,Аманн,5.0,ВЯТСКАЯ_26,Tuesday,Выпечка,Активный
2026-07-16,Аманн,5.0,ВЯТСКАЯ_26,Thursday,Выпечка,Активный
2026-07-17,Аманн,5.0,ВЯТСКАЯ_26,Friday,Выпечка,Активный
2026-07-19,Аманн,5.0,ВЯТСКАЯ_26,Sunday,Выпечка,Активный
2026-07-20,Аманн,6.0,ВЯТСКАЯ_26,Monday,Выпечка,Активный
2026-07-21,Аманн,6.0,ВЯТСКАЯ_26,Tuesday,Выпечка,Активный
2026-07-23,Аманн,6.0,ВЯТСКАЯ_26,Thursday,Выпечка,Активный
2026-07-24,Аманн,6.0,ВЯТСКАЯ_26,Friday,Выпечка,Активный
2026-07-26,Аманн,12.0,ВЯТСКАЯ_26,Sunday,Выпечка,Активный
2026-07-27,Аманн,6.0,ВЯТСКАЯ_26,Monday,Выпечка,Активный
2026-07-28,Аманн,5.0,ВЯТСКАЯ_26,Tuesday,Выпечка,Активный
2026-07-30,Аманн,6.0,ВЯТСКАЯ_26,Thursday,Выпечка,Активный
2026-07-31,Аманн,6.0,ВЯТСКАЯ_26,Friday,Выпечка,Активный
2026-08-06,Аманн,6.0,ВЯТСКАЯ_26,Thursday,Выпечка,Активный
2026-08-07,Аманн,6.0,ВЯТСКАЯ_26,Friday,Выпечка,Активный
2026-08-09,Аманн,6.0,ВЯТСКАЯ_26,Sunday,Выпечка,Активный
2026-08-10,Аманн,6.0,ВЯТСКАЯ_26,Monday,Выпечка,Активный
2026-08-11,Аманн,6.0,ВЯТСКАЯ_26,Tuesday,Выпечка,Активный
2026-08-13,Аманн,6.0,ВЯТСКАЯ_26,Thursday,Выпечка,Активный
2026-08-14,Аманн,6.0,ВЯТСКАЯ_26,Friday,Выпечка,Активный
2026-08-16,Аманн,6.0,ВЯТСКАЯ_26,Sunday,Выпечка,Активный
2026-08-17,Аманн,6.0,ВЯТСКАЯ_26,Monday,Выпечка,Активный
2026-08-18,Аманн,6.0,ВЯТСКАЯ_26,Tuesday,Выпечка,Активный
2026-08-20,Аманн,6.0,ВЯТСКАЯ_26,Thursday,Выпечка,Активный
2026-08-21,Аманн,6.0,ВЯТСКАЯ_26,Friday,Выпечка,Активный
2026-08-23,Аманн,6.0,ВЯТСКАЯ_26,Sunday,Выпечка,Активный
2026-06-01,Булка с кардамоном,7.0,ВЯТСКАЯ_26,Monday,Булки,Активный
2026-06-02,Булка с кардамоном,7.0,ВЯТСКАЯ_26,Tuesday,Булки,Активный
2026-06-04,Булка с кардамоном,6.0,ВЯТСКАЯ_26,Thursday,Булки,Активный
2026-06-05,Булка с кардамоном,6.0,ВЯТСКАЯ_26,Friday,Булки,Активный
2026-06-07,Булка с кардамоном,6.0,ВЯТСКАЯ_26,Sunday,Булки,Активный
2026-06-08,Булка с кардамоном,6.0,ВЯТСКАЯ_26,Monday,Булки,Активный
2026-06-09,Булка с кардамоном,6.0,ВЯТСКАЯ_26,Tuesday,Булки,Активный
2026-06-11,Булка с кардамоном,6.0,ВЯТСКАЯ_26,Thursday,Булки,Активный
2026-06-12,Булка с кардамоном,6.0,ВЯТСКАЯ_26,Friday,Булки,Активный
2026-06-14,Булка с кардамоном,6.0,ВЯТСКАЯ_26,Sunday,Булки,Активный
2026-06-15,Булка с кардамоном,6.0,ВЯТСКАЯ_26,Monday,Булки,Активный
2026-06-16,Булка с кардамоном,6.0,ВЯТСКАЯ_26,Tuesday,Булки,Активный
2026-06-18,Булка с кардамоном,6.0,ВЯТСКАЯ_26,Thursday,Булки,Активный
2026-06-19,Булка с кардамоном,6.0,ВЯТСКАЯ_26,Friday,Булки,Активный
2026-06-21,Булка с кардамоном,6.0,ВЯТСКАЯ_26,Sunday,Булки,Активный
2026-06-22,Булка с кардамоном,5.0,ВЯТСКАЯ_26,Monday,Булки,Активный
2026-06-23,Булка с кардамоном,6.0,ВЯТСКАЯ_26,Tuesday,Булки,Активный
2026-06-25,Булка с кардамоном,5.0,ВЯТСКАЯ_26,Thursday,Булки,Активный
2026-06-26,Булка с кардамоном,6.0,ВЯТСКАЯ_26,Friday,Булки,Активный
2026-06-28,Булка с кардамоном,6.0,ВЯТСКАЯ_26,Sunday,Булки,Активный
2026-07-02,Булка с кардамоном,6.0,ВЯТСКАЯ_26,Thursday,Булки,Активный
2026-07-03,Булка с кардамоном,6.0,ВЯТСКАЯ_26,Friday,Булки,Активный
2026-07-05,Булка с кардамоном,6.0,ВЯТСКАЯ_26,Sunday,Булки,Активный
2026-07-06,Булка с кардамоном,6.0,ВЯТСКАЯ_26,Monday,Булки,Активный
2026-07-07,Булка с кардамоном,6.0,ВЯТСКАЯ_26,Tuesday,Булки,Активный
2026-07-09,Булка с кардамоном,6.0,ВЯТСКАЯ_26,Thursday,Булки,Активный
2026-07-10,Булка с кардамоном,6.0,ВЯТСКАЯ_26,Friday,Булки,Активный
2026-07-12,Булка с кардамоном,6.0,ВЯТСКАЯ_26,Sunday,Булки,Активный
2026-07-13,Булка с кардамоном,5.0,ВЯТСКАЯ_26,Monday,Булки,Активный
2026-07-14,Булка с кардамоном,5.0,ВЯТСКАЯ_26,Tuesday,Булки,Активный
2026-07-16,Булка с кардамоном,5.0,ВЯТСКАЯ_26,Thursday,Булки,Активный
2026-07-17,Булка с кардамоном,5.0,ВЯТСКАЯ_26,Friday,Булки,Активный
2026-07-19,Булка с кардамоном,5.0,ВЯТСКАЯ_26,Sunday,Булки,Активный
2026-07-20,Булка с кардамоном,6.0,ВЯТСКАЯ_26,Monday,Булки,Активный
2026-07-21,Булка с кардамоном,6.0,ВЯТСКАЯ_26,Tuesday,Булки,Активный
2026-07-23,Булка с кардамоном,6.0,ВЯТСКАЯ_26,Thursday,Булки,Активный
2026-07-24,Булка с кардамоном,6.0,ВЯТСКАЯ_26,Friday,Булки,Активный
2026-07-26,Булка с кардамоном,12.0,ВЯТСКАЯ_26,Sunday,Булки,Активный
2026-07-27,Булка с кардамоном,6.0,ВЯТСКАЯ_26,Monday,Булки,Активный
2026-07-28,Булка с кардамоном,5.0,ВЯТСКАЯ_26,Tuesday,Булки,Активный
2026-07-30,Булка с кардамоном,6.0,ВЯТСКАЯ_26,Thursday,Булки,Активный
2026-07-31,Булка с кардамоном,6.0,ВЯТСКАЯ_26,Friday,Булки,Активный
2026-08-06,Булка с кардамоном,5.0,ВЯТСКАЯ_26,Thursday,Булки,Активный
2026-08-07,Булка с кардамоном,5.0,ВЯТСКАЯ_26,Friday,Булки,Активный
2026-08-09,Булка с кардамоном,5.0,ВЯТСКАЯ_26,Sunday,Булки,Активный
2026-08-10,Булка с кардамоном,5.0,ВЯТСКАЯ_26,Monday,Булки,Активный
2026-08-11,Булка с кардамоном,5.0,ВЯТСКАЯ_26,Tuesday,Булки,Активный
2026-08-13,Булка с кардамоном,5.0,ВЯТСКАЯ_26,Thursday,Булки,Активный
2026-08-14,Булка с кардамоном,5.0,ВЯТСКАЯ_26,Friday,Булки,Активный
2026-08-16,Булка с кардамоном,5.0,ВЯТСКАЯ_26,Sunday,Булки,Активный
2026-08-17,Булка с кардамоном,5.0,ВЯТСКАЯ_26,Monday,Булки,Активный
2026-08-18,Булка с кардамоном,5.0,ВЯТСКАЯ_26,Tuesday,Булки,Активный
2026-08-20,Булка с кардамоном,5.0,ВЯТСКАЯ_26,Thursday,Булки,Активный
2026-08-21,Булка с кардамоном,5.0,ВЯТСКАЯ_26,Friday,Булки,Активный
2026-08-23,Булка с кардамоном,5.0,ВЯТСКАЯ_26,Sunday,Булки,Активный
2026-06-01,Бабка Корица,2.0,ВЯТСКАЯ_26,Monday,Выпечка,Снят
2026-06-02,Бабка Корица,2.0,ВЯТСКАЯ_26,Tuesday,Выпечка,Снят
2026-06-04,Бабка Корица,1.0,ВЯТСКАЯ_26,Thursday,Выпечка,Снят
2026-06-05,Бабка Корица,3.0,ВЯТСКАЯ_26,Friday,Выпечка,Снят
2026-06-07,Бабка Корица,1.0,ВЯТСКАЯ_26,Sunday,Выпечка,Снят
2026-06-08,Бабка Корица,1.0,ВЯТСКАЯ_26,Monday,Выпечка,Снят
2026-06-09,Бабка Корица,2.0,ВЯТСКАЯ_26,Tuesday,Выпечка,Снят
2026-06-11,Бабка Корица,1.0,ВЯТСКАЯ_26,Thursday,Выпечка,Снят
2026-06-12,Бабка Корица,3.0,ВЯТСКАЯ_26,Friday,Выпечка,Снят
2026-06-14,Бабка Корица,1.0,ВЯТСКАЯ_26,Sunday,Выпечка,Снят
2026-06-15,Бабка Корица,1.0,ВЯТСКАЯ_26,Monday,Выпечка,Снят
2026-06-16,Бабка Корица,3.0,ВЯТСКАЯ_26,Tuesday,Выпечка,Снят
2026-06-18,Бабка Корица,1.0,ВЯТСКАЯ_26,Thursday,Выпечка,Снят
2026-06-19,Бабка Корица,3.0,ВЯТСКАЯ_26,Friday,Выпечка,Снят
2026-06-21,Бабка Корица,1.0,ВЯТСКАЯ_26,Sunday,Выпечка,Снят
2026-06-22,Бабка Корица,1.0,ВЯТСКАЯ_26,Monday,Выпечка,Снят
2026-06-23,Бабка Корица,3.0,ВЯТСКАЯ_26,Tuesday,Выпечка,Снят
2026-06-25,Бабка Корица,1.0,ВЯТСКАЯ_26,Thursday,Выпечка,Снят
2026-06-26,Бабка Корица,3.0,ВЯТСКАЯ_26,Friday,Выпечка,Снят
2026-06-28,Бабка Корица,1.0,ВЯТСКАЯ_26,Sunday,Выпечка,Снят
2026-07-02,Бабка Корица,1.0,ВЯТСКАЯ_26,Thursday,Выпечка,Снят
2026-07-03,Бабка Корица,3.0,ВЯТСКАЯ_26,Friday,Выпечка,Снят
2026-07-05,Бабка Корица,1.0,ВЯТСКАЯ_26,Sunday,Выпечка,Снят
2026-07-06,Бабка Корица,1.0,ВЯТСКАЯ_26,Monday,Выпечка,Снят
2026-07-07,Бабка Корица,2.0,ВЯТСКАЯ_26,Tuesday,Выпечка,Снят
2026-07-09,Бабка Корица,1.0,ВЯТСКАЯ_26,Thursday,Выпечка,Снят
2026-07-10,Бабка Корица,3.0,ВЯТСКАЯ_26,Friday,Выпечка,Снят
2026-07-12,Бабка Корица,1.0,ВЯТСКАЯ_26,Sunday,Выпечка,Снят
2026-07-13,Бабка Корица,2.0,ВЯТСКАЯ_26,Monday,Выпечка,Снят
2026-07-14,Бабка Корица,2.0,ВЯТСКАЯ_26,Tuesday,Выпечка,Снят
2026-07-16,Бабка Корица,1.0,ВЯТСКАЯ_26,Thursday,Выпечка,Снят
2026-07-17,Бабка Корица,2.0,ВЯТСКАЯ_26,Friday,Выпечка,Снят
2026-07-19,Бабка Корица,1.0,ВЯТСКАЯ_26,Sunday,Выпечка,Снят
2026-07-20,Бабка Корица,1.0,ВЯТСКАЯ_26,Monday,Выпечка,Снят
2026-07-21,Бабка Корица,2.0,ВЯТСКАЯ_26,Tuesday,Выпечка,Снят
2026-07-23,Бабка Корица,1.0,ВЯТСКАЯ_26,Thursday,Выпечка,Снят
2026-07-24,Бабка Корица,2.0,ВЯТСКАЯ_26,Friday,Выпечка,Снят
2026-07-26,Бабка Корица,2.0,ВЯТСКАЯ_26,Sunday,Выпечка,Снят
2026-07-27,Бабка Корица,1.0,ВЯТСКАЯ_26,Monday,Выпечка,Снят
2026-07-28,Бабка Корица,2.0,ВЯТСКАЯ_26,Tuesday,Выпечка,Снят
2026-07-30,Бабка Корица,1.0,ВЯТСКАЯ_26,Thursday,Выпечка,Снят
2026-07-31,Бабка Корица,2.0,ВЯТСКАЯ_26,Friday,Выпечка,Снят
2026-08-06,Бабка Корица,1.0,ВЯТСКАЯ_26,Thursday,Выпечка,Снят
2026-08-07,Бабка Корица,2.0,ВЯТСКАЯ_26,Friday,Выпечка,Снят
2026-08-09,Бабка Корица,1.0,ВЯТСКАЯ_26,Sunday,Выпечка,Снят
2026-08-10,Бабка Корица,1.0,ВЯТСКАЯ_26,Monday,Выпечка,Снят
2026-08-11,Бабка Корица,2.0,ВЯТСКАЯ_26,Tuesday,Выпечка,Снят
2026-08-13,Бабка Корица,1.0,ВЯТСКАЯ_26,Thursday,Выпечка,Снят
2026-08-14,Бабка Корица,2.0,ВЯТСКАЯ_26,Friday,Выпечка,Снят
2026-08-16,Бабка Корица,1.0,ВЯТСКАЯ_26,Sunday,Выпечка,Снят
2026-08-17,Бабка Корица,1.0,ВЯТСКАЯ_26,Monday,Выпечка,Снят
2026-08-18,Бабка Корица,2.0,ВЯТСКАЯ_26,Tuesday,Выпечка,Снят
2026-08-20,Бабка Корица,1.0,ВЯТСКАЯ_26,Thursday,Выпечка,Снят
2026-08-21,Бабка Корица,2.0,ВЯТСКАЯ_26,Friday,Выпечка,Снят
2026-08-23,Бабка Корица,1.0,ВЯТСКАЯ_26,Sunday,Выпечка,Снят
2026-06-01,Кекс шоколад с кремом вареная сгущенка,6.0,ВЯТСКАЯ_26,Monday,Выпечка,Активный
2026-06-02,Кекс шоколад с кремом вареная сгущенка,10.0,ВЯТСКАЯ_26,Tuesday,Выпечка,Активный
2026-06-04,Кекс шоколад с кремом вареная сгущенка,6.0,ВЯТСКАЯ_26,Thursday,Выпечка,Активный
2026-06-05,Кекс шоколад с кремом вареная сгущенка,10.0,ВЯТСКАЯ_26,Friday,Выпечка,Активный
2026-06-07,Кекс шоколад с кремом вареная сгущенка,6.0,ВЯТСКАЯ_26,Sunday,Выпечка,Активный
2026-06-08,Кекс шоколад с кремом вареная сгущенка,5.0,ВЯТСКАЯ_26,Monday,Выпечка,Активный
2026-06-09,Кекс шоколад с кремом вареная сгущенка,10.0,ВЯТСКАЯ_26,Tuesday,Выпечка,Активный
2026-06-11,Кекс шоколад с кремом вареная сгущенка,6.0,ВЯТСКАЯ_26,Thursday,Выпечка,Активный
2026-06-12,Кекс шоколад с кремом вареная сгущенка,10.0,ВЯТСКАЯ_26,Friday,Выпечка,Активный
2026-06-14,Кекс шоколад с кремом вареная сгущенка,6.0,ВЯТСКАЯ_26,Sunday,Выпечка,Активный
2026-06-15,Кекс шоколад с кремом вареная сгущенка,5.0,ВЯТСКАЯ_26,Monday,Выпечка,Активный
2026-06-16,Кекс шоколад с кремом вареная сгущенка,10.0,ВЯТСКАЯ_26,Tuesday,Выпечка,Активный
2026-06-18,Кекс шоколад с кремом вареная сгущенка,5.0,ВЯТСКАЯ_26,Thursday,Выпечка,Активный
2026-06-19,Кекс шоколад с кремом вареная сгущенка,12.0,ВЯТСКАЯ_26,Friday,Выпечка,Активный
2026-06-21,Кекс шоколад с кремом вареная сгущенка,6.0,ВЯТСКАЯ_26,Sunday,Выпечка,Активный
2026-06-22,Кекс шоколад с кремом вареная сгущенка,5.0,ВЯТСКАЯ_26,Monday,Выпечка,Активный
2026-06-23,Кекс шоколад с кремом вареная сгущенка,10.0,ВЯТСКАЯ_26,Tuesday,Выпечка,Активный
2026-06-25,Кекс шоколад с кремом вареная сгущенка,5.0,ВЯТСКАЯ_26,Thursday,Выпечка,Активный
2026-06-26,Кекс шоколад с кремом вареная сгущенка,11.0,ВЯТСКАЯ_26,Friday,Выпечка,Активный
2026-06-28,Кекс шоколад с кремом вареная сгущенка,6.0,ВЯТСКАЯ_26,Sunday,Выпечка,Активный
2026-07-02,Кекс шоколад с кремом вареная сгущенка,10.0,ВЯТСКАЯ_26,Thursday,Выпечка,Активный
2026-07-03,Кекс шоколад с кремом вареная сгущенка,10.0,ВЯТСКАЯ_26,Friday,Выпечка,Активный
2026-07-05,Кекс шоколад с кремом вареная сгущенка,6.0,ВЯТСКАЯ_26,Sunday,Выпечка,Активный
2026-07-06,Кекс шоколад с кремом вареная сгущенка,6.0,ВЯТСКАЯ_26,Monday,Выпечка,Активный
2026-07-07,Кекс шоколад с кремом вареная сгущенка,10.0,ВЯТСКАЯ_26,Tuesday,Выпечка,Активный
2026-07-09,Кекс шоколад с кремом вареная сгущенка,6.0,ВЯТСКАЯ_26,Thursday,Выпечка,Активный
2026-07-10,Кекс шоколад с кремом вареная сгущенка,12.0,ВЯТСКАЯ_26,Friday,Выпечка,Активный
2026-07-12,Кекс шоколад с кремом вареная сгущенка,10.0,ВЯТСКАЯ_26,Sunday,Выпечка,Активный
2026-07-13,Кекс шоколад с кремом вареная сгущенка,6.0,ВЯТСКАЯ_26,Monday,Выпечка,Активный
2026-07-14,Кекс шоколад с кремом вареная сгущенка,6.0,ВЯТСКАЯ_26,Tuesday,Выпечка,Активный
2026-07-16,Кекс шоколад с кремом вареная сгущенка,6.0,ВЯТСКАЯ_26,Thursday,Выпечка,Активный
2026-07-17,Кекс шоколад с кремом вареная сгущенка,12.0,ВЯТСКАЯ_26,Friday,Выпечка,Активный
2026-07-19,Кекс шоколад с кремом вареная сгущенка,6.0,ВЯТСКАЯ_26,Sunday,Выпечка,Активный
2026-07-20,Кекс шоколад с кремом вареная сгущенка,6.0,ВЯТСКАЯ_26,Monday,Выпечка,Активный
2026-07-21,Кекс шоколад с кремом вареная сгущенка,10.0,ВЯТСКАЯ_26,Tuesday,Выпечка,Активный
2026-07-23,Кекс шоколад с кремом вареная сгущенка,6.0,ВЯТСКАЯ_26,Thursday,Выпечка,Активный
2026-07-24,Кекс шоколад с кремом вареная сгущенка,12.0,ВЯТСКАЯ_26,Friday,Выпечка,Активный
2026-07-26,Кекс шоколад с кремом вареная сгущенка,6.0,ВЯТСКАЯ_26,Sunday,Выпечка,Активный
2026-07-27,Кекс шоколад с кремом вареная сгущенка,6.0,ВЯТСКАЯ_26,Monday,Выпечка,Активный
2026-07-28,Кекс шоколад с кремом вареная сгущенка,10.0,ВЯТСКАЯ_26,Tuesday,Выпечка,Активный
2026-07-30,Кекс шоколад с кремом вареная сгущенка,6.0,ВЯТСКАЯ_26,Thursday,Выпечка,Активный
2026-07-31,Кекс шоколад с кремом вареная сгущенка,12.0,ВЯТСКАЯ_26,Friday,Выпечка,Активный
2026-08-06,Кекс шоколад с кремом вареная сгущенка,6.0,ВЯТСКАЯ_26,Thursday,Выпечка,Активный
2026-08-07,Кекс шоколад с кремом вареная сгущенка,12.0,ВЯТСКАЯ_26,Friday,Выпечка,Активный
2026-08-09,Кекс шоколад с кремом вареная сгущенка,6.0,ВЯТСКАЯ_26,Sunday,Выпечка,Активный
2026-08-10,Кекс шоколад с кремом вареная сгущенка,6.0,ВЯТСКАЯ_26,Monday,Выпечка,Активный
2026-08-11,Кекс шоколад с кремом вареная сгущенка,12.0,ВЯТСКАЯ_26,Tuesday,Выпечка,Активный
2026-08-13,Кекс шоколад с кремом вареная сгущенка,6.0,ВЯТСКАЯ_26,Thursday,Выпечка,Активный
2026-08-14,Кекс шоколад с кремом вареная сгущенка,12.0,ВЯТСКАЯ_26,Friday,Выпечка,Активный
2026-08-16,Кекс шоколад с кремом вареная сгущенка,6.0,ВЯТСКАЯ_26,Sunday,Выпечка,Активный
2026-08-17,Кекс шоколад с кремом вареная сгущенка,6.0,ВЯТСКАЯ_26,Monday,Выпечка,Активный
2026-08-18,Кекс шоколад с кремом вареная сгущенка,12.0,ВЯТСКАЯ_26,Tuesday,Выпечка,Активный
2026-08-20,Кекс шоколад с кремом вареная сгущенка,6.0,ВЯТСКАЯ_26,Thursday,Выпечка,Активный
2026-08-21,Кекс шоколад с кремом вареная сгущенка,12.0,ВЯТСКАЯ_26,Friday,Выпечка,Активный
2026-08-23,Кекс шоколад с кремом вареная сгущенка,6.0,ВЯТСКАЯ_26,Sunday,Выпечка,Активный
2026-06-03,"Тартин 0,75",6.0,ВЯТСКАЯ_26,Wednesday,Хлеб,Активный
2026-06-05,"Тартин 0,75",6.0,ВЯТСКАЯ_26,Friday,Хлеб,Активный
2026-06-07,"Тартин 0,75",6.0,ВЯТСКАЯ_26,Sunday,Хлеб,Активный
2026-06-09,"Тартин 0,75",5.0,ВЯТСКАЯ_26,Tuesday,Хлеб,Активный
2026-06-11,"Тартин 0,75",5.0,ВЯТСКАЯ_26,Thursday,Хлеб,Активный
2026-06-13,"Тартин 0,75",5.0,ВЯТСКАЯ_26,Saturday,Хлеб,Активный
2026-06-15,"Тартин 0,75",6.0,ВЯТСКАЯ_26,Monday,Хлеб,Активный
2026-06-17,"Тартин 0,75",6.0,ВЯТСКАЯ_26,Wednesday,Хлеб,Активный
2026-06-19,"Тартин 0,75",6.0,ВЯТСКАЯ_26,Friday,Хлеб,Активный
2026-06-21,"Тартин 0,75",6.0,ВЯТСКАЯ_26,Sunday,Хлеб,Активный
2026-06-23,"Тартин 0,75",6.0,ВЯТСКАЯ_26,Tuesday,Хлеб,Активный
2026-06-25,"Тартин 0,75",6.0,ВЯТСКАЯ_26,Thursday,Хлеб,Активный
2026-06-26,"Тартин 0,75",6.0,ВЯТСКАЯ_26,Friday,Хлеб,Активный
2026-06-29,"Тартин 0,75",6.0,ВЯТСКАЯ_26,Monday,Хлеб,Активный
2026-07-03,"Тартин 0,75",7.0,ВЯТСКАЯ_26,Friday,Хлеб,Активный
2026-07-05,"Тартин 0,75",6.0,ВЯТСКАЯ_26,Sunday,Хлеб,Активный
2026-07-07,"Тартин 0,75",6.0,ВЯТСКАЯ_26,Tuesday,Хлеб,Активный
2026-07-09,"Тартин 0,75",6.0,ВЯТСКАЯ_26,Thursday,Хлеб,Активный
2026-07-11,"Тартин 0,75",6.0,ВЯТСКАЯ_26,Saturday,Хлеб,Активный
2026-07-13,"Тартин 0,75",6.0,ВЯТСКАЯ_26,Monday,Хлеб,Активный
2026-07-15,"Тартин 0,75",6.0,ВЯТСКАЯ_26,Wednesday,Хлеб,Активный
2026-07-17,"Тартин 0,75",6.0,ВЯТСКАЯ_26,Friday,Хлеб,Активный
2026-07-19,"Тартин 0,75",6.0,ВЯТСКАЯ_26,Sunday,Хлеб,Активный
2026-07-21,"Тартин 0,75",6.0,ВЯТСКАЯ_26,Tuesday,Хлеб,Активный
2026-07-23,"Тартин 0,75",6.0,ВЯТСКАЯ_26,Thursday,Хлеб,Активный
2026-07-25,"Тартин 0,75",6.0,ВЯТСКАЯ_26,Saturday,Хлеб,Активный
2026-07-27,"Тартин 0,75",6.0,ВЯТСКАЯ_26,Monday,Хлеб,Активный
2026-07-29,"Тартин 0,75",6.0,ВЯТСКАЯ_26,Wednesday,Хлеб,Активный
2026-07-31,"Тартин 0,75",6.0,ВЯТСКАЯ_26,Friday,Хлеб,Активный
2026-08-03,"Тартин 0,75",5.0,ВЯТСКАЯ_26,Monday,Хлеб,Активный
2026-08-05,"Тартин 0,75",5.0,ВЯТСКАЯ_26,Wednesday,Хлеб,Активный
2026-08-07,"Тартин 0,75",5.0,ВЯТСКАЯ_26,Friday,Хлеб,Активный
2026-08-09,"Тартин 0,75",5.0,ВЯТСКАЯ_26,Sunday,Хлеб,Активный
2026-08-11,"Тартин 0,75",5.0,ВЯТСКАЯ_26,Tuesday,Хлеб,Активный
2026-08-13,"Тартин 0,75",5.0,ВЯТСКАЯ_26,Thursday,Хлеб,Активный
2026-08-15,"Тартин 0,75",5.0,ВЯТСКАЯ_26,Saturday,Хлеб,Активный
2026-08-17,"Тартин 0,75",6.0,ВЯТСКАЯ_26,Monday,Хлеб,Активный
2026-08-19,"Тартин 0,75",5.0,ВЯТСКАЯ_26,Wednesday,Хлеб,Активный
2026-08-21,"Тартин 0,75",5.0,ВЯТСКАЯ_26,Friday,Хлеб,Активный
2026-08-23,"Тартин 0,75",5.0,ВЯТСКАЯ_26,Sunday,Хлеб,Активный
2026-08-25,"Тартин 0,75",5.0,ВЯТСКАЯ_26,Tuesday,Хлеб,Активный
2026-08-27,"Тартин 0,75",5.0,ВЯТСКАЯ_26,Thursday,Хлеб,Активный
2026-08-29,"Тартин 0,75",3.0,ВЯТСКАЯ_26,Saturday,Хлеб,Активный
2026-06-03,Фокачча 400х600,1.0,ВЯТСКАЯ_26,Wednesday,Хлеб,пф
2026-06-07,Фокачча 400х600,1.0,ВЯТСКАЯ_26,Sunday,Хлеб,пф
2026-06-11,Фокачча 400х600,1.0,ВЯТСКАЯ_26,Thursday,Хлеб,пф
2026-06-15,Фокачча 400х600,1.0,ВЯТСКАЯ_26,Monday,Хлеб,пф
2026-06-19,Фокачча 400х600,1.0,ВЯТСКАЯ_26,Friday,Хлеб,пф
2026-06-23,Фокачча 400х600,1.0,ВЯТСКАЯ_26,Tuesday,Хлеб,пф
2026-06-30,Фокачча 400х600,1.0,ВЯТСКАЯ_26,Tuesday,Хлеб,пф
2026-07-03,Фокачча 400х600,1.0,ВЯТСКАЯ_26,Friday,Хлеб,пф
2026-07-07,Фокачча 400х600,1.0,ВЯТСКАЯ_26,Tuesday,Хлеб,пф
2026-07-10,Фокачча 400х600,1.0,ВЯТСКАЯ_26,Friday,Хлеб,пф
2026-07-14,Фокачча 400х600,1.0,ВЯТСКАЯ_26,Tuesday,Хлеб,пф
2026-07-18,Фокачча 400х600,1.0,ВЯТСКАЯ_26,Saturday,Хлеб,пф
2026-07-22,Фокачча 400х600,1.0,ВЯТСКАЯ_26,Wednesday,Хлеб,пф
2026-07-26,Фокачча 400х600,1.0,ВЯТСКАЯ_26,Sunday,Хлеб,пф
2026-07-30,Фокачча 400х600,1.0,ВЯТСКАЯ_26,Thursday,Хлеб,пф
2026-08-03,Фокачча 400х600,1.0,ВЯТСКАЯ_26,Monday,Хлеб,пф
2026-08-07,Фокачча 400х600,1.0,ВЯТСКАЯ_26,Friday,Хлеб,пф
2026-08-11,Фокачча 400х600,1.0,ВЯТСКАЯ_26,Tuesday,Хлеб,пф
2026-08-15,Фокачча 400х600,1.0,ВЯТСКАЯ_26,Saturday,Хлеб,пф
2026-08-19,Фокачча 400х600,1.0,ВЯТСКАЯ_26,Wednesday,Хлеб,пф
2026-08-23,Фокачча 400х600,1.0,ВЯТСКАЯ_26,Sunday,Хлеб,пф
2026-08-03,Аманн,5.0,ODMO_26,Monday,Выпечка,Активный
2026-08-04,Аманн,5.0,ODMO_26,Tuesday,Выпечка,Активный
2026-08-05,Аманн,5.0,ODMO_26,Wednesday,Выпечка,Активный
2026-08-06,Аманн,4.0,ODMO_26,Thursday,Выпечка,Активный
2026-08-08,Аманн,5.0,ODMO_26,Saturday,Выпечка,Активный
2026-08-09,Аманн,5.0,ODMO_26,Sunday,Выпечка,Активный
2026-08-12,Аманн,5.0,ODMO_26,Wednesday,Выпечка,Активный
2026-08-13,Аманн,4.0,ODMO_26,Thursday,Выпечка,Активный
2026-08-14,Аманн,4.0,ODMO_26,Friday,Выпечка,Активный
2026-08-15,Аманн,6.0,ODMO_26,Saturday,Выпечка,Активный
2026-08-16,Аманн,5.0,ODMO_26,Sunday,Выпечка,Активный
2026-08-18,Аманн,5.0,ODMO_26,Tuesday,Выпечка,Активный
2026-08-19,Аманн,5.0,ODMO_26,Wednesday,Выпечка,Активный
2026-08-20,Аманн,4.0,ODMO_26,Thursday,Выпечка,Активный
2026-08-21,Аманн,8.0,ODMO_26,Friday,Выпечка,Активный
2026-08-22,Аманн,5.0,ODMO_26,Saturday,Выпечка,Активный
2026-08-23,Аманн,4.0,ODMO_26,Sunday,Выпечка,Активный
2026-08-25,Аманн,4.0,ODMO_26,Tuesday,Выпечка,Активный
2026-08-26,Аманн,4.0,ODMO_26,Wednesday,Выпечка,Активный
2026-08-27,Аманн,4.0,ODMO_26,Thursday,Выпечка,Активный
2026-08-29,Аманн,5.0,ODMO_26,Saturday,Выпечка,Активный
2026-08-30,Аманн,4.0,ODMO_26,Sunday,Выпечка,Активный
2026-08-03,Бабка корица и карамель,1.0,ODMO_26,Monday,Выпечка,Активный
2026-08-04,Бабка корица и карамель,1.0,ODMO_26,Tuesday,Выпечка,Активный
2026-08-05,Бабка корица и карамель,1.0,ODMO_26,Wednesday,Выпечка,Активный
2026-08-06,Бабка корица и карамель,1.0,ODMO_26,Thursday,Выпечка,Активный
2026-08-08,Бабка корица и карамель,1.0,ODMO_26,Saturday,Выпечка,Активный
2026-08-09,Бабка корица и карамель,1.0,ODMO_26,Sunday,Выпечка,Активный
2026-08-12,Бабка корица и карамель,1.0,ODMO_26,Wednesday,Выпечка,Активный
2026-08-14,Бабка корица и карамель,1.0,ODMO_26,Friday,Выпечка,Активный
2026-08-16,Бабка корица и карамель,1.0,ODMO_26,Sunday,Выпечка,Активный
2026-08-17,Бабка корица и карамель,1.0,ODMO_26,Monday,Выпечка,Активный
2026-08-19,Бабка корица и карамель,1.0,ODMO_26,Wednesday,Выпечка,Активный
2026-08-21,Бабка корица и карамель,1.0,ODMO_26,Friday,Выпечка,Активный
2026-08-24,Бабка корица и карамель,1.0,ODMO_26,Monday,Выпечка,Активный
2026-08-26,Бабка корица и карамель,1.0,ODMO_26,Wednesday,Выпечка,Активный
2026-08-28,Бабка корица и карамель,1.0,ODMO_26,Friday,Выпечка,Активный
2026-08-29,Бабка корица и карамель,1.0,ODMO_26,Saturday,Выпечка,Активный
2026-08-30,Бабка корица и карамель,1.0,ODMO_26,Sunday,Выпечка,Активный
2026-08-07,Бабка Мак,1.0,ODMO_26,Friday,Выпечка,Активный
2026-08-14,Бабка Мак,1.0,ODMO_26,Friday,Выпечка,Активный
2026-08-21,Бабка Мак,1.0,ODMO_26,Friday,Выпечка,Активный
2026-08-23,Бабка Мак,1.0,ODMO_26,Sunday,Выпечка,Активный
2026-08-28,Бабка Мак,1.0,ODMO_26,Friday,Выпечка,Активный
2026-08-03,Булка с кардамоном,3.0,ODMO_26,Monday,Булки,Активный
2026-08-04,Булка с кардамоном,3.0,ODMO_26,Tuesday,Булки,Активный
2026-08-05,Булка с кардамоном,4.0,ODMO_26,Wednesday,Булки,Активный
2026-08-06,Булка с кардамоном,3.0,ODMO_26,Thursday,Булки,Активный
2026-08-07,Булка с кардамоном,3.0,ODMO_26,Friday,Булки,Активный
2026-08-09,Булка с кардамоном,2.0,ODMO_26,Sunday,Булки,Активный
2026-08-11,Булка с кардамоном,3.0,ODMO_26,Tuesday,Булки,Активный
2026-08-12,Булка с кардамоном,2.0,ODMO_26,Wednesday,Булки,Активный
2026-08-13,Булка с кардамоном,2.0,ODMO_26,Thursday,Булки,Активный
2026-08-15,Булка с кардамоном,3.0,ODMO_26,Saturday,Булки,Активный
2026-08-16,Булка с кардамоном,3.0,ODMO_26,Sunday,Булки,Активный
2026-08-17,Булка с кардамоном,2.0,ODMO_26,Monday,Булки,Активный
2026-08-18,Булка с кардамоном,3.0,ODMO_26,Tuesday,Булки,Активный
2026-08-19,Булка с кардамоном,2.0,ODMO_26,Wednesday,Булки,Активный
2026-08-20,Булка с кардамоном,2.0,ODMO_26,Thursday,Булки,Активный
2026-08-22,Булка с кардамоном,2.0,ODMO_26,Saturday,Булки,Активный
2026-08-23,Булка с кардамоном,2.0,ODMO_26,Sunday,Булки,Активный
2026-08-24,Булка с кардамоном,2.0,ODMO_26,Monday,Булки,Активный
2026-08-26,Булка с кардамоном,2.0,ODMO_26,Wednesday,Булки,Активный
2026-08-27,Булка с кардамоном,2.0,ODMO_26,Thursday,Булки,Активный
2026-08-28,Булка с кардамоном,2.0,ODMO_26,Friday,Булки,Активный
2026-08-30,Булка с кардамоном,2.0,ODMO_26,Sunday,Булки,Активный
2026-08-03,Круассан 75г,5.0,ODMO_26,Monday,Выпечка,Активный
2026-08-04,Круассан 75г,5.0,ODMO_26,Tuesday,Выпечка,Активный
2026-08-05,Круассан 75г,5.0,ODMO_26,Wednesday,Выпечка,Активный
2026-08-07,Круассан 75г,3.0,ODMO_26,Friday,Выпечка,Активный
2026-08-08,Круассан 75г,2.0,ODMO_26,Saturday,Выпечка,Активный
2026-08-09,Круассан 75г,4.0,ODMO_26,Sunday,Выпечка,Активный
2026-08-11,Круассан 75г,5.0,ODMO_26,Tuesday,Выпечка,Активный
2026-08-12,Круассан 75г,2.0,ODMO_26,Wednesday,Выпечка,Активный
2026-08-13,Круассан 75г,4.0,ODMO_26,Thursday,Выпечка,Активный
2026-08-14,Круассан 75г,4.0,ODMO_26,Friday,Выпечка,Активный
2026-08-15,Круассан 75г,4.0,ODMO_26,Saturday,Выпечка,Активный
2026-08-16,Круассан 75г,4.0,ODMO_26,Sunday,Выпечка,Активный
2026-08-17,Круассан 75г,4.0,ODMO_26,Monday,Выпечка,Активный
2026-08-18,Круассан 75г,5.0,ODMO_26,Tuesday,Выпечка,Активный
2026-08-19,Круассан 75г,2.0,ODMO_26,Wednesday,Выпечка,Активный
2026-08-20,Круассан 75г,4.0,ODMO_26,Thursday,Выпечка,Активный
2026-08-21,Круассан 75г,4.0,ODMO_26,Friday,Выпечка,Активный
2026-08-22,Круассан 75г,5.0,ODMO_26,Saturday,Выпечка,Активный
2026-08-23,Круассан 75г,4.0,ODMO_26,Sunday,Выпечка,Активный
2026-08-24,Круассан 75г,3.0,ODMO_26,Monday,Выпечка,Активный
2026-08-25,Круассан 75г,3.0,ODMO_26,Tuesday,Выпечка,Активный
2026-08-26,Круассан 75г,2.0,ODMO_26,Wednesday,Выпечка,Активный
2026-08-27,Круассан 75г,3.0,ODMO_26,Thursday,Выпечка,Активный
2026-08-28,Круассан 75г,4.0,ODMO_26,Friday,Выпечка,Активный
2026-08-29,Круассан 75г,4.0,ODMO_26,Saturday,Выпечка,Активный
2026-06-01,Бриошь с шапкой,0.0,ЧАПА_26,Monday,Хлеб,Снят
2026-06-02,Бриошь с шапкой,2.0,ЧАПА_26,Tuesday,Хлеб,Снят
2026-06-03,Бриошь с шапкой,4.0,ЧАПА_26,Wednesday,Хлеб,Снят
2026-06-04,Бриошь с шапкой,5.0,ЧАПА_26,Thursday,Хлеб,Снят
2026-06-05,Бриошь с шапкой,8.0,ЧАПА_26,Friday,Хлеб,Снят
2026-06-06,Бриошь с шапкой,10.0,ЧАПА_26,Saturday,Хлеб,Снят
2026-06-07,Бриошь с шапкой,10.0,ЧАПА_26,Sunday,Хлеб,Снят
2026-06-08,Бриошь с шапкой,0.0,ЧАПА_26,Monday,Хлеб,Снят
2026-06-09,Бриошь с шапкой,5.0,ЧАПА_26,Tuesday,Хлеб,Снят
2026-06-10,Бриошь с шапкой,7.0,ЧАПА_26,Wednesday,Хлеб,Снят
2026-06-11,Бриошь с шапкой,10.0,ЧАПА_26,Thursday,Хлеб,Снят
2026-06-12,Бриошь с шапкой,10.0,ЧАПА_26,Friday,Хлеб,Снят
2026-06-13,Бриошь с шапкой,10.0,ЧАПА_26,Saturday,Хлеб,Снят
2026-06-14,Бриошь с шапкой,10.0,ЧАПА_26,Sunday,Хлеб,Снят
2026-06-15,Бриошь с шапкой,0.0,ЧАПА_26,Monday,Хлеб,Снят
2026-06-16,Бриошь с шапкой,4.0,ЧАПА_26,Tuesday,Хлеб,Снят
2026-06-17,Бриошь с шапкой,4.0,ЧАПА_26,Wednesday,Хлеб,Снят
2026-06-18,Бриошь с шапкой,4.0,ЧАПА_26,Thursday,Хлеб,Снят
2026-06-19,Бриошь с шапкой,8.0,ЧАПА_26,Friday,Хлеб,Снят
2026-06-20,Бриошь с шапкой,8.0,ЧАПА_26,Saturday,Хлеб,Снят
2026-06-21,Бриошь с шапкой,8.0,ЧАПА_26,Sunday,Хлеб,Снят
2026-06-22,Бриошь с шапкой,0.0,ЧАПА_26,Monday,Хлеб,Снят
2026-06-23,Бриошь с шапкой,4.0,ЧАПА_26,Tuesday,Хлеб,Снят
2026-06-24,Бриошь с шапкой,4.0,ЧАПА_26,Wednesday,Хлеб,Снят
2026-06-25,Бриошь с шапкой,5.0,ЧАПА_26,Thursday,Хлеб,Снят
2026-06-26,Бриошь с шапкой,10.0,ЧАПА_26,Friday,Хлеб,Снят
2026-06-27,Бриошь с шапкой,10.0,ЧАПА_26,Saturday,Хлеб,Снят
2026-06-28,Бриошь с шапкой,6.0,ЧАПА_26,Sunday,Хлеб,Снят
2026-06-29,Бриошь с шапкой,0.0,ЧАПА_26,Monday,Хлеб,Снят
2026-06-30,Бриошь с шапкой,5.0,ЧАПА_26,Tuesday,Хлеб,Снят
2026-07-01,Бриошь с шапкой,6.0,ЧАПА_26,Wednesday,Хлеб,Снят
2026-07-02,Бриошь с шапкой,6.0,ЧАПА_26,Thursday,Хлеб,Снят
2026-07-03,Бриошь с шапкой,10.0,ЧАПА_26,Friday,Хлеб,Снят
2026-07-04,Бриошь с шапкой,10.0,ЧАПА_26,Saturday,Хлеб,Снят
2026-07-05,Бриошь с шапкой,10.0,ЧАПА_26,Sunday,Хлеб,Снят
2026-07-06,Бриошь с шапкой,5.0,ЧАПА_26,Monday,Хлеб,Снят
2026-07-07,Бриошь с шапкой,6.0,ЧАПА_26,Tuesday,Хлеб,Снят
2026-07-08,Бриошь с шапкой,8.0,ЧАПА_26,Wednesday,Хлеб,Снят
2026-07-09,Бриошь с шапкой,8.0,ЧАПА_26,Thursday,Хлеб,Снят
2026-07-10,Бриошь с шапкой,8.0,ЧАПА_26,Friday,Хлеб,Снят
2026-07-11,Бриошь с шапкой,7.0,ЧАПА_26,Saturday,Хлеб,Снят
2026-07-12,Бриошь с шапкой,8.0,ЧАПА_26,Sunday,Хлеб,Снят
2026-07-13,Бриошь с шапкой,5.0,ЧАПА_26,Monday,Хлеб,Снят
2026-07-14,Бриошь с шапкой,0.0,ЧАПА_26,Tuesday,Хлеб,Снят
2026-07-15,Бриошь с шапкой,3.0,ЧАПА_26,Wednesday,Хлеб,Снят
2026-07-16,Бриошь с шапкой,3.0,ЧАПА_26,Thursday,Хлеб,Снят
2026-07-17,Бриошь с шапкой,2.0,ЧАПА_26,Friday,Хлеб,Снят
2026-07-18,Бриошь с шапкой,2.0,ЧАПА_26,Saturday,Хлеб,Снят
2026-07-19,Бриошь с шапкой,2.0,ЧАПА_26,Sunday,Хлеб,Снят
2026-07-20,Бриошь с шапкой,4.0,ЧАПА_26,Monday,Хлеб,Снят
2026-07-21,Бриошь с шапкой,6.0,ЧАПА_26,Tuesday,Хлеб,Снят
2026-07-22,Бриошь с шапкой,5.0,ЧАПА_26,Wednesday,Хлеб,Снят
2026-07-23,Бриошь с шапкой,7.0,ЧАПА_26,Thursday,Хлеб,Снят
2026-07-24,Бриошь с шапкой,7.0,ЧАПА_26,Friday,Хлеб,Снят
2026-07-25,Бриошь с шапкой,7.0,ЧАПА_26,Saturday,Хлеб,Снят
2026-07-26,Бриошь с шапкой,10.0,ЧАПА_26,Sunday,Хлеб,Снят
2026-07-27,Бриошь с шапкой,5.0,ЧАПА_26,Monday,Хлеб,Снят
2026-07-28,Бриошь с шапкой,5.0,ЧАПА_26,Tuesday,Хлеб,Снят
2026-07-29,Бриошь с шапкой,10.0,ЧАПА_26,Wednesday,Хлеб,Снят
2026-07-30,Бриошь с шапкой,8.0,ЧАПА_26,Thursday,Хлеб,Снят
2026-07-31,Бриошь с шапкой,8.0,ЧАПА_26,Friday,Хлеб,Снят
2026-08-01,Бриошь с шапкой,10.0,ЧАПА_26,Saturday,Хлеб,Снят
2026-08-02,Бриошь с шапкой,7.0,ЧАПА_26,Sunday,Хлеб,Снят
2026-08-03,Бриошь с шапкой,3.0,ЧАПА_26,Monday,Хлеб,Снят
2026-08-04,Бриошь с шапкой,5.0,ЧАПА_26,Tuesday,Хлеб,Снят
2026-08-05,Бриошь с шапкой,5.0,ЧАПА_26,Wednesday,Хлеб,Снят
2026-08-06,Бриошь с шапкой,8.0,ЧАПА_26,Thursday,Хлеб,Снят
2026-08-07,Бриошь с шапкой,10.0,ЧАПА_26,Friday,Хлеб,Снят
2026-08-08,Бриошь с шапкой,12.0,ЧАПА_26,Saturday,Хлеб,Снят
2026-08-09,Бриошь с шапкой,6.0,ЧАПА_26,Sunday,Хлеб,Снят
2026-08-10,Бриошь с шапкой,2.0,ЧАПА_26,Monday,Хлеб,Снят
2026-08-11,Бриошь с шапкой,3.0,ЧАПА_26,Tuesday,Хлеб,Снят
2026-08-12,Бриошь с шапкой,10.0,ЧАПА_26,Wednesday,Хлеб,Снят
2026-08-13,Бриошь с шапкой,8.0,ЧАПА_26,Thursday,Хлеб,Снят
2026-08-14,Бриошь с шапкой,10.0,ЧАПА_26,Friday,Хлеб,Снят
2026-08-15,Бриошь с шапкой,10.0,ЧАПА_26,Saturday,Хлеб,Снят
2026-08-16,Бриошь с шапкой,8.0,ЧАПА_26,Sunday,Хлеб,Снят
2026-08-17,Бриошь с шапкой,2.0,ЧАПА_26,Monday,Хлеб,Снят
2026-08-18,Бриошь с шапкой,2.0,ЧАПА_26,Tuesday,Хлеб,Снят
2026-08-19,Бриошь с шапкой,1.0,ЧАПА_26,Wednesday,Хлеб,Снят
2026-08-20,Бриошь с шапкой,7.0,ЧАПА_26,Thursday,Хлеб,Снят
2026-08-21,Бриошь с шапкой,7.0,ЧАПА_26,Friday,Хлеб,Снят
2026-08-22,Бриошь с шапкой,7.0,ЧАПА_26,Saturday,Хлеб,Снят
2026-08-23,Бриошь с шапкой,7.0,ЧАПА_26,Sunday,Хлеб,Снят
2026-08-24,Бриошь с шапкой,3.0,ЧАПА_26,Monday,Хлеб,Снят
2026-08-25,Бриошь с шапкой,12.0,ЧАПА_26,Tuesday,Хлеб,Снят
2026-08-26,Бриошь с шапкой,5.0,ЧАПА_26,Wednesday,Хлеб,Снят
2026-08-27,Бриошь с шапкой,7.0,ЧАПА_26,Thursday,Хлеб,Снят
2026-08-28,Бриошь с шапкой,7.0,ЧАПА_26,Friday,Хлеб,Снят
2026-08-29,Бриошь с шапкой,10.0,ЧАПА_26,Saturday,Хлеб,Снят
2026-08-30,Бриошь с шапкой,6.0,ЧАПА_26,Sunday,Хлеб,Снят
2026-08-31,Бриошь с шапкой,4.0,ЧАПА_26,Monday,Хлеб,Снят
2026-06-01,"Тартин 0,75",0.0,ЧАПА_26,Monday,Хлеб,Активный
2026-06-02,"Тартин 0,75",1.0,ЧАПА_26,Tuesday,Хлеб,Активный
2026-06-03,"Тартин 0,75",1.0,ЧАПА_26,Wednesday,Хлеб,Активный
2026-06-04,"Тартин 0,75",4.0,ЧАПА_26,Thursday,Хлеб,Активный
2026-06-05,"Тартин 0,75",2.0,ЧАПА_26,Friday,Хлеб,Активный
2026-06-06,"Тартин 0,75",1.0,ЧАПА_26,Saturday,Хлеб,Активный
2026-06-07,"Тартин 0,75",1.0,ЧАПА_26,Sunday,Хлеб,Активный
2026-06-08,"Тартин 0,75",0.0,ЧАПА_26,Monday,Хлеб,Активный
2026-06-09,"Тартин 0,75",1.0,ЧАПА_26,Tuesday,Хлеб,Активный
2026-06-10,"Тартин 0,75",0.0,ЧАПА_26,Wednesday,Хлеб,Активный
2026-06-11,"Тартин 0,75",0.0,ЧАПА_26,Thursday,Хлеб,Активный
2026-06-12,"Тартин 0,75",1.0,ЧАПА_26,Friday,Хлеб,Активный
2026-06-13,"Тартин 0,75",2.0,ЧАПА_26,Saturday,Хлеб,Активный
2026-06-14,"Тартин 0,75",1.0,ЧАПА_26,Sunday,Хлеб,Активный
2026-06-15,"Тартин 0,75",0.0,ЧАПА_26,Monday,Хлеб,Активный
2026-06-16,"Тартин 0,75",1.0,ЧАПА_26,Tuesday,Хлеб,Активный
2026-06-17,"Тартин 0,75",1.0,ЧАПА_26,Wednesday,Хлеб,Активный
2026-06-18,"Тартин 0,75",1.0,ЧАПА_26,Thursday,Хлеб,Активный
2026-06-19,"Тартин 0,75",1.0,ЧАПА_26,Friday,Хлеб,Активный
2026-06-20,"Тартин 0,75",2.0,ЧАПА_26,Saturday,Хлеб,Активный
2026-06-21,"Тартин 0,75",1.0,ЧАПА_26,Sunday,Хлеб,Активный
2026-06-22,"Тартин 0,75",0.0,ЧАПА_26,Monday,Хлеб,Активный
2026-06-23,"Тартин 0,75",2.0,ЧАПА_26,Tuesday,Хлеб,Активный
2026-06-24,"Тартин 0,75",2.0,ЧАПА_26,Wednesday,Хлеб,Активный
2026-06-25,"Тартин 0,75",2.0,ЧАПА_26,Thursday,Хлеб,Активный
2026-06-26,"Тартин 0,75",2.0,ЧАПА_26,Friday,Хлеб,Активный
2026-06-27,"Тартин 0,75",2.0,ЧАПА_26,Saturday,Хлеб,Активный
2026-06-28,"Тартин 0,75",2.0,ЧАПА_26,Sunday,Хлеб,Активный
2026-06-29,"Тартин 0,75",0.0,ЧАПА_26,Monday,Хлеб,Активный
2026-06-30,"Тартин 0,75",2.0,ЧАПА_26,Tuesday,Хлеб,Активный
2026-07-01,"Тартин 0,75",2.0,ЧАПА_26,Wednesday,Хлеб,Активный
2026-07-02,"Тартин 0,75",2.0,ЧАПА_26,Thursday,Хлеб,Активный
2026-07-03,"Тартин 0,75",2.0,ЧАПА_26,Friday,Хлеб,Активный
2026-07-04,"Тартин 0,75",2.0,ЧАПА_26,Saturday,Хлеб,Активный
2026-07-05,"Тартин 0,75",2.0,ЧАПА_26,Sunday,Хлеб,Активный
2026-07-06,"Тартин 0,75",2.0,ЧАПА_26,Monday,Хлеб,Активный
2026-07-07,"Тартин 0,75",1.0,ЧАПА_26,Tuesday,Хлеб,Активный
2026-07-08,"Тартин 0,75",2.0,ЧАПА_26,Wednesday,Хлеб,Активный
2026-07-09,"Тартин 0,75",2.0,ЧАПА_26,Thursday,Хлеб,Активный
2026-07-10,"Тартин 0,75",1.0,ЧАПА_26,Friday,Хлеб,Активный
2026-07-11,"Тартин 0,75",1.0,ЧАПА_26,Saturday,Хлеб,Активный
2026-07-12,"Тартин 0,75",2.0,ЧАПА_26,Sunday,Хлеб,Активный
2026-07-13,"Тартин 0,75",2.0,ЧАПА_26,Monday,Хлеб,Активный
2026-07-14,"Тартин 0,75",1.0,ЧАПА_26,Tuesday,Хлеб,Активный
2026-07-15,"Тартин 0,75",1.0,ЧАПА_26,Wednesday,Хлеб,Активный
2026-07-16,"Тартин 0,75",1.0,ЧАПА_26,Thursday,Хлеб,Активный
2026-07-17,"Тартин 0,75",2.0,ЧАПА_26,Friday,Хлеб,Активный
2026-07-18,"Тартин 0,75",2.0,ЧАПА_26,Saturday,Хлеб,Активный
2026-07-19,"Тартин 0,75",1.0,ЧАПА_26,Sunday,Хлеб,Активный
2026-07-20,"Тартин 0,75",1.0,ЧАПА_26,Monday,Хлеб,Активный
2026-07-21,"Тартин 0,75",2.0,ЧАПА_26,Tuesday,Хлеб,Активный
2026-07-22,"Тартин 0,75",2.0,ЧАПА_26,Wednesday,Хлеб,Активный
2026-07-23,"Тартин 0,75",3.0,ЧАПА_26,Thursday,Хлеб,Активный
2026-07-24,"Тартин 0,75",2.0,ЧАПА_26,Friday,Хлеб,Активный
2026-07-25,"Тартин 0,75",2.0,ЧАПА_26,Saturday,Хлеб,Активный
2026-07-26,"Тартин 0,75",2.0,ЧАПА_26,Sunday,Хлеб,Активный
2026-07-27,"Тартин 0,75",1.0,ЧАПА_26,Monday,Хлеб,Активный
2026-07-28,"Тартин 0,75",2.0,ЧАПА_26,Tuesday,Хлеб,Активный
2026-07-29,"Тартин 0,75",2.0,ЧАПА_26,Wednesday,Хлеб,Активный
2026-07-30,"Тартин 0,75",2.0,ЧАПА_26,Thursday,Хлеб,Активный
2026-07-31,"Тартин 0,75",2.0,ЧАПА_26,Friday,Хлеб,Активный
2026-08-01,"Тартин 0,75",2.0,ЧАПА_26,Saturday,Хлеб,Активный
2026-08-02,"Тартин 0,75",2.0,ЧАПА_26,Sunday,Хлеб,Активный
2026-08-03,"Тартин 0,75",2.0,ЧАПА_26,Monday,Хлеб,Активный
2026-08-04,"Тартин 0,75",1.0,ЧАПА_26,Tuesday,Хлеб,Активный
2026-08-05,"Тартин 0,75",2.0,ЧАПА_26,Wednesday,Хлеб,Активный
2026-08-06,"Тартин 0,75",2.0,ЧАПА_26,Thursday,Хлеб,Активный
2026-08-07,"Тартин 0,75",2.0,ЧАПА_26,Friday,Хлеб,Активный
2026-08-08,"Тартин 0,75",3.0,ЧАПА_26,Saturday,Хлеб,Активный
2026-08-09,"Тартин 0,75",3.0,ЧАПА_26,Sunday,Хлеб,Активный
2026-08-10,"Тартин 0,75",2.0,ЧАПА_26,Monday,Хлеб,Активный
2026-08-11,"Тартин 0,75",1.0,ЧАПА_26,Tuesday,Хлеб,Активный
2026-08-12,"Тартин 0,75",2.0,ЧАПА_26,Wednesday,Хлеб,Активный
2026-08-13,"Тартин 0,75",1.0,ЧАПА_26,Thursday,Хлеб,Активный
2026-08-14,"Тартин 0,75",2.0,ЧАПА_26,Friday,Хлеб,Активный
2026-08-15,"Тартин 0,75",2.0,ЧАПА_26,Saturday,Хлеб,Активный
2026-08-16,"Тартин 0,75",3.0,ЧАПА_26,Sunday,Хлеб,Активный
2026-08-17,"Тартин 0,75",2.0,ЧАПА_26,Monday,Хлеб,Активный
2026-08-18,"Тартин 0,75",4.0,ЧАПА_26,Tuesday,Хлеб,Активный
2026-08-19,"Тартин 0,75",4.0,ЧАПА_26,Wednesday,Хлеб,Активный
2026-08-20,"Тартин 0,75",3.0,ЧАПА_26,Thursday,Хлеб,Активный
2026-08-21,"Тартин 0,75",3.0,ЧАПА_26,Friday,Хлеб,Активный
2026-08-22,"Тартин 0,75",2.0,ЧАПА_26,Saturday,Хлеб,Активный
2026-08-23,"Тартин 0,75",2.0,ЧАПА_26,Sunday,Хлеб,Активный
2026-08-24,"Тартин 0,75",2.0,ЧАПА_26,Monday,Хлеб,Активный
2026-08-25,"Тартин 0,75",2.0,ЧАПА_26,Tuesday,Хлеб,Активный
2026-08-26,"Тартин 0,75",3.0,ЧАПА_26,Wednesday,Хлеб,Активный
2026-08-27,"Тартин 0,75",3.0,ЧАПА_26,Thursday,Хлеб,Активный
2026-08-28,"Тартин 0,75",3.0,ЧАПА_26,Friday,Хлеб,Активный
2026-08-29,"Тартин 0,75",3.0,ЧАПА_26,Saturday,Хлеб,Активный
2026-08-30,"Тартин 0,75",2.0,ЧАПА_26,Sunday,Хлеб,Активный
2026-08-31,"Тартин 0,75",2.0,ЧАПА_26,Monday,Хлеб,Активный
2026-06-01,"Тартин 1,5",0.0,ЧАПА_26,Monday,Хлеб,Активный
2026-06-02,"Тартин 1,5",2.0,ЧАПА_26,Tuesday,Хлеб,Активный
2026-06-03,"Тартин 1,5",2.0,ЧАПА_26,Wednesday,Хлеб,Активный
2026-06-04,"Тартин 1,5",2.0,ЧАПА_26,Thursday,Хлеб,Активный
2026-06-05,"Тартин 1,5",2.0,ЧАПА_26,Friday,Хлеб,Активный
2026-06-06,"Тартин 1,5",1.0,ЧАПА_26,Saturday,Хлеб,Активный
2026-06-07,"Тартин 1,5",1.0,ЧАПА_26,Sunday,Хлеб,Активный
2026-06-08,"Тартин 1,5",0.0,ЧАПА_26,Monday,Хлеб,Активный
2026-06-09,"Тартин 1,5",1.0,ЧАПА_26,Tuesday,Хлеб,Активный
2026-06-10,"Тартин 1,5",0.0,ЧАПА_26,Wednesday,Хлеб,Активный
2026-06-11,"Тартин 1,5",1.0,ЧАПА_26,Thursday,Хлеб,Активный
2026-06-12,"Тартин 1,5",3.0,ЧАПА_26,Friday,Хлеб,Активный
2026-06-13,"Тартин 1,5",3.0,ЧАПА_26,Saturday,Хлеб,Активный
2026-06-14,"Тартин 1,5",3.0,ЧАПА_26,Sunday,Хлеб,Активный
2026-06-15,"Тартин 1,5",0.0,ЧАПА_26,Monday,Хлеб,Активный
2026-06-16,"Тартин 1,5",2.0,ЧАПА_26,Tuesday,Хлеб,Активный
2026-06-17,"Тартин 1,5",2.0,ЧАПА_26,Wednesday,Хлеб,Активный
2026-06-18,"Тартин 1,5",2.0,ЧАПА_26,Thursday,Хлеб,Активный
2026-06-19,"Тартин 1,5",3.0,ЧАПА_26,Friday,Хлеб,Активный
2026-06-20,"Тартин 1,5",3.0,ЧАПА_26,Saturday,Хлеб,Активный
2026-06-21,"Тартин 1,5",3.0,ЧАПА_26,Sunday,Хлеб,Активный
2026-06-22,"Тартин 1,5",0.0,ЧАПА_26,Monday,Хлеб,Активный
2026-06-23,"Тартин 1,5",2.0,ЧАПА_26,Tuesday,Хлеб,Активный
2026-06-24,"Тартин 1,5",2.0,ЧАПА_26,Wednesday,Хлеб,Активный
2026-06-25,"Тартин 1,5",2.0,ЧАПА_26,Thursday,Хлеб,Активный
2026-06-26,"Тартин 1,5",3.0,ЧАПА_26,Friday,Хлеб,Активный
2026-06-27,"Тартин 1,5",3.0,ЧАПА_26,Saturday,Хлеб,Активный
2026-06-28,"Тартин 1,5",2.0,ЧАПА_26,Sunday,Хлеб,Активный
2026-06-29,"Тартин 1,5",0.0,ЧАПА_26,Monday,Хлеб,Активный
2026-06-30,"Тартин 1,5",2.0,ЧАПА_26,Tuesday,Хлеб,Активный
2026-07-01,"Тартин 1,5",2.0,ЧАПА_26,Wednesday,Хлеб,Активный
2026-07-02,"Тартин 1,5",3.0,ЧАПА_26,Thursday,Хлеб,Активный
2026-07-03,"Тартин 1,5",3.0,ЧАПА_26,Friday,Хлеб,Активный
2026-07-04,"Тартин 1,5",3.0,ЧАПА_26,Saturday,Хлеб,Активный
2026-07-05,"Тартин 1,5",3.0,ЧАПА_26,Sunday,Хлеб,Активный
2026-07-06,"Тартин 1,5",2.0,ЧАПА_26,Monday,Хлеб,Активный
2026-07-07,"Тартин 1,5",2.0,ЧАПА_26,Tuesday,Хлеб,Активный
2026-07-08,"Тартин 1,5",2.0,ЧАПА_26,Wednesday,Хлеб,Активный
2026-07-09,"Тартин 1,5",2.0,ЧАПА_26,Thursday,Хлеб,Активный
2026-07-10,"Тартин 1,5",2.0,ЧАПА_26,Friday,Хлеб,Активный
2026-07-11,"Тартин 1,5",2.0,ЧАПА_26,Saturday,Хлеб,Активный
2026-07-12,"Тартин 1,5",2.0,ЧАПА_26,Sunday,Хлеб,Активный
2026-07-13,"Тартин 1,5",1.0,ЧАПА_26,Monday,Хлеб,Активный
2026-07-14,"Тартин 1,5",2.0,ЧАПА_26,Tuesday,Хлеб,Активный
2026-07-15,"Тартин 1,5",2.0,ЧАПА_26,Wednesday,Хлеб,Активный
2026-07-16,"Тартин 1,5",2.0,ЧАПА_26,Thursday,Хлеб,Активный
2026-07-17,"Тартин 1,5",2.0,ЧАПА_26,Friday,Хлеб,Активный
2026-07-18,"Тартин 1,5",3.0,ЧАПА_26,Saturday,Хлеб,Активный
2026-07-19,"Тартин 1,5",2.0,ЧАПА_26,Sunday,Хлеб,Активный
2026-07-20,"Тартин 1,5",1.0,ЧАПА_26,Monday,Хлеб,Активный
2026-07-21,"Тартин 1,5",1.0,ЧАПА_26,Tuesday,Хлеб,Активный
2026-07-22,"Тартин 1,5",1.0,ЧАПА_26,Wednesday,Хлеб,Активный
2026-07-23,"Тартин 1,5",1.0,ЧАПА_26,Thursday,Хлеб,Активный
2026-07-24,"Тартин 1,5",1.0,ЧАПА_26,Friday,Хлеб,Активный
2026-07-25,"Тартин 1,5",2.0,ЧАПА_26,Saturday,Хлеб,Активный
2026-07-26,"Тартин 1,5",2.0,ЧАПА_26,Sunday,Хлеб,Активный
2026-07-27,"Тартин 1,5",1.0,ЧАПА_26,Monday,Хлеб,Активный
2026-07-28,"Тартин 1,5",1.0,ЧАПА_26,Tuesday,Хлеб,Активный
2026-07-29,"Тартин 1,5",2.0,ЧАПА_26,Wednesday,Хлеб,Активный
2026-07-30,"Тартин 1,5",3.0,ЧАПА_26,Thursday,Хлеб,Активный
2026-07-31,"Тартин 1,5",2.0,ЧАПА_26,Friday,Хлеб,Активный
2026-08-01,"Тартин 1,5",3.0,ЧАПА_26,Saturday,Хлеб,Активный
2026-08-02,"Тартин 1,5",2.0,ЧАПА_26,Sunday,Хлеб,Активный
2026-08-03,"Тартин 1,5",2.0,ЧАПА_26,Monday,Хлеб,Активный
2026-08-04,"Тартин 1,5",2.0,ЧАПА_26,Tuesday,Хлеб,Активный
2026-08-05,"Тартин 1,5",3.0,ЧАПА_26,Wednesday,Хлеб,Активный
2026-08-06,"Тартин 1,5",3.0,ЧАПА_26,Thursday,Хлеб,Активный
2026-08-07,"Тартин 1,5",2.0,ЧАПА_26,Friday,Хлеб,Активный
2026-08-08,"Тартин 1,5",3.0,ЧАПА_26,Saturday,Хлеб,Активный
2026-08-09,"Тартин 1,5",2.0,ЧАПА_26,Sunday,Хлеб,Активный
2026-08-10,"Тартин 1,5",1.0,ЧАПА_26,Monday,Хлеб,Активный
2026-08-11,"Тартин 1,5",2.0,ЧАПА_26,Tuesday,Хлеб,Активный
2026-08-12,"Тартин 1,5",3.0,ЧАПА_26,Wednesday,Хлеб,Активный
2026-08-13,"Тартин 1,5",2.0,ЧАПА_26,Thursday,Хлеб,Активный
2026-08-14,"Тартин 1,5",2.0,ЧАПА_26,Friday,Хлеб,Активный
2026-08-15,"Тартин 1,5",3.0,ЧАПА_26,Saturday,Хлеб,Активный
2026-08-16,"Тартин 1,5",2.0,ЧАПА_26,Sunday,Хлеб,Активный
2026-08-17,"Тартин 1,5",1.0,ЧАПА_26,Monday,Хлеб,Активный
2026-08-18,"Тартин 1,5",2.0,ЧАПА_26,Tuesday,Хлеб,Активный
2026-08-19,"Тартин 1,5",1.0,ЧАПА_26,Wednesday,Хлеб,Активный
2026-08-20,"Тартин 1,5",2.0,ЧАПА_26,Thursday,Хлеб,Активный
2026-08-21,"Тартин 1,5",3.0,ЧАПА_26,Friday,Хлеб,Активный
2026-08-22,"Тартин 1,5",2.0,ЧАПА_26,Saturday,Хлеб,Активный
2026-08-23,"Тартин 1,5",3.0,ЧАПА_26,Sunday,Хлеб,Активный
2026-08-24,"Тартин 1,5",3.0,ЧАПА_26,Monday,Хлеб,Активный
2026-08-25,"Тартин 1,5",5.0,ЧАПА_26,Tuesday,Хлеб,Активный
2026-08-26,"Тартин 1,5",3.0,ЧАПА_26,Wednesday,Хлеб,Активный
2026-08-27,"Тартин 1,5",2.0,ЧАПА_26,Thursday,Хлеб,Активный
2026-08-28,"Тартин 1,5",4.0,ЧАПА_26,Friday,Хлеб,Активный
2026-08-29,"Тартин 1,5",4.0,ЧАПА_26,Saturday,Хлеб,Активный
2026-08-30,"Тартин 1,5",2.0,ЧАПА_26,Sunday,Хлеб,Активный
2026-08-31,"Тартин 1,5",2.0,ЧАПА_26,Monday,Хлеб,Активный
2026-06-01,Тартин гречка,0.0,ЧАПА_26,Monday,Хлеб,Активный
2026-06-02,Тартин гречка,1.0,ЧАПА_26,Tuesday,Хлеб,Активный
2026-06-04,Тартин гречка,1.0,ЧАПА_26,Thursday,Хлеб,Активный
2026-06-05,Тартин гречка,0.0,ЧАПА_26,Friday,Хлеб,Активный
2026-06-06,Тартин гречка,0.0,ЧАПА_26,Saturday,Хлеб,Активный
2026-06-08,Тартин гречка,0.0,ЧАПА_26,Monday,Хлеб,Активный
2026-06-15,Тартин гречка,0.0,ЧАПА_26,Monday,Хлеб,Активный
2026-06-22,Тартин гречка,0.0,ЧАПА_26,Monday,Хлеб,Активный
2026-07-07,Тартин гречка,1.0,ЧАПА_26,Tuesday,Хлеб,Активный
2026-07-09,Тартин гречка,1.0,ЧАПА_26,Thursday,Хлеб,Активный
2026-07-11,Тартин гречка,1.0,ЧАПА_26,Saturday,Хлеб,Активный
2026-07-12,Тартин гречка,1.0,ЧАПА_26,Sunday,Хлеб,Активный
2026-07-15,Тартин гречка,1.0,ЧАПА_26,Wednesday,Хлеб,Активный
2026-08-20,Тартин гречка,1.0,ЧАПА_26,Thursday,Хлеб,Активный
2026-06-01,Круассан 75г,0.0,ЧАПА_26,Monday,Выпечка,Активный
2026-06-02,Круассан 75г,5.0,ЧАПА_26,Tuesday,Выпечка,Активный
2026-06-03,Круассан 75г,10.0,ЧАПА_26,Wednesday,Выпечка,Активный
2026-06-04,Круассан 75г,15.0,ЧАПА_26,Thursday,Выпечка,Активный
2026-06-05,Круассан 75г,10.0,ЧАПА_26,Friday,Выпечка,Активный
2026-06-06,Круассан 75г,15.0,ЧАПА_26,Saturday,Выпечка,Активный
2026-06-07,Круассан 75г,10.0,ЧАПА_26,Sunday,Выпечка,Активный
2026-06-08,Круассан 75г,0.0,ЧАПА_26,Monday,Выпечка,Активный
2026-06-09,Круассан 75г,7.0,ЧАПА_26,Tuesday,Выпечка,Активный
2026-06-10,Круассан 75г,7.0,ЧАПА_26,Wednesday,Выпечка,Активный
2026-06-11,Круассан 75г,10.0,ЧАПА_26,Thursday,Выпечка,Активный
2026-06-12,Круассан 75г,15.0,ЧАПА_26,Friday,Выпечка,Активный
2026-06-13,Круассан 75г,10.0,ЧАПА_26,Saturday,Выпечка,Активный
2026-06-14,Круассан 75г,12.0,ЧАПА_26,Sunday,Выпечка,Активный
2026-06-15,Круассан 75г,0.0,ЧАПА_26,Monday,Выпечка,Активный
2026-06-16,Круассан 75г,5.0,ЧАПА_26,Tuesday,Выпечка,Активный
2026-06-17,Круассан 75г,5.0,ЧАПА_26,Wednesday,Выпечка,Активный
2026-06-18,Круассан 75г,7.0,ЧАПА_26,Thursday,Выпечка,Активный
2026-06-19,Круассан 75г,10.0,ЧАПА_26,Friday,Выпечка,Активный
2026-06-20,Круассан 75г,10.0,ЧАПА_26,Saturday,Выпечка,Активный
2026-06-21,Круассан 75г,10.0,ЧАПА_26,Sunday,Выпечка,Активный
2026-06-22,Круассан 75г,0.0,ЧАПА_26,Monday,Выпечка,Активный
2026-06-23,Круассан 75г,5.0,ЧАПА_26,Tuesday,Выпечка,Активный
2026-06-24,Круассан 75г,5.0,ЧАПА_26,Wednesday,Выпечка,Активный
2026-06-25,Круассан 75г,8.0,ЧАПА_26,Thursday,Выпечка,Активный
2026-06-26,Круассан 75г,8.0,ЧАПА_26,Friday,Выпечка,Активный
2026-06-27,Круассан 75г,5.0,ЧАПА_26,Saturday,Выпечка,Активный
2026-06-28,Круассан 75г,8.0,ЧАПА_26,Sunday,Выпечка,Активный
2026-06-29,Круассан 75г,0.0,ЧАПА_26,Monday,Выпечка,Активный
2026-06-30,Круассан 75г,5.0,ЧАПА_26,Tuesday,Выпечка,Активный
2026-07-01,Круассан 75г,5.0,ЧАПА_26,Wednesday,Выпечка,Активный
2026-07-02,Круассан 75г,5.0,ЧАПА_26,Thursday,Выпечка,Активный
2026-07-03,Круассан 75г,5.0,ЧАПА_26,Friday,Выпечка,Активный
2026-07-04,Круассан 75г,4.0,ЧАПА_26,Saturday,Выпечка,Активный
2026-07-05,Круассан 75г,3.0,ЧАПА_26,Sunday,Выпечка,Активный
2026-07-06,Круассан 75г,3.0,ЧАПА_26,Monday,Выпечка,Активный
2026-07-07,Круассан 75г,4.0,ЧАПА_26,Tuesday,Выпечка,Активный
2026-07-08,Круассан 75г,3.0,ЧАПА_26,Wednesday,Выпечка,Активный
2026-07-09,Круассан 75г,3.0,ЧАПА_26,Thursday,Выпечка,Активный
2026-07-10,Круассан 75г,3.0,ЧАПА_26,Friday,Выпечка,Активный
2026-07-11,Круассан 75г,4.0,ЧАПА_26,Saturday,Выпечка,Активный
2026-07-12,Круассан 75г,5.0,ЧАПА_26,Sunday,Выпечка,Активный
2026-07-13,Круассан 75г,3.0,ЧАПА_26,Monday,Выпечка,Активный
2026-07-14,Круассан 75г,3.0,ЧАПА_26,Tuesday,Выпечка,Активный
2026-07-15,Круассан 75г,3.0,ЧАПА_26,Wednesday,Выпечка,Активный
2026-07-16,Круассан 75г,3.0,ЧАПА_26,Thursday,Выпечка,Активный
2026-07-17,Круассан 75г,3.0,ЧАПА_26,Friday,Выпечка,Активный
2026-07-18,Круассан 75г,3.0,ЧАПА_26,Saturday,Выпечка,Активный
2026-07-19,Круассан 75г,3.0,ЧАПА_26,Sunday,Выпечка,Активный
2026-07-20,Круассан 75г,0.0,ЧАПА_26,Monday,Выпечка,Активный
2026-07-21,Круассан 75г,0.0,ЧАПА_26,Tuesday,Выпечка,Активный
2026-07-22,Круассан 75г,3.0,ЧАПА_26,Wednesday,Выпечка,Активный
2026-07-23,Круассан 75г,4.0,ЧАПА_26,Thursday,Выпечка,Активный
2026-07-24,Круассан 75г,3.0,ЧАПА_26,Friday,Выпечка,Активный
2026-07-25,Круассан 75г,3.0,ЧАПА_26,Saturday,Выпечка,Активный
2026-07-26,Круассан 75г,3.0,ЧАПА_26,Sunday,Выпечка,Активный
2026-07-27,Круассан 75г,0.0,ЧАПА_26,Monday,Выпечка,Активный
2026-07-28,Круассан 75г,3.0,ЧАПА_26,Tuesday,Выпечка,Активный
2026-07-29,Круассан 75г,4.0,ЧАПА_26,Wednesday,Выпечка,Активный
2026-07-30,Круассан 75г,3.0,ЧАПА_26,Thursday,Выпечка,Активный
2026-07-31,Круассан 75г,4.0,ЧАПА_26,Friday,Выпечка,Активный
2026-08-01,Круассан 75г,4.0,ЧАПА_26,Saturday,Выпечка,Активный
2026-08-02,Круассан 75г,3.0,ЧАПА_26,Sunday,Выпечка,Активный
2026-08-03,Круассан 75г,4.0,ЧАПА_26,Monday,Выпечка,Активный
2026-08-04,Круассан 75г,4.0,ЧАПА_26,Tuesday,Выпечка,Активный
2026-08-05,Круассан 75г,4.0,ЧАПА_26,Wednesday,Выпечка,Активный
2026-08-06,Круассан 75г,4.0,ЧАПА_26,Thursday,Выпечка,Активный
2026-08-07,Круассан 75г,5.0,ЧАПА_26,Friday,Выпечка,Активный
2026-08-08,Круассан 75г,5.0,ЧАПА_26,Saturday,Выпечка,Активный
2026-08-09,Круассан 75г,5.0,ЧАПА_26,Sunday,Выпечка,Активный
2026-08-10,Круассан 75г,0.0,ЧАПА_26,Monday,Выпечка,Активный
2026-08-11,Круассан 75г,3.0,ЧАПА_26,Tuesday,Выпечка,Активный
2026-08-12,Круассан 75г,3.0,ЧАПА_26,Wednesday,Выпечка,Активный
2026-08-13,Круассан 75г,5.0,ЧАПА_26,Thursday,Выпечка,Активный
2026-08-14,Круассан 75г,5.0,ЧАПА_26,Friday,Выпечка,Активный
2026-08-15,Круассан 75г,5.0,ЧАПА_26,Saturday,Выпечка,Активный
2026-08-16,Круассан 75г,5.0,ЧАПА_26,Sunday,Выпечка,Активный
2026-08-17,Круассан 75г,5.0,ЧАПА_26,Monday,Выпечка,Активный
2026-08-18,Круассан 75г,3.0,ЧАПА_26,Tuesday,Выпечка,Активный
2026-08-19,Круассан 75г,3.0,ЧАПА_26,Wednesday,Выпечка,Активный
2026-08-20,Круассан 75г,3.0,ЧАПА_26,Thursday,Выпечка,Активный
2026-08-21,Круассан 75г,3.0,ЧАПА_26,Friday,Выпечка,Активный
2026-08-22,Круассан 75г,5.0,ЧАПА_26,Saturday,Выпечка,Активный
2026-08-23,Круассан 75г,3.0,ЧАПА_26,Sunday,Выпечка,Активный
2026-08-24,Круассан 75г,3.0,ЧАПА_26,Monday,Выпечка,Активный
2026-08-25,Круассан 75г,15.0,ЧАПА_26,Tuesday,Выпечка,Активный
2026-08-26,Круассан 75г,3.0,ЧАПА_26,Wednesday,Выпечка,Активный
2026-08-27,Круассан 75г,3.0,ЧАПА_26,Thursday,Выпечка,Активный
2026-08-28,Круассан 75г,3.0,ЧАПА_26,Friday,Выпечка,Активный
2026-08-29,Круассан 75г,3.0,ЧАПА_26,Saturday,Выпечка,Активный
2026-08-30,Круассан 75г,4.0,ЧАПА_26,Sunday,Выпечка,Активный
2026-08-31,Круассан 75г,3.0,ЧАПА_26,Monday,Выпечка,Активный
2026-06-01,Булка с корицей,0.0,ЧАПА_26,Monday,Булки,Активный
2026-06-02,Булка с корицей,10.0,ЧАПА_26,Tuesday,Булки,Активный
2026-06-03,Булка с корицей,15.0,ЧАПА_26,Wednesday,Булки,Активный
2026-06-04,Булка с корицей,10.0,ЧАПА_26,Thursday,Булки,Активный
2026-06-05,Булка с корицей,20.0,ЧАПА_26,Friday,Булки,Активный
2026-06-06,Булка с корицей,15.0,ЧАПА_26,Saturday,Булки,Активный
2026-06-07,Булка с корицей,25.0,ЧАПА_26,Sunday,Булки,Активный
2026-06-08,Булка с корицей,0.0,ЧАПА_26,Monday,Булки,Активный
2026-06-09,Булка с корицей,15.0,ЧАПА_26,Tuesday,Булки,Активный
2026-06-10,Булка с корицей,15.0,ЧАПА_26,Wednesday,Булки,Активный
2026-06-11,Булка с корицей,15.0,ЧАПА_26,Thursday,Булки,Активный
2026-06-12,Булка с корицей,15.0,ЧАПА_26,Friday,Булки,Активный
2026-06-13,Булка с корицей,20.0,ЧАПА_26,Saturday,Булки,Активный
2026-06-14,Булка с корицей,15.0,ЧАПА_26,Sunday,Булки,Активный
2026-06-15,Булка с корицей,0.0,ЧАПА_26,Monday,Булки,Активный
2026-06-16,Булка с корицей,5.0,ЧАПА_26,Tuesday,Булки,Активный
2026-06-17,Булка с корицей,7.0,ЧАПА_26,Wednesday,Булки,Активный
2026-06-18,Булка с корицей,10.0,ЧАПА_26,Thursday,Булки,Активный
2026-06-19,Булка с корицей,8.0,ЧАПА_26,Friday,Булки,Активный
2026-06-20,Булка с корицей,10.0,ЧАПА_26,Saturday,Булки,Активный
2026-06-21,Булка с корицей,15.0,ЧАПА_26,Sunday,Булки,Активный
2026-06-22,Булка с корицей,0.0,ЧАПА_26,Monday,Булки,Активный
2026-06-23,Булка с корицей,10.0,ЧАПА_26,Tuesday,Булки,Активный
2026-06-24,Булка с корицей,8.0,ЧАПА_26,Wednesday,Булки,Активный
2026-06-25,Булка с корицей,10.0,ЧАПА_26,Thursday,Булки,Активный
2026-06-26,Булка с корицей,5.0,ЧАПА_26,Friday,Булки,Активный
2026-06-27,Булка с корицей,15.0,ЧАПА_26,Saturday,Булки,Активный
2026-06-28,Булка с корицей,15.0,ЧАПА_26,Sunday,Булки,Активный
2026-06-29,Булка с корицей,0.0,ЧАПА_26,Monday,Булки,Активный
2026-06-30,Булка с корицей,8.0,ЧАПА_26,Tuesday,Булки,Активный
2026-07-01,Булка с корицей,5.0,ЧАПА_26,Wednesday,Булки,Активный
2026-07-02,Булка с корицей,5.0,ЧАПА_26,Thursday,Булки,Активный
2026-07-03,Булка с корицей,5.0,ЧАПА_26,Friday,Булки,Активный
2026-07-04,Булка с корицей,5.0,ЧАПА_26,Saturday,Булки,Активный
2026-07-05,Булка с корицей,5.0,ЧАПА_26,Sunday,Булки,Активный
2026-07-06,Булка с корицей,0.0,ЧАПА_26,Monday,Булки,Активный
2026-07-07,Булка с корицей,3.0,ЧАПА_26,Tuesday,Булки,Активный
2026-07-08,Булка с корицей,5.0,ЧАПА_26,Wednesday,Булки,Активный
2026-07-09,Булка с корицей,3.0,ЧАПА_26,Thursday,Булки,Активный
2026-07-10,Булка с корицей,3.0,ЧАПА_26,Friday,Булки,Активный
2026-07-11,Булка с корицей,4.0,ЧАПА_26,Saturday,Булки,Активный
2026-07-12,Булка с корицей,3.0,ЧАПА_26,Sunday,Булки,Активный
2026-07-13,Булка с корицей,3.0,ЧАПА_26,Monday,Булки,Активный
2026-07-14,Булка с корицей,4.0,ЧАПА_26,Tuesday,Булки,Активный
2026-07-15,Булка с корицей,4.0,ЧАПА_26,Wednesday,Булки,Активный
2026-07-16,Булка с корицей,5.0,ЧАПА_26,Thursday,Булки,Активный
2026-07-17,Булка с корицей,10.0,ЧАПА_26,Friday,Булки,Активный
2026-07-18,Булка с корицей,8.0,ЧАПА_26,Saturday,Булки,Активный
2026-07-19,Булка с корицей,10.0,ЧАПА_26,Sunday,Булки,Активный
2026-07-20,Булка с корицей,5.0,ЧАПА_26,Monday,Булки,Активный
2026-07-21,Булка с корицей,5.0,ЧАПА_26,Tuesday,Булки,Активный
2026-07-22,Булка с корицей,5.0,ЧАПА_26,Wednesday,Булки,Активный
2026-07-23,Булка с корицей,5.0,ЧАПА_26,Thursday,Булки,Активный
2026-07-24,Булка с корицей,5.0,ЧАПА_26,Friday,Булки,Активный
2026-07-25,Булка с корицей,4.0,ЧАПА_26,Saturday,Булки,Активный
2026-07-26,Булка с корицей,4.0,ЧАПА_26,Sunday,Булки,Активный
2026-07-27,Булка с корицей,4.0,ЧАПА_26,Monday,Булки,Активный
2026-07-28,Булка с корицей,5.0,ЧАПА_26,Tuesday,Булки,Активный
2026-07-29,Булка с корицей,8.0,ЧАПА_26,Wednesday,Булки,Активный
2026-07-30,Булка с корицей,4.0,ЧАПА_26,Thursday,Булки,Активный
2026-07-31,Булка с корицей,7.0,ЧАПА_26,Friday,Булки,Активный
2026-08-01,Булка с корицей,8.0,ЧАПА_26,Saturday,Булки,Активный
2026-08-02,Булка с корицей,10.0,ЧАПА_26,Sunday,Булки,Активный
2026-08-03,Булка с корицей,5.0,ЧАПА_26,Monday,Булки,Активный
2026-08-04,Булка с корицей,5.0,ЧАПА_26,Tuesday,Булки,Активный
2026-08-05,Булка с корицей,7.0,ЧАПА_26,Wednesday,Булки,Активный
2026-08-06,Булка с корицей,7.0,ЧАПА_26,Thursday,Булки,Активный
2026-08-07,Булка с корицей,8.0,ЧАПА_26,Friday,Булки,Активный
2026-08-08,Булка с корицей,10.0,ЧАПА_26,Saturday,Булки,Активный
2026-08-09,Булка с корицей,5.0,ЧАПА_26,Sunday,Булки,Активный
2026-08-10,Булка с корицей,4.0,ЧАПА_26,Monday,Булки,Активный
2026-08-11,Булка с корицей,5.0,ЧАПА_26,Tuesday,Булки,Активный
2026-08-12,Булка с корицей,7.0,ЧАПА_26,Wednesday,Булки,Активный
2026-08-13,Булка с корицей,10.0,ЧАПА_26,Thursday,Булки,Активный
2026-08-14,Булка с корицей,5.0,ЧАПА_26,Friday,Булки,Активный
2026-08-15,Булка с корицей,7.0,ЧАПА_26,Saturday,Булки,Активный
2026-08-16,Булка с корицей,7.0,ЧАПА_26,Sunday,Булки,Активный
2026-08-17,Булка с корицей,7.0,ЧАПА_26,Monday,Булки,Активный
2026-08-18,Булка с корицей,5.0,ЧАПА_26,Tuesday,Булки,Активный
2026-08-19,Булка с корицей,5.0,ЧАПА_26,Wednesday,Булки,Активный
2026-08-20,Булка с корицей,3.0,ЧАПА_26,Thursday,Булки,Активный
2026-08-21,Булка с корицей,3.0,ЧАПА_26,Friday,Булки,Активный
2026-08-22,Булка с корицей,10.0,ЧАПА_26,Saturday,Булки,Активный
2026-08-23,Булка с корицей,8.0,ЧАПА_26,Sunday,Булки,Активный
2026-08-24,Булка с корицей,5.0,ЧАПА_26,Monday,Булки,Активный
2026-08-25,Булка с корицей,5.0,ЧАПА_26,Tuesday,Булки,Активный
2026-08-26,Булка с корицей,5.0,ЧАПА_26,Wednesday,Булки,Активный
2026-08-27,Булка с корицей,5.0,ЧАПА_26,Thursday,Булки,Активный
2026-08-28,Булка с корицей,8.0,ЧАПА_26,Friday,Булки,Активный
2026-08-29,Булка с корицей,5.0,ЧАПА_26,Saturday,Булки,Активный
2026-08-30,Булка с корицей,4.0,ЧАПА_26,Sunday,Булки,Активный
2026-08-31,Булка с корицей,4.0,ЧАПА_26,Monday,Булки,Активный
2026-06-01,Булка с тхиной,0.0,ЧАПА_26,Monday,Булки,Активный
2026-06-02,Булка с тхиной,5.0,ЧАПА_26,Tuesday,Булки,Активный
2026-06-03,Булка с тхиной,8.0,ЧАПА_26,Wednesday,Булки,Активный
2026-06-04,Булка с тхиной,10.0,ЧАПА_26,Thursday,Булки,Активный
2026-06-05,Булка с тхиной,15.0,ЧАПА_26,Friday,Булки,Активный
2026-06-06,Булка с тхиной,15.0,ЧАПА_26,Saturday,Булки,Активный
2026-06-07,Булка с тхиной,20.0,ЧАПА_26,Sunday,Булки,Активный
2026-06-08,Булка с тхиной,0.0,ЧАПА_26,Monday,Булки,Активный
2026-06-09,Булка с тхиной,8.0,ЧАПА_26,Tuesday,Булки,Активный
2026-06-10,Булка с тхиной,10.0,ЧАПА_26,Wednesday,Булки,Активный
2026-06-11,Булка с тхиной,15.0,ЧАПА_26,Thursday,Булки,Активный
2026-06-12,Булка с тхиной,15.0,ЧАПА_26,Friday,Булки,Активный
2026-06-13,Булка с тхиной,15.0,ЧАПА_26,Saturday,Булки,Активный
2026-06-14,Булка с тхиной,15.0,ЧАПА_26,Sunday,Булки,Активный
2026-06-15,Булка с тхиной,0.0,ЧАПА_26,Monday,Булки,Активный
2026-06-16,Булка с тхиной,10.0,ЧАПА_26,Tuesday,Булки,Активный
2026-06-17,Булка с тхиной,10.0,ЧАПА_26,Wednesday,Булки,Активный
2026-06-18,Булка с тхиной,10.0,ЧАПА_26,Thursday,Булки,Активный
2026-06-19,Булка с тхиной,8.0,ЧАПА_26,Friday,Булки,Активный
2026-06-20,Булка с тхиной,10.0,ЧАПА_26,Saturday,Булки,Активный
2026-06-21,Булка с тхиной,10.0,ЧАПА_26,Sunday,Булки,Активный
2026-06-22,Булка с тхиной,0.0,ЧАПА_26,Monday,Булки,Активный
2026-06-23,Булка с тхиной,12.0,ЧАПА_26,Tuesday,Булки,Активный
2026-06-24,Булка с тхиной,10.0,ЧАПА_26,Wednesday,Булки,Активный
2026-06-25,Булка с тхиной,10.0,ЧАПА_26,Thursday,Булки,Активный
2026-06-26,Булка с тхиной,8.0,ЧАПА_26,Friday,Булки,Активный
2026-06-27,Булка с тхиной,12.0,ЧАПА_26,Saturday,Булки,Активный
2026-06-28,Булка с тхиной,12.0,ЧАПА_26,Sunday,Булки,Активный
2026-06-29,Булка с тхиной,0.0,ЧАПА_26,Monday,Булки,Активный
2026-06-30,Булка с тхиной,8.0,ЧАПА_26,Tuesday,Булки,Активный
2026-07-01,Булка с тхиной,8.0,ЧАПА_26,Wednesday,Булки,Активный
2026-07-02,Булка с тхиной,8.0,ЧАПА_26,Thursday,Булки,Активный
2026-07-03,Булка с тхиной,4.0,ЧАПА_26,Friday,Булки,Активный
2026-07-04,Булка с тхиной,5.0,ЧАПА_26,Saturday,Булки,Активный
2026-07-05,Булка с тхиной,6.0,ЧАПА_26,Sunday,Булки,Активный
2026-07-06,Булка с тхиной,3.0,ЧАПА_26,Monday,Булки,Активный
2026-07-07,Булка с тхиной,4.0,ЧАПА_26,Tuesday,Булки,Активный
2026-07-08,Булка с тхиной,3.0,ЧАПА_26,Wednesday,Булки,Активный
2026-07-09,Булка с тхиной,0.0,ЧАПА_26,Thursday,Булки,Активный
2026-07-10,Булка с тхиной,4.0,ЧАПА_26,Friday,Булки,Активный
2026-07-11,Булка с тхиной,7.0,ЧАПА_26,Saturday,Булки,Активный
2026-07-12,Булка с тхиной,5.0,ЧАПА_26,Sunday,Булки,Активный
2026-07-13,Булка с тхиной,3.0,ЧАПА_26,Monday,Булки,Активный
2026-07-14,Булка с тхиной,4.0,ЧАПА_26,Tuesday,Булки,Активный
2026-07-15,Булка с тхиной,5.0,ЧАПА_26,Wednesday,Булки,Активный
2026-07-16,Булка с тхиной,5.0,ЧАПА_26,Thursday,Булки,Активный
2026-07-17,Булка с тхиной,8.0,ЧАПА_26,Friday,Булки,Активный
2026-07-18,Булка с тхиной,5.0,ЧАПА_26,Saturday,Булки,Активный
2026-07-19,Булка с тхиной,8.0,ЧАПА_26,Sunday,Булки,Активный
2026-07-20,Булка с тхиной,5.0,ЧАПА_26,Monday,Булки,Активный
2026-07-21,Булка с тхиной,5.0,ЧАПА_26,Tuesday,Булки,Активный
2026-07-22,Булка с тхиной,7.0,ЧАПА_26,Wednesday,Булки,Активный
2026-07-23,Булка с тхиной,5.0,ЧАПА_26,Thursday,Булки,Активный
2026-07-24,Булка с тхиной,5.0,ЧАПА_26,Friday,Булки,Активный
2026-07-25,Булка с тхиной,3.0,ЧАПА_26,Saturday,Булки,Активный
2026-07-26,Булка с тхиной,3.0,ЧАПА_26,Sunday,Булки,Активный
2026-07-27,Булка с тхиной,3.0,ЧАПА_26,Monday,Булки,Активный
2026-07-28,Булка с тхиной,3.0,ЧАПА_26,Tuesday,Булки,Активный
2026-07-29,Булка с тхиной,8.0,ЧАПА_26,Wednesday,Булки,Активный
2026-07-30,Булка с тхиной,4.0,ЧАПА_26,Thursday,Булки,Активный
2026-07-31,Булка с тхиной,7.0,ЧАПА_26,Friday,Булки,Активный
2026-08-01,Булка с тхиной,8.0,ЧАПА_26,Saturday,Булки,Активный
2026-08-02,Булка с тхиной,0.0,ЧАПА_26,Sunday,Булки,Активный
2026-08-03,Булка с тхиной,0.0,ЧАПА_26,Monday,Булки,Активный
2026-08-04,Булка с тхиной,0.0,ЧАПА_26,Tuesday,Булки,Активный
2026-08-05,Булка с тхиной,0.0,ЧАПА_26,Wednesday,Булки,Активный
2026-08-06,Булка с тхиной,0.0,ЧАПА_26,Thursday,Булки,Активный
2026-08-07,Булка с тхиной,0.0,ЧАПА_26,Friday,Булки,Активный
2026-08-08,Булка с тхиной,0.0,ЧАПА_26,Saturday,Булки,Активный
2026-08-09,Булка с тхиной,0.0,ЧАПА_26,Sunday,Булки,Активный
2026-08-10,Булка с тхиной,0.0,ЧАПА_26,Monday,Булки,Активный
2026-08-11,Булка с тхиной,0.0,ЧАПА_26,Tuesday,Булки,Активный
2026-06-01,Булка с кардамоном,0.0,ЧАПА_26,Monday,Булки,Активный
2026-06-02,Булка с кардамоном,8.0,ЧАПА_26,Tuesday,Булки,Активный
2026-06-03,Булка с кардамоном,10.0,ЧАПА_26,Wednesday,Булки,Активный
2026-06-04,Булка с кардамоном,10.0,ЧАПА_26,Thursday,Булки,Активный
2026-06-05,Булка с кардамоном,15.0,ЧАПА_26,Friday,Булки,Активный
2026-06-06,Булка с кардамоном,15.0,ЧАПА_26,Saturday,Булки,Активный
2026-06-07,Булка с кардамоном,15.0,ЧАПА_26,Sunday,Булки,Активный
2026-06-08,Булка с кардамоном,0.0,ЧАПА_26,Monday,Булки,Активный
2026-06-09,Булка с кардамоном,10.0,ЧАПА_26,Tuesday,Булки,Активный
2026-06-10,Булка с кардамоном,15.0,ЧАПА_26,Wednesday,Булки,Активный
2026-06-11,Булка с кардамоном,12.0,ЧАПА_26,Thursday,Булки,Активный
2026-06-12,Булка с кардамоном,18.0,ЧАПА_26,Friday,Булки,Активный
2026-06-13,Булка с кардамоном,12.0,ЧАПА_26,Saturday,Булки,Активный
2026-06-14,Булка с кардамоном,15.0,ЧАПА_26,Sunday,Булки,Активный
2026-06-15,Булка с кардамоном,0.0,ЧАПА_26,Monday,Булки,Активный
2026-06-16,Булка с кардамоном,10.0,ЧАПА_26,Tuesday,Булки,Активный
2026-06-17,Булка с кардамоном,8.0,ЧАПА_26,Wednesday,Булки,Активный
2026-06-18,Булка с кардамоном,10.0,ЧАПА_26,Thursday,Булки,Активный
2026-06-19,Булка с кардамоном,10.0,ЧАПА_26,Friday,Булки,Активный
2026-06-20,Булка с кардамоном,10.0,ЧАПА_26,Saturday,Булки,Активный
2026-06-21,Булка с кардамоном,10.0,ЧАПА_26,Sunday,Булки,Активный
2026-06-22,Булка с кардамоном,0.0,ЧАПА_26,Monday,Булки,Активный
2026-06-23,Булка с кардамоном,12.0,ЧАПА_26,Tuesday,Булки,Активный
2026-06-24,Булка с кардамоном,10.0,ЧАПА_26,Wednesday,Булки,Активный
2026-06-25,Булка с кардамоном,12.0,ЧАПА_26,Thursday,Булки,Активный
2026-06-26,Булка с кардамоном,10.0,ЧАПА_26,Friday,Булки,Активный
2026-06-27,Булка с кардамоном,8.0,ЧАПА_26,Saturday,Булки,Активный
2026-06-28,Булка с кардамоном,12.0,ЧАПА_26,Sunday,Булки,Активный
2026-06-29,Булка с кардамоном,0.0,ЧАПА_26,Monday,Булки,Активный
2026-06-30,Булка с кардамоном,7.0,ЧАПА_26,Tuesday,Булки,Активный
2026-07-01,Булка с кардамоном,8.0,ЧАПА_26,Wednesday,Булки,Активный
2026-07-02,Булка с кардамоном,7.0,ЧАПА_26,Thursday,Булки,Активный
2026-07-03,Булка с кардамоном,5.0,ЧАПА_26,Friday,Булки,Активный
2026-07-04,Булка с кардамоном,7.0,ЧАПА_26,Saturday,Булки,Активный
2026-07-05,Булка с кардамоном,5.0,ЧАПА_26,Sunday,Булки,Активный
2026-07-06,Булка с кардамоном,4.0,ЧАПА_26,Monday,Булки,Активный
2026-07-07,Булка с кардамоном,0.0,ЧАПА_26,Tuesday,Булки,Активный
2026-07-08,Булка с кардамоном,0.0,ЧАПА_26,Wednesday,Булки,Активный
2026-07-09,Булка с кардамоном,3.0,ЧАПА_26,Thursday,Булки,Активный
2026-07-10,Булка с кардамоном,4.0,ЧАПА_26,Friday,Булки,Активный
2026-07-11,Булка с кардамоном,5.0,ЧАПА_26,Saturday,Булки,Активный
2026-07-12,Булка с кардамоном,3.0,ЧАПА_26,Sunday,Булки,Активный
2026-07-13,Булка с кардамоном,4.0,ЧАПА_26,Monday,Булки,Активный
2026-07-14,Булка с кардамоном,3.0,ЧАПА_26,Tuesday,Булки,Активный
2026-07-15,Булка с кардамоном,4.0,ЧАПА_26,Wednesday,Булки,Активный
2026-07-16,Булка с кардамоном,6.0,ЧАПА_26,Thursday,Булки,Активный
2026-07-17,Булка с кардамоном,8.0,ЧАПА_26,Friday,Булки,Активный
2026-07-18,Булка с кардамоном,8.0,ЧАПА_26,Saturday,Булки,Активный
2026-07-19,Булка с кардамоном,8.0,ЧАПА_26,Sunday,Булки,Активный
2026-07-20,Булка с кардамоном,5.0,ЧАПА_26,Monday,Булки,Активный
2026-07-21,Булка с кардамоном,5.0,ЧАПА_26,Tuesday,Булки,Активный
2026-07-22,Булка с кардамоном,7.0,ЧАПА_26,Wednesday,Булки,Активный
2026-07-23,Булка с кардамоном,5.0,ЧАПА_26,Thursday,Булки,Активный
2026-07-24,Булка с кардамоном,7.0,ЧАПА_26,Friday,Булки,Активный
2026-07-25,Булка с кардамоном,5.0,ЧАПА_26,Saturday,Булки,Активный
2026-07-26,Булка с кардамоном,3.0,ЧАПА_26,Sunday,Булки,Активный
2026-07-27,Булка с кардамоном,3.0,ЧАПА_26,Monday,Булки,Активный
2026-07-28,Булка с кардамоном,5.0,ЧАПА_26,Tuesday,Булки,Активный
2026-07-29,Булка с кардамоном,10.0,ЧАПА_26,Wednesday,Булки,Активный
2026-07-30,Булка с кардамоном,4.0,ЧАПА_26,Thursday,Булки,Активный
2026-07-31,Булка с кардамоном,5.0,ЧАПА_26,Friday,Булки,Активный
2026-08-01,Булка с кардамоном,8.0,ЧАПА_26,Saturday,Булки,Активный
2026-08-02,Булка с кардамоном,10.0,ЧАПА_26,Sunday,Булки,Активный
2026-08-03,Булка с кардамоном,7.0,ЧАПА_26,Monday,Булки,Активный
2026-08-04,Булка с кардамоном,5.0,ЧАПА_26,Tuesday,Булки,Активный
2026-08-05,Булка с кардамоном,5.0,ЧАПА_26,Wednesday,Булки,Активный
2026-08-06,Булка с кардамоном,8.0,ЧАПА_26,Thursday,Булки,Активный
2026-08-07,Булка с кардамоном,8.0,ЧАПА_26,Friday,Булки,Активный
2026-08-08,Булка с кардамоном,15.0,ЧАПА_26,Saturday,Булки,Активный
2026-08-09,Булка с кардамоном,8.0,ЧАПА_26,Sunday,Булки,Активный
2026-08-10,Булка с кардамоном,4.0,ЧАПА_26,Monday,Булки,Активный
2026-08-11,Булка с кардамоном,5.0,ЧАПА_26,Tuesday,Булки,Активный
2026-08-12,Булка с кардамоном,5.0,ЧАПА_26,Wednesday,Булки,Активный
2026-08-13,Булка с кардамоном,10.0,ЧАПА_26,Thursday,Булки,Активный
2026-08-14,Булка с кардамоном,6.0,ЧАПА_26,Friday,Булки,Активный
2026-08-15,Булка с кардамоном,7.0,ЧАПА_26,Saturday,Булки,Активный
2026-08-16,Булка с кардамоном,7.0,ЧАПА_26,Sunday,Булки,Активный
2026-08-17,Булка с кардамоном,7.0,ЧАПА_26,Monday,Булки,Активный
2026-08-18,Булка с кардамоном,5.0,ЧАПА_26,Tuesday,Булки,Активный
2026-08-19,Булка с кардамоном,7.0,ЧАПА_26,Wednesday,Булки,Активный
2026-08-20,Булка с кардамоном,8.0,ЧАПА_26,Thursday,Булки,Активный
2026-08-21,Булка с кардамоном,7.0,ЧАПА_26,Friday,Булки,Активный
2026-08-22,Булка с кардамоном,10.0,ЧАПА_26,Saturday,Булки,Активный
2026-08-23,Булка с кардамоном,7.0,ЧАПА_26,Sunday,Булки,Активный
2026-08-24,Булка с кардамоном,5.0,ЧАПА_26,Monday,Булки,Активный
2026-08-25,Булка с кардамоном,4.0,ЧАПА_26,Tuesday,Булки,Активный
2026-08-26,Булка с кардамоном,5.0,ЧАПА_26,Wednesday,Булки,Активный
2026-08-27,Булка с кардамоном,7.0,ЧАПА_26,Thursday,Булки,Активный
2026-08-28,Булка с кардамоном,5.0,ЧАПА_26,Friday,Булки,Активный
2026-08-29,Булка с кардамоном,5.0,ЧАПА_26,Saturday,Булки,Активный
2026-08-30,Булка с кардамоном,5.0,ЧАПА_26,Sunday,Булки,Активный
2026-08-31,Булка с кардамоном,3.0,ЧАПА_26,Monday,Булки,Активный
2026-06-01,Печенье шоколадное с солью,0.0,ЧАПА_26,Monday,Печенье,Активный
2026-06-02,Печенье шоколадное с солью,10.0,ЧАПА_26,Tuesday,Печенье,Активный
2026-06-03,Печенье шоколадное с солью,10.0,ЧАПА_26,Wednesday,Печенье,Активный
2026-06-04,Печенье шоколадное с солью,15.0,ЧАПА_26,Thursday,Печенье,Активный
2026-06-05,Печенье шоколадное с солью,20.0,ЧАПА_26,Friday,Печенье,Активный
2026-06-06,Печенье шоколадное с солью,20.0,ЧАПА_26,Saturday,Печенье,Активный
2026-06-07,Печенье шоколадное с солью,15.0,ЧАПА_26,Sunday,Печенье,Активный
2026-06-09,Печенье шоколадное с солью,15.0,ЧАПА_26,Tuesday,Печенье,Активный
2026-06-10,Печенье шоколадное с солью,12.0,ЧАПА_26,Wednesday,Печенье,Активный
2026-06-11,Печенье шоколадное с солью,15.0,ЧАПА_26,Thursday,Печенье,Активный
2026-06-12,Печенье шоколадное с солью,15.0,ЧАПА_26,Friday,Печенье,Активный
2026-06-13,Печенье шоколадное с солью,20.0,ЧАПА_26,Saturday,Печенье,Активный
2026-06-14,Печенье шоколадное с солью,15.0,ЧАПА_26,Sunday,Печенье,Активный
2026-06-15,Печенье шоколадное с солью,0.0,ЧАПА_26,Monday,Печенье,Активный
2026-06-16,Печенье шоколадное с солью,15.0,ЧАПА_26,Tuesday,Печенье,Активный
2026-06-17,Печенье шоколадное с солью,15.0,ЧАПА_26,Wednesday,Печенье,Активный
2026-06-18,Печенье шоколадное с солью,10.0,ЧАПА_26,Thursday,Печенье,Активный
2026-06-19,Печенье шоколадное с солью,20.0,ЧАПА_26,Friday,Печенье,Активный
2026-06-20,Печенье шоколадное с солью,15.0,ЧАПА_26,Saturday,Печенье,Активный
2026-06-21,Печенье шоколадное с солью,20.0,ЧАПА_26,Sunday,Печенье,Активный
2026-06-23,Печенье шоколадное с солью,20.0,ЧАПА_26,Tuesday,Печенье,Активный
2026-06-24,Печенье шоколадное с солью,12.0,ЧАПА_26,Wednesday,Печенье,Активный
2026-06-25,Печенье шоколадное с солью,10.0,ЧАПА_26,Thursday,Печенье,Активный
2026-06-26,Печенье шоколадное с солью,15.0,ЧАПА_26,Friday,Печенье,Активный
2026-06-27,Печенье шоколадное с солью,20.0,ЧАПА_26,Saturday,Печенье,Активный
2026-06-28,Печенье шоколадное с солью,10.0,ЧАПА_26,Sunday,Печенье,Активный
2026-06-29,Печенье шоколадное с солью,0.0,ЧАПА_26,Monday,Печенье,Активный
2026-06-30,Печенье шоколадное с солью,10.0,ЧАПА_26,Tuesday,Печенье,Активный
2026-07-01,Печенье шоколадное с солью,10.0,ЧАПА_26,Wednesday,Печенье,Активный
2026-07-02,Печенье шоколадное с солью,10.0,ЧАПА_26,Thursday,Печенье,Активный
2026-07-03,Печенье шоколадное с солью,8.0,ЧАПА_26,Friday,Печенье,Активный
2026-07-04,Печенье шоколадное с солью,15.0,ЧАПА_26,Saturday,Печенье,Активный
2026-07-05,Печенье шоколадное с солью,10.0,ЧАПА_26,Sunday,Печенье,Активный
2026-07-06,Печенье шоколадное с солью,8.0,ЧАПА_26,Monday,Печенье,Активный
2026-07-07,Печенье шоколадное с солью,8.0,ЧАПА_26,Tuesday,Печенье,Активный
2026-07-08,Печенье шоколадное с солью,4.0,ЧАПА_26,Wednesday,Печенье,Активный
2026-07-09,Печенье шоколадное с солью,5.0,ЧАПА_26,Thursday,Печенье,Активный
2026-07-10,Печенье шоколадное с солью,5.0,ЧАПА_26,Friday,Печенье,Активный
2026-07-11,Печенье шоколадное с солью,5.0,ЧАПА_26,Saturday,Печенье,Активный
2026-07-12,Печенье шоколадное с солью,10.0,ЧАПА_26,Sunday,Печенье,Активный
2026-07-13,Печенье шоколадное с солью,5.0,ЧАПА_26,Monday,Печенье,Активный
2026-07-14,Печенье шоколадное с солью,8.0,ЧАПА_26,Tuesday,Печенье,Активный
2026-07-15,Печенье шоколадное с солью,5.0,ЧАПА_26,Wednesday,Печенье,Активный
2026-07-16,Печенье шоколадное с солью,7.0,ЧАПА_26,Thursday,Печенье,Активный
2026-07-17,Печенье шоколадное с солью,10.0,ЧАПА_26,Friday,Печенье,Активный
2026-07-18,Печенье шоколадное с солью,8.0,ЧАПА_26,Saturday,Печенье,Активный
2026-07-19,Печенье шоколадное с солью,10.0,ЧАПА_26,Sunday,Печенье,Активный
2026-07-20,Печенье шоколадное с солью,10.0,ЧАПА_26,Monday,Печенье,Активный
2026-07-21,Печенье шоколадное с солью,8.0,ЧАПА_26,Tuesday,Печенье,Активный
2026-07-22,Печенье шоколадное с солью,10.0,ЧАПА_26,Wednesday,Печенье,Активный
2026-07-23,Печенье шоколадное с солью,10.0,ЧАПА_26,Thursday,Печенье,Активный
2026-07-24,Печенье шоколадное с солью,10.0,ЧАПА_26,Friday,Печенье,Активный
2026-07-25,Печенье шоколадное с солью,8.0,ЧАПА_26,Saturday,Печенье,Активный
2026-07-26,Печенье шоколадное с солью,10.0,ЧАПА_26,Sunday,Печенье,Активный
2026-07-27,Печенье шоколадное с солью,5.0,ЧАПА_26,Monday,Печенье,Активный
2026-07-28,Печенье шоколадное с солью,5.0,ЧАПА_26,Tuesday,Печенье,Активный
2026-07-29,Печенье шоколадное с солью,15.0,ЧАПА_26,Wednesday,Печенье,Активный
2026-07-30,Печенье шоколадное с солью,8.0,ЧАПА_26,Thursday,Печенье,Активный
2026-07-31,Печенье шоколадное с солью,10.0,ЧАПА_26,Friday,Печенье,Активный
2026-08-01,Печенье шоколадное с солью,10.0,ЧАПА_26,Saturday,Печенье,Активный
2026-08-02,Печенье шоколадное с солью,10.0,ЧАПА_26,Sunday,Печенье,Активный
2026-08-03,Печенье шоколадное с солью,15.0,ЧАПА_26,Monday,Печенье,Активный
2026-08-04,Печенье шоколадное с солью,10.0,ЧАПА_26,Tuesday,Печенье,Активный
2026-08-05,Печенье шоколадное с солью,10.0,ЧАПА_26,Wednesday,Печенье,Активный
2026-08-06,Печенье шоколадное с солью,15.0,ЧАПА_26,Thursday,Печенье,Активный
2026-08-07,Печенье шоколадное с солью,10.0,ЧАПА_26,Friday,Печенье,Активный
2026-08-08,Печенье шоколадное с солью,15.0,ЧАПА_26,Saturday,Печенье,Активный
2026-08-09,Печенье шоколадное с солью,10.0,ЧАПА_26,Sunday,Печенье,Активный
2026-08-10,Печенье шоколадное с солью,5.0,ЧАПА_26,Monday,Печенье,Активный
2026-08-11,Печенье шоколадное с солью,10.0,ЧАПА_26,Tuesday,Печенье,Активный
2026-08-12,Печенье шоколадное с солью,8.0,ЧАПА_26,Wednesday,Печенье,Активный
2026-08-13,Печенье шоколадное с солью,10.0,ЧАПА_26,Thursday,Печенье,Активный
2026-08-14,Печенье шоколадное с солью,6.0,ЧАПА_26,Friday,Печенье,Активный
2026-08-15,Печенье шоколадное с солью,10.0,ЧАПА_26,Saturday,Печенье,Активный
2026-08-16,Печенье шоколадное с солью,6.0,ЧАПА_26,Sunday,Печенье,Активный
2026-08-17,Печенье шоколадное с солью,5.0,ЧАПА_26,Monday,Печенье,Активный
2026-08-18,Печенье шоколадное с солью,5.0,ЧАПА_26,Tuesday,Печенье,Активный
2026-08-19,Печенье шоколадное с солью,5.0,ЧАПА_26,Wednesday,Печенье,Активный
2026-08-20,Печенье шоколадное с солью,7.0,ЧАПА_26,Thursday,Печенье,Активный
2026-08-21,Печенье шоколадное с солью,7.0,ЧАПА_26,Friday,Печенье,Активный
2026-08-22,Печенье шоколадное с солью,6.0,ЧАПА_26,Saturday,Печенье,Активный
2026-08-23,Печенье шоколадное с солью,7.0,ЧАПА_26,Sunday,Печенье,Активный
2026-08-24,Печенье шоколадное с солью,6.0,ЧАПА_26,Monday,Печенье,Активный
2026-08-25,Печенье шоколадное с солью,6.0,ЧАПА_26,Tuesday,Печенье,Активный
2026-08-26,Печенье шоколадное с солью,5.0,ЧАПА_26,Wednesday,Печенье,Активный
2026-08-27,Печенье шоколадное с солью,3.0,ЧАПА_26,Thursday,Печенье,Активный
2026-08-28,Печенье шоколадное с солью,6.0,ЧАПА_26,Friday,Печенье,Активный
2026-08-29,Печенье шоколадное с солью,5.0,ЧАПА_26,Saturday,Печенье,Активный
2026-08-30,Печенье шоколадное с солью,7.0,ЧАПА_26,Sunday,Печенье,Активный
2026-08-31,Печенье шоколадное с солью,5.0,ЧАПА_26,Monday,Печенье,Активный
2026-06-08,Багет,0.0,ЧАПА_26,Monday,Хлеб,Активный
2026-06-15,Багет,0.0,ЧАПА_26,Monday,Хлеб,Активный
2026-06-22,Багет,0.0,ЧАПА_26,Monday,Хлеб,Активный
2026-06-29,Багет,0.0,ЧАПА_26,Monday,Хлеб,Активный
2026-06-01,Улитка заварной крем и изюм,0.0,ЧАПА_26,Monday,Выпечка,Снят
2026-06-02,Улитка заварной крем и изюм,5.0,ЧАПА_26,Tuesday,Выпечка,Снят
2026-06-03,Улитка заварной крем и изюм,15.0,ЧАПА_26,Wednesday,Выпечка,Снят
2026-06-04,Улитка заварной крем и изюм,10.0,ЧАПА_26,Thursday,Выпечка,Снят
2026-06-05,Улитка заварной крем и изюм,20.0,ЧАПА_26,Friday,Выпечка,Снят
2026-06-06,Улитка заварной крем и изюм,30.0,ЧАПА_26,Saturday,Выпечка,Снят
2026-06-07,Улитка заварной крем и изюм,20.0,ЧАПА_26,Sunday,Выпечка,Снят
2026-06-08,Улитка заварной крем и изюм,0.0,ЧАПА_26,Monday,Выпечка,Снят
2026-06-09,Улитка заварной крем и изюм,12.0,ЧАПА_26,Tuesday,Выпечка,Снят
2026-06-10,Улитка заварной крем и изюм,15.0,ЧАПА_26,Wednesday,Выпечка,Снят
2026-06-11,Улитка заварной крем и изюм,15.0,ЧАПА_26,Thursday,Выпечка,Снят
2026-06-12,Улитка заварной крем и изюм,10.0,ЧАПА_26,Friday,Выпечка,Снят
2026-06-13,Улитка заварной крем и изюм,15.0,ЧАПА_26,Saturday,Выпечка,Снят
2026-06-14,Улитка заварной крем и изюм,12.0,ЧАПА_26,Sunday,Выпечка,Снят
2026-06-15,Улитка заварной крем и изюм,0.0,ЧАПА_26,Monday,Выпечка,Снят
2026-06-16,Улитка заварной крем и изюм,8.0,ЧАПА_26,Tuesday,Выпечка,Снят
2026-06-17,Улитка заварной крем и изюм,10.0,ЧАПА_26,Wednesday,Выпечка,Снят
2026-06-18,Улитка заварной крем и изюм,10.0,ЧАПА_26,Thursday,Выпечка,Снят
2026-06-19,Улитка заварной крем и изюм,15.0,ЧАПА_26,Friday,Выпечка,Снят
2026-06-20,Улитка заварной крем и изюм,15.0,ЧАПА_26,Saturday,Выпечка,Снят
2026-06-21,Улитка заварной крем и изюм,15.0,ЧАПА_26,Sunday,Выпечка,Снят
2026-06-22,Улитка заварной крем и изюм,0.0,ЧАПА_26,Monday,Выпечка,Снят
2026-06-23,Улитка заварной крем и изюм,10.0,ЧАПА_26,Tuesday,Выпечка,Снят
2026-06-24,Улитка заварной крем и изюм,15.0,ЧАПА_26,Wednesday,Выпечка,Снят
2026-06-25,Улитка заварной крем и изюм,13.0,ЧАПА_26,Thursday,Выпечка,Снят
2026-06-26,Улитка заварной крем и изюм,10.0,ЧАПА_26,Friday,Выпечка,Снят
2026-06-27,Улитка заварной крем и изюм,12.0,ЧАПА_26,Saturday,Выпечка,Снят
2026-06-28,Улитка заварной крем и изюм,10.0,ЧАПА_26,Sunday,Выпечка,Снят
2026-06-29,Улитка заварной крем и изюм,0.0,ЧАПА_26,Monday,Выпечка,Снят
2026-06-30,Улитка заварной крем и изюм,8.0,ЧАПА_26,Tuesday,Выпечка,Снят
2026-07-01,Улитка заварной крем и изюм,8.0,ЧАПА_26,Wednesday,Выпечка,Снят
2026-07-02,Улитка заварной крем и изюм,6.0,ЧАПА_26,Thursday,Выпечка,Снят
2026-07-03,Улитка заварной крем и изюм,6.0,ЧАПА_26,Friday,Выпечка,Снят
2026-07-04,Улитка заварной крем и изюм,5.0,ЧАПА_26,Saturday,Выпечка,Снят
2026-07-05,Улитка заварной крем и изюм,3.0,ЧАПА_26,Sunday,Выпечка,Снят
2026-07-06,Улитка заварной крем и изюм,3.0,ЧАПА_26,Monday,Выпечка,Снят
2026-07-07,Улитка заварной крем и изюм,3.0,ЧАПА_26,Tuesday,Выпечка,Снят
2026-07-08,Улитка заварной крем и изюм,3.0,ЧАПА_26,Wednesday,Выпечка,Снят
2026-07-09,Улитка заварной крем и изюм,3.0,ЧАПА_26,Thursday,Выпечка,Снят
2026-07-10,Улитка заварной крем и изюм,5.0,ЧАПА_26,Friday,Выпечка,Снят
2026-07-11,Улитка заварной крем и изюм,5.0,ЧАПА_26,Saturday,Выпечка,Снят
2026-07-12,Улитка заварной крем и изюм,7.0,ЧАПА_26,Sunday,Выпечка,Снят
2026-07-13,Улитка заварной крем и изюм,3.0,ЧАПА_26,Monday,Выпечка,Снят
2026-07-14,Улитка заварной крем и изюм,4.0,ЧАПА_26,Tuesday,Выпечка,Снят
2026-07-15,Улитка заварной крем и изюм,3.0,ЧАПА_26,Wednesday,Выпечка,Снят
2026-07-16,Улитка заварной крем и изюм,4.0,ЧАПА_26,Thursday,Выпечка,Снят
2026-07-17,Улитка заварной крем и изюм,10.0,ЧАПА_26,Friday,Выпечка,Снят
2026-07-18,Улитка заварной крем и изюм,8.0,ЧАПА_26,Saturday,Выпечка,Снят
2026-07-19,Улитка заварной крем и изюм,10.0,ЧАПА_26,Sunday,Выпечка,Снят
2026-07-20,Улитка заварной крем и изюм,6.0,ЧАПА_26,Monday,Выпечка,Снят
2026-07-21,Улитка заварной крем и изюм,5.0,ЧАПА_26,Tuesday,Выпечка,Снят
2026-07-22,Улитка заварной крем и изюм,0.0,ЧАПА_26,Wednesday,Выпечка,Снят
2026-07-23,Улитка заварной крем и изюм,10.0,ЧАПА_26,Thursday,Выпечка,Снят
2026-07-24,Улитка заварной крем и изюм,5.0,ЧАПА_26,Friday,Выпечка,Снят
2026-07-25,Улитка заварной крем и изюм,5.0,ЧАПА_26,Saturday,Выпечка,Снят
2026-07-26,Улитка заварной крем и изюм,3.0,ЧАПА_26,Sunday,Выпечка,Снят
2026-07-27,Улитка заварной крем и изюм,0.0,ЧАПА_26,Monday,Выпечка,Снят
2026-07-28,Улитка заварной крем и изюм,5.0,ЧАПА_26,Tuesday,Выпечка,Снят
2026-07-29,Улитка заварной крем и изюм,6.0,ЧАПА_26,Wednesday,Выпечка,Снят
2026-07-30,Улитка заварной крем и изюм,5.0,ЧАПА_26,Thursday,Выпечка,Снят
2026-07-31,Улитка заварной крем и изюм,7.0,ЧАПА_26,Friday,Выпечка,Снят
2026-08-01,Улитка заварной крем и изюм,7.0,ЧАПА_26,Saturday,Выпечка,Снят
2026-08-02,Улитка заварной крем и изюм,0.0,ЧАПА_26,Sunday,Выпечка,Снят
2026-08-03,Улитка заварной крем и изюм,0.0,ЧАПА_26,Monday,Выпечка,Снят
2026-08-04,Улитка заварной крем и изюм,0.0,ЧАПА_26,Tuesday,Выпечка,Снят
2026-08-05,Улитка заварной крем и изюм,0.0,ЧАПА_26,Wednesday,Выпечка,Снят
2026-08-06,Улитка заварной крем и изюм,0.0,ЧАПА_26,Thursday,Выпечка,Снят
2026-06-01,Бабка Мак,0.0,ЧАПА_26,Monday,Выпечка,Активный
2026-06-02,Бабка Мак,1.0,ЧАПА_26,Tuesday,Выпечка,Активный
2026-06-03,Бабка Мак,1.0,ЧАПА_26,Wednesday,Выпечка,Активный
2026-06-04,Бабка Мак,2.0,ЧАПА_26,Thursday,Выпечка,Активный
2026-06-05,Бабка Мак,3.0,ЧАПА_26,Friday,Выпечка,Активный
2026-06-06,Бабка Мак,2.0,ЧАПА_26,Saturday,Выпечка,Активный
2026-06-07,Бабка Мак,2.0,ЧАПА_26,Sunday,Выпечка,Активный
2026-06-08,Бабка Мак,0.0,ЧАПА_26,Monday,Выпечка,Активный
2026-06-09,Бабка Мак,1.0,ЧАПА_26,Tuesday,Выпечка,Активный
2026-06-10,Бабка Мак,1.0,ЧАПА_26,Wednesday,Выпечка,Активный
2026-06-11,Бабка Мак,2.0,ЧАПА_26,Thursday,Выпечка,Активный
2026-06-12,Бабка Мак,1.0,ЧАПА_26,Friday,Выпечка,Активный
2026-06-13,Бабка Мак,2.0,ЧАПА_26,Saturday,Выпечка,Активный
2026-06-14,Бабка Мак,2.0,ЧАПА_26,Sunday,Выпечка,Активный
2026-06-15,Бабка Мак,0.0,ЧАПА_26,Monday,Выпечка,Активный
2026-06-16,Бабка Мак,1.0,ЧАПА_26,Tuesday,Выпечка,Активный
2026-06-17,Бабка Мак,1.0,ЧАПА_26,Wednesday,Выпечка,Активный
2026-06-18,Бабка Мак,1.0,ЧАПА_26,Thursday,Выпечка,Активный
2026-06-19,Бабка Мак,2.0,ЧАПА_26,Friday,Выпечка,Активный
2026-06-20,Бабка Мак,1.0,ЧАПА_26,Saturday,Выпечка,Активный
2026-06-21,Бабка Мак,2.0,ЧАПА_26,Sunday,Выпечка,Активный
2026-06-22,Бабка Мак,0.0,ЧАПА_26,Monday,Выпечка,Активный
2026-06-23,Бабка Мак,1.0,ЧАПА_26,Tuesday,Выпечка,Активный
2026-06-24,Бабка Мак,1.0,ЧАПА_26,Wednesday,Выпечка,Активный
2026-06-25,Бабка Мак,1.0,ЧАПА_26,Thursday,Выпечка,Активный
2026-06-26,Бабка Мак,2.0,ЧАПА_26,Friday,Выпечка,Активный
2026-06-27,Бабка Мак,2.0,ЧАПА_26,Saturday,Выпечка,Активный
2026-06-28,Бабка Мак,3.0,ЧАПА_26,Sunday,Выпечка,Активный
2026-06-29,Бабка Мак,0.0,ЧАПА_26,Monday,Выпечка,Активный
2026-06-30,Бабка Мак,4.0,ЧАПА_26,Tuesday,Выпечка,Активный
2026-07-01,Бабка Мак,5.0,ЧАПА_26,Wednesday,Выпечка,Активный
2026-07-02,Бабка Мак,5.0,ЧАПА_26,Thursday,Выпечка,Активный
2026-07-03,Бабка Мак,4.0,ЧАПА_26,Friday,Выпечка,Активный
2026-07-04,Бабка Мак,4.0,ЧАПА_26,Saturday,Выпечка,Активный
2026-07-05,Бабка Мак,2.0,ЧАПА_26,Sunday,Выпечка,Активный
2026-07-06,Бабка Мак,0.0,ЧАПА_26,Monday,Выпечка,Активный
2026-07-07,Бабка Мак,1.0,ЧАПА_26,Tuesday,Выпечка,Активный
2026-07-08,Бабка Мак,1.0,ЧАПА_26,Wednesday,Выпечка,Активный
2026-07-09,Бабка Мак,2.0,ЧАПА_26,Thursday,Выпечка,Активный
2026-07-10,Бабка Мак,2.0,ЧАПА_26,Friday,Выпечка,Активный
2026-07-11,Бабка Мак,1.0,ЧАПА_26,Saturday,Выпечка,Активный
2026-07-12,Бабка Мак,1.0,ЧАПА_26,Sunday,Выпечка,Активный
2026-07-13,Бабка Мак,0.0,ЧАПА_26,Monday,Выпечка,Активный
2026-07-14,Бабка Мак,1.0,ЧАПА_26,Tuesday,Выпечка,Активный
2026-07-15,Бабка Мак,1.0,ЧАПА_26,Wednesday,Выпечка,Активный
2026-07-16,Бабка Мак,2.0,ЧАПА_26,Thursday,Выпечка,Активный
2026-07-17,Бабка Мак,2.0,ЧАПА_26,Friday,Выпечка,Активный
2026-07-18,Бабка Мак,1.0,ЧАПА_26,Saturday,Выпечка,Активный
2026-07-19,Бабка Мак,2.0,ЧАПА_26,Sunday,Выпечка,Активный
2026-07-20,Бабка Мак,1.0,ЧАПА_26,Monday,Выпечка,Активный
2026-07-21,Бабка Мак,2.0,ЧАПА_26,Tuesday,Выпечка,Активный
2026-07-22,Бабка Мак,1.0,ЧАПА_26,Wednesday,Выпечка,Активный
2026-07-23,Бабка Мак,1.0,ЧАПА_26,Thursday,Выпечка,Активный
2026-07-24,Бабка Мак,2.0,ЧАПА_26,Friday,Выпечка,Активный
2026-07-25,Бабка Мак,1.0,ЧАПА_26,Saturday,Выпечка,Активный
2026-07-26,Бабка Мак,1.0,ЧАПА_26,Sunday,Выпечка,Активный
2026-07-27,Бабка Мак,1.0,ЧАПА_26,Monday,Выпечка,Активный
2026-07-28,Бабка Мак,1.0,ЧАПА_26,Tuesday,Выпечка,Активный
2026-07-29,Бабка Мак,3.0,ЧАПА_26,Wednesday,Выпечка,Активный
2026-07-30,Бабка Мак,1.0,ЧАПА_26,Thursday,Выпечка,Активный
2026-07-31,Бабка Мак,1.0,ЧАПА_26,Friday,Выпечка,Активный
2026-08-01,Бабка Мак,2.0,ЧАПА_26,Saturday,Выпечка,Активный
2026-08-02,Бабка Мак,2.0,ЧАПА_26,Sunday,Выпечка,Активный
2026-08-03,Бабка Мак,1.0,ЧАПА_26,Monday,Выпечка,Активный
2026-08-04,Бабка Мак,1.0,ЧАПА_26,Tuesday,Выпечка,Активный
2026-08-05,Бабка Мак,1.0,ЧАПА_26,Wednesday,Выпечка,Активный
2026-08-06,Бабка Мак,2.0,ЧАПА_26,Thursday,Выпечка,Активный
2026-08-07,Бабка Мак,1.0,ЧАПА_26,Friday,Выпечка,Активный
2026-08-08,Бабка Мак,2.0,ЧАПА_26,Saturday,Выпечка,Активный
2026-08-09,Бабка Мак,1.0,ЧАПА_26,Sunday,Выпечка,Активный
2026-08-10,Бабка Мак,1.0,ЧАПА_26,Monday,Выпечка,Активный
2026-08-11,Бабка Мак,1.0,ЧАПА_26,Tuesday,Выпечка,Активный
2026-08-12,Бабка Мак,2.0,ЧАПА_26,Wednesday,Выпечка,Активный
2026-08-13,Бабка Мак,2.0,ЧАПА_26,Thursday,Выпечка,Активный
2026-08-14,Бабка Мак,1.0,ЧАПА_26,Friday,Выпечка,Активный
2026-08-15,Бабка Мак,2.0,ЧАПА_26,Saturday,Выпечка,Активный
2026-08-16,Бабка Мак,1.0,ЧАПА_26,Sunday,Выпечка,Активный
2026-08-17,Бабка Мак,1.0,ЧАПА_26,Monday,Выпечка,Активный
2026-08-18,Бабка Мак,1.0,ЧАПА_26,Tuesday,Выпечка,Активный
2026-08-19,Бабка Мак,1.0,ЧАПА_26,Wednesday,Выпечка,Активный
2026-08-20,Бабка Мак,1.0,ЧАПА_26,Thursday,Выпечка,Активный
2026-08-21,Бабка Мак,2.0,ЧАПА_26,Friday,Выпечка,Активный
2026-08-22,Бабка Мак,1.0,ЧАПА_26,Saturday,Выпечка,Активный
2026-08-23,Бабка Мак,2.0,ЧАПА_26,Sunday,Выпечка,Активный
2026-08-24,Бабка Мак,1.0,ЧАПА_26,Monday,Выпечка,Активный
2026-08-25,Бабка Мак,1.0,ЧАПА_26,Tuesday,Выпечка,Активный
2026-08-26,Бабка Мак,1.0,ЧАПА_26,Wednesday,Выпечка,Активный
2026-08-27,Бабка Мак,1.0,ЧАПА_26,Thursday,Выпечка,Активный
2026-08-28,Бабка Мак,1.0,ЧАПА_26,Friday,Выпечка,Активный
2026-08-29,Бабка Мак,1.0,ЧАПА_26,Saturday,Выпечка,Активный
2026-08-30,Бабка Мак,1.0,ЧАПА_26,Sunday,Выпечка,Активный
2026-08-31,Бабка Мак,1.0,ЧАПА_26,Monday,Выпечка,Активный
2026-06-22,Дижонская горчица п/ф (100),0.0,ЧАПА_26,Monday,Полуфабрикаты,пф
2026-06-29,Дижонская горчица п/ф (100),0.0,ЧАПА_26,Monday,Полуфабрикаты,пф
2026-06-22,Горчица пф,0.0,ЧАПА_26,Monday,Полуфабрикаты,пф
2026-06-29,Горчица пф,0.0,ЧАПА_26,Monday,Полуфабрикаты,пф
2026-06-22,Квашеная капуста пф,0.0,ЧАПА_26,Monday,Полуфабрикаты,пф
2026-06-22,Кекс морковный без глазури,0.0,ЧАПА_26,Monday,Выпечка,Снят
2026-06-01,Кекс шоколад с кремом вареная сгущенка,0.0,ЧАПА_26,Monday,Выпечка,Активный
2026-06-02,Кекс шоколад с кремом вареная сгущенка,3.0,ЧАПА_26,Tuesday,Выпечка,Активный
2026-06-03,Кекс шоколад с кремом вареная сгущенка,4.0,ЧАПА_26,Wednesday,Выпечка,Активный
2026-06-04,Кекс шоколад с кремом вареная сгущенка,5.0,ЧАПА_26,Thursday,Выпечка,Активный
2026-06-05,Кекс шоколад с кремом вареная сгущенка,5.0,ЧАПА_26,Friday,Выпечка,Активный
2026-06-06,Кекс шоколад с кремом вареная сгущенка,10.0,ЧАПА_26,Saturday,Выпечка,Активный
2026-06-07,Кекс шоколад с кремом вареная сгущенка,5.0,ЧАПА_26,Sunday,Выпечка,Активный
2026-06-08,Кекс шоколад с кремом вареная сгущенка,0.0,ЧАПА_26,Monday,Выпечка,Активный
2026-06-09,Кекс шоколад с кремом вареная сгущенка,5.0,ЧАПА_26,Tuesday,Выпечка,Активный
2026-06-10,Кекс шоколад с кремом вареная сгущенка,5.0,ЧАПА_26,Wednesday,Выпечка,Активный
2026-06-11,Кекс шоколад с кремом вареная сгущенка,7.0,ЧАПА_26,Thursday,Выпечка,Активный
2026-06-12,Кекс шоколад с кремом вареная сгущенка,10.0,ЧАПА_26,Friday,Выпечка,Активный
2026-06-13,Кекс шоколад с кремом вареная сгущенка,5.0,ЧАПА_26,Saturday,Выпечка,Активный
2026-06-14,Кекс шоколад с кремом вареная сгущенка,5.0,ЧАПА_26,Sunday,Выпечка,Активный
2026-06-15,Кекс шоколад с кремом вареная сгущенка,0.0,ЧАПА_26,Monday,Выпечка,Активный
2026-06-16,Кекс шоколад с кремом вареная сгущенка,5.0,ЧАПА_26,Tuesday,Выпечка,Активный
2026-06-17,Кекс шоколад с кремом вареная сгущенка,4.0,ЧАПА_26,Wednesday,Выпечка,Активный
2026-06-18,Кекс шоколад с кремом вареная сгущенка,7.0,ЧАПА_26,Thursday,Выпечка,Активный
2026-06-19,Кекс шоколад с кремом вареная сгущенка,7.0,ЧАПА_26,Friday,Выпечка,Активный
2026-06-20,Кекс шоколад с кремом вареная сгущенка,10.0,ЧАПА_26,Saturday,Выпечка,Активный
2026-06-21,Кекс шоколад с кремом вареная сгущенка,10.0,ЧАПА_26,Sunday,Выпечка,Активный
2026-06-22,Кекс шоколад с кремом вареная сгущенка,0.0,ЧАПА_26,Monday,Выпечка,Активный
2026-06-23,Кекс шоколад с кремом вареная сгущенка,8.0,ЧАПА_26,Tuesday,Выпечка,Активный
2026-06-24,Кекс шоколад с кремом вареная сгущенка,8.0,ЧАПА_26,Wednesday,Выпечка,Активный
2026-06-25,Кекс шоколад с кремом вареная сгущенка,8.0,ЧАПА_26,Thursday,Выпечка,Активный
2026-06-26,Кекс шоколад с кремом вареная сгущенка,5.0,ЧАПА_26,Friday,Выпечка,Активный
2026-06-27,Кекс шоколад с кремом вареная сгущенка,5.0,ЧАПА_26,Saturday,Выпечка,Активный
2026-06-28,Кекс шоколад с кремом вареная сгущенка,5.0,ЧАПА_26,Sunday,Выпечка,Активный
2026-06-29,Кекс шоколад с кремом вареная сгущенка,0.0,ЧАПА_26,Monday,Выпечка,Активный
2026-06-30,Кекс шоколад с кремом вареная сгущенка,4.0,ЧАПА_26,Tuesday,Выпечка,Активный
2026-07-01,Кекс шоколад с кремом вареная сгущенка,5.0,ЧАПА_26,Wednesday,Выпечка,Активный
2026-07-02,Кекс шоколад с кремом вареная сгущенка,5.0,ЧАПА_26,Thursday,Выпечка,Активный
2026-07-03,Кекс шоколад с кремом вареная сгущенка,5.0,ЧАПА_26,Friday,Выпечка,Активный
2026-07-04,Кекс шоколад с кремом вареная сгущенка,3.0,ЧАПА_26,Saturday,Выпечка,Активный
2026-07-05,Кекс шоколад с кремом вареная сгущенка,4.0,ЧАПА_26,Sunday,Выпечка,Активный
2026-07-06,Кекс шоколад с кремом вареная сгущенка,3.0,ЧАПА_26,Monday,Выпечка,Активный
2026-07-07,Кекс шоколад с кремом вареная сгущенка,5.0,ЧАПА_26,Tuesday,Выпечка,Активный
2026-07-08,Кекс шоколад с кремом вареная сгущенка,0.0,ЧАПА_26,Wednesday,Выпечка,Активный
2026-07-09,Кекс шоколад с кремом вареная сгущенка,3.0,ЧАПА_26,Thursday,Выпечка,Активный
2026-07-10,Кекс шоколад с кремом вареная сгущенка,5.0,ЧАПА_26,Friday,Выпечка,Активный
2026-07-11,Кекс шоколад с кремом вареная сгущенка,3.0,ЧАПА_26,Saturday,Выпечка,Активный
2026-07-12,Кекс шоколад с кремом вареная сгущенка,5.0,ЧАПА_26,Sunday,Выпечка,Активный
2026-07-13,Кекс шоколад с кремом вареная сгущенка,0.0,ЧАПА_26,Monday,Выпечка,Активный
2026-07-14,Кекс шоколад с кремом вареная сгущенка,5.0,ЧАПА_26,Tuesday,Выпечка,Активный
2026-07-15,Кекс шоколад с кремом вареная сгущенка,3.0,ЧАПА_26,Wednesday,Выпечка,Активный
2026-07-16,Кекс шоколад с кремом вареная сгущенка,2.0,ЧАПА_26,Thursday,Выпечка,Активный
2026-07-17,Кекс шоколад с кремом вареная сгущенка,8.0,ЧАПА_26,Friday,Выпечка,Активный
2026-07-18,Кекс шоколад с кремом вареная сгущенка,5.0,ЧАПА_26,Saturday,Выпечка,Активный
2026-07-19,Кекс шоколад с кремом вареная сгущенка,5.0,ЧАПА_26,Sunday,Выпечка,Активный
2026-07-20,Кекс шоколад с кремом вареная сгущенка,5.0,ЧАПА_26,Monday,Выпечка,Активный
2026-07-21,Кекс шоколад с кремом вареная сгущенка,4.0,ЧАПА_26,Tuesday,Выпечка,Активный
2026-07-22,Кекс шоколад с кремом вареная сгущенка,5.0,ЧАПА_26,Wednesday,Выпечка,Активный
2026-07-23,Кекс шоколад с кремом вареная сгущенка,4.0,ЧАПА_26,Thursday,Выпечка,Активный
2026-07-24,Кекс шоколад с кремом вареная сгущенка,5.0,ЧАПА_26,Friday,Выпечка,Активный
2026-07-25,Кекс шоколад с кремом вареная сгущенка,3.0,ЧАПА_26,Saturday,Выпечка,Активный
2026-07-26,Кекс шоколад с кремом вареная сгущенка,5.0,ЧАПА_26,Sunday,Выпечка,Активный
2026-07-27,Кекс шоколад с кремом вареная сгущенка,3.0,ЧАПА_26,Monday,Выпечка,Активный
2026-07-28,Кекс шоколад с кремом вареная сгущенка,4.0,ЧАПА_26,Tuesday,Выпечка,Активный
2026-07-29,Кекс шоколад с кремом вареная сгущенка,5.0,ЧАПА_26,Wednesday,Выпечка,Активный
2026-07-30,Кекс шоколад с кремом вареная сгущенка,5.0,ЧАПА_26,Thursday,Выпечка,Активный
2026-07-31,Кекс шоколад с кремом вареная сгущенка,7.0,ЧАПА_26,Friday,Выпечка,Активный
2026-08-01,Кекс шоколад с кремом вареная сгущенка,5.0,ЧАПА_26,Saturday,Выпечка,Активный
2026-08-02,Кекс шоколад с кремом вареная сгущенка,5.0,ЧАПА_26,Sunday,Выпечка,Активный
2026-08-03,Кекс шоколад с кремом вареная сгущенка,6.0,ЧАПА_26,Monday,Выпечка,Активный
2026-08-04,Кекс шоколад с кремом вареная сгущенка,6.0,ЧАПА_26,Tuesday,Выпечка,Активный
2026-08-05,Кекс шоколад с кремом вареная сгущенка,7.0,ЧАПА_26,Wednesday,Выпечка,Активный
2026-08-06,Кекс шоколад с кремом вареная сгущенка,8.0,ЧАПА_26,Thursday,Выпечка,Активный
2026-08-07,Кекс шоколад с кремом вареная сгущенка,5.0,ЧАПА_26,Friday,Выпечка,Активный
2026-08-08,Кекс шоколад с кремом вареная сгущенка,10.0,ЧАПА_26,Saturday,Выпечка,Активный
2026-08-09,Кекс шоколад с кремом вареная сгущенка,4.0,ЧАПА_26,Sunday,Выпечка,Активный
2026-08-10,Кекс шоколад с кремом вареная сгущенка,3.0,ЧАПА_26,Monday,Выпечка,Активный
2026-08-11,Кекс шоколад с кремом вареная сгущенка,5.0,ЧАПА_26,Tuesday,Выпечка,Активный
2026-08-12,Кекс шоколад с кремом вареная сгущенка,5.0,ЧАПА_26,Wednesday,Выпечка,Активный
2026-08-13,Кекс шоколад с кремом вареная сгущенка,8.0,ЧАПА_26,Thursday,Выпечка,Активный
2026-08-14,Кекс шоколад с кремом вареная сгущенка,7.0,ЧАПА_26,Friday,Выпечка,Активный
2026-08-15,Кекс шоколад с кремом вареная сгущенка,10.0,ЧАПА_26,Saturday,Выпечка,Активный
2026-08-16,Кекс шоколад с кремом вареная сгущенка,7.0,ЧАПА_26,Sunday,Выпечка,Активный
2026-08-17,Кекс шоколад с кремом вареная сгущенка,5.0,ЧАПА_26,Monday,Выпечка,Активный
2026-08-18,Кекс шоколад с кремом вареная сгущенка,3.0,ЧАПА_26,Tuesday,Выпечка,Активный
2026-08-19,Кекс шоколад с кремом вареная сгущенка,3.0,ЧАПА_26,Wednesday,Выпечка,Активный
2026-08-20,Кекс шоколад с кремом вареная сгущенка,5.0,ЧАПА_26,Thursday,Выпечка,Активный
2026-08-21,Кекс шоколад с кремом вареная сгущенка,4.0,ЧАПА_26,Friday,Выпечка,Активный
2026-08-22,Кекс шоколад с кремом вареная сгущенка,6.0,ЧАПА_26,Saturday,Выпечка,Активный
2026-08-23,Кекс шоколад с кремом вареная сгущенка,6.0,ЧАПА_26,Sunday,Выпечка,Активный
2026-08-24,Кекс шоколад с кремом вареная сгущенка,5.0,ЧАПА_26,Monday,Выпечка,Активный
2026-08-25,Кекс шоколад с кремом вареная сгущенка,12.0,ЧАПА_26,Tuesday,Выпечка,Активный
2026-08-26,Кекс шоколад с кремом вареная сгущенка,7.0,ЧАПА_26,Wednesday,Выпечка,Активный
2026-08-27,Кекс шоколад с кремом вареная сгущенка,7.0,ЧАПА_26,Thursday,Выпечка,Активный
2026-08-28,Кекс шоколад с кремом вареная сгущенка,5.0,ЧАПА_26,Friday,Выпечка,Активный
2026-08-29,Кекс шоколад с кремом вареная сгущенка,7.0,ЧАПА_26,Saturday,Выпечка,Активный
2026-08-30,Кекс шоколад с кремом вареная сгущенка,10.0,ЧАПА_26,Sunday,Выпечка,Активный
2026-08-31,Кекс шоколад с кремом вареная сгущенка,3.0,ЧАПА_26,Monday,Выпечка,Активный
2026-06-01,Кекс мак-лимон,0.0,ЧАПА_26,Monday,Выпечка,Снят
2026-06-01,Кекс мак-лимон,0.0,ЧАПА_26,Monday,Выпечка,Снят
2026-06-02,Кекс мак-лимон,3.0,ЧАПА_26,Tuesday,Выпечка,Снят
2026-06-02,Кекс мак-лимон,3.0,ЧАПА_26,Tuesday,Выпечка,Снят
2026-06-03,Кекс мак-лимон,3.0,ЧАПА_26,Wednesday,Выпечка,Снят
2026-06-03,Кекс мак-лимон,3.0,ЧАПА_26,Wednesday,Выпечка,Снят
2026-06-04,Кекс мак-лимон,5.0,ЧАПА_26,Thursday,Выпечка,Снят
2026-06-04,Кекс мак-лимон,5.0,ЧАПА_26,Thursday,Выпечка,Снят
2026-06-05,Кекс мак-лимон,5.0,ЧАПА_26,Friday,Выпечка,Снят
2026-06-05,Кекс мак-лимон,5.0,ЧАПА_26,Friday,Выпечка,Снят
2026-06-06,Кекс мак-лимон,8.0,ЧАПА_26,Saturday,Выпечка,Снят
2026-06-06,Кекс мак-лимон,8.0,ЧАПА_26,Saturday,Выпечка,Снят
2026-06-07,Кекс мак-лимон,10.0,ЧАПА_26,Sunday,Выпечка,Снят
2026-06-07,Кекс мак-лимон,10.0,ЧАПА_26,Sunday,Выпечка,Снят
2026-06-08,Кекс мак-лимон,0.0,ЧАПА_26,Monday,Выпечка,Снят
2026-06-08,Кекс мак-лимон,0.0,ЧАПА_26,Monday,Выпечка,Снят
2026-06-09,Кекс мак-лимон,5.0,ЧАПА_26,Tuesday,Выпечка,Снят
2026-06-09,Кекс мак-лимон,5.0,ЧАПА_26,Tuesday,Выпечка,Снят
2026-06-10,Кекс мак-лимон,5.0,ЧАПА_26,Wednesday,Выпечка,Снят
2026-06-10,Кекс мак-лимон,5.0,ЧАПА_26,Wednesday,Выпечка,Снят
2026-06-11,Кекс мак-лимон,7.0,ЧАПА_26,Thursday,Выпечка,Снят
2026-06-11,Кекс мак-лимон,7.0,ЧАПА_26,Thursday,Выпечка,Снят
2026-06-12,Кекс мак-лимон,5.0,ЧАПА_26,Friday,Выпечка,Снят
2026-06-12,Кекс мак-лимон,5.0,ЧАПА_26,Friday,Выпечка,Снят
2026-06-13,Кекс мак-лимон,7.0,ЧАПА_26,Saturday,Выпечка,Снят
2026-06-13,Кекс мак-лимон,7.0,ЧАПА_26,Saturday,Выпечка,Снят
2026-06-14,Кекс мак-лимон,7.0,ЧАПА_26,Sunday,Выпечка,Снят
2026-06-14,Кекс мак-лимон,7.0,ЧАПА_26,Sunday,Выпечка,Снят
2026-06-15,Кекс мак-лимон,0.0,ЧАПА_26,Monday,Выпечка,Снят
2026-06-15,Кекс мак-лимон,0.0,ЧАПА_26,Monday,Выпечка,Снят
2026-06-16,Кекс мак-лимон,5.0,ЧАПА_26,Tuesday,Выпечка,Снят
2026-06-16,Кекс мак-лимон,5.0,ЧАПА_26,Tuesday,Выпечка,Снят
2026-06-17,Кекс мак-лимон,5.0,ЧАПА_26,Wednesday,Выпечка,Снят
2026-06-17,Кекс мак-лимон,5.0,ЧАПА_26,Wednesday,Выпечка,Снят
2026-06-18,Кекс мак-лимон,7.0,ЧАПА_26,Thursday,Выпечка,Снят
2026-06-18,Кекс мак-лимон,7.0,ЧАПА_26,Thursday,Выпечка,Снят
2026-06-19,Кекс мак-лимон,7.0,ЧАПА_26,Friday,Выпечка,Снят
2026-06-19,Кекс мак-лимон,7.0,ЧАПА_26,Friday,Выпечка,Снят
2026-06-20,Кекс мак-лимон,10.0,ЧАПА_26,Saturday,Выпечка,Снят
2026-06-20,Кекс мак-лимон,10.0,ЧАПА_26,Saturday,Выпечка,Снят
2026-06-21,Кекс мак-лимон,8.0,ЧАПА_26,Sunday,Выпечка,Снят
2026-06-21,Кекс мак-лимон,8.0,ЧАПА_26,Sunday,Выпечка,Снят
2026-06-22,Кекс мак-лимон,0.0,ЧАПА_26,Monday,Выпечка,Снят
2026-06-22,Кекс мак-лимон,0.0,ЧАПА_26,Monday,Выпечка,Снят
2026-06-23,Кекс мак-лимон,8.0,ЧАПА_26,Tuesday,Выпечка,Снят
2026-06-23,Кекс мак-лимон,8.0,ЧАПА_26,Tuesday,Выпечка,Снят
2026-06-24,Кекс мак-лимон,5.0,ЧАПА_26,Wednesday,Выпечка,Снят
2026-06-24,Кекс мак-лимон,5.0,ЧАПА_26,Wednesday,Выпечка,Снят
2026-06-25,Кекс мак-лимон,7.0,ЧАПА_26,Thursday,Выпечка,Снят
2026-06-25,Кекс мак-лимон,7.0,ЧАПА_26,Thursday,Выпечка,Снят
2026-06-26,Кекс мак-лимон,10.0,ЧАПА_26,Friday,Выпечка,Снят
2026-06-26,Кекс мак-лимон,10.0,ЧАПА_26,Friday,Выпечка,Снят
2026-06-27,Кекс мак-лимон,8.0,ЧАПА_26,Saturday,Выпечка,Снят
2026-06-27,Кекс мак-лимон,8.0,ЧАПА_26,Saturday,Выпечка,Снят
2026-06-28,Кекс мак-лимон,8.0,ЧАПА_26,Sunday,Выпечка,Снят
2026-06-28,Кекс мак-лимон,8.0,ЧАПА_26,Sunday,Выпечка,Снят
2026-06-29,Кекс мак-лимон,0.0,ЧАПА_26,Monday,Выпечка,Снят
2026-06-29,Кекс мак-лимон,0.0,ЧАПА_26,Monday,Выпечка,Снят
2026-06-30,Кекс мак-лимон,4.0,ЧАПА_26,Tuesday,Выпечка,Снят
2026-06-30,Кекс мак-лимон,4.0,ЧАПА_26,Tuesday,Выпечка,Снят
2026-07-01,Кекс мак-лимон,5.0,ЧАПА_26,Wednesday,Выпечка,Снят
2026-07-01,Кекс мак-лимон,5.0,ЧАПА_26,Wednesday,Выпечка,Снят
2026-07-02,Кекс мак-лимон,5.0,ЧАПА_26,Thursday,Выпечка,Снят
2026-07-02,Кекс мак-лимон,5.0,ЧАПА_26,Thursday,Выпечка,Снят
2026-07-03,Кекс мак-лимон,5.0,ЧАПА_26,Friday,Выпечка,Снят
2026-07-03,Кекс мак-лимон,5.0,ЧАПА_26,Friday,Выпечка,Снят
2026-07-04,Кекс мак-лимон,5.0,ЧАПА_26,Saturday,Выпечка,Снят
2026-07-04,Кекс мак-лимон,5.0,ЧАПА_26,Saturday,Выпечка,Снят
2026-07-05,Кекс мак-лимон,5.0,ЧАПА_26,Sunday,Выпечка,Снят
2026-07-05,Кекс мак-лимон,5.0,ЧАПА_26,Sunday,Выпечка,Снят
2026-07-06,Кекс мак-лимон,5.0,ЧАПА_26,Monday,Выпечка,Снят
2026-07-06,Кекс мак-лимон,5.0,ЧАПА_26,Monday,Выпечка,Снят
2026-07-07,Кекс мак-лимон,5.0,ЧАПА_26,Tuesday,Выпечка,Снят
2026-07-07,Кекс мак-лимон,5.0,ЧАПА_26,Tuesday,Выпечка,Снят
2026-07-08,Кекс мак-лимон,7.0,ЧАПА_26,Wednesday,Выпечка,Снят
2026-07-08,Кекс мак-лимон,7.0,ЧАПА_26,Wednesday,Выпечка,Снят
2026-07-09,Кекс мак-лимон,3.0,ЧАПА_26,Thursday,Выпечка,Снят
2026-07-09,Кекс мак-лимон,3.0,ЧАПА_26,Thursday,Выпечка,Снят
2026-07-10,Кекс мак-лимон,3.0,ЧАПА_26,Friday,Выпечка,Снят
2026-07-10,Кекс мак-лимон,3.0,ЧАПА_26,Friday,Выпечка,Снят
2026-07-11,Кекс мак-лимон,5.0,ЧАПА_26,Saturday,Выпечка,Снят
2026-07-11,Кекс мак-лимон,5.0,ЧАПА_26,Saturday,Выпечка,Снят
2026-07-12,Кекс мак-лимон,5.0,ЧАПА_26,Sunday,Выпечка,Снят
2026-07-12,Кекс мак-лимон,5.0,ЧАПА_26,Sunday,Выпечка,Снят
2026-07-13,Кекс мак-лимон,3.0,ЧАПА_26,Monday,Выпечка,Снят
2026-07-13,Кекс мак-лимон,3.0,ЧАПА_26,Monday,Выпечка,Снят
2026-07-14,Кекс мак-лимон,5.0,ЧАПА_26,Tuesday,Выпечка,Снят
2026-07-14,Кекс мак-лимон,5.0,ЧАПА_26,Tuesday,Выпечка,Снят
2026-07-15,Кекс мак-лимон,0.0,ЧАПА_26,Wednesday,Выпечка,Снят
2026-07-15,Кекс мак-лимон,0.0,ЧАПА_26,Wednesday,Выпечка,Снят
2026-07-16,Кекс мак-лимон,2.0,ЧАПА_26,Thursday,Выпечка,Снят
2026-07-16,Кекс мак-лимон,2.0,ЧАПА_26,Thursday,Выпечка,Снят
2026-07-17,Кекс мак-лимон,4.0,ЧАПА_26,Friday,Выпечка,Снят
2026-07-17,Кекс мак-лимон,4.0,ЧАПА_26,Friday,Выпечка,Снят
2026-07-18,Кекс мак-лимон,5.0,ЧАПА_26,Saturday,Выпечка,Снят
2026-07-18,Кекс мак-лимон,5.0,ЧАПА_26,Saturday,Выпечка,Снят
2026-07-19,Кекс мак-лимон,7.0,ЧАПА_26,Sunday,Выпечка,Снят
2026-07-19,Кекс мак-лимон,7.0,ЧАПА_26,Sunday,Выпечка,Снят
2026-07-20,Кекс мак-лимон,5.0,ЧАПА_26,Monday,Выпечка,Снят
2026-07-20,Кекс мак-лимон,5.0,ЧАПА_26,Monday,Выпечка,Снят
2026-07-21,Кекс мак-лимон,4.0,ЧАПА_26,Tuesday,Выпечка,Снят
2026-07-21,Кекс мак-лимон,4.0,ЧАПА_26,Tuesday,Выпечка,Снят
2026-07-22,Кекс мак-лимон,5.0,ЧАПА_26,Wednesday,Выпечка,Снят
2026-07-22,Кекс мак-лимон,5.0,ЧАПА_26,Wednesday,Выпечка,Снят
2026-07-23,Кекс мак-лимон,4.0,ЧАПА_26,Thursday,Выпечка,Снят
2026-07-23,Кекс мак-лимон,4.0,ЧАПА_26,Thursday,Выпечка,Снят
2026-07-24,Кекс мак-лимон,5.0,ЧАПА_26,Friday,Выпечка,Снят
2026-07-24,Кекс мак-лимон,5.0,ЧАПА_26,Friday,Выпечка,Снят
2026-07-25,Кекс мак-лимон,3.0,ЧАПА_26,Saturday,Выпечка,Снят
2026-07-25,Кекс мак-лимон,3.0,ЧАПА_26,Saturday,Выпечка,Снят
2026-07-26,Кекс мак-лимон,3.0,ЧАПА_26,Sunday,Выпечка,Снят
2026-07-26,Кекс мак-лимон,3.0,ЧАПА_26,Sunday,Выпечка,Снят
2026-07-27,Кекс мак-лимон,3.0,ЧАПА_26,Monday,Выпечка,Снят
2026-07-27,Кекс мак-лимон,3.0,ЧАПА_26,Monday,Выпечка,Снят
2026-07-28,Кекс мак-лимон,5.0,ЧАПА_26,Tuesday,Выпечка,Снят
2026-07-28,Кекс мак-лимон,5.0,ЧАПА_26,Tuesday,Выпечка,Снят
2026-07-29,Кекс мак-лимон,5.0,ЧАПА_26,Wednesday,Выпечка,Снят
2026-07-29,Кекс мак-лимон,5.0,ЧАПА_26,Wednesday,Выпечка,Снят
2026-07-30,Кекс мак-лимон,3.0,ЧАПА_26,Thursday,Выпечка,Снят
2026-07-30,Кекс мак-лимон,3.0,ЧАПА_26,Thursday,Выпечка,Снят
2026-07-31,Кекс мак-лимон,5.0,ЧАПА_26,Friday,Выпечка,Снят
2026-07-31,Кекс мак-лимон,5.0,ЧАПА_26,Friday,Выпечка,Снят
2026-08-01,Кекс мак-лимон,5.0,ЧАПА_26,Saturday,Выпечка,Снят
2026-08-01,Кекс мак-лимон,5.0,ЧАПА_26,Saturday,Выпечка,Снят
2026-08-02,Кекс мак-лимон,7.0,ЧАПА_26,Sunday,Выпечка,Снят
2026-08-02,Кекс мак-лимон,7.0,ЧАПА_26,Sunday,Выпечка,Снят
2026-08-03,Кекс мак-лимон,6.0,ЧАПА_26,Monday,Выпечка,Снят
2026-08-03,Кекс мак-лимон,6.0,ЧАПА_26,Monday,Выпечка,Снят
2026-08-04,Кекс мак-лимон,6.0,ЧАПА_26,Tuesday,Выпечка,Снят
2026-08-04,Кекс мак-лимон,6.0,ЧАПА_26,Tuesday,Выпечка,Снят
2026-08-05,Кекс мак-лимон,7.0,ЧАПА_26,Wednesday,Выпечка,Снят
2026-08-05,Кекс мак-лимон,7.0,ЧАПА_26,Wednesday,Выпечка,Снят
2026-08-06,Кекс мак-лимон,8.0,ЧАПА_26,Thursday,Выпечка,Снят
2026-08-06,Кекс мак-лимон,8.0,ЧАПА_26,Thursday,Выпечка,Снят
2026-08-07,Кекс мак-лимон,5.0,ЧАПА_26,Friday,Выпечка,Снят
2026-08-07,Кекс мак-лимон,5.0,ЧАПА_26,Friday,Выпечка,Снят
2026-08-08,Кекс мак-лимон,12.0,ЧАПА_26,Saturday,Выпечка,Снят
2026-08-08,Кекс мак-лимон,12.0,ЧАПА_26,Saturday,Выпечка,Снят
2026-08-09,Кекс мак-лимон,4.0,ЧАПА_26,Sunday,Выпечка,Снят
2026-08-09,Кекс мак-лимон,4.0,ЧАПА_26,Sunday,Выпечка,Снят
2026-08-10,Кекс мак-лимон,5.0,ЧАПА_26,Monday,Выпечка,Снят
2026-08-10,Кекс мак-лимон,5.0,ЧАПА_26,Monday,Выпечка,Снят
2026-08-11,Кекс мак-лимон,5.0,ЧАПА_26,Tuesday,Выпечка,Снят
2026-08-11,Кекс мак-лимон,5.0,ЧАПА_26,Tuesday,Выпечка,Снят
2026-08-12,Кекс мак-лимон,10.0,ЧАПА_26,Wednesday,Выпечка,Снят
2026-08-12,Кекс мак-лимон,10.0,ЧАПА_26,Wednesday,Выпечка,Снят
2026-08-13,Кекс мак-лимон,8.0,ЧАПА_26,Thursday,Выпечка,Снят
2026-08-13,Кекс мак-лимон,8.0,ЧАПА_26,Thursday,Выпечка,Снят
2026-08-14,Кекс мак-лимон,7.0,ЧАПА_26,Friday,Выпечка,Снят
2026-08-14,Кекс мак-лимон,7.0,ЧАПА_26,Friday,Выпечка,Снят
2026-08-15,Кекс мак-лимон,10.0,ЧАПА_26,Saturday,Выпечка,Снят
2026-08-15,Кекс мак-лимон,10.0,ЧАПА_26,Saturday,Выпечка,Снят
2026-08-16,Кекс мак-лимон,7.0,ЧАПА_26,Sunday,Выпечка,Снят
2026-08-16,Кекс мак-лимон,7.0,ЧАПА_26,Sunday,Выпечка,Снят
2026-08-17,Кекс мак-лимон,5.0,ЧАПА_26,Monday,Выпечка,Снят
2026-08-17,Кекс мак-лимон,5.0,ЧАПА_26,Monday,Выпечка,Снят
2026-08-18,Кекс мак-лимон,3.0,ЧАПА_26,Tuesday,Выпечка,Снят
2026-08-18,Кекс мак-лимон,3.0,ЧАПА_26,Tuesday,Выпечка,Снят
2026-08-19,Кекс мак-лимон,3.0,ЧАПА_26,Wednesday,Выпечка,Снят
2026-08-19,Кекс мак-лимон,3.0,ЧАПА_26,Wednesday,Выпечка,Снят
2026-08-20,Кекс мак-лимон,5.0,ЧАПА_26,Thursday,Выпечка,Снят
2026-08-20,Кекс мак-лимон,5.0,ЧАПА_26,Thursday,Выпечка,Снят
2026-08-21,Кекс мак-лимон,5.0,ЧАПА_26,Friday,Выпечка,Снят
2026-08-21,Кекс мак-лимон,5.0,ЧАПА_26,Friday,Выпечка,Снят
2026-08-22,Кекс мак-лимон,6.0,ЧАПА_26,Saturday,Выпечка,Снят
2026-08-22,Кекс мак-лимон,6.0,ЧАПА_26,Saturday,Выпечка,Снят
2026-08-23,Кекс мак-лимон,8.0,ЧАПА_26,Sunday,Выпечка,Снят
2026-08-23,Кекс мак-лимон,8.0,ЧАПА_26,Sunday,Выпечка,Снят
2026-08-24,Кекс мак-лимон,5.0,ЧАПА_26,Monday,Выпечка,Снят
2026-08-24,Кекс мак-лимон,5.0,ЧАПА_26,Monday,Выпечка,Снят
2026-08-25,Кекс мак-лимон,12.0,ЧАПА_26,Tuesday,Выпечка,Снят
2026-08-25,Кекс мак-лимон,12.0,ЧАПА_26,Tuesday,Выпечка,Снят
2026-08-26,Кекс мак-лимон,5.0,ЧАПА_26,Wednesday,Выпечка,Снят
2026-08-26,Кекс мак-лимон,5.0,ЧАПА_26,Wednesday,Выпечка,Снят
2026-08-27,Кекс мак-лимон,7.0,ЧАПА_26,Thursday,Выпечка,Снят
2026-08-27,Кекс мак-лимон,7.0,ЧАПА_26,Thursday,Выпечка,Снят
2026-08-28,Кекс мак-лимон,6.0,ЧАПА_26,Friday,Выпечка,Снят
2026-08-28,Кекс мак-лимон,6.0,ЧАПА_26,Friday,Выпечка,Снят
2026-08-29,Кекс мак-лимон,7.0,ЧАПА_26,Saturday,Выпечка,Снят
2026-08-29,Кекс мак-лимон,7.0,ЧАПА_26,Saturday,Выпечка,Снят
2026-08-30,Кекс мак-лимон,8.0,ЧАПА_26,Sunday,Выпечка,Снят
2026-08-30,Кекс мак-лимон,8.0,ЧАПА_26,Sunday,Выпечка,Снят
2026-08-31,Кекс мак-лимон,5.0,ЧАПА_26,Monday,Выпечка,Снят
2026-08-31,Кекс мак-лимон,5.0,ЧАПА_26,Monday,Выпечка,Снят
2026-06-01,Синнабоны шоколад-пекан-карамель,0.0,ЧАПА_26,Monday,Выпечка,Активный
2026-06-08,Синнабоны шоколад-пекан-карамель,0.0,ЧАПА_26,Monday,Выпечка,Активный
2026-06-20,Синнабоны шоколад-пекан-карамель,5.0,ЧАПА_26,Saturday,Выпечка,Активный
2026-06-21,Синнабоны шоколад-пекан-карамель,12.0,ЧАПА_26,Sunday,Выпечка,Активный
2026-06-22,Синнабоны шоколад-пекан-карамель,0.0,ЧАПА_26,Monday,Выпечка,Активный
2026-06-23,Синнабоны шоколад-пекан-карамель,10.0,ЧАПА_26,Tuesday,Выпечка,Активный
2026-06-24,Синнабоны шоколад-пекан-карамель,8.0,ЧАПА_26,Wednesday,Выпечка,Активный
2026-06-25,Синнабоны шоколад-пекан-карамель,5.0,ЧАПА_26,Thursday,Выпечка,Активный
2026-06-26,Синнабоны шоколад-пекан-карамель,12.0,ЧАПА_26,Friday,Выпечка,Активный
2026-06-27,Синнабоны шоколад-пекан-карамель,10.0,ЧАПА_26,Saturday,Выпечка,Активный
2026-06-28,Синнабоны шоколад-пекан-карамель,5.0,ЧАПА_26,Sunday,Выпечка,Активный
2026-06-29,Синнабоны шоколад-пекан-карамель,0.0,ЧАПА_26,Monday,Выпечка,Активный
2026-06-30,Синнабоны шоколад-пекан-карамель,5.0,ЧАПА_26,Tuesday,Выпечка,Активный
2026-07-01,Синнабоны шоколад-пекан-карамель,8.0,ЧАПА_26,Wednesday,Выпечка,Активный
2026-07-02,Синнабоны шоколад-пекан-карамель,8.0,ЧАПА_26,Thursday,Выпечка,Активный
2026-07-03,Синнабоны шоколад-пекан-карамель,5.0,ЧАПА_26,Friday,Выпечка,Активный
2026-07-04,Синнабоны шоколад-пекан-карамель,8.0,ЧАПА_26,Saturday,Выпечка,Активный
2026-07-05,Синнабоны шоколад-пекан-карамель,3.0,ЧАПА_26,Sunday,Выпечка,Активный
2026-07-06,Синнабоны шоколад-пекан-карамель,6.0,ЧАПА_26,Monday,Выпечка,Активный
2026-07-07,Синнабоны шоколад-пекан-карамель,5.0,ЧАПА_26,Tuesday,Выпечка,Активный
2026-07-08,Синнабоны шоколад-пекан-карамель,4.0,ЧАПА_26,Wednesday,Выпечка,Активный
2026-07-09,Синнабоны шоколад-пекан-карамель,5.0,ЧАПА_26,Thursday,Выпечка,Активный
2026-07-10,Синнабоны шоколад-пекан-карамель,4.0,ЧАПА_26,Friday,Выпечка,Активный
2026-07-11,Синнабоны шоколад-пекан-карамель,7.0,ЧАПА_26,Saturday,Выпечка,Активный
2026-07-12,Синнабоны шоколад-пекан-карамель,8.0,ЧАПА_26,Sunday,Выпечка,Активный
2026-07-13,Синнабоны шоколад-пекан-карамель,4.0,ЧАПА_26,Monday,Выпечка,Активный
2026-07-14,Синнабоны шоколад-пекан-карамель,4.0,ЧАПА_26,Tuesday,Выпечка,Активный
2026-07-15,Синнабоны шоколад-пекан-карамель,5.0,ЧАПА_26,Wednesday,Выпечка,Активный
2026-07-16,Синнабоны шоколад-пекан-карамель,5.0,ЧАПА_26,Thursday,Выпечка,Активный
2026-07-17,Синнабоны шоколад-пекан-карамель,10.0,ЧАПА_26,Friday,Выпечка,Активный
2026-07-18,Синнабоны шоколад-пекан-карамель,8.0,ЧАПА_26,Saturday,Выпечка,Активный
2026-07-19,Синнабоны шоколад-пекан-карамель,10.0,ЧАПА_26,Sunday,Выпечка,Активный
2026-07-20,Синнабоны шоколад-пекан-карамель,5.0,ЧАПА_26,Monday,Выпечка,Активный
2026-07-21,Синнабоны шоколад-пекан-карамель,5.0,ЧАПА_26,Tuesday,Выпечка,Активный
2026-07-22,Синнабоны шоколад-пекан-карамель,7.0,ЧАПА_26,Wednesday,Выпечка,Активный
2026-07-23,Синнабоны шоколад-пекан-карамель,5.0,ЧАПА_26,Thursday,Выпечка,Активный
2026-07-24,Синнабоны шоколад-пекан-карамель,7.0,ЧАПА_26,Friday,Выпечка,Активный
2026-07-25,Синнабоны шоколад-пекан-карамель,5.0,ЧАПА_26,Saturday,Выпечка,Активный
2026-07-26,Синнабоны шоколад-пекан-карамель,3.0,ЧАПА_26,Sunday,Выпечка,Активный
2026-07-27,Синнабоны шоколад-пекан-карамель,5.0,ЧАПА_26,Monday,Выпечка,Активный
2026-07-28,Синнабоны шоколад-пекан-карамель,4.0,ЧАПА_26,Tuesday,Выпечка,Активный
2026-07-29,Синнабоны шоколад-пекан-карамель,8.0,ЧАПА_26,Wednesday,Выпечка,Активный
2026-07-30,Синнабоны шоколад-пекан-карамель,5.0,ЧАПА_26,Thursday,Выпечка,Активный
2026-07-31,Синнабоны шоколад-пекан-карамель,4.0,ЧАПА_26,Friday,Выпечка,Активный
2026-08-01,Синнабоны шоколад-пекан-карамель,7.0,ЧАПА_26,Saturday,Выпечка,Активный
2026-08-02,Синнабоны шоколад-пекан-карамель,5.0,ЧАПА_26,Sunday,Выпечка,Активный
2026-08-03,Синнабоны шоколад-пекан-карамель,3.0,ЧАПА_26,Monday,Выпечка,Активный
2026-08-04,Синнабоны шоколад-пекан-карамель,3.0,ЧАПА_26,Tuesday,Выпечка,Активный
2026-08-05,Синнабоны шоколад-пекан-карамель,3.0,ЧАПА_26,Wednesday,Выпечка,Активный
2026-08-06,Синнабоны шоколад-пекан-карамель,5.0,ЧАПА_26,Thursday,Выпечка,Активный
2026-08-07,Синнабоны шоколад-пекан-карамель,5.0,ЧАПА_26,Friday,Выпечка,Активный
2026-08-08,Синнабоны шоколад-пекан-карамель,10.0,ЧАПА_26,Saturday,Выпечка,Активный
2026-08-09,Синнабоны шоколад-пекан-карамель,7.0,ЧАПА_26,Sunday,Выпечка,Активный
2026-08-10,Синнабоны шоколад-пекан-карамель,3.0,ЧАПА_26,Monday,Выпечка,Активный
2026-08-11,Синнабоны шоколад-пекан-карамель,5.0,ЧАПА_26,Tuesday,Выпечка,Активный
2026-08-12,Синнабоны шоколад-пекан-карамель,7.0,ЧАПА_26,Wednesday,Выпечка,Активный
2026-08-13,Синнабоны шоколад-пекан-карамель,8.0,ЧАПА_26,Thursday,Выпечка,Активный
2026-08-14,Синнабоны шоколад-пекан-карамель,5.0,ЧАПА_26,Friday,Выпечка,Активный
2026-08-15,Синнабоны шоколад-пекан-карамель,8.0,ЧАПА_26,Saturday,Выпечка,Активный
2026-08-16,Синнабоны шоколад-пекан-карамель,5.0,ЧАПА_26,Sunday,Выпечка,Активный
2026-08-17,Синнабоны шоколад-пекан-карамель,6.0,ЧАПА_26,Monday,Выпечка,Активный
2026-08-18,Синнабоны шоколад-пекан-карамель,3.0,ЧАПА_26,Tuesday,Выпечка,Активный
2026-08-19,Синнабоны шоколад-пекан-карамель,5.0,ЧАПА_26,Wednesday,Выпечка,Активный
2026-08-20,Синнабоны шоколад-пекан-карамель,8.0,ЧАПА_26,Thursday,Выпечка,Активный
2026-08-21,Синнабоны шоколад-пекан-карамель,8.0,ЧАПА_26,Friday,Выпечка,Активный
2026-08-22,Синнабоны шоколад-пекан-карамель,8.0,ЧАПА_26,Saturday,Выпечка,Активный
2026-08-23,Синнабоны шоколад-пекан-карамель,6.0,ЧАПА_26,Sunday,Выпечка,Активный
2026-08-24,Синнабоны шоколад-пекан-карамель,4.0,ЧАПА_26,Monday,Выпечка,Активный
2026-08-25,Синнабоны шоколад-пекан-карамель,4.0,ЧАПА_26,Tuesday,Выпечка,Активный
2026-08-26,Синнабоны шоколад-пекан-карамель,4.0,ЧАПА_26,Wednesday,Выпечка,Активный
2026-08-27,Синнабоны шоколад-пекан-карамель,5.0,ЧАПА_26,Thursday,Выпечка,Активный
2026-08-28,Синнабоны шоколад-пекан-карамель,5.0,ЧАПА_26,Friday,Выпечка,Активный
2026-08-29,Синнабоны шоколад-пекан-карамель,7.0,ЧАПА_26,Saturday,Выпечка,Активный
2026-08-30,Синнабоны шоколад-пекан-карамель,5.0,ЧАПА_26,Sunday,Выпечка,Активный
2026-08-31,Синнабоны шоколад-пекан-карамель,3.0,ЧАПА_26,Monday,Выпечка,Активный
2026-06-01,Фокачча 400х600,0.0,ЧАПА_26,Monday,Хлеб,пф
2026-06-02,Фокачча 400х600,2.0,ЧАПА_26,Tuesday,Хлеб,пф
2026-06-03,Фокачча 400х600,1.0,ЧАПА_26,Wednesday,Хлеб,пф
2026-06-04,Фокачча 400х600,1.0,ЧАПА_26,Thursday,Хлеб,пф
2026-06-05,Фокачча 400х600,0.0,ЧАПА_26,Friday,Хлеб,пф
2026-06-06,Фокачча 400х600,1.0,ЧАПА_26,Saturday,Хлеб,пф
2026-06-07,Фокачча 400х600,1.0,ЧАПА_26,Sunday,Хлеб,пф
2026-06-08,Фокачча 400х600,0.0,ЧАПА_26,Monday,Хлеб,пф
2026-06-09,Фокачча 400х600,1.0,ЧАПА_26,Tuesday,Хлеб,пф
2026-06-10,Фокачча 400х600,0.0,ЧАПА_26,Wednesday,Хлеб,пф
2026-06-11,Фокачча 400х600,1.0,ЧАПА_26,Thursday,Хлеб,пф
2026-06-12,Фокачча 400х600,2.0,ЧАПА_26,Friday,Хлеб,пф
2026-06-13,Фокачча 400х600,2.0,ЧАПА_26,Saturday,Хлеб,пф
2026-06-14,Фокачча 400х600,2.0,ЧАПА_26,Sunday,Хлеб,пф
2026-06-15,Фокачча 400х600,0.0,ЧАПА_26,Monday,Хлеб,пф
2026-06-16,Фокачча 400х600,1.0,ЧАПА_26,Tuesday,Хлеб,пф
2026-06-17,Фокачча 400х600,1.0,ЧАПА_26,Wednesday,Хлеб,пф
2026-06-18,Фокачча 400х600,2.0,ЧАПА_26,Thursday,Хлеб,пф
2026-06-19,Фокачча 400х600,2.0,ЧАПА_26,Friday,Хлеб,пф
2026-06-20,Фокачча 400х600,2.0,ЧАПА_26,Saturday,Хлеб,пф
2026-06-21,Фокачча 400х600,2.0,ЧАПА_26,Sunday,Хлеб,пф
2026-06-22,Фокачча 400х600,0.0,ЧАПА_26,Monday,Хлеб,пф
2026-06-23,Фокачча 400х600,1.0,ЧАПА_26,Tuesday,Хлеб,пф
2026-06-24,Фокачча 400х600,1.0,ЧАПА_26,Wednesday,Хлеб,пф
2026-06-25,Фокачча 400х600,2.0,ЧАПА_26,Thursday,Хлеб,пф
2026-06-26,Фокачча 400х600,1.0,ЧАПА_26,Friday,Хлеб,пф
2026-06-27,Фокачча 400х600,2.0,ЧАПА_26,Saturday,Хлеб,пф
2026-06-28,Фокачча 400х600,1.0,ЧАПА_26,Sunday,Хлеб,пф
2026-06-29,Фокачча 400х600,0.0,ЧАПА_26,Monday,Хлеб,пф
2026-06-30,Фокачча 400х600,1.0,ЧАПА_26,Tuesday,Хлеб,пф
2026-07-01,Фокачча 400х600,1.0,ЧАПА_26,Wednesday,Хлеб,пф
2026-07-02,Фокачча 400х600,2.0,ЧАПА_26,Thursday,Хлеб,пф
2026-07-03,Фокачча 400х600,2.0,ЧАПА_26,Friday,Хлеб,пф
2026-07-04,Фокачча 400х600,2.0,ЧАПА_26,Saturday,Хлеб,пф
2026-07-05,Фокачча 400х600,1.0,ЧАПА_26,Sunday,Хлеб,пф
2026-07-06,Фокачча 400х600,0.0,ЧАПА_26,Monday,Хлеб,пф
2026-07-07,Фокачча 400х600,1.0,ЧАПА_26,Tuesday,Хлеб,пф
2026-07-08,Фокачча 400х600,2.0,ЧАПА_26,Wednesday,Хлеб,пф
2026-07-09,Фокачча 400х600,1.0,ЧАПА_26,Thursday,Хлеб,пф
2026-07-10,Фокачча 400х600,1.0,ЧАПА_26,Friday,Хлеб,пф
2026-07-11,Фокачча 400х600,1.0,ЧАПА_26,Saturday,Хлеб,пф
2026-07-12,Фокачча 400х600,2.0,ЧАПА_26,Sunday,Хлеб,пф
2026-07-13,Фокачча 400х600,0.0,ЧАПА_26,Monday,Хлеб,пф
2026-07-14,Фокачча 400х600,1.0,ЧАПА_26,Tuesday,Хлеб,пф
2026-07-15,Фокачча 400х600,0.0,ЧАПА_26,Wednesday,Хлеб,пф
2026-07-16,Фокачча 400х600,1.0,ЧАПА_26,Thursday,Хлеб,пф
2026-07-17,Фокачча 400х600,1.0,ЧАПА_26,Friday,Хлеб,пф
2026-07-18,Фокачча 400х600,1.0,ЧАПА_26,Saturday,Хлеб,пф
2026-07-19,Фокачча 400х600,1.0,ЧАПА_26,Sunday,Хлеб,пф
2026-07-20,Фокачча 400х600,1.0,ЧАПА_26,Monday,Хлеб,пф
2026-07-21,Фокачча 400х600,1.0,ЧАПА_26,Tuesday,Хлеб,пф
2026-07-22,Фокачча 400х600,1.0,ЧАПА_26,Wednesday,Хлеб,пф
2026-07-23,Фокачча 400х600,0.0,ЧАПА_26,Thursday,Хлеб,пф
2026-07-24,Фокачча 400х600,1.0,ЧАПА_26,Friday,Хлеб,пф
2026-07-25,Фокачча 400х600,1.0,ЧАПА_26,Saturday,Хлеб,пф
2026-07-26,Фокачча 400х600,1.0,ЧАПА_26,Sunday,Хлеб,пф
2026-07-27,Фокачча 400х600,0.0,ЧАПА_26,Monday,Хлеб,пф
2026-07-28,Фокачча 400х600,1.0,ЧАПА_26,Tuesday,Хлеб,пф
2026-07-29,Фокачча 400х600,1.0,ЧАПА_26,Wednesday,Хлеб,пф
2026-07-30,Фокачча 400х600,1.0,ЧАПА_26,Thursday,Хлеб,пф
2026-07-31,Фокачча 400х600,1.0,ЧАПА_26,Friday,Хлеб,пф
2026-08-01,Фокачча 400х600,1.0,ЧАПА_26,Saturday,Хлеб,пф
2026-08-02,Фокачча 400х600,1.0,ЧАПА_26,Sunday,Хлеб,пф
2026-08-03,Фокачча 400х600,0.0,ЧАПА_26,Monday,Хлеб,пф
2026-08-04,Фокачча 400х600,1.0,ЧАПА_26,Tuesday,Хлеб,пф
2026-08-05,Фокачча 400х600,1.0,ЧАПА_26,Wednesday,Хлеб,пф
2026-08-06,Фокачча 400х600,1.0,ЧАПА_26,Thursday,Хлеб,пф
2026-08-07,Фокачча 400х600,1.0,ЧАПА_26,Friday,Хлеб,пф
2026-08-08,Фокачча 400х600,1.0,ЧАПА_26,Saturday,Хлеб,пф
2026-08-09,Фокачча 400х600,1.0,ЧАПА_26,Sunday,Хлеб,пф
2026-08-10,Фокачча 400х600,0.0,ЧАПА_26,Monday,Хлеб,пф
2026-08-11,Фокачча 400х600,1.0,ЧАПА_26,Tuesday,Хлеб,пф
2026-08-12,Фокачча 400х600,1.0,ЧАПА_26,Wednesday,Хлеб,пф
2026-08-13,Фокачча 400х600,1.0,ЧАПА_26,Thursday,Хлеб,пф
2026-08-14,Фокачча 400х600,1.0,ЧАПА_26,Friday,Хлеб,пф
2026-08-15,Фокачча 400х600,1.0,ЧАПА_26,Saturday,Хлеб,пф
2026-08-16,Фокачча 400х600,0.0,ЧАПА_26,Sunday,Хлеб,пф
2026-08-17,Фокачча 400х600,1.0,ЧАПА_26,Monday,Хлеб,пф
2026-08-18,Фокачча 400х600,1.0,ЧАПА_26,Tuesday,Хлеб,пф
2026-08-19,Фокачча 400х600,1.0,ЧАПА_26,Wednesday,Хлеб,пф
2026-08-20,Фокачча 400х600,0.0,ЧАПА_26,Thursday,Хлеб,пф
2026-08-21,Фокачча 400х600,1.0,ЧАПА_26,Friday,Хлеб,пф
2026-08-22,Фокачча 400х600,1.0,ЧАПА_26,Saturday,Хлеб,пф
2026-08-23,Фокачча 400х600,1.0,ЧАПА_26,Sunday,Хлеб,пф
2026-08-24,Фокачча 400х600,1.0,ЧАПА_26,Monday,Хлеб,пф
2026-08-25,Фокачча 400х600,2.0,ЧАПА_26,Tuesday,Хлеб,пф
2026-08-26,Фокачча 400х600,1.0,ЧАПА_26,Wednesday,Хлеб,пф
2026-08-27,Фокачча 400х600,1.0,ЧАПА_26,Thursday,Хлеб,пф
2026-08-28,Фокачча 400х600,1.0,ЧАПА_26,Friday,Хлеб,пф
2026-08-29,Фокачча 400х600,1.0,ЧАПА_26,Saturday,Хлеб,пф
2026-08-30,Фокачча 400х600,1.0,ЧАПА_26,Sunday,Хлеб,пф
2026-08-31,Фокачча 400х600,1.0,ЧАПА_26,Monday,Хлеб,пф
2026-06-26,Хани баттер тост,8.0,ЧАПА_26,Friday,Выпечка,Снят
2026-06-26,Хани баттер тост,8.0,ЧАПА_26,Friday,Выпечка,Активный
2026-06-26,Хани баттер тост,8.0,ЧАПА_26,Friday,Выпечка, Cнят
2026-06-26,Хани баттер тост,8.0,ЧАПА_26,Friday,Выпечка,Снят
2026-06-27,Хани баттер тост,5.0,ЧАПА_26,Saturday,Выпечка,Снят
2026-06-27,Хани баттер тост,5.0,ЧАПА_26,Saturday,Выпечка,Активный
2026-06-27,Хани баттер тост,5.0,ЧАПА_26,Saturday,Выпечка, Cнят
2026-06-27,Хани баттер тост,5.0,ЧАПА_26,Saturday,Выпечка,Снят
2026-06-28,Хани баттер тост,5.0,ЧАПА_26,Sunday,Выпечка,Снят
2026-06-28,Хани баттер тост,5.0,ЧАПА_26,Sunday,Выпечка,Активный
2026-06-28,Хани баттер тост,5.0,ЧАПА_26,Sunday,Выпечка, Cнят
2026-06-28,Хани баттер тост,5.0,ЧАПА_26,Sunday,Выпечка,Снят
2026-06-29,Хани баттер тост,0.0,ЧАПА_26,Monday,Выпечка,Снят
2026-06-29,Хани баттер тост,0.0,ЧАПА_26,Monday,Выпечка,Активный
2026-06-29,Хани баттер тост,0.0,ЧАПА_26,Monday,Выпечка, Cнят
2026-06-29,Хани баттер тост,0.0,ЧАПА_26,Monday,Выпечка,Снят
2026-06-30,Хани баттер тост,5.0,ЧАПА_26,Tuesday,Выпечка,Снят
2026-06-30,Хани баттер тост,5.0,ЧАПА_26,Tuesday,Выпечка,Активный
2026-06-30,Хани баттер тост,5.0,ЧАПА_26,Tuesday,Выпечка, Cнят
2026-06-30,Хани баттер тост,5.0,ЧАПА_26,Tuesday,Выпечка,Снят
2026-07-01,Хани баттер тост,4.0,ЧАПА_26,Wednesday,Выпечка,Снят
2026-07-01,Хани баттер тост,4.0,ЧАПА_26,Wednesday,Выпечка,Активный
2026-07-01,Хани баттер тост,4.0,ЧАПА_26,Wednesday,Выпечка, Cнят
2026-07-01,Хани баттер тост,4.0,ЧАПА_26,Wednesday,Выпечка,Снят
2026-07-02,Хани баттер тост,5.0,ЧАПА_26,Thursday,Выпечка,Снят
2026-07-02,Хани баттер тост,5.0,ЧАПА_26,Thursday,Выпечка,Активный
2026-07-02,Хани баттер тост,5.0,ЧАПА_26,Thursday,Выпечка, Cнят
2026-07-02,Хани баттер тост,5.0,ЧАПА_26,Thursday,Выпечка,Снят
2026-07-03,Хани баттер тост,5.0,ЧАПА_26,Friday,Выпечка,Снят
2026-07-03,Хани баттер тост,5.0,ЧАПА_26,Friday,Выпечка,Активный
2026-07-03,Хани баттер тост,5.0,ЧАПА_26,Friday,Выпечка, Cнят
2026-07-03,Хани баттер тост,5.0,ЧАПА_26,Friday,Выпечка,Снят
2026-07-04,Хани баттер тост,4.0,ЧАПА_26,Saturday,Выпечка,Снят
2026-07-04,Хани баттер тост,4.0,ЧАПА_26,Saturday,Выпечка,Активный
2026-07-04,Хани баттер тост,4.0,ЧАПА_26,Saturday,Выпечка, Cнят
2026-07-04,Хани баттер тост,4.0,ЧАПА_26,Saturday,Выпечка,Снят
2026-07-05,Хани баттер тост,3.0,ЧАПА_26,Sunday,Выпечка,Снят
2026-07-05,Хани баттер тост,3.0,ЧАПА_26,Sunday,Выпечка,Активный
2026-07-05,Хани баттер тост,3.0,ЧАПА_26,Sunday,Выпечка, Cнят
2026-07-05,Хани баттер тост,3.0,ЧАПА_26,Sunday,Выпечка,Снят
2026-07-06,Хани баттер тост,0.0,ЧАПА_26,Monday,Выпечка,Снят
2026-07-06,Хани баттер тост,0.0,ЧАПА_26,Monday,Выпечка,Активный
2026-07-06,Хани баттер тост,0.0,ЧАПА_26,Monday,Выпечка, Cнят
2026-07-06,Хани баттер тост,0.0,ЧАПА_26,Monday,Выпечка,Снят
2026-07-07,Хани баттер тост,0.0,ЧАПА_26,Tuesday,Выпечка,Снят
2026-07-07,Хани баттер тост,0.0,ЧАПА_26,Tuesday,Выпечка,Активный
2026-07-07,Хани баттер тост,0.0,ЧАПА_26,Tuesday,Выпечка, Cнят
2026-07-07,Хани баттер тост,0.0,ЧАПА_26,Tuesday,Выпечка,Снят
2026-07-08,Хани баттер тост,10.0,ЧАПА_26,Wednesday,Выпечка,Снят
2026-07-08,Хани баттер тост,10.0,ЧАПА_26,Wednesday,Выпечка,Активный
2026-07-08,Хани баттер тост,10.0,ЧАПА_26,Wednesday,Выпечка, Cнят
2026-07-08,Хани баттер тост,10.0,ЧАПА_26,Wednesday,Выпечка,Снят
2026-07-09,Хани баттер тост,0.0,ЧАПА_26,Thursday,Выпечка,Снят
2026-07-09,Хани баттер тост,0.0,ЧАПА_26,Thursday,Выпечка,Активный
2026-07-09,Хани баттер тост,0.0,ЧАПА_26,Thursday,Выпечка, Cнят
2026-07-09,Хани баттер тост,0.0,ЧАПА_26,Thursday,Выпечка,Снят
2026-07-10,Хани баттер тост,0.0,ЧАПА_26,Friday,Выпечка,Снят
2026-07-10,Хани баттер тост,0.0,ЧАПА_26,Friday,Выпечка,Активный
2026-07-10,Хани баттер тост,0.0,ЧАПА_26,Friday,Выпечка, Cнят
2026-07-10,Хани баттер тост,0.0,ЧАПА_26,Friday,Выпечка,Снят
2026-07-11,Хани баттер тост,10.0,ЧАПА_26,Saturday,Выпечка,Снят
2026-07-11,Хани баттер тост,10.0,ЧАПА_26,Saturday,Выпечка,Активный
2026-07-11,Хани баттер тост,10.0,ЧАПА_26,Saturday,Выпечка, Cнят
2026-07-11,Хани баттер тост,10.0,ЧАПА_26,Saturday,Выпечка,Снят
2026-07-12,Хани баттер тост,0.0,ЧАПА_26,Sunday,Выпечка,Снят
2026-07-12,Хани баттер тост,0.0,ЧАПА_26,Sunday,Выпечка,Активный
2026-07-12,Хани баттер тост,0.0,ЧАПА_26,Sunday,Выпечка, Cнят
2026-07-12,Хани баттер тост,0.0,ЧАПА_26,Sunday,Выпечка,Снят
2026-07-13,Хани баттер тост,0.0,ЧАПА_26,Monday,Выпечка,Снят
2026-07-13,Хани баттер тост,0.0,ЧАПА_26,Monday,Выпечка,Активный
2026-07-13,Хани баттер тост,0.0,ЧАПА_26,Monday,Выпечка, Cнят
2026-07-13,Хани баттер тост,0.0,ЧАПА_26,Monday,Выпечка,Снят
2026-07-14,Хани баттер тост,10.0,ЧАПА_26,Tuesday,Выпечка,Снят
2026-07-14,Хани баттер тост,10.0,ЧАПА_26,Tuesday,Выпечка,Активный
2026-07-14,Хани баттер тост,10.0,ЧАПА_26,Tuesday,Выпечка, Cнят
2026-07-14,Хани баттер тост,10.0,ЧАПА_26,Tuesday,Выпечка,Снят
2026-07-15,Хани баттер тост,0.0,ЧАПА_26,Wednesday,Выпечка,Снят
2026-07-15,Хани баттер тост,0.0,ЧАПА_26,Wednesday,Выпечка,Активный
2026-07-15,Хани баттер тост,0.0,ЧАПА_26,Wednesday,Выпечка, Cнят
2026-07-15,Хани баттер тост,0.0,ЧАПА_26,Wednesday,Выпечка,Снят
2026-07-16,Хани баттер тост,0.0,ЧАПА_26,Thursday,Выпечка,Снят
2026-07-16,Хани баттер тост,0.0,ЧАПА_26,Thursday,Выпечка,Активный
2026-07-16,Хани баттер тост,0.0,ЧАПА_26,Thursday,Выпечка, Cнят
2026-07-16,Хани баттер тост,0.0,ЧАПА_26,Thursday,Выпечка,Снят
2026-07-17,Хани баттер тост,10.0,ЧАПА_26,Friday,Выпечка,Снят
2026-07-17,Хани баттер тост,10.0,ЧАПА_26,Friday,Выпечка,Активный
2026-07-17,Хани баттер тост,10.0,ЧАПА_26,Friday,Выпечка, Cнят
2026-07-17,Хани баттер тост,10.0,ЧАПА_26,Friday,Выпечка,Снят
2026-07-18,Хани баттер тост,0.0,ЧАПА_26,Saturday,Выпечка,Снят
2026-07-18,Хани баттер тост,0.0,ЧАПА_26,Saturday,Выпечка,Активный
2026-07-18,Хани баттер тост,0.0,ЧАПА_26,Saturday,Выпечка, Cнят
2026-07-18,Хани баттер тост,0.0,ЧАПА_26,Saturday,Выпечка,Снят
2026-07-19,Хани баттер тост,0.0,ЧАПА_26,Sunday,Выпечка,Снят
2026-07-19,Хани баттер тост,0.0,ЧАПА_26,Sunday,Выпечка,Активный
2026-07-19,Хани баттер тост,0.0,ЧАПА_26,Sunday,Выпечка, Cнят
2026-07-19,Хани баттер тост,0.0,ЧАПА_26,Sunday,Выпечка,Снят
2026-07-20,Хани баттер тост,0.0,ЧАПА_26,Monday,Выпечка,Снят
2026-07-20,Хани баттер тост,0.0,ЧАПА_26,Monday,Выпечка,Активный
2026-07-20,Хани баттер тост,0.0,ЧАПА_26,Monday,Выпечка, Cнят
2026-07-20,Хани баттер тост,0.0,ЧАПА_26,Monday,Выпечка,Снят
2026-07-22,Хани баттер тост,10.0,ЧАПА_26,Wednesday,Выпечка,Снят
2026-07-22,Хани баттер тост,10.0,ЧАПА_26,Wednesday,Выпечка,Активный
2026-07-22,Хани баттер тост,10.0,ЧАПА_26,Wednesday,Выпечка, Cнят
2026-07-22,Хани баттер тост,10.0,ЧАПА_26,Wednesday,Выпечка,Снят
2026-07-23,Хани баттер тост,0.0,ЧАПА_26,Thursday,Выпечка,Снят
2026-07-23,Хани баттер тост,0.0,ЧАПА_26,Thursday,Выпечка,Активный
2026-07-23,Хани баттер тост,0.0,ЧАПА_26,Thursday,Выпечка, Cнят
2026-07-23,Хани баттер тост,0.0,ЧАПА_26,Thursday,Выпечка,Снят
2026-07-24,Хани баттер тост,0.0,ЧАПА_26,Friday,Выпечка,Снят
2026-07-24,Хани баттер тост,0.0,ЧАПА_26,Friday,Выпечка,Активный
2026-07-24,Хани баттер тост,0.0,ЧАПА_26,Friday,Выпечка, Cнят
2026-07-24,Хани баттер тост,0.0,ЧАПА_26,Friday,Выпечка,Снят
2026-07-25,Хани баттер тост,0.0,ЧАПА_26,Saturday,Выпечка,Снят
2026-07-25,Хани баттер тост,0.0,ЧАПА_26,Saturday,Выпечка,Активный
2026-07-25,Хани баттер тост,0.0,ЧАПА_26,Saturday,Выпечка, Cнят
2026-07-25,Хани баттер тост,0.0,ЧАПА_26,Saturday,Выпечка,Снят
2026-07-26,Хани баттер тост,0.0,ЧАПА_26,Sunday,Выпечка,Снят
2026-07-26,Хани баттер тост,0.0,ЧАПА_26,Sunday,Выпечка,Активный
2026-07-26,Хани баттер тост,0.0,ЧАПА_26,Sunday,Выпечка, Cнят
2026-07-26,Хани баттер тост,0.0,ЧАПА_26,Sunday,Выпечка,Снят
2026-07-27,Хани баттер тост,0.0,ЧАПА_26,Monday,Выпечка,Снят
2026-07-27,Хани баттер тост,0.0,ЧАПА_26,Monday,Выпечка,Активный
2026-07-27,Хани баттер тост,0.0,ЧАПА_26,Monday,Выпечка, Cнят
2026-07-27,Хани баттер тост,0.0,ЧАПА_26,Monday,Выпечка,Снят
2026-07-28,Хани баттер тост,0.0,ЧАПА_26,Tuesday,Выпечка,Снят
2026-07-28,Хани баттер тост,0.0,ЧАПА_26,Tuesday,Выпечка,Активный
2026-07-28,Хани баттер тост,0.0,ЧАПА_26,Tuesday,Выпечка, Cнят
2026-07-28,Хани баттер тост,0.0,ЧАПА_26,Tuesday,Выпечка,Снят
2026-07-29,Хани баттер тост,10.0,ЧАПА_26,Wednesday,Выпечка,Снят
2026-07-29,Хани баттер тост,10.0,ЧАПА_26,Wednesday,Выпечка,Активный
2026-07-29,Хани баттер тост,10.0,ЧАПА_26,Wednesday,Выпечка, Cнят
2026-07-29,Хани баттер тост,10.0,ЧАПА_26,Wednesday,Выпечка,Снят
2026-07-30,Хани баттер тост,0.0,ЧАПА_26,Thursday,Выпечка,Снят
2026-07-30,Хани баттер тост,0.0,ЧАПА_26,Thursday,Выпечка,Активный
2026-07-30,Хани баттер тост,0.0,ЧАПА_26,Thursday,Выпечка, Cнят
2026-07-30,Хани баттер тост,0.0,ЧАПА_26,Thursday,Выпечка,Снят
2026-07-31,Хани баттер тост,10.0,ЧАПА_26,Friday,Выпечка,Снят
2026-07-31,Хани баттер тост,10.0,ЧАПА_26,Friday,Выпечка,Активный
2026-07-31,Хани баттер тост,10.0,ЧАПА_26,Friday,Выпечка, Cнят
2026-07-31,Хани баттер тост,10.0,ЧАПА_26,Friday,Выпечка,Снят
2026-08-01,Хани баттер тост,0.0,ЧАПА_26,Saturday,Выпечка,Снят
2026-08-01,Хани баттер тост,0.0,ЧАПА_26,Saturday,Выпечка,Активный
2026-08-01,Хани баттер тост,0.0,ЧАПА_26,Saturday,Выпечка, Cнят
2026-08-01,Хани баттер тост,0.0,ЧАПА_26,Saturday,Выпечка,Снят
2026-08-02,Хани баттер тост,0.0,ЧАПА_26,Sunday,Выпечка,Снят
2026-08-02,Хани баттер тост,0.0,ЧАПА_26,Sunday,Выпечка,Активный
2026-08-02,Хани баттер тост,0.0,ЧАПА_26,Sunday,Выпечка, Cнят
2026-08-02,Хани баттер тост,0.0,ЧАПА_26,Sunday,Выпечка,Снят
2026-08-03,Хани баттер тост,0.0,ЧАПА_26,Monday,Выпечка,Снят
2026-08-03,Хани баттер тост,0.0,ЧАПА_26,Monday,Выпечка,Активный
2026-08-03,Хани баттер тост,0.0,ЧАПА_26,Monday,Выпечка, Cнят
2026-08-03,Хани баттер тост,0.0,ЧАПА_26,Monday,Выпечка,Снят
2026-08-04,Хани баттер тост,10.0,ЧАПА_26,Tuesday,Выпечка,Снят
2026-08-04,Хани баттер тост,10.0,ЧАПА_26,Tuesday,Выпечка,Активный
2026-08-04,Хани баттер тост,10.0,ЧАПА_26,Tuesday,Выпечка, Cнят
2026-08-04,Хани баттер тост,10.0,ЧАПА_26,Tuesday,Выпечка,Снят
2026-08-05,Хани баттер тост,0.0,ЧАПА_26,Wednesday,Выпечка,Снят
2026-08-05,Хани баттер тост,0.0,ЧАПА_26,Wednesday,Выпечка,Активный
2026-08-05,Хани баттер тост,0.0,ЧАПА_26,Wednesday,Выпечка, Cнят
2026-08-05,Хани баттер тост,0.0,ЧАПА_26,Wednesday,Выпечка,Снят
2026-08-06,Хани баттер тост,0.0,ЧАПА_26,Thursday,Выпечка,Снят
2026-08-06,Хани баттер тост,0.0,ЧАПА_26,Thursday,Выпечка,Активный
2026-08-06,Хани баттер тост,0.0,ЧАПА_26,Thursday,Выпечка, Cнят
2026-08-06,Хани баттер тост,0.0,ЧАПА_26,Thursday,Выпечка,Снят
2026-08-07,Хани баттер тост,0.0,ЧАПА_26,Friday,Выпечка,Снят
2026-08-07,Хани баттер тост,0.0,ЧАПА_26,Friday,Выпечка,Активный
2026-08-07,Хани баттер тост,0.0,ЧАПА_26,Friday,Выпечка, Cнят
2026-08-07,Хани баттер тост,0.0,ЧАПА_26,Friday,Выпечка,Снят
2026-08-08,Хани баттер тост,0.0,ЧАПА_26,Saturday,Выпечка,Снят
2026-08-08,Хани баттер тост,0.0,ЧАПА_26,Saturday,Выпечка,Активный
2026-08-08,Хани баттер тост,0.0,ЧАПА_26,Saturday,Выпечка, Cнят
2026-08-08,Хани баттер тост,0.0,ЧАПА_26,Saturday,Выпечка,Снят
2026-08-09,Хани баттер тост,0.0,ЧАПА_26,Sunday,Выпечка,Снят
2026-08-09,Хани баттер тост,0.0,ЧАПА_26,Sunday,Выпечка,Активный
2026-08-09,Хани баттер тост,0.0,ЧАПА_26,Sunday,Выпечка, Cнят
2026-08-09,Хани баттер тост,0.0,ЧАПА_26,Sunday,Выпечка,Снят
2026-08-10,Хани баттер тост,0.0,ЧАПА_26,Monday,Выпечка,Снят
2026-08-10,Хани баттер тост,0.0,ЧАПА_26,Monday,Выпечка,Активный
2026-08-10,Хани баттер тост,0.0,ЧАПА_26,Monday,Выпечка, Cнят
2026-08-10,Хани баттер тост,0.0,ЧАПА_26,Monday,Выпечка,Снят
2026-08-11,Хани баттер тост,0.0,ЧАПА_26,Tuesday,Выпечка,Снят
2026-08-11,Хани баттер тост,0.0,ЧАПА_26,Tuesday,Выпечка,Активный
2026-08-11,Хани баттер тост,0.0,ЧАПА_26,Tuesday,Выпечка, Cнят
2026-08-11,Хани баттер тост,0.0,ЧАПА_26,Tuesday,Выпечка,Снят
2026-08-12,Хани баттер тост,0.0,ЧАПА_26,Wednesday,Выпечка,Снят
2026-08-12,Хани баттер тост,0.0,ЧАПА_26,Wednesday,Выпечка,Активный
2026-08-12,Хани баттер тост,0.0,ЧАПА_26,Wednesday,Выпечка, Cнят
2026-08-12,Хани баттер тост,0.0,ЧАПА_26,Wednesday,Выпечка,Снят
2026-06-29,Морнинг бан Жасмин,0.0,ЧАПА_26,Monday,Выпечка,Активный
2026-06-26,Печенье финик-пекан,5.0,ЧАПА_26,Friday,Печенье,Активный
2026-06-27,Печенье финик-пекан,5.0,ЧАПА_26,Saturday,Печенье,Активный
2026-06-28,Печенье финик-пекан,5.0,ЧАПА_26,Sunday,Печенье,Активный
2026-06-29,Печенье финик-пекан,0.0,ЧАПА_26,Monday,Печенье,Активный
2026-06-30,Печенье финик-пекан,5.0,ЧАПА_26,Tuesday,Печенье,Активный
2026-07-01,Печенье финик-пекан,6.0,ЧАПА_26,Wednesday,Печенье,Активный
2026-07-02,Печенье финик-пекан,8.0,ЧАПА_26,Thursday,Печенье,Активный
2026-07-03,Печенье финик-пекан,10.0,ЧАПА_26,Friday,Печенье,Активный
2026-07-04,Печенье финик-пекан,8.0,ЧАПА_26,Saturday,Печенье,Активный
2026-07-05,Печенье финик-пекан,6.0,ЧАПА_26,Sunday,Печенье,Активный
2026-07-06,Печенье финик-пекан,3.0,ЧАПА_26,Monday,Печенье,Активный
2026-07-07,Печенье финик-пекан,4.0,ЧАПА_26,Tuesday,Печенье,Активный
2026-07-08,Печенье финик-пекан,5.0,ЧАПА_26,Wednesday,Печенье,Активный
2026-07-09,Печенье финик-пекан,4.0,ЧАПА_26,Thursday,Печенье,Активный
2026-07-10,Печенье финик-пекан,4.0,ЧАПА_26,Friday,Печенье,Активный
2026-07-11,Печенье финик-пекан,0.0,ЧАПА_26,Saturday,Печенье,Активный
2026-07-12,Печенье финик-пекан,3.0,ЧАПА_26,Sunday,Печенье,Активный
2026-07-13,Печенье финик-пекан,0.0,ЧАПА_26,Monday,Печенье,Активный
2026-07-14,Печенье финик-пекан,3.0,ЧАПА_26,Tuesday,Печенье,Активный
2026-07-15,Печенье финик-пекан,0.0,ЧАПА_26,Wednesday,Печенье,Активный
2026-07-16,Печенье финик-пекан,3.0,ЧАПА_26,Thursday,Печенье,Активный
2026-07-17,Печенье финик-пекан,5.0,ЧАПА_26,Friday,Печенье,Активный
2026-07-18,Печенье финик-пекан,3.0,ЧАПА_26,Saturday,Печенье,Активный
2026-07-19,Печенье финик-пекан,3.0,ЧАПА_26,Sunday,Печенье,Активный
2026-07-20,Печенье финик-пекан,0.0,ЧАПА_26,Monday,Печенье,Активный
2026-07-21,Печенье финик-пекан,5.0,ЧАПА_26,Tuesday,Печенье,Активный
2026-07-22,Печенье финик-пекан,0.0,ЧАПА_26,Wednesday,Печенье,Активный
2026-07-23,Печенье финик-пекан,3.0,ЧАПА_26,Thursday,Печенье,Активный
2026-07-24,Печенье финик-пекан,4.0,ЧАПА_26,Friday,Печенье,Активный
2026-07-25,Печенье финик-пекан,5.0,ЧАПА_26,Saturday,Печенье,Активный
2026-07-26,Печенье финик-пекан,4.0,ЧАПА_26,Sunday,Печенье,Активный
2026-07-27,Печенье финик-пекан,3.0,ЧАПА_26,Monday,Печенье,Активный
2026-07-28,Печенье финик-пекан,4.0,ЧАПА_26,Tuesday,Печенье,Активный
2026-07-29,Печенье финик-пекан,5.0,ЧАПА_26,Wednesday,Печенье,Активный
2026-07-30,Печенье финик-пекан,3.0,ЧАПА_26,Thursday,Печенье,Активный
2026-07-31,Печенье финик-пекан,0.0,ЧАПА_26,Friday,Печенье,Активный
2026-08-01,Печенье финик-пекан,5.0,ЧАПА_26,Saturday,Печенье,Активный
2026-08-02,Печенье финик-пекан,3.0,ЧАПА_26,Sunday,Печенье,Активный
2026-08-03,Печенье финик-пекан,5.0,ЧАПА_26,Monday,Печенье,Активный
2026-08-04,Печенье финик-пекан,5.0,ЧАПА_26,Tuesday,Печенье,Активный
2026-08-05,Печенье финик-пекан,3.0,ЧАПА_26,Wednesday,Печенье,Активный
2026-08-06,Печенье финик-пекан,5.0,ЧАПА_26,Thursday,Печенье,Активный
2026-08-07,Печенье финик-пекан,0.0,ЧАПА_26,Friday,Печенье,Активный
2026-08-08,Печенье финик-пекан,10.0,ЧАПА_26,Saturday,Печенье,Активный
2026-08-09,Печенье финик-пекан,5.0,ЧАПА_26,Sunday,Печенье,Активный
2026-08-10,Печенье финик-пекан,4.0,ЧАПА_26,Monday,Печенье,Активный
2026-08-11,Печенье финик-пекан,4.0,ЧАПА_26,Tuesday,Печенье,Активный
2026-08-12,Печенье финик-пекан,0.0,ЧАПА_26,Wednesday,Печенье,Активный
2026-08-13,Печенье финик-пекан,7.0,ЧАПА_26,Thursday,Печенье,Активный
2026-08-14,Печенье финик-пекан,7.0,ЧАПА_26,Friday,Печенье,Активный
2026-08-15,Печенье финик-пекан,5.0,ЧАПА_26,Saturday,Печенье,Активный
2026-08-16,Печенье финик-пекан,3.0,ЧАПА_26,Sunday,Печенье,Активный
2026-08-17,Печенье финик-пекан,5.0,ЧАПА_26,Monday,Печенье,Активный
2026-08-18,Печенье финик-пекан,5.0,ЧАПА_26,Tuesday,Печенье,Активный
2026-08-19,Печенье финик-пекан,3.0,ЧАПА_26,Wednesday,Печенье,Активный
2026-08-20,Печенье финик-пекан,7.0,ЧАПА_26,Thursday,Печенье,Активный
2026-08-21,Печенье финик-пекан,5.0,ЧАПА_26,Friday,Печенье,Активный
2026-08-22,Печенье финик-пекан,0.0,ЧАПА_26,Saturday,Печенье,Активный
2026-08-23,Печенье финик-пекан,3.0,ЧАПА_26,Sunday,Печенье,Активный
2026-08-24,Печенье финик-пекан,0.0,ЧАПА_26,Monday,Печенье,Активный
2026-08-25,Печенье финик-пекан,0.0,ЧАПА_26,Tuesday,Печенье,Активный
2026-08-26,Печенье финик-пекан,4.0,ЧАПА_26,Wednesday,Печенье,Активный
2026-08-27,Печенье финик-пекан,5.0,ЧАПА_26,Thursday,Печенье,Активный
2026-08-28,Печенье финик-пекан,7.0,ЧАПА_26,Friday,Печенье,Активный
2026-08-29,Печенье финик-пекан,5.0,ЧАПА_26,Saturday,Печенье,Активный
2026-08-30,Печенье финик-пекан,5.0,ЧАПА_26,Sunday,Печенье,Активный
2026-08-31,Печенье финик-пекан,5.0,ЧАПА_26,Monday,Печенье,Активный
2026-06-26,Даниш вишня,8.0,ЧАПА_26,Friday,Выпечка,Снят
2026-06-27,Даниш вишня,10.0,ЧАПА_26,Saturday,Выпечка,Снят
2026-06-28,Даниш вишня,8.0,ЧАПА_26,Sunday,Выпечка,Снят
2026-06-29,Даниш вишня,0.0,ЧАПА_26,Monday,Выпечка,Снят
2026-06-30,Даниш вишня,5.0,ЧАПА_26,Tuesday,Выпечка,Снят
2026-07-01,Даниш вишня,5.0,ЧАПА_26,Wednesday,Выпечка,Снят
2026-07-02,Даниш вишня,7.0,ЧАПА_26,Thursday,Выпечка,Снят
2026-07-03,Даниш вишня,8.0,ЧАПА_26,Friday,Выпечка,Снят
2026-07-04,Даниш вишня,10.0,ЧАПА_26,Saturday,Выпечка,Снят
2026-07-05,Даниш вишня,10.0,ЧАПА_26,Sunday,Выпечка,Снят
2026-07-06,Даниш вишня,3.0,ЧАПА_26,Monday,Выпечка,Снят
2026-07-07,Даниш вишня,3.0,ЧАПА_26,Tuesday,Выпечка,Снят
2026-07-08,Даниш вишня,5.0,ЧАПА_26,Wednesday,Выпечка,Снят
2026-07-09,Даниш вишня,5.0,ЧАПА_26,Thursday,Выпечка,Снят
2026-07-10,Даниш вишня,4.0,ЧАПА_26,Friday,Выпечка,Снят
2026-07-11,Даниш вишня,5.0,ЧАПА_26,Saturday,Выпечка,Снят
2026-07-12,Даниш вишня,8.0,ЧАПА_26,Sunday,Выпечка,Снят
2026-07-13,Даниш вишня,3.0,ЧАПА_26,Monday,Выпечка,Снят
2026-07-14,Даниш вишня,4.0,ЧАПА_26,Tuesday,Выпечка,Снят
2026-07-15,Даниш вишня,5.0,ЧАПА_26,Wednesday,Выпечка,Снят
2026-07-16,Даниш вишня,3.0,ЧАПА_26,Thursday,Выпечка,Снят
2026-07-17,Даниш вишня,5.0,ЧАПА_26,Friday,Выпечка,Снят
2026-07-18,Даниш вишня,8.0,ЧАПА_26,Saturday,Выпечка,Снят
2026-07-19,Даниш вишня,8.0,ЧАПА_26,Sunday,Выпечка,Снят
2026-07-20,Даниш вишня,6.0,ЧАПА_26,Monday,Выпечка,Снят
2026-07-21,Даниш вишня,5.0,ЧАПА_26,Tuesday,Выпечка,Снят
2026-07-22,Даниш вишня,8.0,ЧАПА_26,Wednesday,Выпечка,Снят
2026-07-23,Даниш вишня,5.0,ЧАПА_26,Thursday,Выпечка,Снят
2026-07-24,Даниш вишня,8.0,ЧАПА_26,Friday,Выпечка,Снят
2026-07-25,Даниш вишня,5.0,ЧАПА_26,Saturday,Выпечка,Снят
2026-07-26,Даниш вишня,5.0,ЧАПА_26,Sunday,Выпечка,Снят
2026-07-27,Даниш вишня,5.0,ЧАПА_26,Monday,Выпечка,Снят
2026-07-28,Даниш вишня,7.0,ЧАПА_26,Tuesday,Выпечка,Снят
2026-07-29,Даниш вишня,10.0,ЧАПА_26,Wednesday,Выпечка,Снят
2026-07-30,Даниш вишня,4.0,ЧАПА_26,Thursday,Выпечка,Снят
2026-07-31,Даниш вишня,5.0,ЧАПА_26,Friday,Выпечка,Снят
2026-08-01,Даниш вишня,7.0,ЧАПА_26,Saturday,Выпечка,Снят
2026-08-02,Даниш вишня,5.0,ЧАПА_26,Sunday,Выпечка,Снят
2026-08-03,Даниш вишня,4.0,ЧАПА_26,Monday,Выпечка,Снят
2026-08-04,Даниш вишня,5.0,ЧАПА_26,Tuesday,Выпечка,Снят
2026-08-05,Даниш вишня,5.0,ЧАПА_26,Wednesday,Выпечка,Снят
2026-08-06,Даниш вишня,8.0,ЧАПА_26,Thursday,Выпечка,Снят
2026-08-07,Даниш вишня,5.0,ЧАПА_26,Friday,Выпечка,Снят
2026-08-08,Даниш вишня,12.0,ЧАПА_26,Saturday,Выпечка,Снят
2026-08-09,Даниш вишня,5.0,ЧАПА_26,Sunday,Выпечка,Снят
2026-08-10,Даниш вишня,4.0,ЧАПА_26,Monday,Выпечка,Снят
2026-08-11,Даниш вишня,5.0,ЧАПА_26,Tuesday,Выпечка,Снят
2026-08-12,Даниш вишня,7.0,ЧАПА_26,Wednesday,Выпечка,Снят
2026-08-13,Даниш вишня,10.0,ЧАПА_26,Thursday,Выпечка,Снят
2026-08-14,Даниш вишня,7.0,ЧАПА_26,Friday,Выпечка,Снят
2026-08-15,Даниш вишня,10.0,ЧАПА_26,Saturday,Выпечка,Снят
2026-08-16,Даниш вишня,8.0,ЧАПА_26,Sunday,Выпечка,Снят
2026-08-17,Даниш вишня,8.0,ЧАПА_26,Monday,Выпечка,Снят
2026-08-18,Даниш вишня,5.0,ЧАПА_26,Tuesday,Выпечка,Снят
2026-08-19,Даниш вишня,7.0,ЧАПА_26,Wednesday,Выпечка,Снят
2026-08-20,Даниш вишня,5.0,ЧАПА_26,Thursday,Выпечка,Снят
2026-08-21,Даниш вишня,8.0,ЧАПА_26,Friday,Выпечка,Снят
2026-08-22,Даниш вишня,10.0,ЧАПА_26,Saturday,Выпечка,Снят
2026-08-23,Даниш вишня,8.0,ЧАПА_26,Sunday,Выпечка,Снят
2026-08-24,Даниш вишня,5.0,ЧАПА_26,Monday,Выпечка,Снят
2026-08-25,Даниш вишня,5.0,ЧАПА_26,Tuesday,Выпечка,Снят
2026-08-26,Даниш вишня,5.0,ЧАПА_26,Wednesday,Выпечка,Снят
2026-08-27,Даниш вишня,8.0,ЧАПА_26,Thursday,Выпечка,Снят
2026-08-28,Даниш вишня,6.0,ЧАПА_26,Friday,Выпечка,Снят
2026-08-29,Даниш вишня,5.0,ЧАПА_26,Saturday,Выпечка,Снят
2026-08-30,Даниш вишня,7.0,ЧАПА_26,Sunday,Выпечка,Снят
2026-08-31,Даниш вишня,5.0,ЧАПА_26,Monday,Выпечка,Снят
2026-07-26,Ржаной хлеб с мисо пастой и семечками,1.0,ЧАПА_26,Sunday,Хлеб,Активный
2026-07-27,Ржаной хлеб с мисо пастой и семечками,1.0,ЧАПА_26,Monday,Хлеб,Активный
2026-07-31,Ржаной хлеб с мисо пастой и семечками,1.0,ЧАПА_26,Friday,Хлеб,Активный
2026-08-03,Ржаной хлеб с мисо пастой и семечками,1.0,ЧАПА_26,Monday,Хлеб,Активный
2026-08-07,Ржаной хлеб с мисо пастой и семечками,1.0,ЧАПА_26,Friday,Хлеб,Активный
2026-08-10,Ржаной хлеб с мисо пастой и семечками,1.0,ЧАПА_26,Monday,Хлеб,Активный
2026-08-11,Ржаной хлеб с мисо пастой и семечками,0.0,ЧАПА_26,Tuesday,Хлеб,Активный
2026-08-14,Ржаной хлеб с мисо пастой и семечками,1.0,ЧАПА_26,Friday,Хлеб,Активный
2026-08-17,Ржаной хлеб с мисо пастой и семечками,1.0,ЧАПА_26,Monday,Хлеб,Активный
2026-07-25,Бабка корица и карамель,1.0,ЧАПА_26,Saturday,Выпечка,Активный
2026-07-26,Бабка корица и карамель,3.0,ЧАПА_26,Sunday,Выпечка,Активный
2026-07-27,Бабка корица и карамель,1.0,ЧАПА_26,Monday,Выпечка,Активный
2026-07-28,Бабка корица и карамель,2.0,ЧАПА_26,Tuesday,Выпечка,Активный
2026-07-29,Бабка корица и карамель,1.0,ЧАПА_26,Wednesday,Выпечка,Активный
2026-07-30,Бабка корица и карамель,1.0,ЧАПА_26,Thursday,Выпечка,Активный
2026-07-31,Бабка корица и карамель,1.0,ЧАПА_26,Friday,Выпечка,Активный
2026-08-01,Бабка корица и карамель,2.0,ЧАПА_26,Saturday,Выпечка,Активный
2026-08-02,Бабка корица и карамель,1.0,ЧАПА_26,Sunday,Выпечка,Активный
2026-08-03,Бабка корица и карамель,1.0,ЧАПА_26,Monday,Выпечка,Активный
2026-08-04,Бабка корица и карамель,1.0,ЧАПА_26,Tuesday,Выпечка,Активный
2026-08-05,Бабка корица и карамель,0.0,ЧАПА_26,Wednesday,Выпечка,Активный
2026-08-06,Бабка корица и карамель,1.0,ЧАПА_26,Thursday,Выпечка,Активный
2026-08-07,Бабка корица и карамель,0.0,ЧАПА_26,Friday,Выпечка,Активный
2026-08-08,Бабка корица и карамель,1.0,ЧАПА_26,Saturday,Выпечка,Активный
2026-08-09,Бабка корица и карамель,1.0,ЧАПА_26,Sunday,Выпечка,Активный
2026-08-10,Бабка корица и карамель,0.0,ЧАПА_26,Monday,Выпечка,Активный
2026-08-11,Бабка корица и карамель,1.0,ЧАПА_26,Tuesday,Выпечка,Активный
2026-08-12,Бабка корица и карамель,1.0,ЧАПА_26,Wednesday,Выпечка,Активный
2026-08-13,Бабка корица и карамель,1.0,ЧАПА_26,Thursday,Выпечка,Активный
2026-08-14,Бабка корица и карамель,1.0,ЧАПА_26,Friday,Выпечка,Активный
2026-08-15,Бабка корица и карамель,2.0,ЧАПА_26,Saturday,Выпечка,Активный
2026-08-16,Бабка корица и карамель,1.0,ЧАПА_26,Sunday,Выпечка,Активный
2026-08-17,Бабка корица и карамель,1.0,ЧАПА_26,Monday,Выпечка,Активный
2026-08-18,Бабка корица и карамель,1.0,ЧАПА_26,Tuesday,Выпечка,Активный
2026-08-19,Бабка корица и карамель,1.0,ЧАПА_26,Wednesday,Выпечка,Активный
2026-08-20,Бабка корица и карамель,1.0,ЧАПА_26,Thursday,Выпечка,Активный
2026-08-21,Бабка корица и карамель,1.0,ЧАПА_26,Friday,Выпечка,Активный
2026-08-22,Бабка корица и карамель,2.0,ЧАПА_26,Saturday,Выпечка,Активный
2026-08-23,Бабка корица и карамель,1.0,ЧАПА_26,Sunday,Выпечка,Активный
2026-08-24,Бабка корица и карамель,1.0,ЧАПА_26,Monday,Выпечка,Активный
2026-08-25,Бабка корица и карамель,0.0,ЧАПА_26,Tuesday,Выпечка,Активный
2026-08-26,Бабка корица и карамель,1.0,ЧАПА_26,Wednesday,Выпечка,Активный
2026-08-27,Бабка корица и карамель,1.0,ЧАПА_26,Thursday,Выпечка,Активный
2026-08-28,Бабка корица и карамель,1.0,ЧАПА_26,Friday,Выпечка,Активный
2026-08-29,Бабка корица и карамель,1.0,ЧАПА_26,Saturday,Выпечка,Активный
2026-08-30,Бабка корица и карамель,1.0,ЧАПА_26,Sunday,Выпечка,Активный
2026-08-31,Бабка корица и карамель,1.0,ЧАПА_26,Monday,Выпечка,Активный
2026-08-02,Улитка с беконом,5.0,ЧАПА_26,Sunday,Выпечка,Активный
2026-08-03,Улитка с беконом,5.0,ЧАПА_26,Monday,Выпечка,Активный
2026-08-04,Улитка с беконом,4.0,ЧАПА_26,Tuesday,Выпечка,Активный
2026-08-05,Улитка с беконом,4.0,ЧАПА_26,Wednesday,Выпечка,Активный
2026-08-06,Улитка с беконом,8.0,ЧАПА_26,Thursday,Выпечка,Активный
2026-08-07,Улитка с беконом,5.0,ЧАПА_26,Friday,Выпечка,Активный
2026-08-08,Улитка с беконом,10.0,ЧАПА_26,Saturday,Выпечка,Активный
2026-08-09,Улитка с беконом,10.0,ЧАПА_26,Sunday,Выпечка,Активный
2026-08-10,Улитка с беконом,5.0,ЧАПА_26,Monday,Выпечка,Активный
2026-08-11,Улитка с беконом,8.0,ЧАПА_26,Tuesday,Выпечка,Активный
2026-08-12,Улитка с беконом,6.0,ЧАПА_26,Wednesday,Выпечка,Активный
2026-08-13,Улитка с беконом,5.0,ЧАПА_26,Thursday,Выпечка,Активный
2026-08-14,Улитка с беконом,5.0,ЧАПА_26,Friday,Выпечка,Активный
2026-08-15,Улитка с беконом,7.0,ЧАПА_26,Saturday,Выпечка,Активный
2026-08-16,Улитка с беконом,3.0,ЧАПА_26,Sunday,Выпечка,Активный
2026-08-17,Улитка с беконом,3.0,ЧАПА_26,Monday,Выпечка,Активный
2026-08-18,Улитка с беконом,2.0,ЧАПА_26,Tuesday,Выпечка,Активный
2026-08-19,Улитка с беконом,3.0,ЧАПА_26,Wednesday,Выпечка,Активный
2026-08-20,Улитка с беконом,4.0,ЧАПА_26,Thursday,Выпечка,Активный
2026-08-21,Улитка с беконом,0.0,ЧАПА_26,Friday,Выпечка,Активный
2026-08-22,Улитка с беконом,3.0,ЧАПА_26,Saturday,Выпечка,Активный
2026-08-23,Улитка с беконом,4.0,ЧАПА_26,Sunday,Выпечка,Активный
2026-08-24,Улитка с беконом,0.0,ЧАПА_26,Monday,Выпечка,Активный
2026-08-25,Улитка с беконом,3.0,ЧАПА_26,Tuesday,Выпечка,Активный
2026-08-26,Улитка с беконом,3.0,ЧАПА_26,Wednesday,Выпечка,Активный
2026-08-27,Улитка с беконом,3.0,ЧАПА_26,Thursday,Выпечка,Активный
2026-08-28,Улитка с беконом,0.0,ЧАПА_26,Friday,Выпечка,Активный
2026-08-29,Улитка с беконом,3.0,ЧАПА_26,Saturday,Выпечка,Активный
2026-08-30,Улитка с беконом,4.0,ЧАПА_26,Sunday,Выпечка,Активный
2026-08-31,Улитка с беконом,0.0,ЧАПА_26,Monday,Выпечка,Активный
2026-08-08,ПФ Ганаш бобы тонка (100г),10.0,ЧАПА_26,Saturday,Полуфабрикаты,Активный
2026-08-12,ПФ Ганаш бобы тонка (100г),10.0,ЧАПА_26,Wednesday,Полуфабрикаты,Активный
2026-08-17,ПФ Ганаш бобы тонка (100г),10.0,ЧАПА_26,Monday,Полуфабрикаты,Активный
2026-08-21,ПФ Ганаш бобы тонка (100г),10.0,ЧАПА_26,Friday,Полуфабрикаты,Активный
2026-08-24,ПФ Ганаш бобы тонка (100г),10.0,ЧАПА_26,Monday,Полуфабрикаты,Активный
2026-08-28,ПФ Ганаш бобы тонка (100г),10.0,ЧАПА_26,Friday,Полуфабрикаты,Активный
2026-08-21,Аманн,4.0,ЧАПА_26,Friday,Выпечка,Активный
2026-08-24,Аманн,3.0,ЧАПА_26,Monday,Выпечка,Активный
2026-08-25,Аманн,5.0,ЧАПА_26,Tuesday,Выпечка,Активный
2026-08-26,Аманн,5.0,ЧАПА_26,Wednesday,Выпечка,Активный
2026-08-27,Аманн,7.0,ЧАПА_26,Thursday,Выпечка,Активный
2026-08-28,Аманн,10.0,ЧАПА_26,Friday,Выпечка,Активный
2026-08-29,Аманн,6.0,ЧАПА_26,Saturday,Выпечка,Активный
2026-08-30,Аманн,6.0,ЧАПА_26,Sunday,Выпечка,Активный
2026-08-31,Аманн,3.0,ЧАПА_26,Monday,Выпечка,Активный
2026-08-22,Печенье фисташка,5.0,ЧАПА_26,Saturday,Печенье,Активный
2026-08-23,Печенье фисташка,5.0,ЧАПА_26,Sunday,Печенье,Активный
2026-08-24,Печенье фисташка,3.0,ЧАПА_26,Monday,Печенье,Активный
2026-08-25,Печенье фисташка,5.0,ЧАПА_26,Tuesday,Печенье,Активный
2026-08-26,Печенье фисташка,3.0,ЧАПА_26,Wednesday,Печенье,Активный
2026-08-27,Печенье фисташка,5.0,ЧАПА_26,Thursday,Печенье,Активный
2026-08-28,Печенье фисташка,10.0,ЧАПА_26,Friday,Печенье,Активный
2026-08-29,Печенье фисташка,5.0,ЧАПА_26,Saturday,Печенье,Активный
2026-08-30,Печенье фисташка,7.0,ЧАПА_26,Sunday,Печенье,Активный
2026-08-31,Печенье фисташка,3.0,ЧАПА_26,Monday,Печенье,Активный
2026-08-22,Ромовая баба,15.0,ЧАПА_26,Saturday,Выпечка,Активный
2026-08-23,Ромовая баба,10.0,ЧАПА_26,Sunday,Выпечка,Активный
2026-08-24,Ромовая баба,5.0,ЧАПА_26,Monday,Выпечка,Активный
2026-06-01,Аманн,6.0,СПИРИ_26,Monday,Выпечка,Активный
2026-06-02,Аманн,6.0,СПИРИ_26,Tuesday,Выпечка,Активный
2026-06-03,Аманн,6.0,СПИРИ_26,Wednesday,Выпечка,Активный
2026-06-04,Аманн,6.0,СПИРИ_26,Thursday,Выпечка,Активный
2026-06-05,Аманн,12.0,СПИРИ_26,Friday,Выпечка,Активный
2026-06-06,Аманн,12.0,СПИРИ_26,Saturday,Выпечка,Активный
2026-06-07,Аманн,12.0,СПИРИ_26,Sunday,Выпечка,Активный
2026-06-08,Аманн,10.0,СПИРИ_26,Monday,Выпечка,Активный
2026-06-09,Аманн,10.0,СПИРИ_26,Tuesday,Выпечка,Активный
2026-06-10,Аманн,10.0,СПИРИ_26,Wednesday,Выпечка,Активный
2026-06-11,Аманн,10.0,СПИРИ_26,Thursday,Выпечка,Активный
2026-06-12,Аманн,10.0,СПИРИ_26,Friday,Выпечка,Активный
2026-06-13,Аманн,12.0,СПИРИ_26,Saturday,Выпечка,Активный
2026-06-14,Аманн,10.0,СПИРИ_26,Sunday,Выпечка,Активный
2026-06-15,Аманн,10.0,СПИРИ_26,Monday,Выпечка,Активный
2026-06-16,Аманн,10.0,СПИРИ_26,Tuesday,Выпечка,Активный
2026-06-17,Аманн,10.0,СПИРИ_26,Wednesday,Выпечка,Активный
2026-06-18,Аманн,10.0,СПИРИ_26,Thursday,Выпечка,Активный
2026-06-19,Аманн,10.0,СПИРИ_26,Friday,Выпечка,Активный
2026-06-20,Аманн,12.0,СПИРИ_26,Saturday,Выпечка,Активный
2026-06-21,Аманн,12.0,СПИРИ_26,Sunday,Выпечка,Активный
2026-06-22,Аманн,10.0,СПИРИ_26,Monday,Выпечка,Активный
2026-06-23,Аманн,10.0,СПИРИ_26,Tuesday,Выпечка,Активный
2026-06-24,Аманн,10.0,СПИРИ_26,Wednesday,Выпечка,Активный
2026-06-25,Аманн,10.0,СПИРИ_26,Thursday,Выпечка,Активный
2026-06-26,Аманн,10.0,СПИРИ_26,Friday,Выпечка,Активный
2026-06-27,Аманн,35.0,СПИРИ_26,Saturday,Выпечка,Активный
2026-06-28,Аманн,25.0,СПИРИ_26,Sunday,Выпечка,Активный
2026-06-29,Аманн,10.0,СПИРИ_26,Monday,Выпечка,Активный
2026-06-30,Аманн,10.0,СПИРИ_26,Tuesday,Выпечка,Активный
2026-07-01,Аманн,10.0,СПИРИ_26,Wednesday,Выпечка,Активный
2026-07-02,Аманн,10.0,СПИРИ_26,Thursday,Выпечка,Активный
2026-07-03,Аманн,10.0,СПИРИ_26,Friday,Выпечка,Активный
2026-07-04,Аманн,12.0,СПИРИ_26,Saturday,Выпечка,Активный
2026-07-05,Аманн,12.0,СПИРИ_26,Sunday,Выпечка,Активный
2026-07-06,Аманн,10.0,СПИРИ_26,Monday,Выпечка,Активный
2026-07-07,Аманн,10.0,СПИРИ_26,Tuesday,Выпечка,Активный
2026-07-08,Аманн,10.0,СПИРИ_26,Wednesday,Выпечка,Активный
2026-07-09,Аманн,10.0,СПИРИ_26,Thursday,Выпечка,Активный
2026-07-10,Аманн,10.0,СПИРИ_26,Friday,Выпечка,Активный
2026-07-11,Аманн,12.0,СПИРИ_26,Saturday,Выпечка,Активный
2026-07-12,Аманн,12.0,СПИРИ_26,Sunday,Выпечка,Активный
2026-07-13,Аманн,10.0,СПИРИ_26,Monday,Выпечка,Активный
2026-07-14,Аманн,10.0,СПИРИ_26,Tuesday,Выпечка,Активный
2026-07-15,Аманн,10.0,СПИРИ_26,Wednesday,Выпечка,Активный
2026-07-16,Аманн,10.0,СПИРИ_26,Thursday,Выпечка,Активный
2026-07-17,Аманн,10.0,СПИРИ_26,Friday,Выпечка,Активный
2026-07-18,Аманн,12.0,СПИРИ_26,Saturday,Выпечка,Активный
2026-07-19,Аманн,12.0,СПИРИ_26,Sunday,Выпечка,Активный
2026-07-20,Аманн,10.0,СПИРИ_26,Monday,Выпечка,Активный
2026-07-21,Аманн,10.0,СПИРИ_26,Tuesday,Выпечка,Активный
2026-07-22,Аманн,10.0,СПИРИ_26,Wednesday,Выпечка,Активный
2026-07-23,Аманн,10.0,СПИРИ_26,Thursday,Выпечка,Активный
2026-07-24,Аманн,10.0,СПИРИ_26,Friday,Выпечка,Активный
2026-07-25,Аманн,12.0,СПИРИ_26,Saturday,Выпечка,Активный
2026-07-26,Аманн,12.0,СПИРИ_26,Sunday,Выпечка,Активный
2026-07-27,Аманн,10.0,СПИРИ_26,Monday,Выпечка,Активный
2026-07-28,Аманн,10.0,СПИРИ_26,Tuesday,Выпечка,Активный
2026-07-29,Аманн,10.0,СПИРИ_26,Wednesday,Выпечка,Активный
2026-07-30,Аманн,10.0,СПИРИ_26,Thursday,Выпечка,Активный
2026-07-31,Аманн,10.0,СПИРИ_26,Friday,Выпечка,Активный
2026-08-01,Аманн,12.0,СПИРИ_26,Saturday,Выпечка,Активный
2026-08-02,Аманн,12.0,СПИРИ_26,Sunday,Выпечка,Активный
2026-08-03,Аманн,10.0,СПИРИ_26,Monday,Выпечка,Активный
2026-08-04,Аманн,10.0,СПИРИ_26,Tuesday,Выпечка,Активный
2026-08-05,Аманн,10.0,СПИРИ_26,Wednesday,Выпечка,Активный
2026-08-06,Аманн,10.0,СПИРИ_26,Thursday,Выпечка,Активный
2026-08-07,Аманн,10.0,СПИРИ_26,Friday,Выпечка,Активный
2026-08-08,Аманн,12.0,СПИРИ_26,Saturday,Выпечка,Активный
2026-08-09,Аманн,12.0,СПИРИ_26,Sunday,Выпечка,Активный
2026-08-10,Аманн,7.0,СПИРИ_26,Monday,Выпечка,Активный
2026-08-11,Аманн,7.0,СПИРИ_26,Tuesday,Выпечка,Активный
2026-08-12,Аманн,7.0,СПИРИ_26,Wednesday,Выпечка,Активный
2026-08-13,Аманн,7.0,СПИРИ_26,Thursday,Выпечка,Активный
2026-08-14,Аманн,7.0,СПИРИ_26,Friday,Выпечка,Активный
2026-08-15,Аманн,10.0,СПИРИ_26,Saturday,Выпечка,Активный
2026-08-16,Аманн,10.0,СПИРИ_26,Sunday,Выпечка,Активный
2026-08-17,Аманн,10.0,СПИРИ_26,Monday,Выпечка,Активный
2026-08-18,Аманн,10.0,СПИРИ_26,Tuesday,Выпечка,Активный
2026-08-19,Аманн,10.0,СПИРИ_26,Wednesday,Выпечка,Активный
2026-08-20,Аманн,10.0,СПИРИ_26,Thursday,Выпечка,Активный
2026-08-21,Аманн,10.0,СПИРИ_26,Friday,Выпечка,Активный
2026-08-22,Аманн,12.0,СПИРИ_26,Saturday,Выпечка,Активный
2026-08-23,Аманн,12.0,СПИРИ_26,Sunday,Выпечка,Активный
2026-08-24,Аманн,10.0,СПИРИ_26,Monday,Выпечка,Активный
2026-08-25,Аманн,10.0,СПИРИ_26,Tuesday,Выпечка,Активный
2026-08-26,Аманн,10.0,СПИРИ_26,Wednesday,Выпечка,Активный
2026-08-27,Аманн,10.0,СПИРИ_26,Thursday,Выпечка,Активный
2026-08-28,Аманн,10.0,СПИРИ_26,Friday,Выпечка,Активный
2026-08-29,Аманн,12.0,СПИРИ_26,Saturday,Выпечка,Активный
2026-08-30,Аманн,12.0,СПИРИ_26,Sunday,Выпечка,Активный
2026-08-31,Аманн,10.0,СПИРИ_26,Monday,Выпечка,Активный
2026-06-01,Булка с кардамоном,8.0,СПИРИ_26,Monday,Булки,Активный
2026-06-02,Булка с кардамоном,5.0,СПИРИ_26,Tuesday,Булки,Активный
2026-06-03,Булка с кардамоном,6.0,СПИРИ_26,Wednesday,Булки,Активный
2026-06-04,Булка с кардамоном,6.0,СПИРИ_26,Thursday,Булки,Активный
2026-06-05,Булка с кардамоном,6.0,СПИРИ_26,Friday,Булки,Активный
2026-06-06,Булка с кардамоном,12.0,СПИРИ_26,Saturday,Булки,Активный
2026-06-07,Булка с кардамоном,12.0,СПИРИ_26,Sunday,Булки,Активный
2026-06-08,Булка с кардамоном,8.0,СПИРИ_26,Monday,Булки,Активный
2026-06-09,Булка с кардамоном,8.0,СПИРИ_26,Tuesday,Булки,Активный
2026-06-10,Булка с кардамоном,8.0,СПИРИ_26,Wednesday,Булки,Активный
2026-06-11,Булка с кардамоном,8.0,СПИРИ_26,Thursday,Булки,Активный
2026-06-12,Булка с кардамоном,8.0,СПИРИ_26,Friday,Булки,Активный
2026-06-13,Булка с кардамоном,12.0,СПИРИ_26,Saturday,Булки,Активный
2026-06-14,Булка с кардамоном,8.0,СПИРИ_26,Sunday,Булки,Активный
2026-06-15,Булка с кардамоном,6.0,СПИРИ_26,Monday,Булки,Активный
2026-06-16,Булка с кардамоном,6.0,СПИРИ_26,Tuesday,Булки,Активный
2026-06-17,Булка с кардамоном,6.0,СПИРИ_26,Wednesday,Булки,Активный
2026-06-18,Булка с кардамоном,6.0,СПИРИ_26,Thursday,Булки,Активный
2026-06-19,Булка с кардамоном,6.0,СПИРИ_26,Friday,Булки,Активный
2026-06-20,Булка с кардамоном,12.0,СПИРИ_26,Saturday,Булки,Активный
2026-06-21,Булка с кардамоном,8.0,СПИРИ_26,Sunday,Булки,Активный
2026-06-22,Булка с кардамоном,6.0,СПИРИ_26,Monday,Булки,Активный
2026-06-23,Булка с кардамоном,6.0,СПИРИ_26,Tuesday,Булки,Активный
2026-06-24,Булка с кардамоном,6.0,СПИРИ_26,Wednesday,Булки,Активный
2026-06-25,Булка с кардамоном,6.0,СПИРИ_26,Thursday,Булки,Активный
2026-06-26,Булка с кардамоном,6.0,СПИРИ_26,Friday,Булки,Активный
2026-06-27,Булка с кардамоном,25.0,СПИРИ_26,Saturday,Булки,Активный
2026-06-28,Булка с кардамоном,15.0,СПИРИ_26,Sunday,Булки,Активный
2026-06-29,Булка с кардамоном,6.0,СПИРИ_26,Monday,Булки,Активный
2026-06-30,Булка с кардамоном,6.0,СПИРИ_26,Tuesday,Булки,Активный
2026-07-01,Булка с кардамоном,6.0,СПИРИ_26,Wednesday,Булки,Активный
2026-07-02,Булка с кардамоном,6.0,СПИРИ_26,Thursday,Булки,Активный
2026-07-03,Булка с кардамоном,6.0,СПИРИ_26,Friday,Булки,Активный
2026-07-04,Булка с кардамоном,12.0,СПИРИ_26,Saturday,Булки,Активный
2026-07-05,Булка с кардамоном,8.0,СПИРИ_26,Sunday,Булки,Активный
2026-07-06,Булка с кардамоном,6.0,СПИРИ_26,Monday,Булки,Активный
2026-07-07,Булка с кардамоном,6.0,СПИРИ_26,Tuesday,Булки,Активный
2026-07-08,Булка с кардамоном,6.0,СПИРИ_26,Wednesday,Булки,Активный
2026-07-09,Булка с кардамоном,6.0,СПИРИ_26,Thursday,Булки,Активный
2026-07-10,Булка с кардамоном,6.0,СПИРИ_26,Friday,Булки,Активный
2026-07-11,Булка с кардамоном,12.0,СПИРИ_26,Saturday,Булки,Активный
2026-07-12,Булка с кардамоном,8.0,СПИРИ_26,Sunday,Булки,Активный
2026-07-13,Булка с кардамоном,6.0,СПИРИ_26,Monday,Булки,Активный
2026-07-14,Булка с кардамоном,6.0,СПИРИ_26,Tuesday,Булки,Активный
2026-07-15,Булка с кардамоном,6.0,СПИРИ_26,Wednesday,Булки,Активный
2026-07-16,Булка с кардамоном,6.0,СПИРИ_26,Thursday,Булки,Активный
2026-07-17,Булка с кардамоном,6.0,СПИРИ_26,Friday,Булки,Активный
2026-07-18,Булка с кардамоном,12.0,СПИРИ_26,Saturday,Булки,Активный
2026-07-19,Булка с кардамоном,8.0,СПИРИ_26,Sunday,Булки,Активный
2026-07-20,Булка с кардамоном,6.0,СПИРИ_26,Monday,Булки,Активный
2026-07-21,Булка с кардамоном,6.0,СПИРИ_26,Tuesday,Булки,Активный
2026-07-22,Булка с кардамоном,6.0,СПИРИ_26,Wednesday,Булки,Активный
2026-07-23,Булка с кардамоном,6.0,СПИРИ_26,Thursday,Булки,Активный
2026-07-24,Булка с кардамоном,6.0,СПИРИ_26,Friday,Булки,Активный
2026-07-25,Булка с кардамоном,12.0,СПИРИ_26,Saturday,Булки,Активный
2026-07-26,Булка с кардамоном,12.0,СПИРИ_26,Sunday,Булки,Активный
2026-07-27,Булка с кардамоном,6.0,СПИРИ_26,Monday,Булки,Активный
2026-07-28,Булка с кардамоном,6.0,СПИРИ_26,Tuesday,Булки,Активный
2026-07-29,Булка с кардамоном,6.0,СПИРИ_26,Wednesday,Булки,Активный
2026-07-30,Булка с кардамоном,6.0,СПИРИ_26,Thursday,Булки,Активный
2026-07-31,Булка с кардамоном,6.0,СПИРИ_26,Friday,Булки,Активный
2026-08-01,Булка с кардамоном,12.0,СПИРИ_26,Saturday,Булки,Активный
2026-08-02,Булка с кардамоном,12.0,СПИРИ_26,Sunday,Булки,Активный
2026-08-03,Булка с кардамоном,6.0,СПИРИ_26,Monday,Булки,Активный
2026-08-04,Булка с кардамоном,6.0,СПИРИ_26,Tuesday,Булки,Активный
2026-08-05,Булка с кардамоном,6.0,СПИРИ_26,Wednesday,Булки,Активный
2026-08-06,Булка с кардамоном,6.0,СПИРИ_26,Thursday,Булки,Активный
2026-08-07,Булка с кардамоном,6.0,СПИРИ_26,Friday,Булки,Активный
2026-08-08,Булка с кардамоном,12.0,СПИРИ_26,Saturday,Булки,Активный
2026-08-09,Булка с кардамоном,12.0,СПИРИ_26,Sunday,Булки,Активный
2026-08-10,Булка с кардамоном,6.0,СПИРИ_26,Monday,Булки,Активный
2026-08-11,Булка с кардамоном,5.0,СПИРИ_26,Tuesday,Булки,Активный
2026-08-12,Булка с кардамоном,5.0,СПИРИ_26,Wednesday,Булки,Активный
2026-08-13,Булка с кардамоном,5.0,СПИРИ_26,Thursday,Булки,Активный
2026-08-14,Булка с кардамоном,5.0,СПИРИ_26,Friday,Булки,Активный
2026-08-15,Булка с кардамоном,10.0,СПИРИ_26,Saturday,Булки,Активный
2026-08-16,Булка с кардамоном,10.0,СПИРИ_26,Sunday,Булки,Активный
2026-08-17,Булка с кардамоном,10.0,СПИРИ_26,Monday,Булки,Активный
2026-08-18,Булка с кардамоном,10.0,СПИРИ_26,Tuesday,Булки,Активный
2026-08-19,Булка с кардамоном,10.0,СПИРИ_26,Wednesday,Булки,Активный
2026-08-20,Булка с кардамоном,10.0,СПИРИ_26,Thursday,Булки,Активный
2026-08-21,Булка с кардамоном,10.0,СПИРИ_26,Friday,Булки,Активный
2026-08-22,Булка с кардамоном,12.0,СПИРИ_26,Saturday,Булки,Активный
2026-08-23,Булка с кардамоном,12.0,СПИРИ_26,Sunday,Булки,Активный
2026-08-24,Булка с кардамоном,10.0,СПИРИ_26,Monday,Булки,Активный
2026-08-25,Булка с кардамоном,6.0,СПИРИ_26,Tuesday,Булки,Активный
2026-08-26,Булка с кардамоном,6.0,СПИРИ_26,Wednesday,Булки,Активный
2026-08-27,Булка с кардамоном,6.0,СПИРИ_26,Thursday,Булки,Активный
2026-08-28,Булка с кардамоном,6.0,СПИРИ_26,Friday,Булки,Активный
2026-08-29,Булка с кардамоном,12.0,СПИРИ_26,Saturday,Булки,Активный
2026-08-30,Булка с кардамоном,12.0,СПИРИ_26,Sunday,Булки,Активный
2026-08-31,Булка с кардамоном,10.0,СПИРИ_26,Monday,Булки,Активный
2026-06-01,Булка с корицей,8.0,СПИРИ_26,Monday,Булки,Активный
2026-06-02,Булка с корицей,5.0,СПИРИ_26,Tuesday,Булки,Активный
2026-06-03,Булка с корицей,6.0,СПИРИ_26,Wednesday,Булки,Активный
2026-06-04,Булка с корицей,6.0,СПИРИ_26,Thursday,Булки,Активный
2026-06-05,Булка с корицей,6.0,СПИРИ_26,Friday,Булки,Активный
2026-06-06,Булка с корицей,12.0,СПИРИ_26,Saturday,Булки,Активный
2026-06-07,Булка с корицей,12.0,СПИРИ_26,Sunday,Булки,Активный
2026-06-08,Булка с корицей,8.0,СПИРИ_26,Monday,Булки,Активный
2026-06-09,Булка с корицей,8.0,СПИРИ_26,Tuesday,Булки,Активный
2026-06-10,Булка с корицей,8.0,СПИРИ_26,Wednesday,Булки,Активный
2026-06-11,Булка с корицей,8.0,СПИРИ_26,Thursday,Булки,Активный
2026-06-12,Булка с корицей,8.0,СПИРИ_26,Friday,Булки,Активный
2026-06-13,Булка с корицей,12.0,СПИРИ_26,Saturday,Булки,Активный
2026-06-14,Булка с корицей,8.0,СПИРИ_26,Sunday,Булки,Активный
2026-06-15,Булка с корицей,6.0,СПИРИ_26,Monday,Булки,Активный
2026-06-16,Булка с корицей,6.0,СПИРИ_26,Tuesday,Булки,Активный
2026-06-17,Булка с корицей,6.0,СПИРИ_26,Wednesday,Булки,Активный
2026-06-18,Булка с корицей,6.0,СПИРИ_26,Thursday,Булки,Активный
2026-06-19,Булка с корицей,6.0,СПИРИ_26,Friday,Булки,Активный
2026-06-20,Булка с корицей,12.0,СПИРИ_26,Saturday,Булки,Активный
2026-06-21,Булка с корицей,8.0,СПИРИ_26,Sunday,Булки,Активный
2026-06-22,Булка с корицей,6.0,СПИРИ_26,Monday,Булки,Активный
2026-06-23,Булка с корицей,6.0,СПИРИ_26,Tuesday,Булки,Активный
2026-06-24,Булка с корицей,6.0,СПИРИ_26,Wednesday,Булки,Активный
2026-06-25,Булка с корицей,6.0,СПИРИ_26,Thursday,Булки,Активный
2026-06-26,Булка с корицей,6.0,СПИРИ_26,Friday,Булки,Активный
2026-06-27,Булка с корицей,25.0,СПИРИ_26,Saturday,Булки,Активный
2026-06-28,Булка с корицей,15.0,СПИРИ_26,Sunday,Булки,Активный
2026-06-29,Булка с корицей,6.0,СПИРИ_26,Monday,Булки,Активный
2026-06-30,Булка с корицей,6.0,СПИРИ_26,Tuesday,Булки,Активный
2026-07-01,Булка с корицей,6.0,СПИРИ_26,Wednesday,Булки,Активный
2026-07-02,Булка с корицей,6.0,СПИРИ_26,Thursday,Булки,Активный
2026-07-03,Булка с корицей,6.0,СПИРИ_26,Friday,Булки,Активный
2026-07-04,Булка с корицей,12.0,СПИРИ_26,Saturday,Булки,Активный
2026-07-05,Булка с корицей,8.0,СПИРИ_26,Sunday,Булки,Активный
2026-07-06,Булка с корицей,6.0,СПИРИ_26,Monday,Булки,Активный
2026-07-07,Булка с корицей,6.0,СПИРИ_26,Tuesday,Булки,Активный
2026-07-08,Булка с корицей,6.0,СПИРИ_26,Wednesday,Булки,Активный
2026-07-09,Булка с корицей,6.0,СПИРИ_26,Thursday,Булки,Активный
2026-07-10,Булка с корицей,6.0,СПИРИ_26,Friday,Булки,Активный
2026-07-11,Булка с корицей,12.0,СПИРИ_26,Saturday,Булки,Активный
2026-07-12,Булка с корицей,8.0,СПИРИ_26,Sunday,Булки,Активный
2026-07-13,Булка с корицей,6.0,СПИРИ_26,Monday,Булки,Активный
2026-07-14,Булка с корицей,6.0,СПИРИ_26,Tuesday,Булки,Активный
2026-07-15,Булка с корицей,6.0,СПИРИ_26,Wednesday,Булки,Активный
2026-07-16,Булка с корицей,6.0,СПИРИ_26,Thursday,Булки,Активный
2026-07-17,Булка с корицей,6.0,СПИРИ_26,Friday,Булки,Активный
2026-07-18,Булка с корицей,12.0,СПИРИ_26,Saturday,Булки,Активный
2026-07-19,Булка с корицей,8.0,СПИРИ_26,Sunday,Булки,Активный
2026-07-20,Булка с корицей,6.0,СПИРИ_26,Monday,Булки,Активный
2026-07-21,Булка с корицей,6.0,СПИРИ_26,Tuesday,Булки,Активный
2026-07-22,Булка с корицей,6.0,СПИРИ_26,Wednesday,Булки,Активный
2026-07-23,Булка с корицей,6.0,СПИРИ_26,Thursday,Булки,Активный
2026-07-24,Булка с корицей,6.0,СПИРИ_26,Friday,Булки,Активный
2026-07-25,Булка с корицей,12.0,СПИРИ_26,Saturday,Булки,Активный
2026-07-26,Булка с корицей,12.0,СПИРИ_26,Sunday,Булки,Активный
2026-07-27,Булка с корицей,6.0,СПИРИ_26,Monday,Булки,Активный
2026-07-28,Булка с корицей,6.0,СПИРИ_26,Tuesday,Булки,Активный
2026-07-29,Булка с корицей,6.0,СПИРИ_26,Wednesday,Булки,Активный
2026-07-30,Булка с корицей,6.0,СПИРИ_26,Thursday,Булки,Активный
2026-07-31,Булка с корицей,6.0,СПИРИ_26,Friday,Булки,Активный
2026-08-01,Булка с корицей,12.0,СПИРИ_26,Saturday,Булки,Активный
2026-08-02,Булка с корицей,12.0,СПИРИ_26,Sunday,Булки,Активный
2026-08-03,Булка с корицей,6.0,СПИРИ_26,Monday,Булки,Активный
2026-08-04,Булка с корицей,6.0,СПИРИ_26,Tuesday,Булки,Активный
2026-08-05,Булка с корицей,6.0,СПИРИ_26,Wednesday,Булки,Активный
2026-08-06,Булка с корицей,6.0,СПИРИ_26,Thursday,Булки,Активный
2026-08-07,Булка с корицей,6.0,СПИРИ_26,Friday,Булки,Активный
2026-08-08,Булка с корицей,12.0,СПИРИ_26,Saturday,Булки,Активный
2026-08-09,Булка с корицей,12.0,СПИРИ_26,Sunday,Булки,Активный
2026-08-10,Булка с корицей,6.0,СПИРИ_26,Monday,Булки,Активный
2026-08-11,Булка с корицей,5.0,СПИРИ_26,Tuesday,Булки,Активный
2026-08-12,Булка с корицей,5.0,СПИРИ_26,Wednesday,Булки,Активный
2026-08-13,Булка с корицей,5.0,СПИРИ_26,Thursday,Булки,Активный
2026-08-14,Булка с корицей,5.0,СПИРИ_26,Friday,Булки,Активный
2026-08-15,Булка с корицей,10.0,СПИРИ_26,Saturday,Булки,Активный
2026-08-16,Булка с корицей,10.0,СПИРИ_26,Sunday,Булки,Активный
2026-08-17,Булка с корицей,10.0,СПИРИ_26,Monday,Булки,Активный
2026-08-18,Булка с корицей,10.0,СПИРИ_26,Tuesday,Булки,Активный
2026-08-19,Булка с корицей,10.0,СПИРИ_26,Wednesday,Булки,Активный
2026-08-20,Булка с корицей,10.0,СПИРИ_26,Thursday,Булки,Активный
2026-08-21,Булка с корицей,10.0,СПИРИ_26,Friday,Булки,Активный
2026-08-22,Булка с корицей,12.0,СПИРИ_26,Saturday,Булки,Активный
2026-08-23,Булка с корицей,12.0,СПИРИ_26,Sunday,Булки,Активный
2026-08-24,Булка с корицей,10.0,СПИРИ_26,Monday,Булки,Активный
2026-08-25,Булка с корицей,6.0,СПИРИ_26,Tuesday,Булки,Активный
2026-08-26,Булка с корицей,6.0,СПИРИ_26,Wednesday,Булки,Активный
2026-08-27,Булка с корицей,6.0,СПИРИ_26,Thursday,Булки,Активный
2026-08-28,Булка с корицей,6.0,СПИРИ_26,Friday,Булки,Активный
2026-08-29,Булка с корицей,12.0,СПИРИ_26,Saturday,Булки,Активный
2026-08-30,Булка с корицей,12.0,СПИРИ_26,Sunday,Булки,Активный
2026-08-31,Булка с корицей,10.0,СПИРИ_26,Monday,Булки,Активный
2026-07-27,Булка миндаль шоколад,6.0,СПИРИ_26,Monday,Булки,Активный
2026-07-28,Булка миндаль шоколад,6.0,СПИРИ_26,Tuesday,Булки,Активный
2026-07-29,Булка миндаль шоколад,6.0,СПИРИ_26,Wednesday,Булки,Активный
2026-07-30,Булка миндаль шоколад,6.0,СПИРИ_26,Thursday,Булки,Активный
2026-07-31,Булка миндаль шоколад,6.0,СПИРИ_26,Friday,Булки,Активный
2026-08-01,Булка миндаль шоколад,12.0,СПИРИ_26,Saturday,Булки,Активный
2026-08-02,Булка миндаль шоколад,12.0,СПИРИ_26,Sunday,Булки,Активный
2026-08-03,Булка миндаль шоколад,6.0,СПИРИ_26,Monday,Булки,Активный
2026-08-04,Булка миндаль шоколад,6.0,СПИРИ_26,Tuesday,Булки,Активный
2026-08-05,Булка миндаль шоколад,6.0,СПИРИ_26,Wednesday,Булки,Активный
2026-08-06,Булка миндаль шоколад,6.0,СПИРИ_26,Thursday,Булки,Активный
2026-08-07,Булка миндаль шоколад,6.0,СПИРИ_26,Friday,Булки,Активный
2026-08-08,Булка миндаль шоколад,12.0,СПИРИ_26,Saturday,Булки,Активный
2026-08-09,Булка миндаль шоколад,12.0,СПИРИ_26,Sunday,Булки,Активный
2026-08-10,Булка миндаль шоколад,5.0,СПИРИ_26,Monday,Булки,Активный
2026-08-11,Булка миндаль шоколад,5.0,СПИРИ_26,Tuesday,Булки,Активный
2026-08-12,Булка миндаль шоколад,5.0,СПИРИ_26,Wednesday,Булки,Активный
2026-08-13,Булка миндаль шоколад,5.0,СПИРИ_26,Thursday,Булки,Активный
2026-08-14,Булка миндаль шоколад,5.0,СПИРИ_26,Friday,Булки,Активный
2026-08-15,Булка миндаль шоколад,8.0,СПИРИ_26,Saturday,Булки,Активный
2026-08-16,Булка миндаль шоколад,8.0,СПИРИ_26,Sunday,Булки,Активный
2026-08-17,Булка миндаль шоколад,8.0,СПИРИ_26,Monday,Булки,Активный
2026-08-18,Булка миндаль шоколад,8.0,СПИРИ_26,Tuesday,Булки,Активный
2026-08-19,Булка миндаль шоколад,8.0,СПИРИ_26,Wednesday,Булки,Активный
2026-08-20,Булка миндаль шоколад,8.0,СПИРИ_26,Thursday,Булки,Активный
2026-08-21,Булка миндаль шоколад,8.0,СПИРИ_26,Friday,Булки,Активный
2026-08-22,Булка миндаль шоколад,10.0,СПИРИ_26,Saturday,Булки,Активный
2026-08-23,Булка миндаль шоколад,10.0,СПИРИ_26,Sunday,Булки,Активный
2026-08-24,Булка миндаль шоколад,8.0,СПИРИ_26,Monday,Булки,Активный
2026-08-25,Булка миндаль шоколад,5.0,СПИРИ_26,Tuesday,Булки,Активный
2026-08-26,Булка миндаль шоколад,5.0,СПИРИ_26,Wednesday,Булки,Активный
2026-08-27,Булка миндаль шоколад,5.0,СПИРИ_26,Thursday,Булки,Активный
2026-08-28,Булка миндаль шоколад,5.0,СПИРИ_26,Friday,Булки,Активный
2026-08-29,Булка миндаль шоколад,10.0,СПИРИ_26,Saturday,Булки,Активный
2026-08-30,Булка миндаль шоколад,10.0,СПИРИ_26,Sunday,Булки,Активный
2026-08-31,Булка миндаль шоколад,6.0,СПИРИ_26,Monday,Булки,Активный
2026-06-01,Бабка Мак,1.0,СПИРИ_26,Monday,Выпечка,Активный
2026-06-02,Бабка Мак,1.0,СПИРИ_26,Tuesday,Выпечка,Активный
2026-06-03,Бабка Мак,1.0,СПИРИ_26,Wednesday,Выпечка,Активный
2026-06-04,Бабка Мак,1.0,СПИРИ_26,Thursday,Выпечка,Активный
2026-06-05,Бабка Мак,1.0,СПИРИ_26,Friday,Выпечка,Активный
2026-06-06,Бабка Мак,1.0,СПИРИ_26,Saturday,Выпечка,Активный
2026-06-07,Бабка Мак,1.0,СПИРИ_26,Sunday,Выпечка,Активный
2026-06-08,Бабка Мак,1.0,СПИРИ_26,Monday,Выпечка,Активный
2026-06-09,Бабка Мак,1.0,СПИРИ_26,Tuesday,Выпечка,Активный
2026-06-10,Бабка Мак,1.0,СПИРИ_26,Wednesday,Выпечка,Активный
2026-06-11,Бабка Мак,1.0,СПИРИ_26,Thursday,Выпечка,Активный
2026-06-12,Бабка Мак,1.0,СПИРИ_26,Friday,Выпечка,Активный
2026-06-13,Бабка Мак,1.0,СПИРИ_26,Saturday,Выпечка,Активный
2026-06-14,Бабка Мак,1.0,СПИРИ_26,Sunday,Выпечка,Активный
2026-06-15,Бабка Мак,1.0,СПИРИ_26,Monday,Выпечка,Активный
2026-06-16,Бабка Мак,1.0,СПИРИ_26,Tuesday,Выпечка,Активный
2026-06-17,Бабка Мак,1.0,СПИРИ_26,Wednesday,Выпечка,Активный
2026-06-18,Бабка Мак,1.0,СПИРИ_26,Thursday,Выпечка,Активный
2026-06-19,Бабка Мак,1.0,СПИРИ_26,Friday,Выпечка,Активный
2026-06-20,Бабка Мак,1.0,СПИРИ_26,Saturday,Выпечка,Активный
2026-06-21,Бабка Мак,1.0,СПИРИ_26,Sunday,Выпечка,Активный
2026-06-22,Бабка Мак,1.0,СПИРИ_26,Monday,Выпечка,Активный
2026-06-23,Бабка Мак,1.0,СПИРИ_26,Tuesday,Выпечка,Активный
2026-06-24,Бабка Мак,1.0,СПИРИ_26,Wednesday,Выпечка,Активный
2026-06-25,Бабка Мак,1.0,СПИРИ_26,Thursday,Выпечка,Активный
2026-06-26,Бабка Мак,1.0,СПИРИ_26,Friday,Выпечка,Активный
2026-06-27,Бабка Мак,4.0,СПИРИ_26,Saturday,Выпечка,Активный
2026-06-28,Бабка Мак,2.0,СПИРИ_26,Sunday,Выпечка,Активный
2026-06-29,Бабка Мак,1.0,СПИРИ_26,Monday,Выпечка,Активный
2026-06-30,Бабка Мак,1.0,СПИРИ_26,Tuesday,Выпечка,Активный
2026-07-01,Бабка Мак,1.0,СПИРИ_26,Wednesday,Выпечка,Активный
2026-07-02,Бабка Мак,1.0,СПИРИ_26,Thursday,Выпечка,Активный
2026-07-03,Бабка Мак,1.0,СПИРИ_26,Friday,Выпечка,Активный
2026-07-04,Бабка Мак,1.0,СПИРИ_26,Saturday,Выпечка,Активный
2026-07-05,Бабка Мак,1.0,СПИРИ_26,Sunday,Выпечка,Активный
2026-07-06,Бабка Мак,1.0,СПИРИ_26,Monday,Выпечка,Активный
2026-07-07,Бабка Мак,1.0,СПИРИ_26,Tuesday,Выпечка,Активный
2026-07-08,Бабка Мак,1.0,СПИРИ_26,Wednesday,Выпечка,Активный
2026-07-09,Бабка Мак,1.0,СПИРИ_26,Thursday,Выпечка,Активный
2026-07-10,Бабка Мак,1.0,СПИРИ_26,Friday,Выпечка,Активный
2026-07-11,Бабка Мак,1.0,СПИРИ_26,Saturday,Выпечка,Активный
2026-07-12,Бабка Мак,1.0,СПИРИ_26,Sunday,Выпечка,Активный
2026-07-13,Бабка Мак,1.0,СПИРИ_26,Monday,Выпечка,Активный
2026-07-14,Бабка Мак,1.0,СПИРИ_26,Tuesday,Выпечка,Активный
2026-07-15,Бабка Мак,1.0,СПИРИ_26,Wednesday,Выпечка,Активный
2026-07-16,Бабка Мак,1.0,СПИРИ_26,Thursday,Выпечка,Активный
2026-07-17,Бабка Мак,1.0,СПИРИ_26,Friday,Выпечка,Активный
2026-07-18,Бабка Мак,1.0,СПИРИ_26,Saturday,Выпечка,Активный
2026-07-19,Бабка Мак,1.0,СПИРИ_26,Sunday,Выпечка,Активный
2026-07-20,Бабка Мак,1.0,СПИРИ_26,Monday,Выпечка,Активный
2026-07-21,Бабка Мак,1.0,СПИРИ_26,Tuesday,Выпечка,Активный
2026-07-22,Бабка Мак,1.0,СПИРИ_26,Wednesday,Выпечка,Активный
2026-07-23,Бабка Мак,1.0,СПИРИ_26,Thursday,Выпечка,Активный
2026-07-24,Бабка Мак,1.0,СПИРИ_26,Friday,Выпечка,Активный
2026-07-25,Бабка Мак,2.0,СПИРИ_26,Saturday,Выпечка,Активный
2026-07-26,Бабка Мак,1.0,СПИРИ_26,Sunday,Выпечка,Активный
2026-07-27,Бабка Мак,1.0,СПИРИ_26,Monday,Выпечка,Активный
2026-07-28,Бабка Мак,1.0,СПИРИ_26,Tuesday,Выпечка,Активный
2026-07-29,Бабка Мак,1.0,СПИРИ_26,Wednesday,Выпечка,Активный
2026-07-30,Бабка Мак,1.0,СПИРИ_26,Thursday,Выпечка,Активный
2026-07-31,Бабка Мак,1.0,СПИРИ_26,Friday,Выпечка,Активный
2026-08-01,Бабка Мак,2.0,СПИРИ_26,Saturday,Выпечка,Активный
2026-08-02,Бабка Мак,2.0,СПИРИ_26,Sunday,Выпечка,Активный
2026-08-03,Бабка Мак,1.0,СПИРИ_26,Monday,Выпечка,Активный
2026-08-04,Бабка Мак,1.0,СПИРИ_26,Tuesday,Выпечка,Активный
2026-08-05,Бабка Мак,1.0,СПИРИ_26,Wednesday,Выпечка,Активный
2026-08-06,Бабка Мак,1.0,СПИРИ_26,Thursday,Выпечка,Активный
2026-08-07,Бабка Мак,1.0,СПИРИ_26,Friday,Выпечка,Активный
2026-08-08,Бабка Мак,2.0,СПИРИ_26,Saturday,Выпечка,Активный
2026-08-09,Бабка Мак,2.0,СПИРИ_26,Sunday,Выпечка,Активный
2026-08-10,Бабка Мак,1.0,СПИРИ_26,Monday,Выпечка,Активный
2026-08-11,Бабка Мак,1.0,СПИРИ_26,Tuesday,Выпечка,Активный
2026-08-12,Бабка Мак,1.0,СПИРИ_26,Wednesday,Выпечка,Активный
2026-08-13,Бабка Мак,1.0,СПИРИ_26,Thursday,Выпечка,Активный
2026-08-14,Бабка Мак,1.0,СПИРИ_26,Friday,Выпечка,Активный
2026-08-15,Бабка Мак,1.0,СПИРИ_26,Saturday,Выпечка,Активный
2026-08-16,Бабка Мак,1.0,СПИРИ_26,Sunday,Выпечка,Активный
2026-08-17,Бабка Мак,1.0,СПИРИ_26,Monday,Выпечка,Активный
2026-08-18,Бабка Мак,1.0,СПИРИ_26,Tuesday,Выпечка,Активный
2026-08-19,Бабка Мак,1.0,СПИРИ_26,Wednesday,Выпечка,Активный
2026-08-20,Бабка Мак,1.0,СПИРИ_26,Thursday,Выпечка,Активный
2026-08-21,Бабка Мак,1.0,СПИРИ_26,Friday,Выпечка,Активный
2026-08-22,Бабка Мак,1.0,СПИРИ_26,Saturday,Выпечка,Активный
2026-08-23,Бабка Мак,1.0,СПИРИ_26,Sunday,Выпечка,Активный
2026-08-24,Бабка Мак,1.0,СПИРИ_26,Monday,Выпечка,Активный
2026-08-25,Бабка Мак,1.0,СПИРИ_26,Tuesday,Выпечка,Активный
2026-08-26,Бабка Мак,1.0,СПИРИ_26,Wednesday,Выпечка,Активный
2026-08-27,Бабка Мак,1.0,СПИРИ_26,Thursday,Выпечка,Активный
2026-08-28,Бабка Мак,1.0,СПИРИ_26,Friday,Выпечка,Активный
2026-08-29,Бабка Мак,1.0,СПИРИ_26,Saturday,Выпечка,Активный
2026-08-30,Бабка Мак,1.0,СПИРИ_26,Sunday,Выпечка,Активный
2026-08-31,Бабка Мак,1.0,СПИРИ_26,Monday,Выпечка,Активный
2026-06-01,Бабка корица и карамель,1.0,СПИРИ_26,Monday,Выпечка,Активный
2026-06-02,Бабка корица и карамель,1.0,СПИРИ_26,Tuesday,Выпечка,Активный
2026-06-08,Бабка корица и карамель,1.0,СПИРИ_26,Monday,Выпечка,Активный
2026-06-09,Бабка корица и карамель,1.0,СПИРИ_26,Tuesday,Выпечка,Активный
2026-06-10,Бабка корица и карамель,1.0,СПИРИ_26,Wednesday,Выпечка,Активный
2026-06-11,Бабка корица и карамель,1.0,СПИРИ_26,Thursday,Выпечка,Активный
2026-06-13,Бабка корица и карамель,1.0,СПИРИ_26,Saturday,Выпечка,Активный
2026-06-14,Бабка корица и карамель,1.0,СПИРИ_26,Sunday,Выпечка,Активный
2026-06-15,Бабка корица и карамель,1.0,СПИРИ_26,Monday,Выпечка,Активный
2026-06-16,Бабка корица и карамель,1.0,СПИРИ_26,Tuesday,Выпечка,Активный
2026-06-17,Бабка корица и карамель,1.0,СПИРИ_26,Wednesday,Выпечка,Активный
2026-06-18,Бабка корица и карамель,1.0,СПИРИ_26,Thursday,Выпечка,Активный
2026-06-19,Бабка корица и карамель,1.0,СПИРИ_26,Friday,Выпечка,Активный
2026-06-20,Бабка корица и карамель,1.0,СПИРИ_26,Saturday,Выпечка,Активный
2026-06-21,Бабка корица и карамель,1.0,СПИРИ_26,Sunday,Выпечка,Активный
2026-06-22,Бабка корица и карамель,1.0,СПИРИ_26,Monday,Выпечка,Активный
2026-06-23,Бабка корица и карамель,1.0,СПИРИ_26,Tuesday,Выпечка,Активный
2026-06-24,Бабка корица и карамель,1.0,СПИРИ_26,Wednesday,Выпечка,Активный
2026-06-25,Бабка корица и карамель,1.0,СПИРИ_26,Thursday,Выпечка,Активный
2026-06-26,Бабка корица и карамель,1.0,СПИРИ_26,Friday,Выпечка,Активный
2026-06-27,Бабка корица и карамель,4.0,СПИРИ_26,Saturday,Выпечка,Активный
2026-06-28,Бабка корица и карамель,2.0,СПИРИ_26,Sunday,Выпечка,Активный
2026-06-29,Бабка корица и карамель,1.0,СПИРИ_26,Monday,Выпечка,Активный
2026-06-30,Бабка корица и карамель,1.0,СПИРИ_26,Tuesday,Выпечка,Активный
2026-07-01,Бабка корица и карамель,1.0,СПИРИ_26,Wednesday,Выпечка,Активный
2026-07-02,Бабка корица и карамель,1.0,СПИРИ_26,Thursday,Выпечка,Активный
2026-07-03,Бабка корица и карамель,1.0,СПИРИ_26,Friday,Выпечка,Активный
2026-07-04,Бабка корица и карамель,1.0,СПИРИ_26,Saturday,Выпечка,Активный
2026-07-05,Бабка корица и карамель,1.0,СПИРИ_26,Sunday,Выпечка,Активный
2026-07-06,Бабка корица и карамель,1.0,СПИРИ_26,Monday,Выпечка,Активный
2026-07-07,Бабка корица и карамель,1.0,СПИРИ_26,Tuesday,Выпечка,Активный
2026-07-08,Бабка корица и карамель,1.0,СПИРИ_26,Wednesday,Выпечка,Активный
2026-07-09,Бабка корица и карамель,1.0,СПИРИ_26,Thursday,Выпечка,Активный
2026-07-10,Бабка корица и карамель,1.0,СПИРИ_26,Friday,Выпечка,Активный
2026-07-11,Бабка корица и карамель,1.0,СПИРИ_26,Saturday,Выпечка,Активный
2026-07-12,Бабка корица и карамель,1.0,СПИРИ_26,Sunday,Выпечка,Активный
2026-07-13,Бабка корица и карамель,1.0,СПИРИ_26,Monday,Выпечка,Активный
2026-07-14,Бабка корица и карамель,1.0,СПИРИ_26,Tuesday,Выпечка,Активный
2026-07-15,Бабка корица и карамель,1.0,СПИРИ_26,Wednesday,Выпечка,Активный
2026-07-16,Бабка корица и карамель,1.0,СПИРИ_26,Thursday,Выпечка,Активный
2026-07-17,Бабка корица и карамель,1.0,СПИРИ_26,Friday,Выпечка,Активный
2026-07-18,Бабка корица и карамель,1.0,СПИРИ_26,Saturday,Выпечка,Активный
2026-07-19,Бабка корица и карамель,1.0,СПИРИ_26,Sunday,Выпечка,Активный
2026-07-20,Бабка корица и карамель,1.0,СПИРИ_26,Monday,Выпечка,Активный
2026-07-21,Бабка корица и карамель,1.0,СПИРИ_26,Tuesday,Выпечка,Активный
2026-07-22,Бабка корица и карамель,1.0,СПИРИ_26,Wednesday,Выпечка,Активный
2026-07-23,Бабка корица и карамель,1.0,СПИРИ_26,Thursday,Выпечка,Активный
2026-07-24,Бабка корица и карамель,1.0,СПИРИ_26,Friday,Выпечка,Активный
2026-07-25,Бабка корица и карамель,2.0,СПИРИ_26,Saturday,Выпечка,Активный
2026-07-26,Бабка корица и карамель,1.0,СПИРИ_26,Sunday,Выпечка,Активный
2026-07-27,Бабка корица и карамель,1.0,СПИРИ_26,Monday,Выпечка,Активный
2026-07-28,Бабка корица и карамель,1.0,СПИРИ_26,Tuesday,Выпечка,Активный
2026-07-29,Бабка корица и карамель,1.0,СПИРИ_26,Wednesday,Выпечка,Активный
2026-07-30,Бабка корица и карамель,1.0,СПИРИ_26,Thursday,Выпечка,Активный
2026-07-31,Бабка корица и карамель,1.0,СПИРИ_26,Friday,Выпечка,Активный
2026-08-01,Бабка корица и карамель,2.0,СПИРИ_26,Saturday,Выпечка,Активный
2026-08-02,Бабка корица и карамель,2.0,СПИРИ_26,Sunday,Выпечка,Активный
2026-08-03,Бабка корица и карамель,1.0,СПИРИ_26,Monday,Выпечка,Активный
2026-08-04,Бабка корица и карамель,1.0,СПИРИ_26,Tuesday,Выпечка,Активный
2026-08-05,Бабка корица и карамель,1.0,СПИРИ_26,Wednesday,Выпечка,Активный
2026-08-06,Бабка корица и карамель,1.0,СПИРИ_26,Thursday,Выпечка,Активный
2026-08-07,Бабка корица и карамель,1.0,СПИРИ_26,Friday,Выпечка,Активный
2026-08-08,Бабка корица и карамель,2.0,СПИРИ_26,Saturday,Выпечка,Активный
2026-08-09,Бабка корица и карамель,2.0,СПИРИ_26,Sunday,Выпечка,Активный
2026-08-10,Бабка корица и карамель,1.0,СПИРИ_26,Monday,Выпечка,Активный
2026-08-11,Бабка корица и карамель,1.0,СПИРИ_26,Tuesday,Выпечка,Активный
2026-08-12,Бабка корица и карамель,1.0,СПИРИ_26,Wednesday,Выпечка,Активный
2026-08-13,Бабка корица и карамель,1.0,СПИРИ_26,Thursday,Выпечка,Активный
2026-08-14,Бабка корица и карамель,1.0,СПИРИ_26,Friday,Выпечка,Активный
2026-08-15,Бабка корица и карамель,1.0,СПИРИ_26,Saturday,Выпечка,Активный
2026-08-16,Бабка корица и карамель,1.0,СПИРИ_26,Sunday,Выпечка,Активный
2026-08-17,Бабка корица и карамель,1.0,СПИРИ_26,Monday,Выпечка,Активный
2026-08-18,Бабка корица и карамель,1.0,СПИРИ_26,Tuesday,Выпечка,Активный
2026-08-19,Бабка корица и карамель,1.0,СПИРИ_26,Wednesday,Выпечка,Активный
2026-08-20,Бабка корица и карамель,1.0,СПИРИ_26,Thursday,Выпечка,Активный
2026-08-21,Бабка корица и карамель,1.0,СПИРИ_26,Friday,Выпечка,Активный
2026-08-22,Бабка корица и карамель,1.0,СПИРИ_26,Saturday,Выпечка,Активный
2026-08-23,Бабка корица и карамель,1.0,СПИРИ_26,Sunday,Выпечка,Активный
2026-08-24,Бабка корица и карамель,1.0,СПИРИ_26,Monday,Выпечка,Активный
2026-08-25,Бабка корица и карамель,1.0,СПИРИ_26,Tuesday,Выпечка,Активный
2026-08-26,Бабка корица и карамель,1.0,СПИРИ_26,Wednesday,Выпечка,Активный
2026-08-27,Бабка корица и карамель,1.0,СПИРИ_26,Thursday,Выпечка,Активный
2026-08-28,Бабка корица и карамель,1.0,СПИРИ_26,Friday,Выпечка,Активный
2026-08-29,Бабка корица и карамель,1.0,СПИРИ_26,Saturday,Выпечка,Активный
2026-08-30,Бабка корица и карамель,1.0,СПИРИ_26,Sunday,Выпечка,Активный
2026-08-31,Бабка корица и карамель,1.0,СПИРИ_26,Monday,Выпечка,Активный
2026-06-27,Бриошь с шапкой,2.0,СПИРИ_26,Saturday,Хлеб,Снят
2026-06-28,Бриошь с шапкой,2.0,СПИРИ_26,Sunday,Хлеб,Снят
2026-06-30,Бриошь с шапкой,1.0,СПИРИ_26,Tuesday,Хлеб,Снят
2026-07-02,Бриошь с шапкой,1.0,СПИРИ_26,Thursday,Хлеб,Снят
2026-07-04,Бриошь с шапкой,1.0,СПИРИ_26,Saturday,Хлеб,Снят
2026-07-11,Бриошь с шапкой,1.0,СПИРИ_26,Saturday,Хлеб,Снят
2026-07-12,Бриошь с шапкой,1.0,СПИРИ_26,Sunday,Хлеб,Снят
2026-07-18,Бриошь с шапкой,1.0,СПИРИ_26,Saturday,Хлеб,Снят
2026-07-19,Бриошь с шапкой,1.0,СПИРИ_26,Sunday,Хлеб,Снят
2026-07-25,Бриошь с шапкой,1.0,СПИРИ_26,Saturday,Хлеб,Снят
2026-07-26,Бриошь с шапкой,1.0,СПИРИ_26,Sunday,Хлеб,Снят
2026-08-01,Бриошь с шапкой,1.0,СПИРИ_26,Saturday,Хлеб,Снят
2026-08-02,Бриошь с шапкой,1.0,СПИРИ_26,Sunday,Хлеб,Снят
2026-08-08,Бриошь с шапкой,1.0,СПИРИ_26,Saturday,Хлеб,Снят
2026-08-09,Бриошь с шапкой,1.0,СПИРИ_26,Sunday,Хлеб,Снят
2026-06-01,Круассан 75г,10.0,СПИРИ_26,Monday,Выпечка,Активный
2026-06-02,Круассан 75г,10.0,СПИРИ_26,Tuesday,Выпечка,Активный
2026-06-03,Круассан 75г,10.0,СПИРИ_26,Wednesday,Выпечка,Активный
2026-06-04,Круассан 75г,10.0,СПИРИ_26,Thursday,Выпечка,Активный
2026-06-05,Круассан 75г,10.0,СПИРИ_26,Friday,Выпечка,Активный
2026-06-06,Круассан 75г,15.0,СПИРИ_26,Saturday,Выпечка,Активный
2026-06-07,Круассан 75г,15.0,СПИРИ_26,Sunday,Выпечка,Активный
2026-06-08,Круассан 75г,10.0,СПИРИ_26,Monday,Выпечка,Активный
2026-06-09,Круассан 75г,10.0,СПИРИ_26,Tuesday,Выпечка,Активный
2026-06-11,Круассан 75г,10.0,СПИРИ_26,Thursday,Выпечка,Активный
2026-06-12,Круассан 75г,10.0,СПИРИ_26,Friday,Выпечка,Активный
2026-06-13,Круассан 75г,15.0,СПИРИ_26,Saturday,Выпечка,Активный
2026-06-14,Круассан 75г,10.0,СПИРИ_26,Sunday,Выпечка,Активный
2026-06-15,Круассан 75г,8.0,СПИРИ_26,Monday,Выпечка,Активный
2026-06-16,Круассан 75г,8.0,СПИРИ_26,Tuesday,Выпечка,Активный
2026-06-17,Круассан 75г,8.0,СПИРИ_26,Wednesday,Выпечка,Активный
2026-06-18,Круассан 75г,8.0,СПИРИ_26,Thursday,Выпечка,Активный
2026-06-19,Круассан 75г,8.0,СПИРИ_26,Friday,Выпечка,Активный
2026-06-20,Круассан 75г,15.0,СПИРИ_26,Saturday,Выпечка,Активный
2026-06-21,Круассан 75г,10.0,СПИРИ_26,Sunday,Выпечка,Активный
2026-06-22,Круассан 75г,8.0,СПИРИ_26,Monday,Выпечка,Активный
2026-06-23,Круассан 75г,8.0,СПИРИ_26,Tuesday,Выпечка,Активный
2026-06-24,Круассан 75г,8.0,СПИРИ_26,Wednesday,Выпечка,Активный
2026-06-25,Круассан 75г,8.0,СПИРИ_26,Thursday,Выпечка,Активный
2026-06-26,Круассан 75г,8.0,СПИРИ_26,Friday,Выпечка,Активный
2026-06-27,Круассан 75г,35.0,СПИРИ_26,Saturday,Выпечка,Активный
2026-06-28,Круассан 75г,25.0,СПИРИ_26,Sunday,Выпечка,Активный
2026-06-29,Круассан 75г,8.0,СПИРИ_26,Monday,Выпечка,Активный
2026-06-30,Круассан 75г,8.0,СПИРИ_26,Tuesday,Выпечка,Активный
2026-07-01,Круассан 75г,8.0,СПИРИ_26,Wednesday,Выпечка,Активный
2026-07-02,Круассан 75г,8.0,СПИРИ_26,Thursday,Выпечка,Активный
2026-07-03,Круассан 75г,8.0,СПИРИ_26,Friday,Выпечка,Активный
2026-07-04,Круассан 75г,15.0,СПИРИ_26,Saturday,Выпечка,Активный
2026-07-05,Круассан 75г,15.0,СПИРИ_26,Sunday,Выпечка,Активный
2026-07-06,Круассан 75г,8.0,СПИРИ_26,Monday,Выпечка,Активный
2026-07-07,Круассан 75г,8.0,СПИРИ_26,Tuesday,Выпечка,Активный
2026-07-08,Круассан 75г,8.0,СПИРИ_26,Wednesday,Выпечка,Активный
2026-07-09,Круассан 75г,8.0,СПИРИ_26,Thursday,Выпечка,Активный
2026-07-10,Круассан 75г,8.0,СПИРИ_26,Friday,Выпечка,Активный
2026-07-11,Круассан 75г,15.0,СПИРИ_26,Saturday,Выпечка,Активный
2026-07-12,Круассан 75г,10.0,СПИРИ_26,Sunday,Выпечка,Активный
2026-07-13,Круассан 75г,8.0,СПИРИ_26,Monday,Выпечка,Активный
2026-07-14,Круассан 75г,8.0,СПИРИ_26,Tuesday,Выпечка,Активный
2026-07-15,Круассан 75г,8.0,СПИРИ_26,Wednesday,Выпечка,Активный
2026-07-16,Круассан 75г,8.0,СПИРИ_26,Thursday,Выпечка,Активный
2026-07-17,Круассан 75г,8.0,СПИРИ_26,Friday,Выпечка,Активный
2026-07-18,Круассан 75г,15.0,СПИРИ_26,Saturday,Выпечка,Активный
2026-07-19,Круассан 75г,10.0,СПИРИ_26,Sunday,Выпечка,Активный
2026-07-20,Круассан 75г,8.0,СПИРИ_26,Monday,Выпечка,Активный
2026-07-21,Круассан 75г,8.0,СПИРИ_26,Tuesday,Выпечка,Активный
2026-07-22,Круассан 75г,8.0,СПИРИ_26,Wednesday,Выпечка,Активный
2026-07-23,Круассан 75г,8.0,СПИРИ_26,Thursday,Выпечка,Активный
2026-07-24,Круассан 75г,8.0,СПИРИ_26,Friday,Выпечка,Активный
2026-07-25,Круассан 75г,15.0,СПИРИ_26,Saturday,Выпечка,Активный
2026-07-26,Круассан 75г,12.0,СПИРИ_26,Sunday,Выпечка,Активный
2026-07-27,Круассан 75г,8.0,СПИРИ_26,Monday,Выпечка,Активный
2026-07-28,Круассан 75г,8.0,СПИРИ_26,Tuesday,Выпечка,Активный
2026-07-29,Круассан 75г,8.0,СПИРИ_26,Wednesday,Выпечка,Активный
2026-07-30,Круассан 75г,8.0,СПИРИ_26,Thursday,Выпечка,Активный
2026-07-31,Круассан 75г,8.0,СПИРИ_26,Friday,Выпечка,Активный
2026-08-01,Круассан 75г,12.0,СПИРИ_26,Saturday,Выпечка,Активный
2026-08-02,Круассан 75г,12.0,СПИРИ_26,Sunday,Выпечка,Активный
2026-08-03,Круассан 75г,8.0,СПИРИ_26,Monday,Выпечка,Активный
2026-08-04,Круассан 75г,8.0,СПИРИ_26,Tuesday,Выпечка,Активный
2026-08-05,Круассан 75г,8.0,СПИРИ_26,Wednesday,Выпечка,Активный
2026-08-06,Круассан 75г,8.0,СПИРИ_26,Thursday,Выпечка,Активный
2026-08-07,Круассан 75г,8.0,СПИРИ_26,Friday,Выпечка,Активный
2026-08-08,Круассан 75г,12.0,СПИРИ_26,Saturday,Выпечка,Активный
2026-08-09,Круассан 75г,12.0,СПИРИ_26,Sunday,Выпечка,Активный
2026-08-10,Круассан 75г,6.0,СПИРИ_26,Monday,Выпечка,Активный
2026-08-11,Круассан 75г,6.0,СПИРИ_26,Tuesday,Выпечка,Активный
2026-08-12,Круассан 75г,6.0,СПИРИ_26,Wednesday,Выпечка,Активный
2026-08-13,Круассан 75г,6.0,СПИРИ_26,Thursday,Выпечка,Активный
2026-08-14,Круассан 75г,6.0,СПИРИ_26,Friday,Выпечка,Активный
2026-08-15,Круассан 75г,10.0,СПИРИ_26,Saturday,Выпечка,Активный
2026-08-16,Круассан 75г,10.0,СПИРИ_26,Sunday,Выпечка,Активный
2026-08-17,Круассан 75г,10.0,СПИРИ_26,Monday,Выпечка,Активный
2026-08-18,Круассан 75г,10.0,СПИРИ_26,Tuesday,Выпечка,Активный
2026-08-19,Круассан 75г,10.0,СПИРИ_26,Wednesday,Выпечка,Активный
2026-08-20,Круассан 75г,10.0,СПИРИ_26,Thursday,Выпечка,Активный
2026-08-21,Круассан 75г,10.0,СПИРИ_26,Friday,Выпечка,Активный
2026-08-22,Круассан 75г,12.0,СПИРИ_26,Saturday,Выпечка,Активный
2026-08-23,Круассан 75г,12.0,СПИРИ_26,Sunday,Выпечка,Активный
2026-08-24,Круассан 75г,10.0,СПИРИ_26,Monday,Выпечка,Активный
2026-08-25,Круассан 75г,10.0,СПИРИ_26,Tuesday,Выпечка,Активный
2026-08-26,Круассан 75г,10.0,СПИРИ_26,Wednesday,Выпечка,Активный
2026-08-27,Круассан 75г,10.0,СПИРИ_26,Thursday,Выпечка,Активный
2026-08-28,Круассан 75г,10.0,СПИРИ_26,Friday,Выпечка,Активный
2026-08-29,Круассан 75г,12.0,СПИРИ_26,Saturday,Выпечка,Активный
2026-08-30,Круассан 75г,12.0,СПИРИ_26,Sunday,Выпечка,Активный
2026-08-31,Круассан 75г,10.0,СПИРИ_26,Monday,Выпечка,Активный
2026-07-29,Улитка с беконом,5.0,СПИРИ_26,Wednesday,Выпечка,Активный
2026-07-30,Улитка с беконом,5.0,СПИРИ_26,Thursday,Выпечка,Активный
2026-07-31,Улитка с беконом,5.0,СПИРИ_26,Friday,Выпечка,Активный
2026-08-01,Улитка с беконом,8.0,СПИРИ_26,Saturday,Выпечка,Активный
2026-08-02,Улитка с беконом,8.0,СПИРИ_26,Sunday,Выпечка,Активный
2026-08-03,Улитка с беконом,5.0,СПИРИ_26,Monday,Выпечка,Активный
2026-08-04,Улитка с беконом,5.0,СПИРИ_26,Tuesday,Выпечка,Активный
2026-08-05,Улитка с беконом,5.0,СПИРИ_26,Wednesday,Выпечка,Активный
2026-08-06,Улитка с беконом,5.0,СПИРИ_26,Thursday,Выпечка,Активный
2026-08-07,Улитка с беконом,5.0,СПИРИ_26,Friday,Выпечка,Активный
2026-08-08,Улитка с беконом,8.0,СПИРИ_26,Saturday,Выпечка,Активный
2026-08-09,Улитка с беконом,8.0,СПИРИ_26,Sunday,Выпечка,Активный
2026-08-10,Улитка с беконом,3.0,СПИРИ_26,Monday,Выпечка,Активный
2026-08-11,Улитка с беконом,3.0,СПИРИ_26,Tuesday,Выпечка,Активный
2026-08-12,Улитка с беконом,3.0,СПИРИ_26,Wednesday,Выпечка,Активный
2026-08-13,Улитка с беконом,3.0,СПИРИ_26,Thursday,Выпечка,Активный
2026-08-14,Улитка с беконом,3.0,СПИРИ_26,Friday,Выпечка,Активный
2026-08-15,Улитка с беконом,3.0,СПИРИ_26,Saturday,Выпечка,Активный
2026-08-16,Улитка с беконом,3.0,СПИРИ_26,Sunday,Выпечка,Активный
2026-08-17,Улитка с беконом,4.0,СПИРИ_26,Monday,Выпечка,Активный
2026-08-18,Улитка с беконом,4.0,СПИРИ_26,Tuesday,Выпечка,Активный
2026-08-19,Улитка с беконом,4.0,СПИРИ_26,Wednesday,Выпечка,Активный
2026-08-20,Улитка с беконом,4.0,СПИРИ_26,Thursday,Выпечка,Активный
2026-08-21,Улитка с беконом,4.0,СПИРИ_26,Friday,Выпечка,Активный
2026-08-22,Улитка с беконом,5.0,СПИРИ_26,Saturday,Выпечка,Активный
2026-08-23,Улитка с беконом,5.0,СПИРИ_26,Sunday,Выпечка,Активный
2026-08-24,Улитка с беконом,3.0,СПИРИ_26,Monday,Выпечка,Активный
2026-08-25,Улитка с беконом,4.0,СПИРИ_26,Tuesday,Выпечка,Активный
2026-08-26,Улитка с беконом,4.0,СПИРИ_26,Wednesday,Выпечка,Активный
2026-08-27,Улитка с беконом,4.0,СПИРИ_26,Thursday,Выпечка,Активный
2026-08-28,Улитка с беконом,4.0,СПИРИ_26,Friday,Выпечка,Активный
2026-08-29,Улитка с беконом,5.0,СПИРИ_26,Saturday,Выпечка,Активный
2026-08-30,Улитка с беконом,5.0,СПИРИ_26,Sunday,Выпечка,Активный
2026-08-31,Улитка с беконом,3.0,СПИРИ_26,Monday,Выпечка,Активный
2026-06-01,Даниш вишня,5.0,СПИРИ_26,Monday,Выпечка,Снят
2026-06-02,Даниш вишня,5.0,СПИРИ_26,Tuesday,Выпечка,Снят
2026-06-08,Даниш вишня,5.0,СПИРИ_26,Monday,Выпечка,Снят
2026-06-09,Даниш вишня,5.0,СПИРИ_26,Tuesday,Выпечка,Снят
2026-06-10,Даниш вишня,5.0,СПИРИ_26,Wednesday,Выпечка,Снят
2026-06-11,Даниш вишня,5.0,СПИРИ_26,Thursday,Выпечка,Снят
2026-06-12,Даниш вишня,5.0,СПИРИ_26,Friday,Выпечка,Снят
2026-06-14,Даниш вишня,5.0,СПИРИ_26,Sunday,Выпечка,Снят
2026-06-15,Даниш вишня,4.0,СПИРИ_26,Monday,Выпечка,Снят
2026-06-16,Даниш вишня,4.0,СПИРИ_26,Tuesday,Выпечка,Снят
2026-06-17,Даниш вишня,4.0,СПИРИ_26,Wednesday,Выпечка,Снят
2026-06-18,Даниш вишня,4.0,СПИРИ_26,Thursday,Выпечка,Снят
2026-06-19,Даниш вишня,4.0,СПИРИ_26,Friday,Выпечка,Снят
2026-06-20,Даниш вишня,5.0,СПИРИ_26,Saturday,Выпечка,Снят
2026-06-21,Даниш вишня,5.0,СПИРИ_26,Sunday,Выпечка,Снят
2026-06-22,Даниш вишня,4.0,СПИРИ_26,Monday,Выпечка,Снят
2026-06-23,Даниш вишня,4.0,СПИРИ_26,Tuesday,Выпечка,Снят
2026-06-24,Даниш вишня,4.0,СПИРИ_26,Wednesday,Выпечка,Снят
2026-06-25,Даниш вишня,4.0,СПИРИ_26,Thursday,Выпечка,Снят
2026-06-26,Даниш вишня,4.0,СПИРИ_26,Friday,Выпечка,Снят
2026-06-27,Даниш вишня,15.0,СПИРИ_26,Saturday,Выпечка,Снят
2026-06-28,Даниш вишня,5.0,СПИРИ_26,Sunday,Выпечка,Снят
2026-06-29,Даниш вишня,4.0,СПИРИ_26,Monday,Выпечка,Снят
2026-06-30,Даниш вишня,4.0,СПИРИ_26,Tuesday,Выпечка,Снят
2026-07-01,Даниш вишня,4.0,СПИРИ_26,Wednesday,Выпечка,Снят
2026-07-02,Даниш вишня,4.0,СПИРИ_26,Thursday,Выпечка,Снят
2026-07-03,Даниш вишня,4.0,СПИРИ_26,Friday,Выпечка,Снят
2026-07-04,Даниш вишня,5.0,СПИРИ_26,Saturday,Выпечка,Снят
2026-07-05,Даниш вишня,5.0,СПИРИ_26,Sunday,Выпечка,Снят
2026-07-06,Даниш вишня,4.0,СПИРИ_26,Monday,Выпечка,Снят
2026-07-07,Даниш вишня,4.0,СПИРИ_26,Tuesday,Выпечка,Снят
2026-07-08,Даниш вишня,4.0,СПИРИ_26,Wednesday,Выпечка,Снят
2026-07-09,Даниш вишня,4.0,СПИРИ_26,Thursday,Выпечка,Снят
2026-07-10,Даниш вишня,4.0,СПИРИ_26,Friday,Выпечка,Снят
2026-07-11,Даниш вишня,5.0,СПИРИ_26,Saturday,Выпечка,Снят
2026-07-12,Даниш вишня,5.0,СПИРИ_26,Sunday,Выпечка,Снят
2026-07-13,Даниш вишня,4.0,СПИРИ_26,Monday,Выпечка,Снят
2026-07-14,Даниш вишня,4.0,СПИРИ_26,Tuesday,Выпечка,Снят
2026-07-15,Даниш вишня,4.0,СПИРИ_26,Wednesday,Выпечка,Снят
2026-07-16,Даниш вишня,4.0,СПИРИ_26,Thursday,Выпечка,Снят
2026-07-17,Даниш вишня,4.0,СПИРИ_26,Friday,Выпечка,Снят
2026-07-18,Даниш вишня,5.0,СПИРИ_26,Saturday,Выпечка,Снят
2026-07-19,Даниш вишня,5.0,СПИРИ_26,Sunday,Выпечка,Снят
2026-07-20,Даниш вишня,4.0,СПИРИ_26,Monday,Выпечка,Снят
2026-07-21,Даниш вишня,4.0,СПИРИ_26,Tuesday,Выпечка,Снят
2026-07-22,Даниш вишня,4.0,СПИРИ_26,Wednesday,Выпечка,Снят
2026-07-23,Даниш вишня,4.0,СПИРИ_26,Thursday,Выпечка,Снят
2026-07-24,Даниш вишня,4.0,СПИРИ_26,Friday,Выпечка,Снят
2026-07-25,Даниш вишня,5.0,СПИРИ_26,Saturday,Выпечка,Снят
2026-07-26,Даниш вишня,5.0,СПИРИ_26,Sunday,Выпечка,Снят
2026-07-27,Даниш вишня,4.0,СПИРИ_26,Monday,Выпечка,Снят
2026-07-28,Даниш вишня,4.0,СПИРИ_26,Tuesday,Выпечка,Снят
2026-07-29,Даниш вишня,4.0,СПИРИ_26,Wednesday,Выпечка,Снят
2026-07-30,Даниш вишня,4.0,СПИРИ_26,Thursday,Выпечка,Снят
2026-07-31,Даниш вишня,4.0,СПИРИ_26,Friday,Выпечка,Снят
2026-08-01,Даниш вишня,5.0,СПИРИ_26,Saturday,Выпечка,Снят
2026-08-02,Даниш вишня,5.0,СПИРИ_26,Sunday,Выпечка,Снят
2026-08-03,Даниш вишня,4.0,СПИРИ_26,Monday,Выпечка,Снят
2026-08-04,Даниш вишня,4.0,СПИРИ_26,Tuesday,Выпечка,Снят
2026-08-05,Даниш вишня,4.0,СПИРИ_26,Wednesday,Выпечка,Снят
2026-08-06,Даниш вишня,4.0,СПИРИ_26,Thursday,Выпечка,Снят
2026-08-07,Даниш вишня,4.0,СПИРИ_26,Friday,Выпечка,Снят
2026-08-08,Даниш вишня,5.0,СПИРИ_26,Saturday,Выпечка,Снят
2026-08-09,Даниш вишня,5.0,СПИРИ_26,Sunday,Выпечка,Снят
2026-08-10,Даниш вишня,3.0,СПИРИ_26,Monday,Выпечка,Снят
2026-08-11,Даниш вишня,3.0,СПИРИ_26,Tuesday,Выпечка,Снят
2026-08-12,Даниш вишня,3.0,СПИРИ_26,Wednesday,Выпечка,Снят
2026-08-13,Даниш вишня,3.0,СПИРИ_26,Thursday,Выпечка,Снят
2026-08-14,Даниш вишня,3.0,СПИРИ_26,Friday,Выпечка,Снят
2026-08-15,Даниш вишня,4.0,СПИРИ_26,Saturday,Выпечка,Снят
2026-08-16,Даниш вишня,4.0,СПИРИ_26,Sunday,Выпечка,Снят
2026-08-17,Даниш вишня,4.0,СПИРИ_26,Monday,Выпечка,Снят
2026-08-18,Даниш вишня,4.0,СПИРИ_26,Tuesday,Выпечка,Снят
2026-08-19,Даниш вишня,4.0,СПИРИ_26,Wednesday,Выпечка,Снят
2026-08-20,Даниш вишня,4.0,СПИРИ_26,Thursday,Выпечка,Снят
2026-08-21,Даниш вишня,4.0,СПИРИ_26,Friday,Выпечка,Снят
2026-08-22,Даниш вишня,5.0,СПИРИ_26,Saturday,Выпечка,Снят
2026-08-23,Даниш вишня,5.0,СПИРИ_26,Sunday,Выпечка,Снят
2026-08-24,Даниш вишня,4.0,СПИРИ_26,Monday,Выпечка,Снят
2026-08-25,Даниш вишня,4.0,СПИРИ_26,Tuesday,Выпечка,Снят
2026-08-26,Даниш вишня,4.0,СПИРИ_26,Wednesday,Выпечка,Снят
2026-08-27,Даниш вишня,4.0,СПИРИ_26,Thursday,Выпечка,Снят
2026-08-28,Даниш вишня,4.0,СПИРИ_26,Friday,Выпечка,Снят
2026-08-29,Даниш вишня,5.0,СПИРИ_26,Saturday,Выпечка,Снят
2026-08-30,Даниш вишня,5.0,СПИРИ_26,Sunday,Выпечка,Снят
2026-08-31,Даниш вишня,4.0,СПИРИ_26,Monday,Выпечка,Снят
2026-06-01,Синнабоны шоколад-пекан-карамель,10.0,СПИРИ_26,Monday,Выпечка,Активный
2026-06-02,Синнабоны шоколад-пекан-карамель,10.0,СПИРИ_26,Tuesday,Выпечка,Активный
2026-06-03,Синнабоны шоколад-пекан-карамель,10.0,СПИРИ_26,Wednesday,Выпечка,Активный
2026-06-04,Синнабоны шоколад-пекан-карамель,10.0,СПИРИ_26,Thursday,Выпечка,Активный
2026-06-05,Синнабоны шоколад-пекан-карамель,10.0,СПИРИ_26,Friday,Выпечка,Активный
2026-06-06,Синнабоны шоколад-пекан-карамель,12.0,СПИРИ_26,Saturday,Выпечка,Активный
2026-06-07,Синнабоны шоколад-пекан-карамель,12.0,СПИРИ_26,Sunday,Выпечка,Активный
2026-06-08,Синнабоны шоколад-пекан-карамель,10.0,СПИРИ_26,Monday,Выпечка,Активный
2026-06-09,Синнабоны шоколад-пекан-карамель,10.0,СПИРИ_26,Tuesday,Выпечка,Активный
2026-06-10,Синнабоны шоколад-пекан-карамель,10.0,СПИРИ_26,Wednesday,Выпечка,Активный
2026-06-11,Синнабоны шоколад-пекан-карамель,10.0,СПИРИ_26,Thursday,Выпечка,Активный
2026-06-12,Синнабоны шоколад-пекан-карамель,10.0,СПИРИ_26,Friday,Выпечка,Активный
2026-06-13,Синнабоны шоколад-пекан-карамель,12.0,СПИРИ_26,Saturday,Выпечка,Активный
2026-06-14,Синнабоны шоколад-пекан-карамель,10.0,СПИРИ_26,Sunday,Выпечка,Активный
2026-06-15,Синнабоны шоколад-пекан-карамель,10.0,СПИРИ_26,Monday,Выпечка,Активный
2026-06-16,Синнабоны шоколад-пекан-карамель,10.0,СПИРИ_26,Tuesday,Выпечка,Активный
2026-06-17,Синнабоны шоколад-пекан-карамель,10.0,СПИРИ_26,Wednesday,Выпечка,Активный
2026-06-18,Синнабоны шоколад-пекан-карамель,10.0,СПИРИ_26,Thursday,Выпечка,Активный
2026-06-19,Синнабоны шоколад-пекан-карамель,10.0,СПИРИ_26,Friday,Выпечка,Активный
2026-06-20,Синнабоны шоколад-пекан-карамель,12.0,СПИРИ_26,Saturday,Выпечка,Активный
2026-06-21,Синнабоны шоколад-пекан-карамель,10.0,СПИРИ_26,Sunday,Выпечка,Активный
2026-06-22,Синнабоны шоколад-пекан-карамель,10.0,СПИРИ_26,Monday,Выпечка,Активный
2026-06-23,Синнабоны шоколад-пекан-карамель,10.0,СПИРИ_26,Tuesday,Выпечка,Активный
2026-06-24,Синнабоны шоколад-пекан-карамель,10.0,СПИРИ_26,Wednesday,Выпечка,Активный
2026-06-25,Синнабоны шоколад-пекан-карамель,10.0,СПИРИ_26,Thursday,Выпечка,Активный
2026-06-26,Синнабоны шоколад-пекан-карамель,10.0,СПИРИ_26,Friday,Выпечка,Активный
2026-06-27,Синнабоны шоколад-пекан-карамель,25.0,СПИРИ_26,Saturday,Выпечка,Активный
2026-06-28,Синнабоны шоколад-пекан-карамель,12.0,СПИРИ_26,Sunday,Выпечка,Активный
2026-06-29,Синнабоны шоколад-пекан-карамель,10.0,СПИРИ_26,Monday,Выпечка,Активный
2026-06-30,Синнабоны шоколад-пекан-карамель,10.0,СПИРИ_26,Tuesday,Выпечка,Активный
2026-07-01,Синнабоны шоколад-пекан-карамель,10.0,СПИРИ_26,Wednesday,Выпечка,Активный
2026-07-02,Синнабоны шоколад-пекан-карамель,10.0,СПИРИ_26,Thursday,Выпечка,Активный
2026-07-03,Синнабоны шоколад-пекан-карамель,10.0,СПИРИ_26,Friday,Выпечка,Активный
2026-07-04,Синнабоны шоколад-пекан-карамель,12.0,СПИРИ_26,Saturday,Выпечка,Активный
2026-07-05,Синнабоны шоколад-пекан-карамель,12.0,СПИРИ_26,Sunday,Выпечка,Активный
2026-07-06,Синнабоны шоколад-пекан-карамель,10.0,СПИРИ_26,Monday,Выпечка,Активный
2026-07-07,Синнабоны шоколад-пекан-карамель,10.0,СПИРИ_26,Tuesday,Выпечка,Активный
2026-07-08,Синнабоны шоколад-пекан-карамель,10.0,СПИРИ_26,Wednesday,Выпечка,Активный
2026-07-09,Синнабоны шоколад-пекан-карамель,10.0,СПИРИ_26,Thursday,Выпечка,Активный
2026-07-10,Синнабоны шоколад-пекан-карамель,10.0,СПИРИ_26,Friday,Выпечка,Активный
2026-07-11,Синнабоны шоколад-пекан-карамель,12.0,СПИРИ_26,Saturday,Выпечка,Активный
2026-07-12,Синнабоны шоколад-пекан-карамель,10.0,СПИРИ_26,Sunday,Выпечка,Активный
2026-07-13,Синнабоны шоколад-пекан-карамель,10.0,СПИРИ_26,Monday,Выпечка,Активный
2026-07-14,Синнабоны шоколад-пекан-карамель,10.0,СПИРИ_26,Tuesday,Выпечка,Активный
2026-07-15,Синнабоны шоколад-пекан-карамель,10.0,СПИРИ_26,Wednesday,Выпечка,Активный
2026-07-16,Синнабоны шоколад-пекан-карамель,10.0,СПИРИ_26,Thursday,Выпечка,Активный
2026-07-17,Синнабоны шоколад-пекан-карамель,10.0,СПИРИ_26,Friday,Выпечка,Активный
2026-07-18,Синнабоны шоколад-пекан-карамель,12.0,СПИРИ_26,Saturday,Выпечка,Активный
2026-07-19,Синнабоны шоколад-пекан-карамель,10.0,СПИРИ_26,Sunday,Выпечка,Активный
2026-07-20,Синнабоны шоколад-пекан-карамель,10.0,СПИРИ_26,Monday,Выпечка,Активный
2026-07-21,Синнабоны шоколад-пекан-карамель,10.0,СПИРИ_26,Tuesday,Выпечка,Активный
2026-07-22,Синнабоны шоколад-пекан-карамель,10.0,СПИРИ_26,Wednesday,Выпечка,Активный
2026-07-23,Синнабоны шоколад-пекан-карамель,10.0,СПИРИ_26,Thursday,Выпечка,Активный
2026-07-24,Синнабоны шоколад-пекан-карамель,10.0,СПИРИ_26,Friday,Выпечка,Активный
2026-07-25,Синнабоны шоколад-пекан-карамель,12.0,СПИРИ_26,Saturday,Выпечка,Активный
2026-07-26,Синнабоны шоколад-пекан-карамель,12.0,СПИРИ_26,Sunday,Выпечка,Активный
2026-07-27,Синнабоны шоколад-пекан-карамель,10.0,СПИРИ_26,Monday,Выпечка,Активный
2026-07-28,Синнабоны шоколад-пекан-карамель,10.0,СПИРИ_26,Tuesday,Выпечка,Активный
2026-07-29,Синнабоны шоколад-пекан-карамель,10.0,СПИРИ_26,Wednesday,Выпечка,Активный
2026-07-30,Синнабоны шоколад-пекан-карамель,10.0,СПИРИ_26,Thursday,Выпечка,Активный
2026-07-31,Синнабоны шоколад-пекан-карамель,10.0,СПИРИ_26,Friday,Выпечка,Активный
2026-08-01,Синнабоны шоколад-пекан-карамель,12.0,СПИРИ_26,Saturday,Выпечка,Активный
2026-08-02,Синнабоны шоколад-пекан-карамель,12.0,СПИРИ_26,Sunday,Выпечка,Активный
2026-08-03,Синнабоны шоколад-пекан-карамель,10.0,СПИРИ_26,Monday,Выпечка,Активный
2026-08-04,Синнабоны шоколад-пекан-карамель,10.0,СПИРИ_26,Tuesday,Выпечка,Активный
2026-08-05,Синнабоны шоколад-пекан-карамель,10.0,СПИРИ_26,Wednesday,Выпечка,Активный
2026-08-06,Синнабоны шоколад-пекан-карамель,10.0,СПИРИ_26,Thursday,Выпечка,Активный
2026-08-07,Синнабоны шоколад-пекан-карамель,10.0,СПИРИ_26,Friday,Выпечка,Активный
2026-08-08,Синнабоны шоколад-пекан-карамель,12.0,СПИРИ_26,Saturday,Выпечка,Активный
2026-08-09,Синнабоны шоколад-пекан-карамель,12.0,СПИРИ_26,Sunday,Выпечка,Активный
2026-08-10,Синнабоны шоколад-пекан-карамель,10.0,СПИРИ_26,Monday,Выпечка,Активный
2026-08-11,Синнабоны шоколад-пекан-карамель,8.0,СПИРИ_26,Tuesday,Выпечка,Активный
2026-08-12,Синнабоны шоколад-пекан-карамель,8.0,СПИРИ_26,Wednesday,Выпечка,Активный
2026-08-13,Синнабоны шоколад-пекан-карамель,8.0,СПИРИ_26,Thursday,Выпечка,Активный
2026-08-14,Синнабоны шоколад-пекан-карамель,8.0,СПИРИ_26,Friday,Выпечка,Активный
2026-08-15,Синнабоны шоколад-пекан-карамель,10.0,СПИРИ_26,Saturday,Выпечка,Активный
2026-08-16,Синнабоны шоколад-пекан-карамель,10.0,СПИРИ_26,Sunday,Выпечка,Активный
2026-08-17,Синнабоны шоколад-пекан-карамель,8.0,СПИРИ_26,Monday,Выпечка,Активный
2026-08-18,Синнабоны шоколад-пекан-карамель,8.0,СПИРИ_26,Tuesday,Выпечка,Активный
2026-08-19,Синнабоны шоколад-пекан-карамель,8.0,СПИРИ_26,Wednesday,Выпечка,Активный
2026-08-20,Синнабоны шоколад-пекан-карамель,8.0,СПИРИ_26,Thursday,Выпечка,Активный
2026-08-21,Синнабоны шоколад-пекан-карамель,8.0,СПИРИ_26,Friday,Выпечка,Активный
2026-08-22,Синнабоны шоколад-пекан-карамель,10.0,СПИРИ_26,Saturday,Выпечка,Активный
2026-08-23,Синнабоны шоколад-пекан-карамель,10.0,СПИРИ_26,Sunday,Выпечка,Активный
2026-08-24,Синнабоны шоколад-пекан-карамель,10.0,СПИРИ_26,Monday,Выпечка,Активный
2026-08-25,Синнабоны шоколад-пекан-карамель,8.0,СПИРИ_26,Tuesday,Выпечка,Активный
2026-08-26,Синнабоны шоколад-пекан-карамель,8.0,СПИРИ_26,Wednesday,Выпечка,Активный
2026-08-27,Синнабоны шоколад-пекан-карамель,8.0,СПИРИ_26,Thursday,Выпечка,Активный
2026-08-28,Синнабоны шоколад-пекан-карамель,8.0,СПИРИ_26,Friday,Выпечка,Активный
2026-08-29,Синнабоны шоколад-пекан-карамель,10.0,СПИРИ_26,Saturday,Выпечка,Активный
2026-08-30,Синнабоны шоколад-пекан-карамель,10.0,СПИРИ_26,Sunday,Выпечка,Активный
2026-08-31,Синнабоны шоколад-пекан-карамель,10.0,СПИРИ_26,Monday,Выпечка,Активный
2026-06-01,Багет,2.0,СПИРИ_26,Monday,Хлеб,Активный
2026-06-02,Багет,2.0,СПИРИ_26,Tuesday,Хлеб,Активный
2026-06-03,Багет,2.0,СПИРИ_26,Wednesday,Хлеб,Активный
2026-06-04,Багет,2.0,СПИРИ_26,Thursday,Хлеб,Активный
2026-06-05,Багет,2.0,СПИРИ_26,Friday,Хлеб,Активный
2026-06-06,Багет,4.0,СПИРИ_26,Saturday,Хлеб,Активный
2026-06-07,Багет,4.0,СПИРИ_26,Sunday,Хлеб,Активный
2026-06-08,Багет,4.0,СПИРИ_26,Monday,Хлеб,Активный
2026-06-09,Багет,4.0,СПИРИ_26,Tuesday,Хлеб,Активный
2026-06-10,Багет,4.0,СПИРИ_26,Wednesday,Хлеб,Активный
2026-06-11,Багет,4.0,СПИРИ_26,Thursday,Хлеб,Активный
2026-06-12,Багет,6.0,СПИРИ_26,Friday,Хлеб,Активный
2026-06-13,Багет,6.0,СПИРИ_26,Saturday,Хлеб,Активный
2026-06-14,Багет,6.0,СПИРИ_26,Sunday,Хлеб,Активный
2026-06-15,Багет,4.0,СПИРИ_26,Monday,Хлеб,Активный
2026-06-16,Багет,4.0,СПИРИ_26,Tuesday,Хлеб,Активный
2026-06-17,Багет,4.0,СПИРИ_26,Wednesday,Хлеб,Активный
2026-06-18,Багет,4.0,СПИРИ_26,Thursday,Хлеб,Активный
2026-06-19,Багет,4.0,СПИРИ_26,Friday,Хлеб,Активный
2026-06-20,Багет,6.0,СПИРИ_26,Saturday,Хлеб,Активный
2026-06-21,Багет,6.0,СПИРИ_26,Sunday,Хлеб,Активный
2026-06-22,Багет,4.0,СПИРИ_26,Monday,Хлеб,Активный
2026-06-23,Багет,4.0,СПИРИ_26,Tuesday,Хлеб,Активный
2026-06-24,Багет,4.0,СПИРИ_26,Wednesday,Хлеб,Активный
2026-06-25,Багет,4.0,СПИРИ_26,Thursday,Хлеб,Активный
2026-06-26,Багет,4.0,СПИРИ_26,Friday,Хлеб,Активный
2026-06-27,Багет,10.0,СПИРИ_26,Saturday,Хлеб,Активный
2026-06-28,Багет,6.0,СПИРИ_26,Sunday,Хлеб,Активный
2026-06-29,Багет,4.0,СПИРИ_26,Monday,Хлеб,Активный
2026-06-30,Багет,4.0,СПИРИ_26,Tuesday,Хлеб,Активный
2026-07-01,Багет,4.0,СПИРИ_26,Wednesday,Хлеб,Активный
2026-07-02,Багет,4.0,СПИРИ_26,Thursday,Хлеб,Активный
2026-07-03,Багет,4.0,СПИРИ_26,Friday,Хлеб,Активный
2026-07-04,Багет,6.0,СПИРИ_26,Saturday,Хлеб,Активный
2026-07-05,Багет,6.0,СПИРИ_26,Sunday,Хлеб,Активный
2026-07-06,Багет,4.0,СПИРИ_26,Monday,Хлеб,Активный
2026-07-07,Багет,4.0,СПИРИ_26,Tuesday,Хлеб,Активный
2026-07-08,Багет,4.0,СПИРИ_26,Wednesday,Хлеб,Активный
2026-07-09,Багет,4.0,СПИРИ_26,Thursday,Хлеб,Активный
2026-07-10,Багет,4.0,СПИРИ_26,Friday,Хлеб,Активный
2026-07-11,Багет,4.0,СПИРИ_26,Saturday,Хлеб,Активный
2026-07-12,Багет,6.0,СПИРИ_26,Sunday,Хлеб,Активный
2026-07-13,Багет,4.0,СПИРИ_26,Monday,Хлеб,Активный
2026-07-14,Багет,4.0,СПИРИ_26,Tuesday,Хлеб,Активный
2026-07-15,Багет,4.0,СПИРИ_26,Wednesday,Хлеб,Активный
2026-07-16,Багет,4.0,СПИРИ_26,Thursday,Хлеб,Активный
2026-07-17,Багет,4.0,СПИРИ_26,Friday,Хлеб,Активный
2026-07-18,Багет,4.0,СПИРИ_26,Saturday,Хлеб,Активный
2026-07-19,Багет,6.0,СПИРИ_26,Sunday,Хлеб,Активный
2026-07-20,Багет,4.0,СПИРИ_26,Monday,Хлеб,Активный
2026-07-21,Багет,4.0,СПИРИ_26,Tuesday,Хлеб,Активный
2026-07-22,Багет,4.0,СПИРИ_26,Wednesday,Хлеб,Активный
2026-07-23,Багет,4.0,СПИРИ_26,Thursday,Хлеб,Активный
2026-07-24,Багет,4.0,СПИРИ_26,Friday,Хлеб,Активный
2026-07-25,Багет,6.0,СПИРИ_26,Saturday,Хлеб,Активный
2026-07-26,Багет,6.0,СПИРИ_26,Sunday,Хлеб,Активный
2026-07-27,Багет,4.0,СПИРИ_26,Monday,Хлеб,Активный
2026-07-28,Багет,4.0,СПИРИ_26,Tuesday,Хлеб,Активный
2026-07-29,Багет,4.0,СПИРИ_26,Wednesday,Хлеб,Активный
2026-07-30,Багет,4.0,СПИРИ_26,Thursday,Хлеб,Активный
2026-07-31,Багет,4.0,СПИРИ_26,Friday,Хлеб,Активный
2026-08-01,Багет,6.0,СПИРИ_26,Saturday,Хлеб,Активный
2026-08-02,Багет,6.0,СПИРИ_26,Sunday,Хлеб,Активный
2026-08-03,Багет,4.0,СПИРИ_26,Monday,Хлеб,Активный
2026-08-04,Багет,4.0,СПИРИ_26,Tuesday,Хлеб,Активный
2026-08-05,Багет,4.0,СПИРИ_26,Wednesday,Хлеб,Активный
2026-08-06,Багет,4.0,СПИРИ_26,Thursday,Хлеб,Активный
2026-08-07,Багет,4.0,СПИРИ_26,Friday,Хлеб,Активный
2026-08-08,Багет,6.0,СПИРИ_26,Saturday,Хлеб,Активный
2026-08-09,Багет,6.0,СПИРИ_26,Sunday,Хлеб,Активный
2026-08-10,Багет,3.0,СПИРИ_26,Monday,Хлеб,Активный
2026-08-11,Багет,3.0,СПИРИ_26,Tuesday,Хлеб,Активный
2026-08-12,Багет,3.0,СПИРИ_26,Wednesday,Хлеб,Активный
2026-08-13,Багет,3.0,СПИРИ_26,Thursday,Хлеб,Активный
2026-08-14,Багет,3.0,СПИРИ_26,Friday,Хлеб,Активный
2026-08-15,Багет,4.0,СПИРИ_26,Saturday,Хлеб,Активный
2026-08-16,Багет,4.0,СПИРИ_26,Sunday,Хлеб,Активный
2026-08-17,Багет,4.0,СПИРИ_26,Monday,Хлеб,Активный
2026-08-18,Багет,4.0,СПИРИ_26,Tuesday,Хлеб,Активный
2026-08-19,Багет,4.0,СПИРИ_26,Wednesday,Хлеб,Активный
2026-08-20,Багет,4.0,СПИРИ_26,Thursday,Хлеб,Активный
2026-08-21,Багет,4.0,СПИРИ_26,Friday,Хлеб,Активный
2026-08-22,Багет,5.0,СПИРИ_26,Saturday,Хлеб,Активный
2026-08-23,Багет,5.0,СПИРИ_26,Sunday,Хлеб,Активный
2026-08-24,Багет,4.0,СПИРИ_26,Monday,Хлеб,Активный
2026-08-25,Багет,4.0,СПИРИ_26,Tuesday,Хлеб,Активный
2026-08-26,Багет,4.0,СПИРИ_26,Wednesday,Хлеб,Активный
2026-08-27,Багет,4.0,СПИРИ_26,Thursday,Хлеб,Активный
2026-08-28,Багет,4.0,СПИРИ_26,Friday,Хлеб,Активный
2026-08-29,Багет,5.0,СПИРИ_26,Saturday,Хлеб,Активный
2026-08-30,Багет,5.0,СПИРИ_26,Sunday,Хлеб,Активный
2026-08-31,Багет,4.0,СПИРИ_26,Monday,Хлеб,Активный
2026-06-01,Булка с маком,15.0,СПИРИ_26,Monday,Булки,Активный
2026-06-02,Булка с маком,15.0,СПИРИ_26,Tuesday,Булки,Активный
2026-06-03,Булка с маком,15.0,СПИРИ_26,Wednesday,Булки,Активный
2026-06-04,Булка с маком,15.0,СПИРИ_26,Thursday,Булки,Активный
2026-06-05,Булка с маком,20.0,СПИРИ_26,Friday,Булки,Активный
2026-06-06,Булка с маком,25.0,СПИРИ_26,Saturday,Булки,Активный
2026-06-07,Булка с маком,25.0,СПИРИ_26,Sunday,Булки,Активный
2026-06-08,Булка с маком,15.0,СПИРИ_26,Monday,Булки,Активный
2026-06-09,Булка с маком,15.0,СПИРИ_26,Tuesday,Булки,Активный
2026-06-10,Булка с маком,15.0,СПИРИ_26,Wednesday,Булки,Активный
2026-06-11,Булка с маком,15.0,СПИРИ_26,Thursday,Булки,Активный
2026-06-12,Булка с маком,15.0,СПИРИ_26,Friday,Булки,Активный
2026-06-13,Булка с маком,25.0,СПИРИ_26,Saturday,Булки,Активный
2026-06-14,Булка с маком,15.0,СПИРИ_26,Sunday,Булки,Активный
2026-06-15,Булка с маком,15.0,СПИРИ_26,Monday,Булки,Активный
2026-06-16,Булка с маком,15.0,СПИРИ_26,Tuesday,Булки,Активный
2026-06-17,Булка с маком,15.0,СПИРИ_26,Wednesday,Булки,Активный
2026-06-18,Булка с маком,15.0,СПИРИ_26,Thursday,Булки,Активный
2026-06-19,Булка с маком,15.0,СПИРИ_26,Friday,Булки,Активный
2026-06-20,Булка с маком,25.0,СПИРИ_26,Saturday,Булки,Активный
2026-06-21,Булка с маком,15.0,СПИРИ_26,Sunday,Булки,Активный
2026-06-22,Булка с маком,15.0,СПИРИ_26,Monday,Булки,Активный
2026-06-23,Булка с маком,15.0,СПИРИ_26,Tuesday,Булки,Активный
2026-06-24,Булка с маком,15.0,СПИРИ_26,Wednesday,Булки,Активный
2026-06-25,Булка с маком,15.0,СПИРИ_26,Thursday,Булки,Активный
2026-06-26,Булка с маком,15.0,СПИРИ_26,Friday,Булки,Активный
2026-06-27,Булка с маком,35.0,СПИРИ_26,Saturday,Булки,Активный
2026-06-28,Булка с маком,25.0,СПИРИ_26,Sunday,Булки,Активный
2026-06-29,Булка с маком,15.0,СПИРИ_26,Monday,Булки,Активный
2026-06-30,Булка с маком,15.0,СПИРИ_26,Tuesday,Булки,Активный
2026-07-01,Булка с маком,15.0,СПИРИ_26,Wednesday,Булки,Активный
2026-07-02,Булка с маком,15.0,СПИРИ_26,Thursday,Булки,Активный
2026-07-03,Булка с маком,15.0,СПИРИ_26,Friday,Булки,Активный
2026-07-04,Булка с маком,25.0,СПИРИ_26,Saturday,Булки,Активный
2026-07-05,Булка с маком,15.0,СПИРИ_26,Sunday,Булки,Активный
2026-07-06,Булка с маком,15.0,СПИРИ_26,Monday,Булки,Активный
2026-07-07,Булка с маком,15.0,СПИРИ_26,Tuesday,Булки,Активный
2026-07-08,Булка с маком,15.0,СПИРИ_26,Wednesday,Булки,Активный
2026-07-09,Булка с маком,15.0,СПИРИ_26,Thursday,Булки,Активный
2026-07-10,Булка с маком,15.0,СПИРИ_26,Friday,Булки,Активный
2026-07-11,Булка с маком,25.0,СПИРИ_26,Saturday,Булки,Активный
2026-07-12,Булка с маком,25.0,СПИРИ_26,Sunday,Булки,Активный
2026-07-13,Булка с маком,15.0,СПИРИ_26,Monday,Булки,Активный
2026-07-14,Булка с маком,15.0,СПИРИ_26,Tuesday,Булки,Активный
2026-07-15,Булка с маком,15.0,СПИРИ_26,Wednesday,Булки,Активный
2026-07-16,Булка с маком,15.0,СПИРИ_26,Thursday,Булки,Активный
2026-07-17,Булка с маком,15.0,СПИРИ_26,Friday,Булки,Активный
2026-07-18,Булка с маком,25.0,СПИРИ_26,Saturday,Булки,Активный
2026-07-19,Булка с маком,25.0,СПИРИ_26,Sunday,Булки,Активный
2026-07-20,Булка с маком,15.0,СПИРИ_26,Monday,Булки,Активный
2026-07-21,Булка с маком,15.0,СПИРИ_26,Tuesday,Булки,Активный
2026-07-22,Булка с маком,15.0,СПИРИ_26,Wednesday,Булки,Активный
2026-07-23,Булка с маком,15.0,СПИРИ_26,Thursday,Булки,Активный
2026-07-24,Булка с маком,15.0,СПИРИ_26,Friday,Булки,Активный
2026-07-25,Булка с маком,25.0,СПИРИ_26,Saturday,Булки,Активный
2026-07-26,Булка с маком,25.0,СПИРИ_26,Sunday,Булки,Активный
2026-07-27,Булка с маком,15.0,СПИРИ_26,Monday,Булки,Активный
2026-07-28,Булка с маком,15.0,СПИРИ_26,Tuesday,Булки,Активный
2026-07-29,Булка с маком,15.0,СПИРИ_26,Wednesday,Булки,Активный
2026-07-30,Булка с маком,15.0,СПИРИ_26,Thursday,Булки,Активный
2026-07-31,Булка с маком,15.0,СПИРИ_26,Friday,Булки,Активный
2026-08-01,Булка с маком,25.0,СПИРИ_26,Saturday,Булки,Активный
2026-08-02,Булка с маком,15.0,СПИРИ_26,Sunday,Булки,Активный
2026-08-03,Булка с маком,15.0,СПИРИ_26,Monday,Булки,Активный
2026-08-04,Булка с маком,15.0,СПИРИ_26,Tuesday,Булки,Активный
2026-08-05,Булка с маком,15.0,СПИРИ_26,Wednesday,Булки,Активный
2026-08-06,Булка с маком,15.0,СПИРИ_26,Thursday,Булки,Активный
2026-08-07,Булка с маком,15.0,СПИРИ_26,Friday,Булки,Активный
2026-08-08,Булка с маком,25.0,СПИРИ_26,Saturday,Булки,Активный
2026-08-09,Булка с маком,15.0,СПИРИ_26,Sunday,Булки,Активный
2026-08-10,Булка с маком,15.0,СПИРИ_26,Monday,Булки,Активный
2026-08-11,Булка с маком,8.0,СПИРИ_26,Tuesday,Булки,Активный
2026-08-12,Булка с маком,8.0,СПИРИ_26,Wednesday,Булки,Активный
2026-08-13,Булка с маком,8.0,СПИРИ_26,Thursday,Булки,Активный
2026-08-14,Булка с маком,8.0,СПИРИ_26,Friday,Булки,Активный
2026-08-15,Булка с маком,10.0,СПИРИ_26,Saturday,Булки,Активный
2026-08-16,Булка с маком,10.0,СПИРИ_26,Sunday,Булки,Активный
2026-08-17,Булка с маком,10.0,СПИРИ_26,Monday,Булки,Активный
2026-08-18,Булка с маком,10.0,СПИРИ_26,Tuesday,Булки,Активный
2026-08-19,Булка с маком,10.0,СПИРИ_26,Wednesday,Булки,Активный
2026-08-20,Булка с маком,10.0,СПИРИ_26,Thursday,Булки,Активный
2026-08-21,Булка с маком,10.0,СПИРИ_26,Friday,Булки,Активный
2026-08-22,Булка с маком,12.0,СПИРИ_26,Saturday,Булки,Активный
2026-08-23,Булка с маком,12.0,СПИРИ_26,Sunday,Булки,Активный
2026-08-24,Булка с маком,10.0,СПИРИ_26,Monday,Булки,Активный
2026-08-25,Булка с маком,10.0,СПИРИ_26,Tuesday,Булки,Активный
2026-08-26,Булка с маком,10.0,СПИРИ_26,Wednesday,Булки,Активный
2026-08-27,Булка с маком,10.0,СПИРИ_26,Thursday,Булки,Активный
2026-08-28,Булка с маком,10.0,СПИРИ_26,Friday,Булки,Активный
2026-08-29,Булка с маком,12.0,СПИРИ_26,Saturday,Булки,Активный
2026-08-30,Булка с маком,12.0,СПИРИ_26,Sunday,Булки,Активный
2026-08-31,Булка с маком,12.0,СПИРИ_26,Monday,Булки,Активный
2026-06-01,"Тартин 1,5",3.0,СПИРИ_26,Monday,Хлеб,Активный
2026-06-02,"Тартин 1,5",3.0,СПИРИ_26,Tuesday,Хлеб,Активный
2026-06-03,"Тартин 1,5",3.0,СПИРИ_26,Wednesday,Хлеб,Активный
2026-06-04,"Тартин 1,5",3.0,СПИРИ_26,Thursday,Хлеб,Активный
2026-06-05,"Тартин 1,5",3.0,СПИРИ_26,Friday,Хлеб,Активный
2026-06-06,"Тартин 1,5",5.0,СПИРИ_26,Saturday,Хлеб,Активный
2026-06-07,"Тартин 1,5",5.0,СПИРИ_26,Sunday,Хлеб,Активный
2026-06-08,"Тартин 1,5",3.0,СПИРИ_26,Monday,Хлеб,Активный
2026-06-09,"Тартин 1,5",3.0,СПИРИ_26,Tuesday,Хлеб,Активный
2026-06-10,"Тартин 1,5",3.0,СПИРИ_26,Wednesday,Хлеб,Активный
2026-06-11,"Тартин 1,5",3.0,СПИРИ_26,Thursday,Хлеб,Активный
2026-06-12,"Тартин 1,5",3.0,СПИРИ_26,Friday,Хлеб,Активный
2026-06-13,"Тартин 1,5",5.0,СПИРИ_26,Saturday,Хлеб,Активный
2026-06-14,"Тартин 1,5",3.0,СПИРИ_26,Sunday,Хлеб,Активный
2026-06-15,"Тартин 1,5",3.0,СПИРИ_26,Monday,Хлеб,Активный
2026-06-16,"Тартин 1,5",3.0,СПИРИ_26,Tuesday,Хлеб,Активный
2026-06-17,"Тартин 1,5",3.0,СПИРИ_26,Wednesday,Хлеб,Активный
2026-06-18,"Тартин 1,5",3.0,СПИРИ_26,Thursday,Хлеб,Активный
2026-06-19,"Тартин 1,5",3.0,СПИРИ_26,Friday,Хлеб,Активный
2026-06-20,"Тартин 1,5",5.0,СПИРИ_26,Saturday,Хлеб,Активный
2026-06-21,"Тартин 1,5",3.0,СПИРИ_26,Sunday,Хлеб,Активный
2026-06-22,"Тартин 1,5",3.0,СПИРИ_26,Monday,Хлеб,Активный
2026-06-23,"Тартин 1,5",3.0,СПИРИ_26,Tuesday,Хлеб,Активный
2026-06-24,"Тартин 1,5",3.0,СПИРИ_26,Wednesday,Хлеб,Активный
2026-06-25,"Тартин 1,5",3.0,СПИРИ_26,Thursday,Хлеб,Активный
2026-06-26,"Тартин 1,5",3.0,СПИРИ_26,Friday,Хлеб,Активный
2026-06-27,"Тартин 1,5",10.0,СПИРИ_26,Saturday,Хлеб,Активный
2026-06-28,"Тартин 1,5",5.0,СПИРИ_26,Sunday,Хлеб,Активный
2026-06-29,"Тартин 1,5",3.0,СПИРИ_26,Monday,Хлеб,Активный
2026-06-30,"Тартин 1,5",3.0,СПИРИ_26,Tuesday,Хлеб,Активный
2026-07-01,"Тартин 1,5",3.0,СПИРИ_26,Wednesday,Хлеб,Активный
2026-07-02,"Тартин 1,5",3.0,СПИРИ_26,Thursday,Хлеб,Активный
2026-07-03,"Тартин 1,5",3.0,СПИРИ_26,Friday,Хлеб,Активный
2026-07-04,"Тартин 1,5",5.0,СПИРИ_26,Saturday,Хлеб,Активный
2026-07-05,"Тартин 1,5",3.0,СПИРИ_26,Sunday,Хлеб,Активный
2026-07-06,"Тартин 1,5",3.0,СПИРИ_26,Monday,Хлеб,Активный
2026-07-07,"Тартин 1,5",3.0,СПИРИ_26,Tuesday,Хлеб,Активный
2026-07-08,"Тартин 1,5",3.0,СПИРИ_26,Wednesday,Хлеб,Активный
2026-07-09,"Тартин 1,5",3.0,СПИРИ_26,Thursday,Хлеб,Активный
2026-07-10,"Тартин 1,5",3.0,СПИРИ_26,Friday,Хлеб,Активный
2026-07-11,"Тартин 1,5",5.0,СПИРИ_26,Saturday,Хлеб,Активный
2026-07-12,"Тартин 1,5",5.0,СПИРИ_26,Sunday,Хлеб,Активный
2026-07-13,"Тартин 1,5",4.0,СПИРИ_26,Monday,Хлеб,Активный
2026-07-14,"Тартин 1,5",4.0,СПИРИ_26,Tuesday,Хлеб,Активный
2026-07-15,"Тартин 1,5",4.0,СПИРИ_26,Wednesday,Хлеб,Активный
2026-07-16,"Тартин 1,5",4.0,СПИРИ_26,Thursday,Хлеб,Активный
2026-07-17,"Тартин 1,5",4.0,СПИРИ_26,Friday,Хлеб,Активный
2026-07-18,"Тартин 1,5",5.0,СПИРИ_26,Saturday,Хлеб,Активный
2026-07-19,"Тартин 1,5",5.0,СПИРИ_26,Sunday,Хлеб,Активный
2026-07-20,"Тартин 1,5",3.0,СПИРИ_26,Monday,Хлеб,Активный
2026-07-21,"Тартин 1,5",4.0,СПИРИ_26,Tuesday,Хлеб,Активный
2026-07-22,"Тартин 1,5",4.0,СПИРИ_26,Wednesday,Хлеб,Активный
2026-07-23,"Тартин 1,5",4.0,СПИРИ_26,Thursday,Хлеб,Активный
2026-07-24,"Тартин 1,5",4.0,СПИРИ_26,Friday,Хлеб,Активный
2026-07-25,"Тартин 1,5",6.0,СПИРИ_26,Saturday,Хлеб,Активный
2026-07-26,"Тартин 1,5",5.0,СПИРИ_26,Sunday,Хлеб,Активный
2026-07-27,"Тартин 1,5",4.0,СПИРИ_26,Monday,Хлеб,Активный
2026-07-28,"Тартин 1,5",4.0,СПИРИ_26,Tuesday,Хлеб,Активный
2026-07-29,"Тартин 1,5",4.0,СПИРИ_26,Wednesday,Хлеб,Активный
2026-07-30,"Тартин 1,5",4.0,СПИРИ_26,Thursday,Хлеб,Активный
2026-07-31,"Тартин 1,5",4.0,СПИРИ_26,Friday,Хлеб,Активный
2026-08-01,"Тартин 1,5",5.0,СПИРИ_26,Saturday,Хлеб,Активный
2026-08-02,"Тартин 1,5",5.0,СПИРИ_26,Sunday,Хлеб,Активный
2026-08-03,"Тартин 1,5",4.0,СПИРИ_26,Monday,Хлеб,Активный
2026-08-04,"Тартин 1,5",4.0,СПИРИ_26,Tuesday,Хлеб,Активный
2026-08-05,"Тартин 1,5",4.0,СПИРИ_26,Wednesday,Хлеб,Активный
2026-08-06,"Тартин 1,5",4.0,СПИРИ_26,Thursday,Хлеб,Активный
2026-08-07,"Тартин 1,5",4.0,СПИРИ_26,Friday,Хлеб,Активный
2026-08-08,"Тартин 1,5",5.0,СПИРИ_26,Saturday,Хлеб,Активный
2026-08-09,"Тартин 1,5",5.0,СПИРИ_26,Sunday,Хлеб,Активный
2026-08-10,"Тартин 1,5",4.0,СПИРИ_26,Monday,Хлеб,Активный
2026-08-11,"Тартин 1,5",3.0,СПИРИ_26,Tuesday,Хлеб,Активный
2026-08-12,"Тартин 1,5",3.0,СПИРИ_26,Wednesday,Хлеб,Активный
2026-08-13,"Тартин 1,5",3.0,СПИРИ_26,Thursday,Хлеб,Активный
2026-08-14,"Тартин 1,5",3.0,СПИРИ_26,Friday,Хлеб,Активный
2026-08-15,"Тартин 1,5",4.0,СПИРИ_26,Saturday,Хлеб,Активный
2026-08-16,"Тартин 1,5",4.0,СПИРИ_26,Sunday,Хлеб,Активный
2026-08-17,"Тартин 1,5",4.0,СПИРИ_26,Monday,Хлеб,Активный
2026-08-18,"Тартин 1,5",4.0,СПИРИ_26,Tuesday,Хлеб,Активный
2026-08-19,"Тартин 1,5",4.0,СПИРИ_26,Wednesday,Хлеб,Активный
2026-08-20,"Тартин 1,5",4.0,СПИРИ_26,Thursday,Хлеб,Активный
2026-08-21,"Тартин 1,5",4.0,СПИРИ_26,Friday,Хлеб,Активный
2026-08-22,"Тартин 1,5",5.0,СПИРИ_26,Saturday,Хлеб,Активный
2026-08-23,"Тартин 1,5",5.0,СПИРИ_26,Sunday,Хлеб,Активный
2026-08-24,"Тартин 1,5",4.0,СПИРИ_26,Monday,Хлеб,Активный
2026-08-25,"Тартин 1,5",4.0,СПИРИ_26,Tuesday,Хлеб,Активный
2026-08-26,"Тартин 1,5",4.0,СПИРИ_26,Wednesday,Хлеб,Активный
2026-08-27,"Тартин 1,5",4.0,СПИРИ_26,Thursday,Хлеб,Активный
2026-08-28,"Тартин 1,5",4.0,СПИРИ_26,Friday,Хлеб,Активный
2026-08-29,"Тартин 1,5",5.0,СПИРИ_26,Saturday,Хлеб,Активный
2026-08-30,"Тартин 1,5",5.0,СПИРИ_26,Sunday,Хлеб,Активный
2026-08-31,"Тартин 1,5",4.0,СПИРИ_26,Monday,Хлеб,Активный
2026-06-01,"Тартин 0,75",8.0,СПИРИ_26,Monday,Хлеб,Активный
2026-06-02,"Тартин 0,75",8.0,СПИРИ_26,Tuesday,Хлеб,Активный
2026-06-03,"Тартин 0,75",8.0,СПИРИ_26,Wednesday,Хлеб,Активный
2026-06-04,"Тартин 0,75",8.0,СПИРИ_26,Thursday,Хлеб,Активный
2026-06-05,"Тартин 0,75",10.0,СПИРИ_26,Friday,Хлеб,Активный
2026-06-06,"Тартин 0,75",10.0,СПИРИ_26,Saturday,Хлеб,Активный
2026-06-07,"Тартин 0,75",10.0,СПИРИ_26,Sunday,Хлеб,Активный
2026-06-08,"Тартин 0,75",8.0,СПИРИ_26,Monday,Хлеб,Активный
2026-06-09,"Тартин 0,75",8.0,СПИРИ_26,Tuesday,Хлеб,Активный
2026-06-10,"Тартин 0,75",8.0,СПИРИ_26,Wednesday,Хлеб,Активный
2026-06-11,"Тартин 0,75",8.0,СПИРИ_26,Thursday,Хлеб,Активный
2026-06-12,"Тартин 0,75",8.0,СПИРИ_26,Friday,Хлеб,Активный
2026-06-13,"Тартин 0,75",10.0,СПИРИ_26,Saturday,Хлеб,Активный
2026-06-14,"Тартин 0,75",8.0,СПИРИ_26,Sunday,Хлеб,Активный
2026-06-15,"Тартин 0,75",6.0,СПИРИ_26,Monday,Хлеб,Активный
2026-06-16,"Тартин 0,75",6.0,СПИРИ_26,Tuesday,Хлеб,Активный
2026-06-17,"Тартин 0,75",6.0,СПИРИ_26,Wednesday,Хлеб,Активный
2026-06-18,"Тартин 0,75",6.0,СПИРИ_26,Thursday,Хлеб,Активный
2026-06-19,"Тартин 0,75",6.0,СПИРИ_26,Friday,Хлеб,Активный
2026-06-20,"Тартин 0,75",10.0,СПИРИ_26,Saturday,Хлеб,Активный
2026-06-21,"Тартин 0,75",8.0,СПИРИ_26,Sunday,Хлеб,Активный
2026-06-22,"Тартин 0,75",6.0,СПИРИ_26,Monday,Хлеб,Активный
2026-06-23,"Тартин 0,75",6.0,СПИРИ_26,Tuesday,Хлеб,Активный
2026-06-24,"Тартин 0,75",6.0,СПИРИ_26,Wednesday,Хлеб,Активный
2026-06-25,"Тартин 0,75",6.0,СПИРИ_26,Thursday,Хлеб,Активный
2026-06-26,"Тартин 0,75",6.0,СПИРИ_26,Friday,Хлеб,Активный
2026-06-27,"Тартин 0,75",12.0,СПИРИ_26,Saturday,Хлеб,Активный
2026-06-28,"Тартин 0,75",10.0,СПИРИ_26,Sunday,Хлеб,Активный
2026-06-29,"Тартин 0,75",6.0,СПИРИ_26,Monday,Хлеб,Активный
2026-06-30,"Тартин 0,75",6.0,СПИРИ_26,Tuesday,Хлеб,Активный
2026-07-01,"Тартин 0,75",6.0,СПИРИ_26,Wednesday,Хлеб,Активный
2026-07-02,"Тартин 0,75",6.0,СПИРИ_26,Thursday,Хлеб,Активный
2026-07-03,"Тартин 0,75",6.0,СПИРИ_26,Friday,Хлеб,Активный
2026-07-04,"Тартин 0,75",10.0,СПИРИ_26,Saturday,Хлеб,Активный
2026-07-05,"Тартин 0,75",8.0,СПИРИ_26,Sunday,Хлеб,Активный
2026-07-06,"Тартин 0,75",6.0,СПИРИ_26,Monday,Хлеб,Активный
2026-07-07,"Тартин 0,75",6.0,СПИРИ_26,Tuesday,Хлеб,Активный
2026-07-08,"Тартин 0,75",6.0,СПИРИ_26,Wednesday,Хлеб,Активный
2026-07-09,"Тартин 0,75",6.0,СПИРИ_26,Thursday,Хлеб,Активный
2026-07-10,"Тартин 0,75",6.0,СПИРИ_26,Friday,Хлеб,Активный
2026-07-11,"Тартин 0,75",10.0,СПИРИ_26,Saturday,Хлеб,Активный
2026-07-12,"Тартин 0,75",10.0,СПИРИ_26,Sunday,Хлеб,Активный
2026-07-13,"Тартин 0,75",7.0,СПИРИ_26,Monday,Хлеб,Активный
2026-07-14,"Тартин 0,75",7.0,СПИРИ_26,Tuesday,Хлеб,Активный
2026-07-15,"Тартин 0,75",7.0,СПИРИ_26,Wednesday,Хлеб,Активный
2026-07-16,"Тартин 0,75",7.0,СПИРИ_26,Thursday,Хлеб,Активный
2026-07-17,"Тартин 0,75",7.0,СПИРИ_26,Friday,Хлеб,Активный
2026-07-18,"Тартин 0,75",12.0,СПИРИ_26,Saturday,Хлеб,Активный
2026-07-19,"Тартин 0,75",12.0,СПИРИ_26,Sunday,Хлеб,Активный
2026-07-20,"Тартин 0,75",7.0,СПИРИ_26,Monday,Хлеб,Активный
2026-07-21,"Тартин 0,75",7.0,СПИРИ_26,Tuesday,Хлеб,Активный
2026-07-22,"Тартин 0,75",7.0,СПИРИ_26,Wednesday,Хлеб,Активный
2026-07-23,"Тартин 0,75",7.0,СПИРИ_26,Thursday,Хлеб,Активный
2026-07-24,"Тартин 0,75",7.0,СПИРИ_26,Friday,Хлеб,Активный
2026-07-25,"Тартин 0,75",12.0,СПИРИ_26,Saturday,Хлеб,Активный
2026-07-26,"Тартин 0,75",12.0,СПИРИ_26,Sunday,Хлеб,Активный
2026-07-27,"Тартин 0,75",7.0,СПИРИ_26,Monday,Хлеб,Активный
2026-07-28,"Тартин 0,75",7.0,СПИРИ_26,Tuesday,Хлеб,Активный
2026-07-29,"Тартин 0,75",7.0,СПИРИ_26,Wednesday,Хлеб,Активный
2026-07-30,"Тартин 0,75",7.0,СПИРИ_26,Thursday,Хлеб,Активный
2026-07-31,"Тартин 0,75",7.0,СПИРИ_26,Friday,Хлеб,Активный
2026-08-01,"Тартин 0,75",12.0,СПИРИ_26,Saturday,Хлеб,Активный
2026-08-02,"Тартин 0,75",12.0,СПИРИ_26,Sunday,Хлеб,Активный
2026-08-03,"Тартин 0,75",7.0,СПИРИ_26,Monday,Хлеб,Активный
2026-08-04,"Тартин 0,75",7.0,СПИРИ_26,Tuesday,Хлеб,Активный
2026-08-05,"Тартин 0,75",7.0,СПИРИ_26,Wednesday,Хлеб,Активный
2026-08-06,"Тартин 0,75",7.0,СПИРИ_26,Thursday,Хлеб,Активный
2026-08-07,"Тартин 0,75",7.0,СПИРИ_26,Friday,Хлеб,Активный
2026-08-08,"Тартин 0,75",12.0,СПИРИ_26,Saturday,Хлеб,Активный
2026-08-09,"Тартин 0,75",12.0,СПИРИ_26,Sunday,Хлеб,Активный
2026-08-10,"Тартин 0,75",5.0,СПИРИ_26,Monday,Хлеб,Активный
2026-08-11,"Тартин 0,75",5.0,СПИРИ_26,Tuesday,Хлеб,Активный
2026-08-12,"Тартин 0,75",5.0,СПИРИ_26,Wednesday,Хлеб,Активный
2026-08-13,"Тартин 0,75",5.0,СПИРИ_26,Thursday,Хлеб,Активный
2026-08-14,"Тартин 0,75",5.0,СПИРИ_26,Friday,Хлеб,Активный
2026-08-15,"Тартин 0,75",8.0,СПИРИ_26,Saturday,Хлеб,Активный
2026-08-16,"Тартин 0,75",8.0,СПИРИ_26,Sunday,Хлеб,Активный
2026-08-17,"Тартин 0,75",7.0,СПИРИ_26,Monday,Хлеб,Активный
2026-08-18,"Тартин 0,75",7.0,СПИРИ_26,Tuesday,Хлеб,Активный
2026-08-19,"Тартин 0,75",7.0,СПИРИ_26,Wednesday,Хлеб,Активный
2026-08-20,"Тартин 0,75",7.0,СПИРИ_26,Thursday,Хлеб,Активный
2026-08-21,"Тартин 0,75",7.0,СПИРИ_26,Friday,Хлеб,Активный
2026-08-22,"Тартин 0,75",10.0,СПИРИ_26,Saturday,Хлеб,Активный
2026-08-23,"Тартин 0,75",10.0,СПИРИ_26,Sunday,Хлеб,Активный
2026-08-24,"Тартин 0,75",7.0,СПИРИ_26,Monday,Хлеб,Активный
2026-08-25,"Тартин 0,75",7.0,СПИРИ_26,Tuesday,Хлеб,Активный
2026-08-26,"Тартин 0,75",7.0,СПИРИ_26,Wednesday,Хлеб,Активный
2026-08-27,"Тартин 0,75",7.0,СПИРИ_26,Thursday,Хлеб,Активный
2026-08-28,"Тартин 0,75",7.0,СПИРИ_26,Friday,Хлеб,Активный
2026-08-29,"Тартин 0,75",10.0,СПИРИ_26,Saturday,Хлеб,Активный
2026-08-30,"Тартин 0,75",10.0,СПИРИ_26,Sunday,Хлеб,Активный
2026-08-31,"Тартин 0,75",7.0,СПИРИ_26,Monday,Хлеб,Активный
2026-06-01,Тартин гречка,8.0,СПИРИ_26,Monday,Хлеб,Активный
2026-06-02,Тартин гречка,8.0,СПИРИ_26,Tuesday,Хлеб,Активный
2026-06-03,Тартин гречка,8.0,СПИРИ_26,Wednesday,Хлеб,Активный
2026-06-04,Тартин гречка,8.0,СПИРИ_26,Thursday,Хлеб,Активный
2026-06-05,Тартин гречка,10.0,СПИРИ_26,Friday,Хлеб,Активный
2026-06-06,Тартин гречка,10.0,СПИРИ_26,Saturday,Хлеб,Активный
2026-06-07,Тартин гречка,10.0,СПИРИ_26,Sunday,Хлеб,Активный
2026-06-08,Тартин гречка,8.0,СПИРИ_26,Monday,Хлеб,Активный
2026-06-09,Тартин гречка,8.0,СПИРИ_26,Tuesday,Хлеб,Активный
2026-06-10,Тартин гречка,8.0,СПИРИ_26,Wednesday,Хлеб,Активный
2026-06-11,Тартин гречка,8.0,СПИРИ_26,Thursday,Хлеб,Активный
2026-06-12,Тартин гречка,8.0,СПИРИ_26,Friday,Хлеб,Активный
2026-06-13,Тартин гречка,10.0,СПИРИ_26,Saturday,Хлеб,Активный
2026-06-14,Тартин гречка,8.0,СПИРИ_26,Sunday,Хлеб,Активный
2026-06-15,Тартин гречка,6.0,СПИРИ_26,Monday,Хлеб,Активный
2026-06-16,Тартин гречка,6.0,СПИРИ_26,Tuesday,Хлеб,Активный
2026-06-17,Тартин гречка,6.0,СПИРИ_26,Wednesday,Хлеб,Активный
2026-06-18,Тартин гречка,6.0,СПИРИ_26,Thursday,Хлеб,Активный
2026-06-19,Тартин гречка,6.0,СПИРИ_26,Friday,Хлеб,Активный
2026-06-20,Тартин гречка,10.0,СПИРИ_26,Saturday,Хлеб,Активный
2026-06-21,Тартин гречка,8.0,СПИРИ_26,Sunday,Хлеб,Активный
2026-06-22,Тартин гречка,6.0,СПИРИ_26,Monday,Хлеб,Активный
2026-06-23,Тартин гречка,6.0,СПИРИ_26,Tuesday,Хлеб,Активный
2026-06-24,Тартин гречка,6.0,СПИРИ_26,Wednesday,Хлеб,Активный
2026-06-25,Тартин гречка,6.0,СПИРИ_26,Thursday,Хлеб,Активный
2026-06-26,Тартин гречка,6.0,СПИРИ_26,Friday,Хлеб,Активный
2026-06-27,Тартин гречка,10.0,СПИРИ_26,Saturday,Хлеб,Активный
2026-06-28,Тартин гречка,10.0,СПИРИ_26,Sunday,Хлеб,Активный
2026-06-29,Тартин гречка,6.0,СПИРИ_26,Monday,Хлеб,Активный
2026-06-30,Тартин гречка,6.0,СПИРИ_26,Tuesday,Хлеб,Активный
2026-07-01,Тартин гречка,6.0,СПИРИ_26,Wednesday,Хлеб,Активный
2026-07-02,Тартин гречка,6.0,СПИРИ_26,Thursday,Хлеб,Активный
2026-07-03,Тартин гречка,6.0,СПИРИ_26,Friday,Хлеб,Активный
2026-07-04,Тартин гречка,10.0,СПИРИ_26,Saturday,Хлеб,Активный
2026-07-05,Тартин гречка,8.0,СПИРИ_26,Sunday,Хлеб,Активный
2026-07-06,Тартин гречка,6.0,СПИРИ_26,Monday,Хлеб,Активный
2026-07-07,Тартин гречка,6.0,СПИРИ_26,Tuesday,Хлеб,Активный
2026-07-08,Тартин гречка,6.0,СПИРИ_26,Wednesday,Хлеб,Активный
2026-07-09,Тартин гречка,6.0,СПИРИ_26,Thursday,Хлеб,Активный
2026-07-10,Тартин гречка,6.0,СПИРИ_26,Friday,Хлеб,Активный
2026-07-11,Тартин гречка,10.0,СПИРИ_26,Saturday,Хлеб,Активный
2026-07-12,Тартин гречка,10.0,СПИРИ_26,Sunday,Хлеб,Активный
2026-07-13,Тартин гречка,7.0,СПИРИ_26,Monday,Хлеб,Активный
2026-07-14,Тартин гречка,7.0,СПИРИ_26,Tuesday,Хлеб,Активный
2026-07-15,Тартин гречка,0.0,СПИРИ_26,Wednesday,Хлеб,Активный
2026-07-16,Тартин гречка,7.0,СПИРИ_26,Thursday,Хлеб,Активный
2026-07-17,Тартин гречка,7.0,СПИРИ_26,Friday,Хлеб,Активный
2026-07-18,Тартин гречка,12.0,СПИРИ_26,Saturday,Хлеб,Активный
2026-07-19,Тартин гречка,12.0,СПИРИ_26,Sunday,Хлеб,Активный
2026-07-20,Тартин гречка,7.0,СПИРИ_26,Monday,Хлеб,Активный
2026-07-21,Тартин гречка,7.0,СПИРИ_26,Tuesday,Хлеб,Активный
2026-07-22,Тартин гречка,7.0,СПИРИ_26,Wednesday,Хлеб,Активный
2026-07-23,Тартин гречка,7.0,СПИРИ_26,Thursday,Хлеб,Активный
2026-07-24,Тартин гречка,7.0,СПИРИ_26,Friday,Хлеб,Активный
2026-07-25,Тартин гречка,12.0,СПИРИ_26,Saturday,Хлеб,Активный
2026-07-26,Тартин гречка,12.0,СПИРИ_26,Sunday,Хлеб,Активный
2026-07-27,Тартин гречка,7.0,СПИРИ_26,Monday,Хлеб,Активный
2026-07-28,Тартин гречка,7.0,СПИРИ_26,Tuesday,Хлеб,Активный
2026-07-29,Тартин гречка,7.0,СПИРИ_26,Wednesday,Хлеб,Активный
2026-07-30,Тартин гречка,7.0,СПИРИ_26,Thursday,Хлеб,Активный
2026-07-31,Тартин гречка,7.0,СПИРИ_26,Friday,Хлеб,Активный
2026-08-01,Тартин гречка,12.0,СПИРИ_26,Saturday,Хлеб,Активный
2026-08-02,Тартин гречка,12.0,СПИРИ_26,Sunday,Хлеб,Активный
2026-08-03,Тартин гречка,7.0,СПИРИ_26,Monday,Хлеб,Активный
2026-08-04,Тартин гречка,7.0,СПИРИ_26,Tuesday,Хлеб,Активный
2026-08-05,Тартин гречка,7.0,СПИРИ_26,Wednesday,Хлеб,Активный
2026-08-06,Тартин гречка,7.0,СПИРИ_26,Thursday,Хлеб,Активный
2026-08-07,Тартин гречка,7.0,СПИРИ_26,Friday,Хлеб,Активный
2026-08-08,Тартин гречка,12.0,СПИРИ_26,Saturday,Хлеб,Активный
2026-08-09,Тартин гречка,12.0,СПИРИ_26,Sunday,Хлеб,Активный
2026-08-10,Тартин гречка,5.0,СПИРИ_26,Monday,Хлеб,Активный
2026-08-11,Тартин гречка,5.0,СПИРИ_26,Tuesday,Хлеб,Активный
2026-08-12,Тартин гречка,5.0,СПИРИ_26,Wednesday,Хлеб,Активный
2026-08-13,Тартин гречка,5.0,СПИРИ_26,Thursday,Хлеб,Активный
2026-08-14,Тартин гречка,5.0,СПИРИ_26,Friday,Хлеб,Активный
2026-08-15,Тартин гречка,8.0,СПИРИ_26,Saturday,Хлеб,Активный
2026-08-16,Тартин гречка,8.0,СПИРИ_26,Sunday,Хлеб,Активный
2026-08-17,Тартин гречка,7.0,СПИРИ_26,Monday,Хлеб,Активный
2026-08-18,Тартин гречка,7.0,СПИРИ_26,Tuesday,Хлеб,Активный
2026-08-19,Тартин гречка,7.0,СПИРИ_26,Wednesday,Хлеб,Активный
2026-08-20,Тартин гречка,7.0,СПИРИ_26,Thursday,Хлеб,Активный
2026-08-21,Тартин гречка,7.0,СПИРИ_26,Friday,Хлеб,Активный
2026-08-22,Тартин гречка,10.0,СПИРИ_26,Saturday,Хлеб,Активный
2026-08-23,Тартин гречка,10.0,СПИРИ_26,Sunday,Хлеб,Активный
2026-08-24,Тартин гречка,7.0,СПИРИ_26,Monday,Хлеб,Активный
2026-08-25,Тартин гречка,7.0,СПИРИ_26,Tuesday,Хлеб,Активный
2026-08-26,Тартин гречка,7.0,СПИРИ_26,Wednesday,Хлеб,Активный
2026-08-27,Тартин гречка,7.0,СПИРИ_26,Thursday,Хлеб,Активный
2026-08-28,Тартин гречка,7.0,СПИРИ_26,Friday,Хлеб,Активный
2026-08-29,Тартин гречка,10.0,СПИРИ_26,Saturday,Хлеб,Активный
2026-08-30,Тартин гречка,10.0,СПИРИ_26,Sunday,Хлеб,Активный
2026-08-31,Тартин гречка,7.0,СПИРИ_26,Monday,Хлеб,Активный
2026-06-01,Морнинг бан жасмин,6.0,СПИРИ_26,Monday,Выпечка,Активный
2026-06-02,Морнинг бан жасмин,6.0,СПИРИ_26,Tuesday,Выпечка,Активный
2026-06-03,Морнинг бан жасмин,6.0,СПИРИ_26,Wednesday,Выпечка,Активный
2026-06-04,Морнинг бан жасмин,6.0,СПИРИ_26,Thursday,Выпечка,Активный
2026-06-05,Морнинг бан жасмин,6.0,СПИРИ_26,Friday,Выпечка,Активный
2026-06-06,Морнинг бан жасмин,12.0,СПИРИ_26,Saturday,Выпечка,Активный
2026-06-07,Морнинг бан жасмин,12.0,СПИРИ_26,Sunday,Выпечка,Активный
2026-06-08,Морнинг бан жасмин,7.0,СПИРИ_26,Monday,Выпечка,Активный
2026-06-09,Морнинг бан жасмин,7.0,СПИРИ_26,Tuesday,Выпечка,Активный
2026-06-10,Морнинг бан жасмин,7.0,СПИРИ_26,Wednesday,Выпечка,Активный
2026-06-11,Морнинг бан жасмин,7.0,СПИРИ_26,Thursday,Выпечка,Активный
2026-06-12,Морнинг бан жасмин,7.0,СПИРИ_26,Friday,Выпечка,Активный
2026-06-13,Морнинг бан жасмин,12.0,СПИРИ_26,Saturday,Выпечка,Активный
2026-06-14,Морнинг бан жасмин,7.0,СПИРИ_26,Sunday,Выпечка,Активный
2026-06-15,Морнинг бан жасмин,6.0,СПИРИ_26,Monday,Выпечка,Активный
2026-06-16,Морнинг бан жасмин,6.0,СПИРИ_26,Tuesday,Выпечка,Активный
2026-06-17,Морнинг бан жасмин,6.0,СПИРИ_26,Wednesday,Выпечка,Активный
2026-06-18,Морнинг бан жасмин,6.0,СПИРИ_26,Thursday,Выпечка,Активный
2026-06-19,Морнинг бан жасмин,6.0,СПИРИ_26,Friday,Выпечка,Активный
2026-06-20,Морнинг бан жасмин,12.0,СПИРИ_26,Saturday,Выпечка,Активный
2026-06-21,Морнинг бан жасмин,7.0,СПИРИ_26,Sunday,Выпечка,Активный
2026-06-22,Морнинг бан жасмин,6.0,СПИРИ_26,Monday,Выпечка,Активный
2026-06-23,Морнинг бан жасмин,6.0,СПИРИ_26,Tuesday,Выпечка,Активный
2026-06-24,Морнинг бан жасмин,6.0,СПИРИ_26,Wednesday,Выпечка,Активный
2026-06-25,Морнинг бан жасмин,6.0,СПИРИ_26,Thursday,Выпечка,Активный
2026-06-26,Морнинг бан жасмин,6.0,СПИРИ_26,Friday,Выпечка,Активный
2026-06-27,Морнинг бан жасмин,24.0,СПИРИ_26,Saturday,Выпечка,Активный
2026-06-28,Морнинг бан жасмин,12.0,СПИРИ_26,Sunday,Выпечка,Активный
2026-06-29,Морнинг бан жасмин,6.0,СПИРИ_26,Monday,Выпечка,Активный
2026-06-30,Морнинг бан жасмин,6.0,СПИРИ_26,Tuesday,Выпечка,Активный
2026-07-01,Морнинг бан жасмин,6.0,СПИРИ_26,Wednesday,Выпечка,Активный
2026-07-02,Морнинг бан жасмин,6.0,СПИРИ_26,Thursday,Выпечка,Активный
2026-07-03,Морнинг бан жасмин,6.0,СПИРИ_26,Friday,Выпечка,Активный
2026-07-04,Морнинг бан жасмин,12.0,СПИРИ_26,Saturday,Выпечка,Активный
2026-07-05,Морнинг бан жасмин,7.0,СПИРИ_26,Sunday,Выпечка,Активный
2026-07-06,Морнинг бан жасмин,6.0,СПИРИ_26,Monday,Выпечка,Активный
2026-07-07,Морнинг бан жасмин,6.0,СПИРИ_26,Tuesday,Выпечка,Активный
2026-07-08,Морнинг бан жасмин,6.0,СПИРИ_26,Wednesday,Выпечка,Активный
2026-07-09,Морнинг бан жасмин,6.0,СПИРИ_26,Thursday,Выпечка,Активный
2026-07-10,Морнинг бан жасмин,6.0,СПИРИ_26,Friday,Выпечка,Активный
2026-07-11,Морнинг бан жасмин,12.0,СПИРИ_26,Saturday,Выпечка,Активный
2026-07-12,Морнинг бан жасмин,12.0,СПИРИ_26,Sunday,Выпечка,Активный
2026-07-13,Морнинг бан жасмин,6.0,СПИРИ_26,Monday,Выпечка,Активный
2026-07-14,Морнинг бан жасмин,6.0,СПИРИ_26,Tuesday,Выпечка,Активный
2026-07-15,Морнинг бан жасмин,6.0,СПИРИ_26,Wednesday,Выпечка,Активный
2026-07-16,Морнинг бан жасмин,6.0,СПИРИ_26,Thursday,Выпечка,Активный
2026-07-17,Морнинг бан жасмин,6.0,СПИРИ_26,Friday,Выпечка,Активный
2026-07-18,Морнинг бан жасмин,12.0,СПИРИ_26,Saturday,Выпечка,Активный
2026-07-19,Морнинг бан жасмин,12.0,СПИРИ_26,Sunday,Выпечка,Активный
2026-07-20,Морнинг бан жасмин,6.0,СПИРИ_26,Monday,Выпечка,Активный
2026-07-21,Морнинг бан жасмин,6.0,СПИРИ_26,Tuesday,Выпечка,Активный
2026-07-22,Морнинг бан жасмин,6.0,СПИРИ_26,Wednesday,Выпечка,Активный
2026-07-23,Морнинг бан жасмин,6.0,СПИРИ_26,Thursday,Выпечка,Активный
2026-07-24,Морнинг бан жасмин,6.0,СПИРИ_26,Friday,Выпечка,Активный
2026-07-25,Морнинг бан жасмин,12.0,СПИРИ_26,Saturday,Выпечка,Активный
2026-07-26,Морнинг бан жасмин,12.0,СПИРИ_26,Sunday,Выпечка,Активный
2026-07-27,Морнинг бан жасмин,6.0,СПИРИ_26,Monday,Выпечка,Активный
2026-07-28,Морнинг бан жасмин,6.0,СПИРИ_26,Tuesday,Выпечка,Активный
2026-07-29,Морнинг бан жасмин,6.0,СПИРИ_26,Wednesday,Выпечка,Активный
2026-07-30,Морнинг бан жасмин,6.0,СПИРИ_26,Thursday,Выпечка,Активный
2026-07-31,Морнинг бан жасмин,6.0,СПИРИ_26,Friday,Выпечка,Активный
2026-08-01,Морнинг бан жасмин,12.0,СПИРИ_26,Saturday,Выпечка,Активный
2026-08-02,Морнинг бан жасмин,12.0,СПИРИ_26,Sunday,Выпечка,Активный
2026-08-03,Морнинг бан жасмин,6.0,СПИРИ_26,Monday,Выпечка,Активный
2026-08-04,Морнинг бан жасмин,6.0,СПИРИ_26,Tuesday,Выпечка,Активный
2026-08-05,Морнинг бан жасмин,6.0,СПИРИ_26,Wednesday,Выпечка,Активный
2026-08-06,Морнинг бан жасмин,6.0,СПИРИ_26,Thursday,Выпечка,Активный
2026-08-07,Морнинг бан жасмин,6.0,СПИРИ_26,Friday,Выпечка,Активный
2026-08-08,Морнинг бан жасмин,12.0,СПИРИ_26,Saturday,Выпечка,Активный
2026-08-09,Морнинг бан жасмин,12.0,СПИРИ_26,Sunday,Выпечка,Активный
2026-08-10,Морнинг бан жасмин,4.0,СПИРИ_26,Monday,Выпечка,Активный
2026-08-11,Морнинг бан жасмин,4.0,СПИРИ_26,Tuesday,Выпечка,Активный
2026-08-12,Морнинг бан жасмин,4.0,СПИРИ_26,Wednesday,Выпечка,Активный
2026-08-13,Морнинг бан жасмин,4.0,СПИРИ_26,Thursday,Выпечка,Активный
2026-08-14,Морнинг бан жасмин,4.0,СПИРИ_26,Friday,Выпечка,Активный
2026-08-15,Морнинг бан жасмин,8.0,СПИРИ_26,Saturday,Выпечка,Активный
2026-08-16,Морнинг бан жасмин,8.0,СПИРИ_26,Sunday,Выпечка,Активный
2026-08-17,Морнинг бан жасмин,5.0,СПИРИ_26,Monday,Выпечка,Активный
2026-08-18,Морнинг бан жасмин,5.0,СПИРИ_26,Tuesday,Выпечка,Активный
2026-08-19,Морнинг бан жасмин,5.0,СПИРИ_26,Wednesday,Выпечка,Активный
2026-08-20,Морнинг бан жасмин,5.0,СПИРИ_26,Thursday,Выпечка,Активный
2026-08-21,Морнинг бан жасмин,5.0,СПИРИ_26,Friday,Выпечка,Активный
2026-08-22,Морнинг бан жасмин,8.0,СПИРИ_26,Saturday,Выпечка,Активный
2026-08-23,Морнинг бан жасмин,8.0,СПИРИ_26,Sunday,Выпечка,Активный
2026-08-24,Морнинг бан жасмин,5.0,СПИРИ_26,Monday,Выпечка,Активный
2026-08-25,Морнинг бан жасмин,5.0,СПИРИ_26,Tuesday,Выпечка,Активный
2026-08-26,Морнинг бан жасмин,5.0,СПИРИ_26,Wednesday,Выпечка,Активный
2026-08-27,Морнинг бан жасмин,5.0,СПИРИ_26,Thursday,Выпечка,Активный
2026-08-28,Морнинг бан жасмин,5.0,СПИРИ_26,Friday,Выпечка,Активный
2026-08-29,Морнинг бан жасмин,8.0,СПИРИ_26,Saturday,Выпечка,Активный
2026-08-30,Морнинг бан жасмин,8.0,СПИРИ_26,Sunday,Выпечка,Активный
2026-08-31,Морнинг бан жасмин,5.0,СПИРИ_26,Monday,Выпечка,Активный
2026-06-02,Бородинский хлеб,4.0,СПИРИ_26,Tuesday,Хлеб,Активный
2026-06-09,Бородинский хлеб,4.0,СПИРИ_26,Tuesday,Хлеб,Активный
2026-06-13,Бородинский хлеб,6.0,СПИРИ_26,Saturday,Хлеб,Активный
2026-06-16,Бородинский хлеб,2.0,СПИРИ_26,Tuesday,Хлеб,Активный
2026-06-20,Бородинский хлеб,4.0,СПИРИ_26,Saturday,Хлеб,Активный
2026-06-23,Бородинский хлеб,2.0,СПИРИ_26,Tuesday,Хлеб,Активный
2026-06-30,Бородинский хлеб,2.0,СПИРИ_26,Tuesday,Хлеб,Активный
2026-07-04,Бородинский хлеб,4.0,СПИРИ_26,Saturday,Хлеб,Активный
2026-07-09,Бородинский хлеб,2.0,СПИРИ_26,Thursday,Хлеб,Активный
2026-07-11,Бородинский хлеб,4.0,СПИРИ_26,Saturday,Хлеб,Активный
2026-07-14,Бородинский хлеб,2.0,СПИРИ_26,Tuesday,Хлеб,Активный
2026-07-16,Бородинский хлеб,2.0,СПИРИ_26,Thursday,Хлеб,Активный
2026-07-18,Бородинский хлеб,4.0,СПИРИ_26,Saturday,Хлеб,Активный
2026-07-21,Бородинский хлеб,2.0,СПИРИ_26,Tuesday,Хлеб,Активный
2026-07-23,Бородинский хлеб,2.0,СПИРИ_26,Thursday,Хлеб,Активный
2026-07-25,Бородинский хлеб,4.0,СПИРИ_26,Saturday,Хлеб,Активный
2026-07-30,Бородинский хлеб,4.0,СПИРИ_26,Thursday,Хлеб,Активный
2026-08-06,Бородинский хлеб,4.0,СПИРИ_26,Thursday,Хлеб,Активный
2026-08-13,Бородинский хлеб,3.0,СПИРИ_26,Thursday,Хлеб,Активный
2026-08-20,Бородинский хлеб,3.0,СПИРИ_26,Thursday,Хлеб,Активный
2026-08-27,Бородинский хлеб,3.0,СПИРИ_26,Thursday,Хлеб,Активный
2026-06-10,Ржаной хлеб с мисо пастой и семечками,2.0,СПИРИ_26,Wednesday,Хлеб,Активный
2026-06-15,Ржаной хлеб с мисо пастой и семечками,2.0,СПИРИ_26,Monday,Хлеб,Активный
2026-06-20,Ржаной хлеб с мисо пастой и семечками,2.0,СПИРИ_26,Saturday,Хлеб,Активный
2026-07-13,Ржаной хлеб с мисо пастой и семечками,2.0,СПИРИ_26,Monday,Хлеб,Активный
2026-07-17,Ржаной хлеб с мисо пастой и семечками,2.0,СПИРИ_26,Friday,Хлеб,Активный
2026-07-20,Ржаной хлеб с мисо пастой и семечками,3.0,СПИРИ_26,Monday,Хлеб,Активный
2026-07-24,Ржаной хлеб с мисо пастой и семечками,3.0,СПИРИ_26,Friday,Хлеб,Активный
2026-07-27,Ржаной хлеб с мисо пастой и семечками,2.0,СПИРИ_26,Monday,Хлеб,Активный
2026-07-31,Ржаной хлеб с мисо пастой и семечками,2.0,СПИРИ_26,Friday,Хлеб,Активный
2026-08-03,Ржаной хлеб с мисо пастой и семечками,2.0,СПИРИ_26,Monday,Хлеб,Активный
2026-08-07,Ржаной хлеб с мисо пастой и семечками,2.0,СПИРИ_26,Friday,Хлеб,Активный
2026-08-10,Ржаной хлеб с мисо пастой и семечками,1.0,СПИРИ_26,Monday,Хлеб,Активный
2026-08-17,Ржаной хлеб с мисо пастой и семечками,2.0,СПИРИ_26,Monday,Хлеб,Активный
2026-08-24,Ржаной хлеб с мисо пастой и семечками,2.0,СПИРИ_26,Monday,Хлеб,Активный
2026-06-01,Бейгл 100,25.0,СПИРИ_26,Monday,Булки,Активный
2026-06-02,Бейгл 100,25.0,СПИРИ_26,Tuesday,Булки,Активный
2026-06-03,Бейгл 100,25.0,СПИРИ_26,Wednesday,Булки,Активный
2026-06-04,Бейгл 100,25.0,СПИРИ_26,Thursday,Булки,Активный
2026-06-05,Бейгл 100,25.0,СПИРИ_26,Friday,Булки,Активный
2026-06-06,Бейгл 100,35.0,СПИРИ_26,Saturday,Булки,Активный
2026-06-07,Бейгл 100,35.0,СПИРИ_26,Sunday,Булки,Активный
2026-06-08,Бейгл 100,20.0,СПИРИ_26,Monday,Булки,Активный
2026-06-09,Бейгл 100,20.0,СПИРИ_26,Tuesday,Булки,Активный
2026-06-10,Бейгл 100,20.0,СПИРИ_26,Wednesday,Булки,Активный
2026-06-12,Бейгл 100,20.0,СПИРИ_26,Friday,Булки,Активный
2026-06-13,Бейгл 100,35.0,СПИРИ_26,Saturday,Булки,Активный
2026-06-14,Бейгл 100,20.0,СПИРИ_26,Sunday,Булки,Активный
2026-06-15,Бейгл 100,15.0,СПИРИ_26,Monday,Булки,Активный
2026-06-16,Бейгл 100,15.0,СПИРИ_26,Tuesday,Булки,Активный
2026-06-17,Бейгл 100,15.0,СПИРИ_26,Wednesday,Булки,Активный
2026-06-18,Бейгл 100,15.0,СПИРИ_26,Thursday,Булки,Активный
2026-06-19,Бейгл 100,15.0,СПИРИ_26,Friday,Булки,Активный
2026-06-20,Бейгл 100,25.0,СПИРИ_26,Saturday,Булки,Активный
2026-06-21,Бейгл 100,20.0,СПИРИ_26,Sunday,Булки,Активный
2026-06-22,Бейгл 100,15.0,СПИРИ_26,Monday,Булки,Активный
2026-06-23,Бейгл 100,15.0,СПИРИ_26,Tuesday,Булки,Активный
2026-06-24,Бейгл 100,15.0,СПИРИ_26,Wednesday,Булки,Активный
2026-06-25,Бейгл 100,15.0,СПИРИ_26,Thursday,Булки,Активный
2026-06-26,Бейгл 100,15.0,СПИРИ_26,Friday,Булки,Активный
2026-06-27,Бейгл 100,35.0,СПИРИ_26,Saturday,Булки,Активный
2026-06-28,Бейгл 100,24.0,СПИРИ_26,Sunday,Булки,Активный
2026-06-29,Бейгл 100,15.0,СПИРИ_26,Monday,Булки,Активный
2026-06-30,Бейгл 100,15.0,СПИРИ_26,Tuesday,Булки,Активный
2026-07-01,Бейгл 100,15.0,СПИРИ_26,Wednesday,Булки,Активный
2026-07-02,Бейгл 100,15.0,СПИРИ_26,Thursday,Булки,Активный
2026-07-03,Бейгл 100,15.0,СПИРИ_26,Friday,Булки,Активный
2026-07-04,Бейгл 100,25.0,СПИРИ_26,Saturday,Булки,Активный
2026-07-05,Бейгл 100,20.0,СПИРИ_26,Sunday,Булки,Активный
2026-07-06,Бейгл 100,15.0,СПИРИ_26,Monday,Булки,Активный
2026-07-07,Бейгл 100,15.0,СПИРИ_26,Tuesday,Булки,Активный
2026-07-08,Бейгл 100,15.0,СПИРИ_26,Wednesday,Булки,Активный
2026-07-09,Бейгл 100,15.0,СПИРИ_26,Thursday,Булки,Активный
2026-07-10,Бейгл 100,15.0,СПИРИ_26,Friday,Булки,Активный
2026-07-11,Бейгл 100,15.0,СПИРИ_26,Saturday,Булки,Активный
2026-07-12,Бейгл 100,25.0,СПИРИ_26,Sunday,Булки,Активный
2026-07-13,Бейгл 100,15.0,СПИРИ_26,Monday,Булки,Активный
2026-07-14,Бейгл 100,15.0,СПИРИ_26,Tuesday,Булки,Активный
2026-07-15,Бейгл 100,15.0,СПИРИ_26,Wednesday,Булки,Активный
2026-07-16,Бейгл 100,15.0,СПИРИ_26,Thursday,Булки,Активный
2026-07-17,Бейгл 100,15.0,СПИРИ_26,Friday,Булки,Активный
2026-07-18,Бейгл 100,15.0,СПИРИ_26,Saturday,Булки,Активный
2026-07-19,Бейгл 100,25.0,СПИРИ_26,Sunday,Булки,Активный
2026-07-20,Бейгл 100,15.0,СПИРИ_26,Monday,Булки,Активный
2026-07-21,Бейгл 100,15.0,СПИРИ_26,Tuesday,Булки,Активный
2026-07-22,Бейгл 100,15.0,СПИРИ_26,Wednesday,Булки,Активный
2026-07-23,Бейгл 100,15.0,СПИРИ_26,Thursday,Булки,Активный
2026-07-24,Бейгл 100,15.0,СПИРИ_26,Friday,Булки,Активный
2026-07-25,Бейгл 100,25.0,СПИРИ_26,Saturday,Булки,Активный
2026-07-26,Бейгл 100,25.0,СПИРИ_26,Sunday,Булки,Активный
2026-07-27,Бейгл 100,15.0,СПИРИ_26,Monday,Булки,Активный
2026-07-28,Бейгл 100,15.0,СПИРИ_26,Tuesday,Булки,Активный
2026-07-29,Бейгл 100,15.0,СПИРИ_26,Wednesday,Булки,Активный
2026-07-30,Бейгл 100,15.0,СПИРИ_26,Thursday,Булки,Активный
2026-07-31,Бейгл 100,15.0,СПИРИ_26,Friday,Булки,Активный
2026-08-01,Бейгл 100,25.0,СПИРИ_26,Saturday,Булки,Активный
2026-08-02,Бейгл 100,25.0,СПИРИ_26,Sunday,Булки,Активный
2026-08-03,Бейгл 100,15.0,СПИРИ_26,Monday,Булки,Активный
2026-08-04,Бейгл 100,15.0,СПИРИ_26,Tuesday,Булки,Активный
2026-08-05,Бейгл 100,15.0,СПИРИ_26,Wednesday,Булки,Активный
2026-08-06,Бейгл 100,15.0,СПИРИ_26,Thursday,Булки,Активный
2026-08-07,Бейгл 100,15.0,СПИРИ_26,Friday,Булки,Активный
2026-08-08,Бейгл 100,25.0,СПИРИ_26,Saturday,Булки,Активный
2026-08-09,Бейгл 100,25.0,СПИРИ_26,Sunday,Булки,Активный
2026-08-10,Бейгл 100,10.0,СПИРИ_26,Monday,Булки,Активный
2026-08-11,Бейгл 100,10.0,СПИРИ_26,Tuesday,Булки,Активный
2026-08-12,Бейгл 100,10.0,СПИРИ_26,Wednesday,Булки,Активный
2026-08-13,Бейгл 100,10.0,СПИРИ_26,Thursday,Булки,Активный
2026-08-14,Бейгл 100,10.0,СПИРИ_26,Friday,Булки,Активный
2026-08-15,Бейгл 100,15.0,СПИРИ_26,Saturday,Булки,Активный
2026-08-16,Бейгл 100,15.0,СПИРИ_26,Sunday,Булки,Активный
2026-08-17,Бейгл 100,10.0,СПИРИ_26,Monday,Булки,Активный
2026-08-18,Бейгл 100,10.0,СПИРИ_26,Tuesday,Булки,Активный
2026-08-19,Бейгл 100,10.0,СПИРИ_26,Wednesday,Булки,Активный
2026-08-20,Бейгл 100,10.0,СПИРИ_26,Thursday,Булки,Активный
2026-08-21,Бейгл 100,10.0,СПИРИ_26,Friday,Булки,Активный
2026-08-22,Бейгл 100,12.0,СПИРИ_26,Saturday,Булки,Активный
2026-08-23,Бейгл 100,12.0,СПИРИ_26,Sunday,Булки,Активный
2026-08-24,Бейгл 100,10.0,СПИРИ_26,Monday,Булки,Активный
2026-08-25,Бейгл 100,10.0,СПИРИ_26,Tuesday,Булки,Активный
2026-08-26,Бейгл 100,10.0,СПИРИ_26,Wednesday,Булки,Активный
2026-08-27,Бейгл 100,10.0,СПИРИ_26,Thursday,Булки,Активный
2026-08-28,Бейгл 100,10.0,СПИРИ_26,Friday,Булки,Активный
2026-08-29,Бейгл 100,12.0,СПИРИ_26,Saturday,Булки,Активный
2026-08-30,Бейгл 100,12.0,СПИРИ_26,Sunday,Булки,Активный
2026-08-31,Бейгл 100,10.0,СПИРИ_26,Monday,Булки,Активный
2026-06-01,Кекс морковный с карамельной глазурью,1.0,СПИРИ_26,Monday,Выпечка,Активный
2026-06-02,Кекс морковный с карамельной глазурью,1.0,СПИРИ_26,Tuesday,Выпечка,Активный
2026-06-08,Кекс морковный с карамельной глазурью,1.0,СПИРИ_26,Monday,Выпечка,Активный
2026-06-11,Кекс морковный с карамельной глазурью,1.0,СПИРИ_26,Thursday,Выпечка,Активный
2026-06-15,Кекс морковный с карамельной глазурью,1.0,СПИРИ_26,Monday,Выпечка,Активный
2026-06-18,Кекс морковный с карамельной глазурью,1.0,СПИРИ_26,Thursday,Выпечка,Активный
2026-06-22,Кекс морковный с карамельной глазурью,1.0,СПИРИ_26,Monday,Выпечка,Активный
2026-06-25,Кекс морковный с карамельной глазурью,1.0,СПИРИ_26,Thursday,Выпечка,Активный
2026-06-29,Кекс морковный с карамельной глазурью,1.0,СПИРИ_26,Monday,Выпечка,Активный
2026-07-02,Кекс морковный с карамельной глазурью,1.0,СПИРИ_26,Thursday,Выпечка,Активный
2026-07-06,Кекс морковный с карамельной глазурью,1.0,СПИРИ_26,Monday,Выпечка,Активный
2026-07-07,Кекс морковный с карамельной глазурью,1.0,СПИРИ_26,Tuesday,Выпечка,Активный
2026-07-10,Кекс морковный с карамельной глазурью,1.0,СПИРИ_26,Friday,Выпечка,Активный
2026-07-13,Кекс морковный с карамельной глазурью,1.0,СПИРИ_26,Monday,Выпечка,Активный
2026-07-14,Кекс морковный с карамельной глазурью,1.0,СПИРИ_26,Tuesday,Выпечка,Активный
2026-07-20,Кекс морковный с карамельной глазурью,1.0,СПИРИ_26,Monday,Выпечка,Активный
2026-07-24,Кекс морковный с карамельной глазурью,1.0,СПИРИ_26,Friday,Выпечка,Активный
2026-07-27,Кекс морковный с карамельной глазурью,1.0,СПИРИ_26,Monday,Выпечка,Активный
2026-07-31,Кекс морковный с карамельной глазурью,1.0,СПИРИ_26,Friday,Выпечка,Активный
2026-08-03,Кекс морковный с карамельной глазурью,1.0,СПИРИ_26,Monday,Выпечка,Активный
2026-08-07,Кекс морковный с карамельной глазурью,1.0,СПИРИ_26,Friday,Выпечка,Активный
2026-08-10,Кекс морковный с карамельной глазурью,1.0,СПИРИ_26,Monday,Выпечка,Активный
2026-08-14,Кекс морковный с карамельной глазурью,1.0,СПИРИ_26,Friday,Выпечка,Активный
2026-08-17,Кекс морковный с карамельной глазурью,1.0,СПИРИ_26,Monday,Выпечка,Активный
2026-08-21,Кекс морковный с карамельной глазурью,1.0,СПИРИ_26,Friday,Выпечка,Активный
2026-08-24,Кекс морковный с карамельной глазурью,1.0,СПИРИ_26,Monday,Выпечка,Активный
2026-08-28,Кекс морковный с карамельной глазурью,1.0,СПИРИ_26,Friday,Выпечка,Активный
2026-08-31,Кекс морковный с карамельной глазурью,1.0,СПИРИ_26,Monday,Выпечка,Активный
2026-06-02,Кекс шоколад с кремом вареная сгущенка,12.0,СПИРИ_26,Tuesday,Выпечка,Активный
2026-06-05,Кекс шоколад с кремом вареная сгущенка,12.0,СПИРИ_26,Friday,Выпечка,Активный
2026-06-07,Кекс шоколад с кремом вареная сгущенка,12.0,СПИРИ_26,Sunday,Выпечка,Активный
2026-06-10,Кекс шоколад с кремом вареная сгущенка,12.0,СПИРИ_26,Wednesday,Выпечка,Активный
2026-06-15,Кекс шоколад с кремом вареная сгущенка,12.0,СПИРИ_26,Monday,Выпечка,Активный
2026-06-19,Кекс шоколад с кремом вареная сгущенка,12.0,СПИРИ_26,Friday,Выпечка,Активный
2026-06-22,Кекс шоколад с кремом вареная сгущенка,12.0,СПИРИ_26,Monday,Выпечка,Активный
2026-06-26,Кекс шоколад с кремом вареная сгущенка,12.0,СПИРИ_26,Friday,Выпечка,Активный
2026-06-29,Кекс шоколад с кремом вареная сгущенка,12.0,СПИРИ_26,Monday,Выпечка,Активный
2026-07-03,Кекс шоколад с кремом вареная сгущенка,12.0,СПИРИ_26,Friday,Выпечка,Активный
2026-07-07,Кекс шоколад с кремом вареная сгущенка,12.0,СПИРИ_26,Tuesday,Выпечка,Активный
2026-07-11,Кекс шоколад с кремом вареная сгущенка,12.0,СПИРИ_26,Saturday,Выпечка,Активный
2026-07-14,Кекс шоколад с кремом вареная сгущенка,12.0,СПИРИ_26,Tuesday,Выпечка,Активный
2026-07-18,Кекс шоколад с кремом вареная сгущенка,12.0,СПИРИ_26,Saturday,Выпечка,Активный
2026-07-21,Кекс шоколад с кремом вареная сгущенка,12.0,СПИРИ_26,Tuesday,Выпечка,Активный
2026-07-25,Кекс шоколад с кремом вареная сгущенка,12.0,СПИРИ_26,Saturday,Выпечка,Активный
2026-07-28,Кекс шоколад с кремом вареная сгущенка,12.0,СПИРИ_26,Tuesday,Выпечка,Активный
2026-08-01,Кекс шоколад с кремом вареная сгущенка,12.0,СПИРИ_26,Saturday,Выпечка,Активный
2026-08-04,Кекс шоколад с кремом вареная сгущенка,12.0,СПИРИ_26,Tuesday,Выпечка,Активный
2026-08-08,Кекс шоколад с кремом вареная сгущенка,12.0,СПИРИ_26,Saturday,Выпечка,Активный
2026-08-11,Кекс шоколад с кремом вареная сгущенка,10.0,СПИРИ_26,Tuesday,Выпечка,Активный
2026-08-18,Кекс шоколад с кремом вареная сгущенка,10.0,СПИРИ_26,Tuesday,Выпечка,Активный
2026-08-25,Кекс шоколад с кремом вареная сгущенка,10.0,СПИРИ_26,Tuesday,Выпечка,Активный
2026-06-01,Печенье для собак,15.0,СПИРИ_26,Monday,Печенье,Активный
2026-06-02,Печенье для собак,15.0,СПИРИ_26,Tuesday,Печенье,Активный
2026-06-03,Печенье для собак,15.0,СПИРИ_26,Wednesday,Печенье,Активный
2026-06-04,Печенье для собак,15.0,СПИРИ_26,Thursday,Печенье,Активный
2026-06-05,Печенье для собак,15.0,СПИРИ_26,Friday,Печенье,Активный
2026-06-13,Печенье для собак,50.0,СПИРИ_26,Saturday,Печенье,Активный
2026-06-17,Печенье для собак,50.0,СПИРИ_26,Wednesday,Печенье,Активный
2026-06-21,Печенье для собак,50.0,СПИРИ_26,Sunday,Печенье,Активный
2026-06-30,Печенье для собак,15.0,СПИРИ_26,Tuesday,Печенье,Активный
2026-07-01,Печенье для собак,15.0,СПИРИ_26,Wednesday,Печенье,Активный
2026-07-02,Печенье для собак,15.0,СПИРИ_26,Thursday,Печенье,Активный
2026-07-03,Печенье для собак,15.0,СПИРИ_26,Friday,Печенье,Активный
2026-07-04,Печенье для собак,30.0,СПИРИ_26,Saturday,Печенье,Активный
2026-07-05,Печенье для собак,30.0,СПИРИ_26,Sunday,Печенье,Активный
2026-07-06,Печенье для собак,15.0,СПИРИ_26,Monday,Печенье,Активный
2026-07-07,Печенье для собак,15.0,СПИРИ_26,Tuesday,Печенье,Активный
2026-07-08,Печенье для собак,15.0,СПИРИ_26,Wednesday,Печенье,Активный
2026-07-09,Печенье для собак,15.0,СПИРИ_26,Thursday,Печенье,Активный
2026-07-10,Печенье для собак,15.0,СПИРИ_26,Friday,Печенье,Активный
2026-07-11,Печенье для собак,15.0,СПИРИ_26,Saturday,Печенье,Активный
2026-07-12,Печенье для собак,15.0,СПИРИ_26,Sunday,Печенье,Активный
2026-07-13,Печенье для собак,15.0,СПИРИ_26,Monday,Печенье,Активный
2026-07-14,Печенье для собак,15.0,СПИРИ_26,Tuesday,Печенье,Активный
2026-07-17,Печенье для собак,15.0,СПИРИ_26,Friday,Печенье,Активный
2026-07-21,Печенье для собак,15.0,СПИРИ_26,Tuesday,Печенье,Активный
2026-07-23,Печенье для собак,15.0,СПИРИ_26,Thursday,Печенье,Активный
2026-07-25,Печенье для собак,15.0,СПИРИ_26,Saturday,Печенье,Активный
2026-07-27,Печенье для собак,15.0,СПИРИ_26,Monday,Печенье,Активный
2026-07-28,Печенье для собак,15.0,СПИРИ_26,Tuesday,Печенье,Активный
2026-07-31,Печенье для собак,15.0,СПИРИ_26,Friday,Печенье,Активный
2026-08-01,Печенье для собак,15.0,СПИРИ_26,Saturday,Печенье,Активный
2026-08-03,Печенье для собак,15.0,СПИРИ_26,Monday,Печенье,Активный
2026-08-04,Печенье для собак,15.0,СПИРИ_26,Tuesday,Печенье,Активный
2026-08-05,Печенье для собак,15.0,СПИРИ_26,Wednesday,Печенье,Активный
2026-08-06,Печенье для собак,15.0,СПИРИ_26,Thursday,Печенье,Активный
2026-08-07,Печенье для собак,15.0,СПИРИ_26,Friday,Печенье,Активный
2026-08-08,Печенье для собак,15.0,СПИРИ_26,Saturday,Печенье,Активный
2026-08-09,Печенье для собак,15.0,СПИРИ_26,Sunday,Печенье,Активный
2026-08-10,Печенье для собак,15.0,СПИРИ_26,Monday,Печенье,Активный
2026-08-11,Печенье для собак,15.0,СПИРИ_26,Tuesday,Печенье,Активный
2026-08-12,Печенье для собак,15.0,СПИРИ_26,Wednesday,Печенье,Активный
2026-08-13,Печенье для собак,15.0,СПИРИ_26,Thursday,Печенье,Активный
2026-08-14,Печенье для собак,15.0,СПИРИ_26,Friday,Печенье,Активный
2026-08-15,Печенье для собак,15.0,СПИРИ_26,Saturday,Печенье,Активный
2026-08-16,Печенье для собак,15.0,СПИРИ_26,Sunday,Печенье,Активный
2026-08-17,Печенье для собак,15.0,СПИРИ_26,Monday,Печенье,Активный
2026-08-18,Печенье для собак,15.0,СПИРИ_26,Tuesday,Печенье,Активный
2026-08-19,Печенье для собак,15.0,СПИРИ_26,Wednesday,Печенье,Активный
2026-08-20,Печенье для собак,15.0,СПИРИ_26,Thursday,Печенье,Активный
2026-08-21,Печенье для собак,15.0,СПИРИ_26,Friday,Печенье,Активный
2026-08-22,Печенье для собак,15.0,СПИРИ_26,Saturday,Печенье,Активный
2026-08-23,Печенье для собак,15.0,СПИРИ_26,Sunday,Печенье,Активный
2026-08-25,Печенье для собак,15.0,СПИРИ_26,Tuesday,Печенье,Активный
2026-08-26,Печенье для собак,15.0,СПИРИ_26,Wednesday,Печенье,Активный
2026-08-27,Печенье для собак,15.0,СПИРИ_26,Thursday,Печенье,Активный
2026-08-28,Печенье для собак,15.0,СПИРИ_26,Friday,Печенье,Активный
2026-08-29,Печенье для собак,15.0,СПИРИ_26,Saturday,Печенье,Активный
2026-08-30,Печенье для собак,15.0,СПИРИ_26,Sunday,Печенье,Активный
2026-08-31,Печенье для собак,15.0,СПИРИ_26,Monday,Печенье,Активный
2026-07-01,Кимчи джем 200 г,8.0,СПИРИ_26,Wednesday,Полуфабрикаты,Активный
2026-08-05,Кимчи джем 200 г,4.0,СПИРИ_26,Wednesday,Полуфабрикаты,Активный
2026-06-01,Тесто Фокачча 1кг,5.0,СПИРИ_26,Monday,ПФ Тесто,пф
2026-06-02,Тесто Фокачча 1кг,5.0,СПИРИ_26,Tuesday,ПФ Тесто,пф
2026-06-03,Тесто Фокачча 1кг,5.0,СПИРИ_26,Wednesday,ПФ Тесто,пф
2026-06-04,Тесто Фокачча 1кг,5.0,СПИРИ_26,Thursday,ПФ Тесто,пф
2026-06-05,Тесто Фокачча 1кг,5.0,СПИРИ_26,Friday,ПФ Тесто,пф
2026-06-06,Тесто Фокачча 1кг,5.0,СПИРИ_26,Saturday,ПФ Тесто,пф
2026-06-07,Тесто Фокачча 1кг,5.0,СПИРИ_26,Sunday,ПФ Тесто,пф
2026-06-08,Тесто Фокачча 1кг,3.0,СПИРИ_26,Monday,ПФ Тесто,пф
2026-06-09,Тесто Фокачча 1кг,3.0,СПИРИ_26,Tuesday,ПФ Тесто,пф
2026-06-10,Тесто Фокачча 1кг,3.0,СПИРИ_26,Wednesday,ПФ Тесто,пф
2026-06-11,Тесто Фокачча 1кг,3.0,СПИРИ_26,Thursday,ПФ Тесто,пф
2026-06-12,Тесто Фокачча 1кг,3.0,СПИРИ_26,Friday,ПФ Тесто,пф
2026-06-13,Тесто Фокачча 1кг,3.0,СПИРИ_26,Saturday,ПФ Тесто,пф
2026-06-14,Тесто Фокачча 1кг,3.0,СПИРИ_26,Sunday,ПФ Тесто,пф
2026-06-15,Тесто Фокачча 1кг,3.0,СПИРИ_26,Monday,ПФ Тесто,пф
2026-06-16,Тесто Фокачча 1кг,2.0,СПИРИ_26,Tuesday,ПФ Тесто,пф
2026-06-17,Тесто Фокачча 1кг,2.0,СПИРИ_26,Wednesday,ПФ Тесто,пф
2026-06-18,Тесто Фокачча 1кг,2.0,СПИРИ_26,Thursday,ПФ Тесто,пф
2026-06-19,Тесто Фокачча 1кг,3.0,СПИРИ_26,Friday,ПФ Тесто,пф
2026-06-20,Тесто Фокачча 1кг,3.0,СПИРИ_26,Saturday,ПФ Тесто,пф
2026-06-21,Тесто Фокачча 1кг,3.0,СПИРИ_26,Sunday,ПФ Тесто,пф
2026-06-22,Тесто Фокачча 1кг,2.0,СПИРИ_26,Monday,ПФ Тесто,пф
2026-06-23,Тесто Фокачча 1кг,2.0,СПИРИ_26,Tuesday,ПФ Тесто,пф
2026-06-24,Тесто Фокачча 1кг,2.0,СПИРИ_26,Wednesday,ПФ Тесто,пф
2026-06-25,Тесто Фокачча 1кг,2.0,СПИРИ_26,Thursday,ПФ Тесто,пф
2026-06-26,Тесто Фокачча 1кг,2.0,СПИРИ_26,Friday,ПФ Тесто,пф
2026-06-27,Тесто Фокачча 1кг,10.0,СПИРИ_26,Saturday,ПФ Тесто,пф
2026-06-28,Тесто Фокачча 1кг,6.0,СПИРИ_26,Sunday,ПФ Тесто,пф
2026-06-29,Тесто Фокачча 1кг,2.0,СПИРИ_26,Monday,ПФ Тесто,пф
2026-06-30,Тесто Фокачча 1кг,2.0,СПИРИ_26,Tuesday,ПФ Тесто,пф
2026-07-01,Тесто Фокачча 1кг,2.0,СПИРИ_26,Wednesday,ПФ Тесто,пф
2026-07-02,Тесто Фокачча 1кг,2.0,СПИРИ_26,Thursday,ПФ Тесто,пф
2026-07-03,Тесто Фокачча 1кг,2.0,СПИРИ_26,Friday,ПФ Тесто,пф
2026-07-04,Тесто Фокачча 1кг,4.0,СПИРИ_26,Saturday,ПФ Тесто,пф
2026-07-05,Тесто Фокачча 1кг,2.0,СПИРИ_26,Sunday,ПФ Тесто,пф
2026-07-07,Тесто Фокачча 1кг,3.0,СПИРИ_26,Tuesday,ПФ Тесто,пф
2026-07-08,Тесто Фокачча 1кг,3.0,СПИРИ_26,Wednesday,ПФ Тесто,пф
2026-07-09,Тесто Фокачча 1кг,2.0,СПИРИ_26,Thursday,ПФ Тесто,пф
2026-07-10,Тесто Фокачча 1кг,2.0,СПИРИ_26,Friday,ПФ Тесто,пф
2026-07-11,Тесто Фокачча 1кг,4.0,СПИРИ_26,Saturday,ПФ Тесто,пф
2026-07-12,Тесто Фокачча 1кг,2.0,СПИРИ_26,Sunday,ПФ Тесто,пф
2026-07-13,Тесто Фокачча 1кг,2.0,СПИРИ_26,Monday,ПФ Тесто,пф
2026-07-14,Тесто Фокачча 1кг,2.0,СПИРИ_26,Tuesday,ПФ Тесто,пф
2026-07-15,Тесто Фокачча 1кг,2.0,СПИРИ_26,Wednesday,ПФ Тесто,пф
2026-07-16,Тесто Фокачча 1кг,2.0,СПИРИ_26,Thursday,ПФ Тесто,пф
2026-07-17,Тесто Фокачча 1кг,2.0,СПИРИ_26,Friday,ПФ Тесто,пф
2026-07-18,Тесто Фокачча 1кг,2.0,СПИРИ_26,Saturday,ПФ Тесто,пф
2026-07-19,Тесто Фокачча 1кг,2.0,СПИРИ_26,Sunday,ПФ Тесто,пф
2026-07-20,Тесто Фокачча 1кг,2.0,СПИРИ_26,Monday,ПФ Тесто,пф
2026-07-21,Тесто Фокачча 1кг,2.0,СПИРИ_26,Tuesday,ПФ Тесто,пф
2026-07-22,Тесто Фокачча 1кг,2.0,СПИРИ_26,Wednesday,ПФ Тесто,пф
2026-07-23,Тесто Фокачча 1кг,2.0,СПИРИ_26,Thursday,ПФ Тесто,пф
2026-07-24,Тесто Фокачча 1кг,2.0,СПИРИ_26,Friday,ПФ Тесто,пф
2026-07-25,Тесто Фокачча 1кг,2.0,СПИРИ_26,Saturday,ПФ Тесто,пф
2026-07-26,Тесто Фокачча 1кг,2.0,СПИРИ_26,Sunday,ПФ Тесто,пф
2026-07-27,Тесто Фокачча 1кг,2.0,СПИРИ_26,Monday,ПФ Тесто,пф
2026-07-28,Тесто Фокачча 1кг,2.0,СПИРИ_26,Tuesday,ПФ Тесто,пф
2026-07-31,Тесто Фокачча 1кг,2.0,СПИРИ_26,Friday,ПФ Тесто,пф
2026-08-01,Тесто Фокачча 1кг,2.0,СПИРИ_26,Saturday,ПФ Тесто,пф
2026-08-02,Тесто Фокачча 1кг,2.0,СПИРИ_26,Sunday,ПФ Тесто,пф
2026-08-03,Тесто Фокачча 1кг,2.0,СПИРИ_26,Monday,ПФ Тесто,пф
2026-08-04,Тесто Фокачча 1кг,2.0,СПИРИ_26,Tuesday,ПФ Тесто,пф
2026-08-05,Тесто Фокачча 1кг,2.0,СПИРИ_26,Wednesday,ПФ Тесто,пф
2026-08-06,Тесто Фокачча 1кг,2.0,СПИРИ_26,Thursday,ПФ Тесто,пф
2026-08-07,Тесто Фокачча 1кг,2.0,СПИРИ_26,Friday,ПФ Тесто,пф
2026-08-08,Тесто Фокачча 1кг,2.0,СПИРИ_26,Saturday,ПФ Тесто,пф
2026-08-09,Тесто Фокачча 1кг,2.0,СПИРИ_26,Sunday,ПФ Тесто,пф
2026-08-10,Тесто Фокачча 1кг,2.0,СПИРИ_26,Monday,ПФ Тесто,пф
2026-08-11,Тесто Фокачча 1кг,3.0,СПИРИ_26,Tuesday,ПФ Тесто,пф
2026-08-12,Тесто Фокачча 1кг,3.0,СПИРИ_26,Wednesday,ПФ Тесто,пф
2026-08-13,Тесто Фокачча 1кг,3.0,СПИРИ_26,Thursday,ПФ Тесто,пф
2026-08-14,Тесто Фокачча 1кг,3.0,СПИРИ_26,Friday,ПФ Тесто,пф
2026-08-15,Тесто Фокачча 1кг,3.0,СПИРИ_26,Saturday,ПФ Тесто,пф
2026-08-16,Тесто Фокачча 1кг,3.0,СПИРИ_26,Sunday,ПФ Тесто,пф
2026-08-17,Тесто Фокачча 1кг,2.0,СПИРИ_26,Monday,ПФ Тесто,пф
2026-08-18,Тесто Фокачча 1кг,2.0,СПИРИ_26,Tuesday,ПФ Тесто,пф
2026-08-19,Тесто Фокачча 1кг,2.0,СПИРИ_26,Wednesday,ПФ Тесто,пф
2026-08-20,Тесто Фокачча 1кг,2.0,СПИРИ_26,Thursday,ПФ Тесто,пф
2026-08-21,Тесто Фокачча 1кг,2.0,СПИРИ_26,Friday,ПФ Тесто,пф
2026-08-22,Тесто Фокачча 1кг,2.0,СПИРИ_26,Saturday,ПФ Тесто,пф
2026-08-23,Тесто Фокачча 1кг,2.0,СПИРИ_26,Sunday,ПФ Тесто,пф
2026-08-24,Тесто Фокачча 1кг,2.0,СПИРИ_26,Monday,ПФ Тесто,пф
2026-08-25,Тесто Фокачча 1кг,2.0,СПИРИ_26,Tuesday,ПФ Тесто,пф
2026-08-26,Тесто Фокачча 1кг,2.0,СПИРИ_26,Wednesday,ПФ Тесто,пф
2026-08-27,Тесто Фокачча 1кг,2.0,СПИРИ_26,Thursday,ПФ Тесто,пф
2026-08-28,Тесто Фокачча 1кг,2.0,СПИРИ_26,Friday,ПФ Тесто,пф
2026-08-29,Тесто Фокачча 1кг,2.0,СПИРИ_26,Saturday,ПФ Тесто,пф
2026-08-30,Тесто Фокачча 1кг,2.0,СПИРИ_26,Sunday,ПФ Тесто,пф
2026-08-31,Тесто Фокачча 1кг,2.0,СПИРИ_26,Monday,ПФ Тесто,пф
2026-06-01,Тесто Бриошь 1кг,2.0,СПИРИ_26,Monday,ПФ Тесто,пф
2026-06-03,Тесто Бриошь 1кг,2.0,СПИРИ_26,Wednesday,ПФ Тесто,пф
2026-06-05,Тесто Бриошь 1кг,2.0,СПИРИ_26,Friday,ПФ Тесто,пф
2026-06-07,Тесто Бриошь 1кг,2.0,СПИРИ_26,Sunday,ПФ Тесто,пф
2026-06-09,Тесто Бриошь 1кг,2.0,СПИРИ_26,Tuesday,ПФ Тесто,пф
2026-06-11,Тесто Бриошь 1кг,2.0,СПИРИ_26,Thursday,ПФ Тесто,пф
2026-06-12,Тесто Бриошь 1кг,2.0,СПИРИ_26,Friday,ПФ Тесто,пф
2026-06-13,Тесто Бриошь 1кг,2.0,СПИРИ_26,Saturday,ПФ Тесто,пф
2026-06-15,Тесто Бриошь 1кг,2.0,СПИРИ_26,Monday,ПФ Тесто,пф
2026-06-16,Тесто Бриошь 1кг,1.0,СПИРИ_26,Tuesday,ПФ Тесто,пф
2026-06-17,Тесто Бриошь 1кг,2.0,СПИРИ_26,Wednesday,ПФ Тесто,пф
2026-06-18,Тесто Бриошь 1кг,2.0,СПИРИ_26,Thursday,ПФ Тесто,пф
2026-06-19,Тесто Бриошь 1кг,2.0,СПИРИ_26,Friday,ПФ Тесто,пф
2026-06-20,Тесто Бриошь 1кг,2.0,СПИРИ_26,Saturday,ПФ Тесто,пф
2026-06-21,Тесто Бриошь 1кг,2.0,СПИРИ_26,Sunday,ПФ Тесто,пф
2026-06-22,Тесто Бриошь 1кг,2.0,СПИРИ_26,Monday,ПФ Тесто,пф
2026-06-23,Тесто Бриошь 1кг,2.0,СПИРИ_26,Tuesday,ПФ Тесто,пф
2026-06-24,Тесто Бриошь 1кг,2.0,СПИРИ_26,Wednesday,ПФ Тесто,пф
2026-06-25,Тесто Бриошь 1кг,2.0,СПИРИ_26,Thursday,ПФ Тесто,пф
2026-06-26,Тесто Бриошь 1кг,3.0,СПИРИ_26,Friday,ПФ Тесто,пф
2026-06-27,Тесто Бриошь 1кг,2.0,СПИРИ_26,Saturday,ПФ Тесто,пф
2026-06-28,Тесто Бриошь 1кг,2.0,СПИРИ_26,Sunday,ПФ Тесто,пф
2026-06-29,Тесто Бриошь 1кг,2.0,СПИРИ_26,Monday,ПФ Тесто,пф
2026-06-30,Тесто Бриошь 1кг,2.0,СПИРИ_26,Tuesday,ПФ Тесто,пф
2026-07-01,Тесто Бриошь 1кг,2.0,СПИРИ_26,Wednesday,ПФ Тесто,пф
2026-07-02,Тесто Бриошь 1кг,2.0,СПИРИ_26,Thursday,ПФ Тесто,пф
2026-07-03,Тесто Бриошь 1кг,3.0,СПИРИ_26,Friday,ПФ Тесто,пф
2026-07-04,Тесто Бриошь 1кг,2.0,СПИРИ_26,Saturday,ПФ Тесто,пф
2026-07-05,Тесто Бриошь 1кг,2.0,СПИРИ_26,Sunday,ПФ Тесто,пф
2026-07-07,Тесто Бриошь 1кг,2.0,СПИРИ_26,Tuesday,ПФ Тесто,пф
2026-07-08,Тесто Бриошь 1кг,2.0,СПИРИ_26,Wednesday,ПФ Тесто,пф
2026-07-09,Тесто Бриошь 1кг,2.0,СПИРИ_26,Thursday,ПФ Тесто,пф
2026-07-10,Тесто Бриошь 1кг,2.0,СПИРИ_26,Friday,ПФ Тесто,пф
2026-07-11,Тесто Бриошь 1кг,2.0,СПИРИ_26,Saturday,ПФ Тесто,пф
2026-07-12,Тесто Бриошь 1кг,2.0,СПИРИ_26,Sunday,ПФ Тесто,пф
2026-07-13,Тесто Бриошь 1кг,2.0,СПИРИ_26,Monday,ПФ Тесто,пф
2026-07-14,Тесто Бриошь 1кг,1.0,СПИРИ_26,Tuesday,ПФ Тесто,пф
2026-07-15,Тесто Бриошь 1кг,1.0,СПИРИ_26,Wednesday,ПФ Тесто,пф
2026-07-16,Тесто Бриошь 1кг,1.0,СПИРИ_26,Thursday,ПФ Тесто,пф
2026-07-17,Тесто Бриошь 1кг,1.0,СПИРИ_26,Friday,ПФ Тесто,пф
2026-07-18,Тесто Бриошь 1кг,1.0,СПИРИ_26,Saturday,ПФ Тесто,пф
2026-07-19,Тесто Бриошь 1кг,1.0,СПИРИ_26,Sunday,ПФ Тесто,пф
2026-07-20,Тесто Бриошь 1кг,1.0,СПИРИ_26,Monday,ПФ Тесто,пф
2026-07-21,Тесто Бриошь 1кг,1.0,СПИРИ_26,Tuesday,ПФ Тесто,пф
2026-07-22,Тесто Бриошь 1кг,1.0,СПИРИ_26,Wednesday,ПФ Тесто,пф
2026-07-23,Тесто Бриошь 1кг,1.0,СПИРИ_26,Thursday,ПФ Тесто,пф
2026-07-24,Тесто Бриошь 1кг,1.0,СПИРИ_26,Friday,ПФ Тесто,пф
2026-07-25,Тесто Бриошь 1кг,1.0,СПИРИ_26,Saturday,ПФ Тесто,пф
2026-07-26,Тесто Бриошь 1кг,1.0,СПИРИ_26,Sunday,ПФ Тесто,пф
2026-07-27,Тесто Бриошь 1кг,1.0,СПИРИ_26,Monday,ПФ Тесто,пф
2026-07-28,Тесто Бриошь 1кг,1.0,СПИРИ_26,Tuesday,ПФ Тесто,пф
2026-07-31,Тесто Бриошь 1кг,1.0,СПИРИ_26,Friday,ПФ Тесто,пф
2026-08-01,Тесто Бриошь 1кг,1.0,СПИРИ_26,Saturday,ПФ Тесто,пф
2026-08-02,Тесто Бриошь 1кг,1.0,СПИРИ_26,Sunday,ПФ Тесто,пф
2026-08-03,Тесто Бриошь 1кг,1.0,СПИРИ_26,Monday,ПФ Тесто,пф
2026-08-04,Тесто Бриошь 1кг,1.0,СПИРИ_26,Tuesday,ПФ Тесто,пф
2026-08-05,Тесто Бриошь 1кг,1.0,СПИРИ_26,Wednesday,ПФ Тесто,пф
2026-08-06,Тесто Бриошь 1кг,1.0,СПИРИ_26,Thursday,ПФ Тесто,пф
2026-08-07,Тесто Бриошь 1кг,1.0,СПИРИ_26,Friday,ПФ Тесто,пф
2026-08-08,Тесто Бриошь 1кг,1.0,СПИРИ_26,Saturday,ПФ Тесто,пф
2026-08-09,Тесто Бриошь 1кг,1.0,СПИРИ_26,Sunday,ПФ Тесто,пф
2026-08-10,Тесто Бриошь 1кг,1.0,СПИРИ_26,Monday,ПФ Тесто,пф
2026-08-11,Тесто Бриошь 1кг,1.0,СПИРИ_26,Tuesday,ПФ Тесто,пф
2026-08-12,Тесто Бриошь 1кг,1.0,СПИРИ_26,Wednesday,ПФ Тесто,пф
2026-08-13,Тесто Бриошь 1кг,1.0,СПИРИ_26,Thursday,ПФ Тесто,пф
2026-08-14,Тесто Бриошь 1кг,1.0,СПИРИ_26,Friday,ПФ Тесто,пф
2026-08-15,Тесто Бриошь 1кг,0.0,СПИРИ_26,Saturday,ПФ Тесто,пф
2026-08-16,Тесто Бриошь 1кг,0.0,СПИРИ_26,Sunday,ПФ Тесто,пф
2026-08-17,Тесто Бриошь 1кг,1.0,СПИРИ_26,Monday,ПФ Тесто,пф
2026-08-18,Тесто Бриошь 1кг,1.0,СПИРИ_26,Tuesday,ПФ Тесто,пф
2026-08-19,Тесто Бриошь 1кг,1.0,СПИРИ_26,Wednesday,ПФ Тесто,пф
2026-08-20,Тесто Бриошь 1кг,1.0,СПИРИ_26,Thursday,ПФ Тесто,пф
2026-08-21,Тесто Бриошь 1кг,1.0,СПИРИ_26,Friday,ПФ Тесто,пф
2026-08-22,Тесто Бриошь 1кг,1.0,СПИРИ_26,Saturday,ПФ Тесто,пф
2026-08-23,Тесто Бриошь 1кг,1.0,СПИРИ_26,Sunday,ПФ Тесто,пф
2026-08-24,Тесто Бриошь 1кг,1.0,СПИРИ_26,Monday,ПФ Тесто,пф
2026-08-25,Тесто Бриошь 1кг,1.0,СПИРИ_26,Tuesday,ПФ Тесто,пф
2026-08-26,Тесто Бриошь 1кг,1.0,СПИРИ_26,Wednesday,ПФ Тесто,пф
2026-08-27,Тесто Бриошь 1кг,1.0,СПИРИ_26,Thursday,ПФ Тесто,пф
2026-08-28,Тесто Бриошь 1кг,1.0,СПИРИ_26,Friday,ПФ Тесто,пф
2026-08-29,Тесто Бриошь 1кг,1.0,СПИРИ_26,Saturday,ПФ Тесто,пф
2026-08-30,Тесто Бриошь 1кг,1.0,СПИРИ_26,Sunday,ПФ Тесто,пф
2026-08-31,Тесто Бриошь 1кг,1.0,СПИРИ_26,Monday,ПФ Тесто,пф
2026-06-15,ПФ Булка кардамон,30.0,СПИРИ_26,Monday,Пф Булки,пф
2026-06-16,ПФ Булка кардамон,30.0,СПИРИ_26,Tuesday,Пф Булки,пф
2026-06-18,ПФ Булка кардамон,20.0,СПИРИ_26,Thursday,Пф Булки,пф
2026-06-22,ПФ Булка кардамон,20.0,СПИРИ_26,Monday,Пф Булки,пф
2026-06-25,ПФ Булка кардамон,10.0,СПИРИ_26,Thursday,Пф Булки,пф
2026-06-27,ПФ Булка кардамон,25.0,СПИРИ_26,Saturday,Пф Булки,пф
2026-06-28,ПФ Булка кардамон,15.0,СПИРИ_26,Sunday,Пф Булки,пф
2026-06-29,ПФ Булка кардамон,10.0,СПИРИ_26,Monday,Пф Булки,пф
2026-07-02,ПФ Булка кардамон,20.0,СПИРИ_26,Thursday,Пф Булки,пф
2026-07-04,ПФ Булка кардамон,20.0,СПИРИ_26,Saturday,Пф Булки,пф
2026-07-07,ПФ Булка кардамон,25.0,СПИРИ_26,Tuesday,Пф Булки,пф
2026-07-10,ПФ Булка кардамон,30.0,СПИРИ_26,Friday,Пф Булки,пф
2026-07-14,ПФ Булка кардамон,25.0,СПИРИ_26,Tuesday,Пф Булки,пф
2026-07-17,ПФ Булка кардамон,30.0,СПИРИ_26,Friday,Пф Булки,пф
2026-07-21,ПФ Булка кардамон,25.0,СПИРИ_26,Tuesday,Пф Булки,пф
2026-07-24,ПФ Булка кардамон,30.0,СПИРИ_26,Friday,Пф Булки,пф
2026-07-28,ПФ Булка кардамон,25.0,СПИРИ_26,Tuesday,Пф Булки,пф
2026-07-31,ПФ Булка кардамон,30.0,СПИРИ_26,Friday,Пф Булки,пф
2026-08-04,ПФ Булка кардамон,25.0,СПИРИ_26,Tuesday,Пф Булки,пф
2026-08-07,ПФ Булка кардамон,30.0,СПИРИ_26,Friday,Пф Булки,пф
2026-08-11,ПФ Булка кардамон,25.0,СПИРИ_26,Tuesday,Пф Булки,пф
2026-08-14,ПФ Булка кардамон,30.0,СПИРИ_26,Friday,Пф Булки,пф
2026-08-21,ПФ Булка кардамон,30.0,СПИРИ_26,Friday,Пф Булки,пф
2026-08-25,ПФ Булка кардамон,30.0,СПИРИ_26,Tuesday,Пф Булки,пф
2026-06-08,ПФ Булка корица,30.0,СПИРИ_26,Monday,ПФ Булки,пф
2026-06-11,ПФ Булка корица,15.0,СПИРИ_26,Thursday,ПФ Булки,пф
2026-06-13,ПФ Булка корица,10.0,СПИРИ_26,Saturday,ПФ Булки,пф
2026-06-18,ПФ Булка корица,25.0,СПИРИ_26,Thursday,ПФ Булки,пф
2026-06-22,ПФ Булка корица,20.0,СПИРИ_26,Monday,ПФ Булки,пф
2026-06-25,ПФ Булка корица,20.0,СПИРИ_26,Thursday,ПФ Булки,пф
2026-06-27,ПФ Булка корица,25.0,СПИРИ_26,Saturday,ПФ Булки,пф
2026-06-28,ПФ Булка корица,15.0,СПИРИ_26,Sunday,ПФ Булки,пф
2026-06-29,ПФ Булка корица,10.0,СПИРИ_26,Monday,ПФ Булки,пф
2026-07-02,ПФ Булка корица,20.0,СПИРИ_26,Thursday,ПФ Булки,пф
2026-07-04,ПФ Булка корица,20.0,СПИРИ_26,Saturday,ПФ Булки,пф
2026-07-07,ПФ Булка корица,25.0,СПИРИ_26,Tuesday,ПФ Булки,пф
2026-07-10,ПФ Булка корица,30.0,СПИРИ_26,Friday,ПФ Булки,пф
2026-07-14,ПФ Булка корица,25.0,СПИРИ_26,Tuesday,ПФ Булки,пф
2026-07-17,ПФ Булка корица,30.0,СПИРИ_26,Friday,ПФ Булки,пф
2026-07-21,ПФ Булка корица,25.0,СПИРИ_26,Tuesday,ПФ Булки,пф
2026-07-24,ПФ Булка корица,30.0,СПИРИ_26,Friday,ПФ Булки,пф
2026-07-28,ПФ Булка корица,25.0,СПИРИ_26,Tuesday,ПФ Булки,пф
2026-07-31,ПФ Булка корица,30.0,СПИРИ_26,Friday,ПФ Булки,пф
2026-08-04,ПФ Булка корица,25.0,СПИРИ_26,Tuesday,ПФ Булки,пф
2026-08-07,ПФ Булка корица,30.0,СПИРИ_26,Friday,ПФ Булки,пф
2026-08-11,ПФ Булка корица,25.0,СПИРИ_26,Tuesday,ПФ Булки,пф
2026-08-14,ПФ Булка корица,30.0,СПИРИ_26,Friday,ПФ Булки,пф
2026-08-21,ПФ Булка корица,30.0,СПИРИ_26,Friday,ПФ Булки,пф
2026-08-25,ПФ Булка корица,30.0,СПИРИ_26,Tuesday,ПФ Булки,пф
2026-06-08,ПФ Булка тхина,15.0,СПИРИ_26,Monday,ПФ Булки,пф
2026-06-11,ПФ Булка тхина,15.0,СПИРИ_26,Thursday,ПФ Булки,пф
2026-06-13,ПФ Булка тхина,10.0,СПИРИ_26,Saturday,ПФ Булки,пф
2026-06-18,ПФ Булка тхина,25.0,СПИРИ_26,Thursday,ПФ Булки,пф
2026-06-25,ПФ Булка тхина,20.0,СПИРИ_26,Thursday,ПФ Булки,пф
2026-06-27,ПФ Булка тхина,25.0,СПИРИ_26,Saturday,ПФ Булки,пф
2026-06-28,ПФ Булка тхина,15.0,СПИРИ_26,Sunday,ПФ Булки,пф
2026-06-29,ПФ Булка тхина,10.0,СПИРИ_26,Monday,ПФ Булки,пф
2026-07-02,ПФ Булка тхина,20.0,СПИРИ_26,Thursday,ПФ Булки,пф
2026-07-07,ПФ Булка тхина,20.0,СПИРИ_26,Tuesday,ПФ Булки,пф
2026-07-10,ПФ Булка тхина,20.0,СПИРИ_26,Friday,ПФ Булки,пф
2026-07-14,ПФ Булка тхина,25.0,СПИРИ_26,Tuesday,ПФ Булки,пф
2026-07-17,ПФ Булка тхина,20.0,СПИРИ_26,Friday,ПФ Булки,пф
2026-07-21,ПФ Булка тхина,25.0,СПИРИ_26,Tuesday,ПФ Булки,пф
2026-07-24,ПФ Булка тхина,25.0,СПИРИ_26,Friday,ПФ Булки,пф
2026-07-28,ПФ Булка тхина,25.0,СПИРИ_26,Tuesday,ПФ Булки,пф
2026-07-31,ПФ Булка тхина,25.0,СПИРИ_26,Friday,ПФ Булки,пф
2026-06-08,ПФ Круассан,20.0,СПИРИ_26,Monday,Полуфабрикаты,пф
2026-06-10,ПФ Круассан,30.0,СПИРИ_26,Wednesday,Полуфабрикаты,пф
2026-06-13,ПФ Круассан,10.0,СПИРИ_26,Saturday,Полуфабрикаты,пф
2026-06-15,ПФ Круассан,30.0,СПИРИ_26,Monday,Полуфабрикаты,пф
2026-06-16,ПФ Круассан,30.0,СПИРИ_26,Tuesday,Полуфабрикаты,пф
2026-06-18,ПФ Круассан,30.0,СПИРИ_26,Thursday,Полуфабрикаты,пф
2026-06-20,ПФ Круассан,20.0,СПИРИ_26,Saturday,Полуфабрикаты,пф
2026-06-22,ПФ Круассан,20.0,СПИРИ_26,Monday,Полуфабрикаты,пф
2026-06-25,ПФ Круассан,20.0,СПИРИ_26,Thursday,Полуфабрикаты,пф
2026-06-27,ПФ Круассан,25.0,СПИРИ_26,Saturday,Полуфабрикаты,пф
2026-06-28,ПФ Круассан,15.0,СПИРИ_26,Sunday,Полуфабрикаты,пф
2026-06-29,ПФ Круассан,10.0,СПИРИ_26,Monday,Полуфабрикаты,пф
2026-07-02,ПФ Круассан,20.0,СПИРИ_26,Thursday,Полуфабрикаты,пф
2026-07-14,ПФ Круассан,20.0,СПИРИ_26,Tuesday,Полуфабрикаты,пф
2026-07-21,ПФ Круассан,25.0,СПИРИ_26,Tuesday,Полуфабрикаты,пф
2026-07-24,ПФ Круассан,15.0,СПИРИ_26,Friday,Полуфабрикаты,пф
2026-07-28,ПФ Круассан,20.0,СПИРИ_26,Tuesday,Полуфабрикаты,пф
2026-07-31,ПФ Круассан,20.0,СПИРИ_26,Friday,Полуфабрикаты,пф
2026-08-04,ПФ Круассан,20.0,СПИРИ_26,Tuesday,Полуфабрикаты,пф
2026-08-07,ПФ Круассан,20.0,СПИРИ_26,Friday,Полуфабрикаты,пф
2026-08-11,ПФ Круассан,15.0,СПИРИ_26,Tuesday,Полуфабрикаты,пф
2026-08-14,ПФ Круассан,15.0,СПИРИ_26,Friday,Полуфабрикаты,пф
2026-06-08,ПФ Даниш,15.0,СПИРИ_26,Monday,ПФ Выпечка,пф
2026-06-10,ПФ Даниш,25.0,СПИРИ_26,Wednesday,ПФ Выпечка,пф
2026-06-13,ПФ Даниш,5.0,СПИРИ_26,Saturday,ПФ Выпечка,пф
2026-06-18,ПФ Даниш,15.0,СПИРИ_26,Thursday,ПФ Выпечка,пф
2026-06-22,ПФ Даниш,30.0,СПИРИ_26,Monday,ПФ Выпечка,пф
2026-06-27,ПФ Даниш,25.0,СПИРИ_26,Saturday,ПФ Выпечка,пф
2026-06-28,ПФ Даниш,15.0,СПИРИ_26,Sunday,ПФ Выпечка,пф
2026-06-29,ПФ Даниш,10.0,СПИРИ_26,Monday,ПФ Выпечка,пф
2026-07-02,ПФ Даниш,30.0,СПИРИ_26,Thursday,ПФ Выпечка,пф
2026-07-04,ПФ Даниш,30.0,СПИРИ_26,Saturday,ПФ Выпечка,пф
2026-07-07,ПФ Даниш,25.0,СПИРИ_26,Tuesday,ПФ Выпечка,пф
2026-07-10,ПФ Даниш,25.0,СПИРИ_26,Friday,ПФ Выпечка,пф
2026-07-14,ПФ Даниш,15.0,СПИРИ_26,Tuesday,ПФ Выпечка,пф
2026-07-17,ПФ Даниш,25.0,СПИРИ_26,Friday,ПФ Выпечка,пф
2026-07-21,ПФ Даниш,15.0,СПИРИ_26,Tuesday,ПФ Выпечка,пф
2026-07-28,ПФ Даниш,15.0,СПИРИ_26,Tuesday,ПФ Выпечка,пф
2026-07-31,ПФ Даниш,15.0,СПИРИ_26,Friday,ПФ Выпечка,пф
2026-08-04,ПФ Даниш,15.0,СПИРИ_26,Tuesday,ПФ Выпечка,пф
2026-08-07,ПФ Даниш,20.0,СПИРИ_26,Friday,ПФ Выпечка,пф
2026-08-11,ПФ Даниш,15.0,СПИРИ_26,Tuesday,ПФ Выпечка,пф
2026-08-14,ПФ Даниш,20.0,СПИРИ_26,Friday,ПФ Выпечка,пф
2026-08-21,ПФ Даниш,25.0,СПИРИ_26,Friday,ПФ Выпечка,пф
2026-08-25,ПФ Даниш,20.0,СПИРИ_26,Tuesday,ПФ Выпечка,пф
2026-06-11,ПФ Аманн,12.0,СПИРИ_26,Thursday,ПФ Выпечка,пф
2026-06-13,ПФ Аманн,10.0,СПИРИ_26,Saturday,ПФ Выпечка,пф
2026-06-18,ПФ Аманн,20.0,СПИРИ_26,Thursday,ПФ Выпечка,пф
2026-06-20,ПФ Аманн,20.0,СПИРИ_26,Saturday,ПФ Выпечка,пф
2026-06-22,ПФ Аманн,40.0,СПИРИ_26,Monday,ПФ Выпечка,пф
2026-06-25,ПФ Аманн,10.0,СПИРИ_26,Thursday,ПФ Выпечка,пф
2026-06-27,ПФ Аманн,25.0,СПИРИ_26,Saturday,ПФ Выпечка,пф
2026-06-28,ПФ Аманн,15.0,СПИРИ_26,Sunday,ПФ Выпечка,пф
2026-06-29,ПФ Аманн,10.0,СПИРИ_26,Monday,ПФ Выпечка,пф
2026-07-02,ПФ Аманн,10.0,СПИРИ_26,Thursday,ПФ Выпечка,пф
2026-07-04,ПФ Аманн,30.0,СПИРИ_26,Saturday,ПФ Выпечка,пф
2026-07-07,ПФ Аманн,25.0,СПИРИ_26,Tuesday,ПФ Выпечка,пф
2026-07-10,ПФ Аманн,25.0,СПИРИ_26,Friday,ПФ Выпечка,пф
2026-07-14,ПФ Аманн,25.0,СПИРИ_26,Tuesday,ПФ Выпечка,пф
2026-07-17,ПФ Аманн,25.0,СПИРИ_26,Friday,ПФ Выпечка,пф
2026-07-21,ПФ Аманн,25.0,СПИРИ_26,Tuesday,ПФ Выпечка,пф
2026-07-24,ПФ Аманн,25.0,СПИРИ_26,Friday,ПФ Выпечка,пф
2026-07-28,ПФ Аманн,25.0,СПИРИ_26,Tuesday,ПФ Выпечка,пф
2026-07-31,ПФ Аманн,25.0,СПИРИ_26,Friday,ПФ Выпечка,пф
2026-08-04,ПФ Аманн,25.0,СПИРИ_26,Tuesday,ПФ Выпечка,пф
2026-08-07,ПФ Аманн,25.0,СПИРИ_26,Friday,ПФ Выпечка,пф
2026-08-11,ПФ Аманн,25.0,СПИРИ_26,Tuesday,ПФ Выпечка,пф
2026-08-14,ПФ Аманн,25.0,СПИРИ_26,Friday,ПФ Выпечка,пф
2026-08-18,ПФ Аманн,30.0,СПИРИ_26,Tuesday,ПФ Выпечка,пф
2026-08-21,ПФ Аманн,30.0,СПИРИ_26,Friday,ПФ Выпечка,пф
2026-08-25,ПФ Аманн,30.0,СПИРИ_26,Tuesday,ПФ Выпечка,пф
2026-08-28,ПФ Аманн,30.0,СПИРИ_26,Friday,ПФ Выпечка,пф
2026-06-11,ПФ Морнинг бан жасмин,12.0,СПИРИ_26,Thursday,ПФ Выпечка,пф
2026-06-13,ПФ Морнинг бан жасмин,10.0,СПИРИ_26,Saturday,ПФ Выпечка,пф
2026-06-15,ПФ Морнинг бан жасмин,10.0,СПИРИ_26,Monday,ПФ Выпечка,пф
2026-06-16,ПФ Морнинг бан жасмин,20.0,СПИРИ_26,Tuesday,ПФ Выпечка,пф
2026-06-18,ПФ Морнинг бан жасмин,10.0,СПИРИ_26,Thursday,ПФ Выпечка,пф
2026-06-22,ПФ Морнинг бан жасмин,20.0,СПИРИ_26,Monday,ПФ Выпечка,пф
2026-06-25,ПФ Морнинг бан жасмин,10.0,СПИРИ_26,Thursday,ПФ Выпечка,пф
2026-06-27,ПФ Морнинг бан жасмин,25.0,СПИРИ_26,Saturday,ПФ Выпечка,пф
2026-06-28,ПФ Морнинг бан жасмин,15.0,СПИРИ_26,Sunday,ПФ Выпечка,пф
2026-07-02,ПФ Морнинг бан жасмин,10.0,СПИРИ_26,Thursday,ПФ Выпечка,пф
2026-07-21,ПФ Морнинг бан жасмин,20.0,СПИРИ_26,Tuesday,ПФ Выпечка,пф
2026-07-24,ПФ Морнинг бан жасмин,10.0,СПИРИ_26,Friday,ПФ Выпечка,пф
2026-07-28,ПФ Морнинг бан жасмин,20.0,СПИРИ_26,Tuesday,ПФ Выпечка,пф
2026-07-31,ПФ Морнинг бан жасмин,15.0,СПИРИ_26,Friday,ПФ Выпечка,пф
2026-08-04,ПФ Морнинг бан жасмин,20.0,СПИРИ_26,Tuesday,ПФ Выпечка,пф
2026-08-11,ПФ Морнинг бан жасмин,25.0,СПИРИ_26,Tuesday,ПФ Выпечка,пф
2026-08-21,ПФ Морнинг бан жасмин,20.0,СПИРИ_26,Friday,ПФ Выпечка,пф
2026-08-25,ПФ Морнинг бан жасмин,10.0,СПИРИ_26,Tuesday,ПФ Выпечка,пф
2026-06-08,ПФ печенье шоколад-соль,15.0,СПИРИ_26,Monday,ПФ Печенье,пф
2026-06-10,ПФ печенье шоколад-соль,40.0,СПИРИ_26,Wednesday,ПФ Печенье,пф
2026-06-13,ПФ печенье шоколад-соль,40.0,СПИРИ_26,Saturday,ПФ Печенье,пф
2026-06-15,ПФ печенье шоколад-соль,40.0,СПИРИ_26,Monday,ПФ Печенье,пф
2026-06-16,ПФ печенье шоколад-соль,30.0,СПИРИ_26,Tuesday,ПФ Печенье,пф
2026-06-18,ПФ печенье шоколад-соль,40.0,СПИРИ_26,Thursday,ПФ Печенье,пф
2026-06-20,ПФ печенье шоколад-соль,20.0,СПИРИ_26,Saturday,ПФ Печенье,пф
2026-06-22,ПФ печенье шоколад-соль,50.0,СПИРИ_26,Monday,ПФ Печенье,пф
2026-06-25,ПФ печенье шоколад-соль,20.0,СПИРИ_26,Thursday,ПФ Печенье,пф
2026-06-27,ПФ печенье шоколад-соль,25.0,СПИРИ_26,Saturday,ПФ Печенье,пф
2026-06-28,ПФ печенье шоколад-соль,15.0,СПИРИ_26,Sunday,ПФ Печенье,пф
2026-06-29,ПФ печенье шоколад-соль,20.0,СПИРИ_26,Monday,ПФ Печенье,пф
2026-07-02,ПФ печенье шоколад-соль,20.0,СПИРИ_26,Thursday,ПФ Печенье,пф
2026-07-04,ПФ печенье шоколад-соль,40.0,СПИРИ_26,Saturday,ПФ Печенье,пф
2026-07-06,ПФ печенье шоколад-соль,20.0,СПИРИ_26,Monday,ПФ Печенье,пф
2026-07-07,ПФ печенье шоколад-соль,20.0,СПИРИ_26,Tuesday,ПФ Печенье,пф
2026-07-10,ПФ печенье шоколад-соль,30.0,СПИРИ_26,Friday,ПФ Печенье,пф
2026-07-14,ПФ печенье шоколад-соль,30.0,СПИРИ_26,Tuesday,ПФ Печенье,пф
2026-07-17,ПФ печенье шоколад-соль,30.0,СПИРИ_26,Friday,ПФ Печенье,пф
2026-07-20,ПФ печенье шоколад-соль,20.0,СПИРИ_26,Monday,ПФ Печенье,пф
2026-07-21,ПФ печенье шоколад-соль,20.0,СПИРИ_26,Tuesday,ПФ Печенье,пф
2026-07-24,ПФ печенье шоколад-соль,20.0,СПИРИ_26,Friday,ПФ Печенье,пф
2026-07-27,ПФ печенье шоколад-соль,20.0,СПИРИ_26,Monday,ПФ Печенье,пф
2026-07-28,ПФ печенье шоколад-соль,20.0,СПИРИ_26,Tuesday,ПФ Печенье,пф
2026-07-31,ПФ печенье шоколад-соль,25.0,СПИРИ_26,Friday,ПФ Печенье,пф
2026-08-03,ПФ печенье шоколад-соль,20.0,СПИРИ_26,Monday,ПФ Печенье,пф
2026-08-04,ПФ печенье шоколад-соль,25.0,СПИРИ_26,Tuesday,ПФ Печенье,пф
2026-08-07,ПФ печенье шоколад-соль,25.0,СПИРИ_26,Friday,ПФ Печенье,пф
2026-08-10,ПФ печенье шоколад-соль,20.0,СПИРИ_26,Monday,ПФ Печенье,пф
2026-08-11,ПФ печенье шоколад-соль,20.0,СПИРИ_26,Tuesday,ПФ Печенье,пф
2026-08-14,ПФ печенье шоколад-соль,25.0,СПИРИ_26,Friday,ПФ Печенье,пф
2026-08-17,ПФ печенье шоколад-соль,20.0,СПИРИ_26,Monday,ПФ Печенье,пф
2026-08-18,ПФ печенье шоколад-соль,20.0,СПИРИ_26,Tuesday,ПФ Печенье,пф
2026-08-21,ПФ печенье шоколад-соль,30.0,СПИРИ_26,Friday,ПФ Печенье,пф
2026-08-24,ПФ печенье шоколад-соль,20.0,СПИРИ_26,Monday,ПФ Печенье,пф
2026-08-25,ПФ печенье шоколад-соль,30.0,СПИРИ_26,Tuesday,ПФ Печенье,пф
2026-08-28,ПФ печенье шоколад-соль,30.0,СПИРИ_26,Friday,ПФ Печенье,пф
2026-08-31,ПФ печенье шоколад-соль,20.0,СПИРИ_26,Monday,ПФ Печенье,пф
2026-06-08,ПФ печенье финик-пекан,15.0,СПИРИ_26,Monday,ПФ Печенье,пф
2026-06-10,ПФ печенье финик-пекан,40.0,СПИРИ_26,Wednesday,ПФ Печенье,пф
2026-06-13,ПФ печенье финик-пекан,10.0,СПИРИ_26,Saturday,ПФ Печенье,пф
2026-06-16,ПФ печенье финик-пекан,30.0,СПИРИ_26,Tuesday,ПФ Печенье,пф
2026-06-18,ПФ печенье финик-пекан,30.0,СПИРИ_26,Thursday,ПФ Печенье,пф
2026-06-20,ПФ печенье финик-пекан,10.0,СПИРИ_26,Saturday,ПФ Печенье,пф
2026-06-22,ПФ печенье финик-пекан,40.0,СПИРИ_26,Monday,ПФ Печенье,пф
2026-06-25,ПФ печенье финик-пекан,10.0,СПИРИ_26,Thursday,ПФ Печенье,пф
2026-06-27,ПФ печенье финик-пекан,25.0,СПИРИ_26,Saturday,ПФ Печенье,пф
2026-06-28,ПФ печенье финик-пекан,15.0,СПИРИ_26,Sunday,ПФ Печенье,пф
2026-06-29,ПФ печенье финик-пекан,20.0,СПИРИ_26,Monday,ПФ Печенье,пф
2026-07-04,ПФ печенье финик-пекан,25.0,СПИРИ_26,Saturday,ПФ Печенье,пф
2026-07-06,ПФ печенье финик-пекан,20.0,СПИРИ_26,Monday,ПФ Печенье,пф
2026-07-07,ПФ печенье финик-пекан,10.0,СПИРИ_26,Tuesday,ПФ Печенье,пф
2026-07-10,ПФ печенье финик-пекан,20.0,СПИРИ_26,Friday,ПФ Печенье,пф
2026-07-14,ПФ печенье финик-пекан,20.0,СПИРИ_26,Tuesday,ПФ Печенье,пф
2026-07-17,ПФ печенье финик-пекан,20.0,СПИРИ_26,Friday,ПФ Печенье,пф
2026-07-20,ПФ печенье финик-пекан,20.0,СПИРИ_26,Monday,ПФ Печенье,пф
2026-07-24,ПФ печенье финик-пекан,20.0,СПИРИ_26,Friday,ПФ Печенье,пф
2026-07-31,ПФ печенье финик-пекан,25.0,СПИРИ_26,Friday,ПФ Печенье,пф
2026-08-05,ПФ печенье финик-пекан,25.0,СПИРИ_26,Wednesday,ПФ Печенье,пф
2026-08-07,ПФ печенье финик-пекан,25.0,СПИРИ_26,Friday,ПФ Печенье,пф
2026-08-10,ПФ печенье финик-пекан,20.0,СПИРИ_26,Monday,ПФ Печенье,пф
2026-08-14,ПФ печенье финик-пекан,20.0,СПИРИ_26,Friday,ПФ Печенье,пф
2026-08-17,ПФ печенье финик-пекан,10.0,СПИРИ_26,Monday,ПФ Печенье,пф
2026-08-25,ПФ печенье финик-пекан,15.0,СПИРИ_26,Tuesday,ПФ Печенье,пф
2026-08-28,ПФ печенье финик-пекан,20.0,СПИРИ_26,Friday,ПФ Печенье,пф
2026-08-31,ПФ печенье финик-пекан,20.0,СПИРИ_26,Monday,ПФ Печенье,пф
2026-08-10,Пф Фисташковое печенье,20.0,СПИРИ_26,Monday,ПФ Печенье,Активный
2026-08-14,Пф Фисташковое печенье,20.0,СПИРИ_26,Friday,ПФ Печенье,Активный
2026-08-17,Пф Фисташковое печенье,10.0,СПИРИ_26,Monday,ПФ Печенье,Активный
2026-08-21,Пф Фисташковое печенье,20.0,СПИРИ_26,Friday,ПФ Печенье,Активный
2026-08-25,Пф Фисташковое печенье,30.0,СПИРИ_26,Tuesday,ПФ Печенье,Активный
2026-08-28,Пф Фисташковое печенье,30.0,СПИРИ_26,Friday,ПФ Печенье,Активный
2026-08-31,Пф Фисташковое печенье,10.0,СПИРИ_26,Monday,ПФ Печенье,Активный
2026-06-08,ПФ тесто на паштель (шт),24.0,СПИРИ_26,Monday,Полуфабрикаты,пф
2026-06-10,ПФ тесто на паштель (шт),3.0,СПИРИ_26,Wednesday,Полуфабрикаты,пф
2026-06-11,ПФ тесто на паштель (шт),10.0,СПИРИ_26,Thursday,Полуфабрикаты,пф
2026-06-15,ПФ тесто на паштель (шт),3.0,СПИРИ_26,Monday,Полуфабрикаты,пф
2026-06-16,ПФ тесто на паштель (шт),3.0,СПИРИ_26,Tuesday,Полуфабрикаты,пф
2026-06-18,ПФ тесто на паштель (шт),3.0,СПИРИ_26,Thursday,Полуфабрикаты,пф
2026-06-22,ПФ тесто на паштель (шт),3.0,СПИРИ_26,Monday,Полуфабрикаты,пф
2026-06-25,ПФ тесто на паштель (шт),3.0,СПИРИ_26,Thursday,Полуфабрикаты,пф
2026-06-27,ПФ тесто на паштель (шт),2.0,СПИРИ_26,Saturday,Полуфабрикаты,пф
2026-06-29,ПФ тесто на паштель (шт),2.0,СПИРИ_26,Monday,Полуфабрикаты,пф
2026-07-01,ПФ тесто на паштель (шт),2.0,СПИРИ_26,Wednesday,Полуфабрикаты,пф
2026-07-03,ПФ тесто на паштель (шт),2.0,СПИРИ_26,Friday,Полуфабрикаты,пф
2026-07-05,ПФ тесто на паштель (шт),2.0,СПИРИ_26,Sunday,Полуфабрикаты,пф
2026-07-07,ПФ тесто на паштель (шт),1.0,СПИРИ_26,Tuesday,Полуфабрикаты,пф
2026-07-10,ПФ тесто на паштель (шт),2.0,СПИРИ_26,Friday,Полуфабрикаты,пф
2026-07-13,ПФ тесто на паштель (шт),2.0,СПИРИ_26,Monday,Полуфабрикаты,пф
2026-07-17,ПФ тесто на паштель (шт),2.0,СПИРИ_26,Friday,Полуфабрикаты,пф
2026-07-20,ПФ тесто на паштель (шт),2.0,СПИРИ_26,Monday,Полуфабрикаты,пф
2026-07-22,ПФ тесто на паштель (шт),1.0,СПИРИ_26,Wednesday,Полуфабрикаты,пф
2026-07-24,ПФ тесто на паштель (шт),2.0,СПИРИ_26,Friday,Полуфабрикаты,пф
2026-07-28,ПФ тесто на паштель (шт),2.0,СПИРИ_26,Tuesday,Полуфабрикаты,пф
2026-07-31,ПФ тесто на паштель (шт),2.0,СПИРИ_26,Friday,Полуфабрикаты,пф
2026-08-03,ПФ тесто на паштель (шт),2.0,СПИРИ_26,Monday,Полуфабрикаты,пф
2026-08-05,ПФ тесто на паштель (шт),2.0,СПИРИ_26,Wednesday,Полуфабрикаты,пф
2026-08-07,ПФ тесто на паштель (шт),2.0,СПИРИ_26,Friday,Полуфабрикаты,пф
2026-08-10,ПФ тесто на паштель (шт),2.0,СПИРИ_26,Monday,Полуфабрикаты,пф
2026-08-13,ПФ тесто на паштель (шт),2.0,СПИРИ_26,Thursday,Полуфабрикаты,пф
2026-08-16,ПФ тесто на паштель (шт),2.0,СПИРИ_26,Sunday,Полуфабрикаты,пф
2026-08-19,ПФ тесто на паштель (шт),2.0,СПИРИ_26,Wednesday,Полуфабрикаты,пф
2026-08-21,ПФ тесто на паштель (шт),2.0,СПИРИ_26,Friday,Полуфабрикаты,пф
2026-08-23,ПФ тесто на паштель (шт),2.0,СПИРИ_26,Sunday,Полуфабрикаты,пф
2026-08-26,ПФ тесто на паштель (шт),2.0,СПИРИ_26,Wednesday,Полуфабрикаты,пф
2026-06-15,ПФ бейгл 100,30.0,СПИРИ_26,Monday,ПФ Булки,пф
2026-06-16,ПФ бейгл 100,30.0,СПИРИ_26,Tuesday,ПФ Булки,пф
2026-06-19,ПФ бейгл 100,40.0,СПИРИ_26,Friday,ПФ Булки,пф
2026-06-22,ПФ бейгл 100,20.0,СПИРИ_26,Monday,ПФ Булки,пф
2026-06-25,ПФ бейгл 100,20.0,СПИРИ_26,Thursday,ПФ Булки,пф
2026-06-27,ПФ бейгл 100,15.0,СПИРИ_26,Saturday,ПФ Булки,пф
2026-06-28,ПФ бейгл 100,15.0,СПИРИ_26,Sunday,ПФ Булки,пф
2026-07-07,ПФ бейгл 100,20.0,СПИРИ_26,Tuesday,ПФ Булки,пф
2026-07-10,ПФ бейгл 100,20.0,СПИРИ_26,Friday,ПФ Булки,пф
2026-07-14,ПФ бейгл 100,20.0,СПИРИ_26,Tuesday,ПФ Булки,пф
2026-07-17,ПФ бейгл 100,20.0,СПИРИ_26,Friday,ПФ Булки,пф
2026-07-21,ПФ бейгл 100,20.0,СПИРИ_26,Tuesday,ПФ Булки,пф
2026-06-15,ПФ синнабон,30.0,СПИРИ_26,Monday,ПФ Выпечка,пф
2026-06-16,ПФ синнабон,30.0,СПИРИ_26,Tuesday,ПФ Выпечка,пф
2026-06-27,ПФ синнабон,30.0,СПИРИ_26,Saturday,ПФ Выпечка,пф
2026-06-28,ПФ синнабон,30.0,СПИРИ_26,Sunday,ПФ Выпечка,пф
2026-07-07,ПФ синнабон,15.0,СПИРИ_26,Tuesday,ПФ Выпечка,пф
2026-06-18,ПФ Даниш отпечённый,5.0,СПИРИ_26,Thursday,ПФ Выпечка,пф
2026-06-19,ПФ Даниш отпечённый,3.0,СПИРИ_26,Friday,ПФ Выпечка,пф
2026-06-20,ПФ Даниш отпечённый,3.0,СПИРИ_26,Saturday,ПФ Выпечка,пф
2026-06-21,ПФ Даниш отпечённый,3.0,СПИРИ_26,Sunday,ПФ Выпечка,пф
2026-06-22,ПФ Даниш отпечённый,5.0,СПИРИ_26,Monday,ПФ Выпечка,пф
2026-06-23,ПФ Даниш отпечённый,5.0,СПИРИ_26,Tuesday,ПФ Выпечка,пф
2026-06-24,ПФ Даниш отпечённый,5.0,СПИРИ_26,Wednesday,ПФ Выпечка,пф
2026-06-25,ПФ Даниш отпечённый,5.0,СПИРИ_26,Thursday,ПФ Выпечка,пф
2026-06-26,ПФ Даниш отпечённый,5.0,СПИРИ_26,Friday,ПФ Выпечка,пф
2026-06-27,ПФ Даниш отпечённый,15.0,СПИРИ_26,Saturday,ПФ Выпечка,пф
2026-06-28,ПФ Даниш отпечённый,15.0,СПИРИ_26,Sunday,ПФ Выпечка,пф
2026-06-30,ПФ Даниш отпечённый,5.0,СПИРИ_26,Tuesday,ПФ Выпечка,пф
2026-07-01,ПФ Даниш отпечённый,5.0,СПИРИ_26,Wednesday,ПФ Выпечка,пф
2026-07-02,ПФ Даниш отпечённый,5.0,СПИРИ_26,Thursday,ПФ Выпечка,пф
2026-07-03,ПФ Даниш отпечённый,5.0,СПИРИ_26,Friday,ПФ Выпечка,пф
2026-07-04,ПФ Даниш отпечённый,12.0,СПИРИ_26,Saturday,ПФ Выпечка,пф
2026-07-05,ПФ Даниш отпечённый,12.0,СПИРИ_26,Sunday,ПФ Выпечка,пф
2026-07-06,ПФ Даниш отпечённый,5.0,СПИРИ_26,Monday,ПФ Выпечка,пф
2026-07-07,ПФ Даниш отпечённый,5.0,СПИРИ_26,Tuesday,ПФ Выпечка,пф
2026-07-08,ПФ Даниш отпечённый,5.0,СПИРИ_26,Wednesday,ПФ Выпечка,пф
2026-07-09,ПФ Даниш отпечённый,5.0,СПИРИ_26,Thursday,ПФ Выпечка,пф
2026-07-10,ПФ Даниш отпечённый,5.0,СПИРИ_26,Friday,ПФ Выпечка,пф
2026-07-11,ПФ Даниш отпечённый,12.0,СПИРИ_26,Saturday,ПФ Выпечка,пф
2026-07-12,ПФ Даниш отпечённый,12.0,СПИРИ_26,Sunday,ПФ Выпечка,пф
2026-07-13,ПФ Даниш отпечённый,5.0,СПИРИ_26,Monday,ПФ Выпечка,пф
2026-07-14,ПФ Даниш отпечённый,5.0,СПИРИ_26,Tuesday,ПФ Выпечка,пф
2026-07-15,ПФ Даниш отпечённый,5.0,СПИРИ_26,Wednesday,ПФ Выпечка,пф
2026-07-16,ПФ Даниш отпечённый,5.0,СПИРИ_26,Thursday,ПФ Выпечка,пф
2026-07-17,ПФ Даниш отпечённый,5.0,СПИРИ_26,Friday,ПФ Выпечка,пф
2026-07-18,ПФ Даниш отпечённый,10.0,СПИРИ_26,Saturday,ПФ Выпечка,пф
2026-07-19,ПФ Даниш отпечённый,10.0,СПИРИ_26,Sunday,ПФ Выпечка,пф
2026-07-20,ПФ Даниш отпечённый,5.0,СПИРИ_26,Monday,ПФ Выпечка,пф
2026-07-21,ПФ Даниш отпечённый,5.0,СПИРИ_26,Tuesday,ПФ Выпечка,пф
2026-07-22,ПФ Даниш отпечённый,6.0,СПИРИ_26,Wednesday,ПФ Выпечка,пф
2026-07-23,ПФ Даниш отпечённый,6.0,СПИРИ_26,Thursday,ПФ Выпечка,пф
2026-07-24,ПФ Даниш отпечённый,6.0,СПИРИ_26,Friday,ПФ Выпечка,пф
2026-07-25,ПФ Даниш отпечённый,12.0,СПИРИ_26,Saturday,ПФ Выпечка,пф
2026-07-26,ПФ Даниш отпечённый,12.0,СПИРИ_26,Sunday,ПФ Выпечка,пф
2026-07-27,ПФ Даниш отпечённый,5.0,СПИРИ_26,Monday,ПФ Выпечка,пф
2026-07-28,ПФ Даниш отпечённый,5.0,СПИРИ_26,Tuesday,ПФ Выпечка,пф
2026-07-29,ПФ Даниш отпечённый,5.0,СПИРИ_26,Wednesday,ПФ Выпечка,пф
2026-07-30,ПФ Даниш отпечённый,5.0,СПИРИ_26,Thursday,ПФ Выпечка,пф
2026-07-31,ПФ Даниш отпечённый,5.0,СПИРИ_26,Friday,ПФ Выпечка,пф
2026-08-01,ПФ Даниш отпечённый,7.0,СПИРИ_26,Saturday,ПФ Выпечка,пф
2026-08-02,ПФ Даниш отпечённый,7.0,СПИРИ_26,Sunday,ПФ Выпечка,пф
2026-08-03,ПФ Даниш отпечённый,5.0,СПИРИ_26,Monday,ПФ Выпечка,пф
2026-08-04,ПФ Даниш отпечённый,5.0,СПИРИ_26,Tuesday,ПФ Выпечка,пф
2026-08-05,ПФ Даниш отпечённый,5.0,СПИРИ_26,Wednesday,ПФ Выпечка,пф
2026-08-06,ПФ Даниш отпечённый,5.0,СПИРИ_26,Thursday,ПФ Выпечка,пф
2026-08-07,ПФ Даниш отпечённый,5.0,СПИРИ_26,Friday,ПФ Выпечка,пф
2026-08-08,ПФ Даниш отпечённый,8.0,СПИРИ_26,Saturday,ПФ Выпечка,пф
2026-08-09,ПФ Даниш отпечённый,8.0,СПИРИ_26,Sunday,ПФ Выпечка,пф
2026-08-10,ПФ Даниш отпечённый,5.0,СПИРИ_26,Monday,ПФ Выпечка,пф
2026-08-11,ПФ Даниш отпечённый,5.0,СПИРИ_26,Tuesday,ПФ Выпечка,пф
2026-08-12,ПФ Даниш отпечённый,5.0,СПИРИ_26,Wednesday,ПФ Выпечка,пф
2026-08-13,ПФ Даниш отпечённый,5.0,СПИРИ_26,Thursday,ПФ Выпечка,пф
2026-08-14,ПФ Даниш отпечённый,5.0,СПИРИ_26,Friday,ПФ Выпечка,пф
2026-08-15,ПФ Даниш отпечённый,8.0,СПИРИ_26,Saturday,ПФ Выпечка,пф
2026-08-16,ПФ Даниш отпечённый,8.0,СПИРИ_26,Sunday,ПФ Выпечка,пф
2026-08-17,ПФ Даниш отпечённый,5.0,СПИРИ_26,Monday,ПФ Выпечка,пф
2026-08-18,ПФ Даниш отпечённый,5.0,СПИРИ_26,Tuesday,ПФ Выпечка,пф
2026-08-19,ПФ Даниш отпечённый,5.0,СПИРИ_26,Wednesday,ПФ Выпечка,пф
2026-08-20,ПФ Даниш отпечённый,5.0,СПИРИ_26,Thursday,ПФ Выпечка,пф
2026-08-21,ПФ Даниш отпечённый,5.0,СПИРИ_26,Friday,ПФ Выпечка,пф
2026-08-22,ПФ Даниш отпечённый,8.0,СПИРИ_26,Saturday,ПФ Выпечка,пф
2026-08-23,ПФ Даниш отпечённый,8.0,СПИРИ_26,Sunday,ПФ Выпечка,пф
2026-08-24,ПФ Даниш отпечённый,5.0,СПИРИ_26,Monday,ПФ Выпечка,пф
2026-08-25,ПФ Даниш отпечённый,5.0,СПИРИ_26,Tuesday,ПФ Выпечка,пф
2026-08-26,ПФ Даниш отпечённый,5.0,СПИРИ_26,Wednesday,ПФ Выпечка,пф
2026-08-27,ПФ Даниш отпечённый,5.0,СПИРИ_26,Thursday,ПФ Выпечка,пф
2026-08-28,ПФ Даниш отпечённый,5.0,СПИРИ_26,Friday,ПФ Выпечка,пф
2026-08-29,ПФ Даниш отпечённый,8.0,СПИРИ_26,Saturday,ПФ Выпечка,пф
2026-08-30,ПФ Даниш отпечённый,8.0,СПИРИ_26,Sunday,ПФ Выпечка,пф
2026-08-31,ПФ Даниш отпечённый,5.0,СПИРИ_26,Monday,ПФ Выпечка,пф
2026-07-21,ПФ Даниш отпечённый с курдом,5.0,СПИРИ_26,Tuesday,ПФ Выпечка,пф
2026-07-22,ПФ Даниш отпечённый с курдом,6.0,СПИРИ_26,Wednesday,ПФ Выпечка,пф
2026-07-23,ПФ Даниш отпечённый с курдом,6.0,СПИРИ_26,Thursday,ПФ Выпечка,пф
2026-07-24,ПФ Даниш отпечённый с курдом,6.0,СПИРИ_26,Friday,ПФ Выпечка,пф
2026-07-25,ПФ Даниш отпечённый с курдом,12.0,СПИРИ_26,Saturday,ПФ Выпечка,пф
2026-07-26,ПФ Даниш отпечённый с курдом,12.0,СПИРИ_26,Sunday,ПФ Выпечка,пф
2026-07-27,ПФ Даниш отпечённый с курдом,5.0,СПИРИ_26,Monday,ПФ Выпечка,пф
2026-07-28,ПФ Даниш отпечённый с курдом,6.0,СПИРИ_26,Tuesday,ПФ Выпечка,пф
2026-07-29,ПФ Даниш отпечённый с курдом,6.0,СПИРИ_26,Wednesday,ПФ Выпечка,пф
2026-07-30,ПФ Даниш отпечённый с курдом,6.0,СПИРИ_26,Thursday,ПФ Выпечка,пф
2026-07-31,ПФ Даниш отпечённый с курдом,6.0,СПИРИ_26,Friday,ПФ Выпечка,пф
2026-08-01,ПФ Даниш отпечённый с курдом,10.0,СПИРИ_26,Saturday,ПФ Выпечка,пф
2026-08-02,ПФ Даниш отпечённый с курдом,10.0,СПИРИ_26,Sunday,ПФ Выпечка,пф
2026-08-03,ПФ Даниш отпечённый с курдом,5.0,СПИРИ_26,Monday,ПФ Выпечка,пф
2026-08-04,ПФ Даниш отпечённый с курдом,5.0,СПИРИ_26,Tuesday,ПФ Выпечка,пф
2026-08-05,ПФ Даниш отпечённый с курдом,5.0,СПИРИ_26,Wednesday,ПФ Выпечка,пф
2026-08-06,ПФ Даниш отпечённый с курдом,5.0,СПИРИ_26,Thursday,ПФ Выпечка,пф
2026-08-07,ПФ Даниш отпечённый с курдом,5.0,СПИРИ_26,Friday,ПФ Выпечка,пф
2026-08-08,ПФ Даниш отпечённый с курдом,7.0,СПИРИ_26,Saturday,ПФ Выпечка,пф
2026-08-09,ПФ Даниш отпечённый с курдом,7.0,СПИРИ_26,Sunday,ПФ Выпечка,пф
2026-08-10,ПФ Даниш отпечённый с курдом,5.0,СПИРИ_26,Monday,ПФ Выпечка,пф
2026-08-11,ПФ Даниш отпечённый с курдом,5.0,СПИРИ_26,Tuesday,ПФ Выпечка,пф
2026-08-12,ПФ Даниш отпечённый с курдом,5.0,СПИРИ_26,Wednesday,ПФ Выпечка,пф
2026-08-13,ПФ Даниш отпечённый с курдом,5.0,СПИРИ_26,Thursday,ПФ Выпечка,пф
2026-08-14,ПФ Даниш отпечённый с курдом,5.0,СПИРИ_26,Friday,ПФ Выпечка,пф
2026-08-15,ПФ Даниш отпечённый с курдом,7.0,СПИРИ_26,Saturday,ПФ Выпечка,пф
2026-08-16,ПФ Даниш отпечённый с курдом,7.0,СПИРИ_26,Sunday,ПФ Выпечка,пф
2026-08-17,ПФ Даниш отпечённый с курдом,5.0,СПИРИ_26,Monday,ПФ Выпечка,пф
2026-08-18,ПФ Даниш отпечённый с курдом,5.0,СПИРИ_26,Tuesday,ПФ Выпечка,пф
2026-08-19,ПФ Даниш отпечённый с курдом,5.0,СПИРИ_26,Wednesday,ПФ Выпечка,пф
2026-08-20,ПФ Даниш отпечённый с курдом,5.0,СПИРИ_26,Thursday,ПФ Выпечка,пф
2026-08-21,ПФ Даниш отпечённый с курдом,5.0,СПИРИ_26,Friday,ПФ Выпечка,пф
2026-08-22,ПФ Даниш отпечённый с курдом,7.0,СПИРИ_26,Saturday,ПФ Выпечка,пф
2026-08-23,ПФ Даниш отпечённый с курдом,7.0,СПИРИ_26,Sunday,ПФ Выпечка,пф
2026-08-24,ПФ Даниш отпечённый с курдом,5.0,СПИРИ_26,Monday,ПФ Выпечка,пф
2026-08-25,ПФ Даниш отпечённый с курдом,5.0,СПИРИ_26,Tuesday,ПФ Выпечка,пф
2026-08-26,ПФ Даниш отпечённый с курдом,5.0,СПИРИ_26,Wednesday,ПФ Выпечка,пф
2026-08-27,ПФ Даниш отпечённый с курдом,5.0,СПИРИ_26,Thursday,ПФ Выпечка,пф
2026-08-28,ПФ Даниш отпечённый с курдом,5.0,СПИРИ_26,Friday,ПФ Выпечка,пф
2026-08-29,ПФ Даниш отпечённый с курдом,8.0,СПИРИ_26,Saturday,ПФ Выпечка,пф
2026-08-30,ПФ Даниш отпечённый с курдом,8.0,СПИРИ_26,Sunday,ПФ Выпечка,пф
2026-08-31,ПФ Даниш отпечённый с курдом,5.0,СПИРИ_26,Monday,ПФ Выпечка,пф
2026-07-28,Пф Булка миндаль шоколад,25.0,СПИРИ_26,Tuesday,ПФ Булки,пф
2026-07-31,Пф Булка миндаль шоколад,25.0,СПИРИ_26,Friday,ПФ Булки,пф
2026-08-04,Пф Булка миндаль шоколад,25.0,СПИРИ_26,Tuesday,ПФ Булки,пф
2026-08-07,Пф Булка миндаль шоколад,25.0,СПИРИ_26,Friday,ПФ Булки,пф
2026-08-11,Пф Булка миндаль шоколад,25.0,СПИРИ_26,Tuesday,ПФ Булки,пф
2026-08-14,Пф Булка миндаль шоколад,22.0,СПИРИ_26,Friday,ПФ Булки,пф
2026-08-21,Пф Булка миндаль шоколад,20.0,СПИРИ_26,Friday,ПФ Булки,пф
2026-08-25,Пф Булка миндаль шоколад,25.0,СПИРИ_26,Tuesday,ПФ Булки,пф
2026-06-09,Аманн,6.0,СПЕЦ_26,Tuesday,Выпечка,Активный
2026-06-17,Аманн,20.0,СПЕЦ_26,Wednesday,Выпечка,Активный
2026-06-18,Аманн,20.0,СПЕЦ_26,Thursday,Выпечка,Активный
2026-06-24,Аманн,10.0,СПЕЦ_26,Wednesday,Выпечка,Активный
2026-08-01,Аманн,6.0,СПЕЦ_26,Saturday,Выпечка,Активный
2026-08-02,Аманн,6.0,СПЕЦ_26,Sunday,Выпечка,Активный
2026-06-24,Бабка Кардамон,1.0,СПЕЦ_26,Wednesday,Выпечка,Снят
2026-06-06,Бабка корица и карамель,1.0,СПЕЦ_26,Saturday,Выпечка,Активный
2026-06-09,Бабка корица и карамель,1.0,СПЕЦ_26,Tuesday,Выпечка,Активный
2026-06-24,Бабка корица и карамель,1.0,СПЕЦ_26,Wednesday,Выпечка,Активный
2026-07-18,Бабка корица и карамель,2.0,СПЕЦ_26,Saturday,Выпечка,Активный
2026-07-20,Бабка корица и карамель,1.0,СПЕЦ_26,Monday,Выпечка,Активный
2026-07-30,Бабка корица и карамель,3.0,СПЕЦ_26,Thursday,Выпечка,Активный
2026-07-31,Бабка корица и карамель,3.0,СПЕЦ_26,Friday,Выпечка,Активный
2026-08-01,Бабка корица и карамель,1.0,СПЕЦ_26,Saturday,Выпечка,Активный
2026-08-02,Бабка корица и карамель,1.0,СПЕЦ_26,Sunday,Выпечка,Активный
2026-06-06,Бабка Мак,2.0,СПЕЦ_26,Saturday,Выпечка,Активный
2026-06-17,Бабка Мак,3.0,СПЕЦ_26,Wednesday,Выпечка,Активный
2026-06-18,Бабка Мак,3.0,СПЕЦ_26,Thursday,Выпечка,Активный
2026-08-01,Бабка Мак,1.0,СПЕЦ_26,Saturday,Выпечка,Активный
2026-08-02,Бабка Мак,1.0,СПЕЦ_26,Sunday,Выпечка,Активный
2026-07-04,Багет,8.0,СПЕЦ_26,Saturday,Хлеб,Активный
2026-07-18,Багет,5.0,СПЕЦ_26,Saturday,Хлеб,Активный
2026-07-04,Бородинский хлеб,6.0,СПЕЦ_26,Saturday,Хлеб,Активный
2026-07-18,Бородинский хлеб,4.0,СПЕЦ_26,Saturday,Хлеб,Активный
2026-06-29,Бриошь 10х10,12.0,СПЕЦ_26,Monday,Хлеб,Активный
2026-06-30,Бриошь 10х10,12.0,СПЕЦ_26,Tuesday,Хлеб,Активный
2026-06-06,Бриошь с шапкой,1.0,СПЕЦ_26,Saturday,Хлеб,Снят
2026-07-04,Бриошь с шапкой,4.0,СПЕЦ_26,Saturday,Хлеб,Снят
2026-06-01,Булка с кардамоном,3.0,СПЕЦ_26,Monday,Булки,Активный
2026-06-17,Булка с кардамоном,21.0,СПЕЦ_26,Wednesday,Булки,Активный
2026-06-18,Булка с кардамоном,21.0,СПЕЦ_26,Thursday,Булки,Активный
2026-06-24,Булка с кардамоном,6.0,СПЕЦ_26,Wednesday,Булки,Активный
2026-07-09,Булка с кардамоном,5.0,СПЕЦ_26,Thursday,Булки,Активный
2026-08-01,Булка с кардамоном,4.0,СПЕЦ_26,Saturday,Булки,Активный
2026-08-02,Булка с кардамоном,4.0,СПЕЦ_26,Sunday,Булки,Активный
2026-08-22,Булка с кардамоном,15.0,СПЕЦ_26,Saturday,Булки,Активный
2026-06-01,Булка с корицей,3.0,СПЕЦ_26,Monday,Булки,Активный
2026-06-17,Булка с корицей,21.0,СПЕЦ_26,Wednesday,Булки,Активный
2026-06-18,Булка с корицей,21.0,СПЕЦ_26,Thursday,Булки,Активный
2026-07-09,Булка с корицей,5.0,СПЕЦ_26,Thursday,Булки,Активный
2026-08-22,Булка с корицей,20.0,СПЕЦ_26,Saturday,Булки,Активный
2026-06-01,Булка с тхиной,3.0,СПЕЦ_26,Monday,Булки,Активный
2026-06-24,Булка с тхиной,6.0,СПЕЦ_26,Wednesday,Булки,Активный
2026-07-09,Булка с тхиной,5.0,СПЕЦ_26,Thursday,Булки,Активный
2026-06-17,Кекс шоколад с кремом вареная сгущенка,12.0,СПЕЦ_26,Wednesday,Выпечка,Активный
2026-06-18,Кекс шоколад с кремом вареная сгущенка,12.0,СПЕЦ_26,Thursday,Выпечка,Активный
2026-07-20,Кекс шоколад с кремом вареная сгущенка,8.0,СПЕЦ_26,Monday,Выпечка,Активный
2026-06-01,Круассан 75г,3.0,СПЕЦ_26,Monday,Выпечка,Активный
2026-06-17,Круассан 75г,12.0,СПЕЦ_26,Wednesday,Выпечка,Активный
2026-06-18,Круассан 75г,12.0,СПЕЦ_26,Thursday,Выпечка,Активный
2026-08-01,Круассан 75г,8.0,СПЕЦ_26,Saturday,Выпечка,Активный
2026-08-02,Круассан 75г,10.0,СПЕЦ_26,Sunday,Выпечка,Активный
2026-06-06,Маритоццо ваниль-мисо карамель,10.0,СПЕЦ_26,Saturday,Выпечка,Активный
2026-07-30,Маритоццо ваниль-мисо карамель,10.0,СПЕЦ_26,Thursday,Выпечка,Активный
2026-07-31,Маритоццо ваниль-мисо карамель,10.0,СПЕЦ_26,Friday,Выпечка,Активный
2026-06-24,Печенье финик-пекан,10.0,СПЕЦ_26,Wednesday,Печенье,Активный
2026-06-24,Печенье шоколадное с солью,10.0,СПЕЦ_26,Wednesday,Печенье,Активный
2026-07-09,Печенье шоколадное с солью,8.0,СПЕЦ_26,Thursday,Печенье,Активный
2026-06-01,Синнабоны шоколад-пекан-карамель,3.0,СПЕЦ_26,Monday,Выпечка,Активный
2026-07-04,"Тартин 0,75",4.0,СПЕЦ_26,Saturday,Хлеб,Активный
2026-06-06,"Тартин 1,5",1.0,СПЕЦ_26,Saturday,Хлеб,Активный
2026-07-04,"Тартин 1,5",6.0,СПЕЦ_26,Saturday,Хлеб,Активный
2026-07-18,"Тартин 1,5",2.0,СПЕЦ_26,Saturday,Хлеб,Активный
2026-06-06,Тартин гречка,2.0,СПЕЦ_26,Saturday,Хлеб,Активный
2026-07-04,Тартин гречка,8.0,СПЕЦ_26,Saturday,Хлеб,Активный
2026-07-04,Фокачча 400х600,8.0,СПЕЦ_26,Saturday,Хлеб,пф
2026-07-18,Фокачча 400х600,2.0,СПЕЦ_26,Saturday,Хлеб,пф
2026-07-04,Фокачча GN 2/3,2.0,СПЕЦ_26,Saturday,Хлеб,Снят
2026-07-09,Морнинг бан жасмин,5.0,СПЕЦ_26,Thursday,Выпечка,Активный
2026-07-17,Ржаной хлеб с мисо пастой и семечками,3.0,СПЕЦ_26,Friday,Хлеб,Активный
